<?xml version="1.0" encoding="UTF-8"?>
<Mpeg7 xmlns="urn:mpeg:mpeg7:schema:2001" xmlns:mpeg7="urn:mpeg:mpeg7:schema:2001" xmlns:xsi="http://www.w3.org/2001/XMLSchema-instance">
<Description xsi:type="ContentEntityType">
<MultimediaContent xsi:type="VideoType">
<Video id="TRECVID2005_101">
<MediaLocator>
<MediaUri>20041128_130000_LBC_LBCNEWS2_ARB.mpg</MediaUri>
</MediaLocator>
<MediaTime>
<MediaTimePoint>T00:00:00:0F30000</MediaTimePoint>
<MediaDuration>PT00H24M59S29955N30000F</MediaDuration>
</MediaTime>
<TemporalDecomposition gap="false" overlap="false">
<VideoSegment id="shot101_1">
<MediaTime>
<MediaTimePoint>T00:00:00:0F30000</MediaTimePoint>
<MediaDuration>PT00H00M07S8218N30000F</MediaDuration>
</MediaTime>
<TemporalDecomposition>
<VideoSegment id="shot101_1_RKF">
<MediaTime>
<MediaTimePoint>T00:00:03:18108F30000</MediaTimePoint>
</MediaTime>
</VideoSegment>
</TemporalDecomposition>
</VideoSegment>
<VideoSegment id="shot101_2">
<MediaTime>
<MediaTimePoint>T00:00:07:8218F30000</MediaTimePoint>
<MediaDuration>PT00H00M07S11221N30000F</MediaDuration>
</MediaTime>
<TemporalDecomposition>
<VideoSegment id="shot101_2_RKF">
<MediaTime>
<MediaTimePoint>T00:00:10:28328F30000</MediaTimePoint>
</MediaTime>
</VideoSegment>
</TemporalDecomposition>
</VideoSegment>
<VideoSegment id="shot101_3">
<MediaTime>
<MediaTimePoint>T00:00:14:19439F30000</MediaTimePoint>
<MediaDuration>PT00H00M04S13133N30000F</MediaDuration>
</MediaTime>
<TemporalDecomposition>
<VideoSegment id="shot101_3_RKF">
<MediaTime>
<MediaTimePoint>T00:00:16:25505F30000</MediaTimePoint>
</MediaTime>
</VideoSegment>
</TemporalDecomposition>
</VideoSegment>
<VideoSegment id="shot101_4">
<MediaTime>
<MediaTimePoint>T00:00:19:2572F30000</MediaTimePoint>
<MediaDuration>PT00H00M02S9069N30000F</MediaDuration>
</MediaTime>
<TemporalDecomposition>
<VideoSegment id="shot101_4_RKF">
<MediaTime>
<MediaTimePoint>T00:00:20:6606F30000</MediaTimePoint>
</MediaTime>
</VideoSegment>
</TemporalDecomposition>
</VideoSegment>
<VideoSegment id="shot101_5">
<MediaTime>
<MediaTimePoint>T00:00:21:11641F30000</MediaTimePoint>
<MediaDuration>PT00H00M03S5095N30000F</MediaDuration>
</MediaTime>
<TemporalDecomposition>
<VideoSegment id="shot101_5_RKF">
<MediaTime>
<MediaTimePoint>T00:00:22:28688F30000</MediaTimePoint>
</MediaTime>
</VideoSegment>
</TemporalDecomposition>
</VideoSegment>
<VideoSegment id="shot101_6">
<MediaTime>
<MediaTimePoint>T00:00:24:16736F30000</MediaTimePoint>
<MediaDuration>PT00H00M03S29119N30000F</MediaDuration>
</MediaTime>
<TemporalDecomposition>
<VideoSegment id="shot101_6_RKF">
<MediaTime>
<MediaTimePoint>T00:00:26:15795F30000</MediaTimePoint>
</MediaTime>
</VideoSegment>
</TemporalDecomposition>
</VideoSegment>
<VideoSegment id="shot101_7">
<MediaTime>
<MediaTimePoint>T00:00:28:15855F30000</MediaTimePoint>
<MediaDuration>PT00H00M04S3123N30000F</MediaDuration>
</MediaTime>
<TemporalDecomposition>
<VideoSegment id="shot101_7_RKF">
<MediaTime>
<MediaTimePoint>T00:00:30:16916F30000</MediaTimePoint>
</MediaTime>
</VideoSegment>
</TemporalDecomposition>
</VideoSegment>
<VideoSegment id="shot101_8">
<MediaTime>
<MediaTimePoint>T00:00:32:18978F30000</MediaTimePoint>
<MediaDuration>PT00H00M10S5305N30000F</MediaDuration>
</MediaTime>
<TemporalDecomposition>
<VideoSegment id="shot101_8_RKF">
<MediaTime>
<MediaTimePoint>T00:00:37:21130F30000</MediaTimePoint>
</MediaTime>
</VideoSegment>
</TemporalDecomposition>
</VideoSegment>
<VideoSegment id="shot101_9">
<MediaTime>
<MediaTimePoint>T00:00:42:24283F30000</MediaTimePoint>
<MediaDuration>PT00H00M06S2182N30000F</MediaDuration>
</MediaTime>
<TemporalDecomposition>
<VideoSegment id="shot101_9_RKF">
<MediaTime>
<MediaTimePoint>T00:00:45:24373F30000</MediaTimePoint>
</MediaTime>
</VideoSegment>
</TemporalDecomposition>
</VideoSegment>
<VideoSegment id="shot101_10">
<MediaTime>
<MediaTimePoint>T00:00:48:26465F30000</MediaTimePoint>
<MediaDuration>PT00H00M02S13073N30000F</MediaDuration>
</MediaTime>
<TemporalDecomposition>
<VideoSegment id="shot101_10_RKF">
<MediaTime>
<MediaTimePoint>T00:00:50:2501F30000</MediaTimePoint>
</MediaTime>
</VideoSegment>
</TemporalDecomposition>
</VideoSegment>
<VideoSegment id="shot101_11">
<MediaTime>
<MediaTimePoint>T00:00:51:9538F30000</MediaTimePoint>
<MediaDuration>PT00H00M04S5125N30000F</MediaDuration>
</MediaTime>
<TemporalDecomposition>
<VideoSegment id="shot101_11_RKF">
<MediaTime>
<MediaTimePoint>T00:00:53:11600F30000</MediaTimePoint>
</MediaTime>
</VideoSegment>
</TemporalDecomposition>
</VideoSegment>
<VideoSegment id="shot101_12">
<MediaTime>
<MediaTimePoint>T00:00:55:14663F30000</MediaTimePoint>
<MediaDuration>PT00H00M02S13073N30000F</MediaDuration>
</MediaTime>
<TemporalDecomposition>
<VideoSegment id="shot101_12_RKF">
<MediaTime>
<MediaTimePoint>T00:00:56:20699F30000</MediaTimePoint>
</MediaTime>
</VideoSegment>
</TemporalDecomposition>
</VideoSegment>
<VideoSegment id="shot101_13">
<MediaTime>
<MediaTimePoint>T00:00:57:27736F30000</MediaTimePoint>
<MediaDuration>PT00H00M05S20170N30000F</MediaDuration>
</MediaTime>
<TemporalDecomposition>
<VideoSegment id="shot101_13_RKF">
<MediaTime>
<MediaTimePoint>T00:01:00:21820F30000</MediaTimePoint>
</MediaTime>
</VideoSegment>
</TemporalDecomposition>
</VideoSegment>
<VideoSegment id="shot101_14">
<MediaTime>
<MediaTimePoint>T00:01:03:17906F30000</MediaTimePoint>
<MediaDuration>PT00H01M01S20849N30000F</MediaDuration>
</MediaTime>
<TemporalDecomposition>
<VideoSegment id="shot101_14_RKF">
<MediaTime>
<MediaTimePoint>T00:01:34:12830F30000</MediaTimePoint>
</MediaTime>
</VideoSegment>
</TemporalDecomposition>
</VideoSegment>
<VideoSegment id="shot101_15">
<MediaTime>
<MediaTimePoint>T00:02:05:8755F30000</MediaTimePoint>
<MediaDuration>PT00H00M04S20140N30000F</MediaDuration>
</MediaTime>
<TemporalDecomposition>
<VideoSegment id="shot101_15_RKF">
<MediaTime>
<MediaTimePoint>T00:02:07:17824F30000</MediaTimePoint>
</MediaTime>
</VideoSegment>
</TemporalDecomposition>
</VideoSegment>
<VideoSegment id="shot101_16">
<MediaTime>
<MediaTimePoint>T00:02:09:28895F30000</MediaTimePoint>
<MediaDuration>PT00H00M03S1091N30000F</MediaDuration>
</MediaTime>
<TemporalDecomposition>
<VideoSegment id="shot101_16_RKF">
<MediaTime>
<MediaTimePoint>T00:02:11:13940F30000</MediaTimePoint>
</MediaTime>
</VideoSegment>
</TemporalDecomposition>
</VideoSegment>
<VideoSegment id="shot101_17">
<MediaTime>
<MediaTimePoint>T00:02:12:29986F30000</MediaTimePoint>
<MediaDuration>PT00H00M03S29119N30000F</MediaDuration>
</MediaTime>
<TemporalDecomposition>
<VideoSegment id="shot101_17_RKF">
<MediaTime>
<MediaTimePoint>T00:02:14:29045F30000</MediaTimePoint>
</MediaTime>
</VideoSegment>
</TemporalDecomposition>
</VideoSegment>
<VideoSegment id="shot101_18">
<MediaTime>
<MediaTimePoint>T00:02:16:29105F30000</MediaTimePoint>
<MediaDuration>PT00H00M02S5065N30000F</MediaDuration>
</MediaTime>
<TemporalDecomposition>
<VideoSegment id="shot101_18_RKF">
<MediaTime>
<MediaTimePoint>T00:02:18:1137F30000</MediaTimePoint>
</MediaTime>
</VideoSegment>
</TemporalDecomposition>
</VideoSegment>
<VideoSegment id="shot101_19">
<MediaTime>
<MediaTimePoint>T00:02:19:4170F30000</MediaTimePoint>
<MediaDuration>PT00H00M02S27087N30000F</MediaDuration>
</MediaTime>
<TemporalDecomposition>
<VideoSegment id="shot101_19_RKF">
<MediaTime>
<MediaTimePoint>T00:02:20:17213F30000</MediaTimePoint>
</MediaTime>
</VideoSegment>
</TemporalDecomposition>
</VideoSegment>
<VideoSegment id="shot101_20">
<MediaTime>
<MediaTimePoint>T00:02:22:1257F30000</MediaTimePoint>
<MediaDuration>PT00H00M07S6216N30000F</MediaDuration>
</MediaTime>
<TemporalDecomposition>
<VideoSegment id="shot101_20_RKF">
<MediaTime>
<MediaTimePoint>T00:02:25:18364F30000</MediaTimePoint>
</MediaTime>
</VideoSegment>
</TemporalDecomposition>
</VideoSegment>
<VideoSegment id="shot101_21">
<MediaTime>
<MediaTimePoint>T00:02:29:7473F30000</MediaTimePoint>
<MediaDuration>PT00H00M09S12282N30000F</MediaDuration>
</MediaTime>
<TemporalDecomposition>
<VideoSegment id="shot101_21_RKF">
<MediaTime>
<MediaTimePoint>T00:02:33:27613F30000</MediaTimePoint>
</MediaTime>
</VideoSegment>
</TemporalDecomposition>
</VideoSegment>
<VideoSegment id="shot101_22">
<MediaTime>
<MediaTimePoint>T00:02:38:19755F30000</MediaTimePoint>
<MediaDuration>PT00H00M03S16106N30000F</MediaDuration>
</MediaTime>
<TemporalDecomposition>
<VideoSegment id="shot101_22_RKF">
<MediaTime>
<MediaTimePoint>T00:02:40:11807F30000</MediaTimePoint>
</MediaTime>
</VideoSegment>
</TemporalDecomposition>
</VideoSegment>
<VideoSegment id="shot101_23">
<MediaTime>
<MediaTimePoint>T00:02:42:5861F30000</MediaTimePoint>
<MediaDuration>PT00H00M10S21321N30000F</MediaDuration>
</MediaTime>
<TemporalDecomposition>
<VideoSegment id="shot101_23_RKF">
<MediaTime>
<MediaTimePoint>T00:02:47:16021F30000</MediaTimePoint>
</MediaTime>
</VideoSegment>
</TemporalDecomposition>
</VideoSegment>
<VideoSegment id="shot101_24">
<MediaTime>
<MediaTimePoint>T00:02:52:27182F30000</MediaTimePoint>
<MediaDuration>PT00H00M04S27147N30000F</MediaDuration>
</MediaTime>
<TemporalDecomposition>
<VideoSegment id="shot101_24_RKF">
<MediaTime>
<MediaTimePoint>T00:02:55:10255F30000</MediaTimePoint>
</MediaTime>
</VideoSegment>
</TemporalDecomposition>
</VideoSegment>
<VideoSegment id="shot101_25">
<MediaTime>
<MediaTimePoint>T00:02:57:24329F30000</MediaTimePoint>
<MediaDuration>PT00H00M18S5545N30000F</MediaDuration>
</MediaTime>
<TemporalDecomposition>
<VideoSegment id="shot101_25_RKF">
<MediaTime>
<MediaTimePoint>T00:03:06:26601F30000</MediaTimePoint>
</MediaTime>
</VideoSegment>
</TemporalDecomposition>
</VideoSegment>
<VideoSegment id="shot101_26">
<MediaTime>
<MediaTimePoint>T00:03:15:29874F30000</MediaTimePoint>
<MediaDuration>PT00H00M03S2092N30000F</MediaDuration>
</MediaTime>
<TemporalDecomposition>
<VideoSegment id="shot101_26_RKF">
<MediaTime>
<MediaTimePoint>T00:03:17:14919F30000</MediaTimePoint>
</MediaTime>
</VideoSegment>
</TemporalDecomposition>
</VideoSegment>
<VideoSegment id="shot101_27">
<MediaTime>
<MediaTimePoint>T00:03:19:1966F30000</MediaTimePoint>
<MediaDuration>PT00H00M07S21231N30000F</MediaDuration>
</MediaTime>
<TemporalDecomposition>
<VideoSegment id="shot101_27_RKF">
<MediaTime>
<MediaTimePoint>T00:03:22:27081F30000</MediaTimePoint>
</MediaTime>
</VideoSegment>
</TemporalDecomposition>
</VideoSegment>
<VideoSegment id="shot101_28">
<MediaTime>
<MediaTimePoint>T00:03:26:23197F30000</MediaTimePoint>
<MediaDuration>PT00H00M15S15465N30000F</MediaDuration>
</MediaTime>
<TemporalDecomposition>
<VideoSegment id="shot101_28_RKF">
<MediaTime>
<MediaTimePoint>T00:03:34:15429F30000</MediaTimePoint>
</MediaTime>
</VideoSegment>
</TemporalDecomposition>
</VideoSegment>
<VideoSegment id="shot101_29">
<MediaTime>
<MediaTimePoint>T00:03:42:8662F30000</MediaTimePoint>
<MediaDuration>PT00H00M05S150N30000F</MediaDuration>
</MediaTime>
<TemporalDecomposition>
<VideoSegment id="shot101_29_RKF">
<MediaTime>
<MediaTimePoint>T00:03:44:22736F30000</MediaTimePoint>
</MediaTime>
</VideoSegment>
</TemporalDecomposition>
</VideoSegment>
<VideoSegment id="shot101_30">
<MediaTime>
<MediaTimePoint>T00:03:47:8812F30000</MediaTimePoint>
<MediaDuration>PT00H00M04S23143N30000F</MediaDuration>
</MediaTime>
<TemporalDecomposition>
<VideoSegment id="shot101_30_RKF">
<MediaTime>
<MediaTimePoint>T00:03:49:19883F30000</MediaTimePoint>
</MediaTime>
</VideoSegment>
</TemporalDecomposition>
</VideoSegment>
<VideoSegment id="shot101_31">
<MediaTime>
<MediaTimePoint>T00:03:52:1955F30000</MediaTimePoint>
<MediaDuration>PT00H00M04S5125N30000F</MediaDuration>
</MediaTime>
<TemporalDecomposition>
<VideoSegment id="shot101_31_RKF">
<MediaTime>
<MediaTimePoint>T00:03:54:4017F30000</MediaTimePoint>
</MediaTime>
</VideoSegment>
</TemporalDecomposition>
</VideoSegment>
<VideoSegment id="shot101_32">
<MediaTime>
<MediaTimePoint>T00:03:56:7080F30000</MediaTimePoint>
<MediaDuration>PT00H00M03S29119N30000F</MediaDuration>
</MediaTime>
<TemporalDecomposition>
<VideoSegment id="shot101_32_RKF">
<MediaTime>
<MediaTimePoint>T00:03:58:6139F30000</MediaTimePoint>
</MediaTime>
</VideoSegment>
</TemporalDecomposition>
</VideoSegment>
<VideoSegment id="shot101_33">
<MediaTime>
<MediaTimePoint>T00:04:00:6199F30000</MediaTimePoint>
<MediaDuration>PT00H00M02S14074N30000F</MediaDuration>
</MediaTime>
<TemporalDecomposition>
<VideoSegment id="shot101_33_RKF">
<MediaTime>
<MediaTimePoint>T00:04:01:12235F30000</MediaTimePoint>
</MediaTime>
</VideoSegment>
</TemporalDecomposition>
</VideoSegment>
<VideoSegment id="shot101_34">
<MediaTime>
<MediaTimePoint>T00:04:02:20273F30000</MediaTimePoint>
<MediaDuration>PT00H00M05S6156N30000F</MediaDuration>
</MediaTime>
<TemporalDecomposition>
<VideoSegment id="shot101_34_RKF">
<MediaTime>
<MediaTimePoint>T00:04:05:7350F30000</MediaTimePoint>
</MediaTime>
</VideoSegment>
</TemporalDecomposition>
</VideoSegment>
<VideoSegment id="shot101_35">
<MediaTime>
<MediaTimePoint>T00:04:07:26429F30000</MediaTimePoint>
<MediaDuration>PT00H00M03S16106N30000F</MediaDuration>
</MediaTime>
<TemporalDecomposition>
<VideoSegment id="shot101_35_RKF">
<MediaTime>
<MediaTimePoint>T00:04:09:18481F30000</MediaTimePoint>
</MediaTime>
</VideoSegment>
</TemporalDecomposition>
</VideoSegment>
<VideoSegment id="shot101_36">
<MediaTime>
<MediaTimePoint>T00:04:11:12535F30000</MediaTimePoint>
<MediaDuration>PT00H00M03S20110N30000F</MediaDuration>
</MediaTime>
<TemporalDecomposition>
<VideoSegment id="shot101_36_RKF">
<MediaTime>
<MediaTimePoint>T00:04:13:6589F30000</MediaTimePoint>
</MediaTime>
</VideoSegment>
</TemporalDecomposition>
</VideoSegment>
<VideoSegment id="shot101_37">
<MediaTime>
<MediaTimePoint>T00:04:15:2645F30000</MediaTimePoint>
<MediaDuration>PT00H00M03S22112N30000F</MediaDuration>
</MediaTime>
<TemporalDecomposition>
<VideoSegment id="shot101_37_RKF">
<MediaTime>
<MediaTimePoint>T00:04:16:27700F30000</MediaTimePoint>
</MediaTime>
</VideoSegment>
</TemporalDecomposition>
</VideoSegment>
<VideoSegment id="shot101_38">
<MediaTime>
<MediaTimePoint>T00:04:18:24757F30000</MediaTimePoint>
<MediaDuration>PT00H00M02S11071N30000F</MediaDuration>
</MediaTime>
<TemporalDecomposition>
<VideoSegment id="shot101_38_RKF">
<MediaTime>
<MediaTimePoint>T00:04:19:29792F30000</MediaTimePoint>
</MediaTime>
</VideoSegment>
</TemporalDecomposition>
</VideoSegment>
<VideoSegment id="shot101_39">
<MediaTime>
<MediaTimePoint>T00:04:21:5828F30000</MediaTimePoint>
<MediaDuration>PT00H00M02S18078N30000F</MediaDuration>
</MediaTime>
<TemporalDecomposition>
<VideoSegment id="shot101_39_RKF">
<MediaTime>
<MediaTimePoint>T00:04:22:13866F30000</MediaTimePoint>
</MediaTime>
</VideoSegment>
</TemporalDecomposition>
</VideoSegment>
<VideoSegment id="shot101_40">
<MediaTime>
<MediaTimePoint>T00:04:23:23906F30000</MediaTimePoint>
<MediaDuration>PT00H00M05S5155N30000F</MediaDuration>
</MediaTime>
<TemporalDecomposition>
<VideoSegment id="shot101_40_RKF">
<MediaTime>
<MediaTimePoint>T00:04:26:10983F30000</MediaTimePoint>
</MediaTime>
</VideoSegment>
</TemporalDecomposition>
</VideoSegment>
<VideoSegment id="shot101_41">
<MediaTime>
<MediaTimePoint>T00:04:28:29061F30000</MediaTimePoint>
<MediaDuration>PT00H00M03S20110N30000F</MediaDuration>
</MediaTime>
<TemporalDecomposition>
<VideoSegment id="shot101_41_NRKF_1">
<MediaTime>
<MediaTimePoint>T00:04:29:22084F30000</MediaTimePoint>
</MediaTime>
</VideoSegment>
<VideoSegment id="shot101_41_RKF">
<MediaTime>
<MediaTimePoint>T00:04:30:23115F30000</MediaTimePoint>
</MediaTime>
</VideoSegment>
<VideoSegment id="shot101_41_NRKF_2">
<MediaTime>
<MediaTimePoint>T00:04:31:17139F30000</MediaTimePoint>
</MediaTime>
</VideoSegment>
</TemporalDecomposition>
</VideoSegment>
<VideoSegment id="shot101_42">
<MediaTime>
<MediaTimePoint>T00:04:32:19171F30000</MediaTimePoint>
<MediaDuration>PT00H00M05S24174N30000F</MediaDuration>
</MediaTime>
<TemporalDecomposition>
<VideoSegment id="shot101_42_RKF">
<MediaTime>
<MediaTimePoint>T00:04:35:15257F30000</MediaTimePoint>
</MediaTime>
</VideoSegment>
</TemporalDecomposition>
</VideoSegment>
<VideoSegment id="shot101_43">
<MediaTime>
<MediaTimePoint>T00:04:38:13345F30000</MediaTimePoint>
<MediaDuration>PT00H00M02S23083N30000F</MediaDuration>
</MediaTime>
<TemporalDecomposition>
<VideoSegment id="shot101_43_RKF">
<MediaTime>
<MediaTimePoint>T00:04:39:24386F30000</MediaTimePoint>
</MediaTime>
</VideoSegment>
</TemporalDecomposition>
</VideoSegment>
<VideoSegment id="shot101_44">
<MediaTime>
<MediaTimePoint>T00:04:41:6428F30000</MediaTimePoint>
<MediaDuration>PT00H00M07S210N30000F</MediaDuration>
</MediaTime>
<TemporalDecomposition>
<VideoSegment id="shot101_44_RKF">
<MediaTime>
<MediaTimePoint>T00:04:44:20532F30000</MediaTimePoint>
</MediaTime>
</VideoSegment>
</TemporalDecomposition>
</VideoSegment>
<VideoSegment id="shot101_45">
<MediaTime>
<MediaTimePoint>T00:04:48:6638F30000</MediaTimePoint>
<MediaDuration>PT00H00M09S8278N30000F</MediaDuration>
</MediaTime>
<TemporalDecomposition>
<VideoSegment id="shot101_45_RKF">
<MediaTime>
<MediaTimePoint>T00:04:52:24776F30000</MediaTimePoint>
</MediaTime>
</VideoSegment>
</TemporalDecomposition>
</VideoSegment>
<VideoSegment id="shot101_46">
<MediaTime>
<MediaTimePoint>T00:04:57:14916F30000</MediaTimePoint>
<MediaDuration>PT00H00M03S20110N30000F</MediaDuration>
</MediaTime>
<TemporalDecomposition>
<VideoSegment id="shot101_46_RKF">
<MediaTime>
<MediaTimePoint>T00:04:59:8970F30000</MediaTimePoint>
</MediaTime>
</VideoSegment>
</TemporalDecomposition>
</VideoSegment>
<VideoSegment id="shot101_47">
<MediaTime>
<MediaTimePoint>T00:05:01:5026F30000</MediaTimePoint>
<MediaDuration>PT00H00M06S24204N30000F</MediaDuration>
</MediaTime>
<TemporalDecomposition>
<VideoSegment id="shot101_47_RKF">
<MediaTime>
<MediaTimePoint>T00:05:04:16127F30000</MediaTimePoint>
</MediaTime>
</VideoSegment>
</TemporalDecomposition>
</VideoSegment>
<VideoSegment id="shot101_48">
<MediaTime>
<MediaTimePoint>T00:05:07:29230F30000</MediaTimePoint>
<MediaDuration>PT00H00M03S9099N30000F</MediaDuration>
</MediaTime>
<TemporalDecomposition>
<VideoSegment id="shot101_48_RKF">
<MediaTime>
<MediaTimePoint>T00:05:09:18279F30000</MediaTimePoint>
</MediaTime>
</VideoSegment>
</TemporalDecomposition>
</VideoSegment>
<VideoSegment id="shot101_49">
<MediaTime>
<MediaTimePoint>T00:05:11:8329F30000</MediaTimePoint>
<MediaDuration>PT00H00M27S28838N30000F</MediaDuration>
</MediaTime>
<TemporalDecomposition>
<VideoSegment id="shot101_49_RKF">
<MediaTime>
<MediaTimePoint>T00:05:25:6747F30000</MediaTimePoint>
</MediaTime>
</VideoSegment>
</TemporalDecomposition>
</VideoSegment>
<VideoSegment id="shot101_50">
<MediaTime>
<MediaTimePoint>T00:05:39:7167F30000</MediaTimePoint>
<MediaDuration>PT00H00M02S23083N30000F</MediaDuration>
</MediaTime>
<TemporalDecomposition>
<VideoSegment id="shot101_50_RKF">
<MediaTime>
<MediaTimePoint>T00:05:40:18208F30000</MediaTimePoint>
</MediaTime>
</VideoSegment>
</TemporalDecomposition>
</VideoSegment>
<VideoSegment id="shot101_51">
<MediaTime>
<MediaTimePoint>T00:05:42:250F30000</MediaTimePoint>
<MediaDuration>PT00H00M12S15375N30000F</MediaDuration>
</MediaTime>
<TemporalDecomposition>
<VideoSegment id="shot101_51_RKF">
<MediaTime>
<MediaTimePoint>T00:05:48:7437F30000</MediaTimePoint>
</MediaTime>
</VideoSegment>
</TemporalDecomposition>
</VideoSegment>
<VideoSegment id="shot101_52">
<MediaTime>
<MediaTimePoint>T00:05:54:15625F30000</MediaTimePoint>
<MediaDuration>PT00H00M04S25145N30000F</MediaDuration>
</MediaTime>
<TemporalDecomposition>
<VideoSegment id="shot101_52_RKF">
<MediaTime>
<MediaTimePoint>T00:05:56:27697F30000</MediaTimePoint>
</MediaTime>
</VideoSegment>
</TemporalDecomposition>
</VideoSegment>
<VideoSegment id="shot101_53">
<MediaTime>
<MediaTimePoint>T00:05:59:10770F30000</MediaTimePoint>
<MediaDuration>PT00H00M42S24283N30000F</MediaDuration>
</MediaTime>
<TemporalDecomposition>
<VideoSegment id="shot101_53_RKF">
<MediaTime>
<MediaTimePoint>T00:06:20:22411F30000</MediaTimePoint>
</MediaTime>
</VideoSegment>
</TemporalDecomposition>
</VideoSegment>
<VideoSegment id="shot101_54">
<MediaTime>
<MediaTimePoint>T00:06:42:5053F30000</MediaTimePoint>
<MediaDuration>PT00H00M03S26116N30000F</MediaDuration>
</MediaTime>
<TemporalDecomposition>
<VideoSegment id="shot101_54_RKF">
<MediaTime>
<MediaTimePoint>T00:06:44:2110F30000</MediaTimePoint>
</MediaTime>
</VideoSegment>
</TemporalDecomposition>
</VideoSegment>
<VideoSegment id="shot101_55">
<MediaTime>
<MediaTimePoint>T00:06:46:1169F30000</MediaTimePoint>
<MediaDuration>PT00H00M10S16316N30000F</MediaDuration>
</MediaTime>
<TemporalDecomposition>
<VideoSegment id="shot101_55_RKF">
<MediaTime>
<MediaTimePoint>T00:06:51:8326F30000</MediaTimePoint>
</MediaTime>
</VideoSegment>
</TemporalDecomposition>
</VideoSegment>
<VideoSegment id="shot101_56">
<MediaTime>
<MediaTimePoint>T00:06:56:17485F30000</MediaTimePoint>
<MediaDuration>PT00H00M06S8188N30000F</MediaDuration>
</MediaTime>
<TemporalDecomposition>
<VideoSegment id="shot101_56_RKF">
<MediaTime>
<MediaTimePoint>T00:06:59:20578F30000</MediaTimePoint>
</MediaTime>
</VideoSegment>
</TemporalDecomposition>
</VideoSegment>
<VideoSegment id="shot101_57">
<MediaTime>
<MediaTimePoint>T00:07:02:25673F30000</MediaTimePoint>
<MediaDuration>PT00H00M04S13133N30000F</MediaDuration>
</MediaTime>
<TemporalDecomposition>
<VideoSegment id="shot101_57_RKF">
<MediaTime>
<MediaTimePoint>T00:07:05:1739F30000</MediaTimePoint>
</MediaTime>
</VideoSegment>
</TemporalDecomposition>
</VideoSegment>
<VideoSegment id="shot101_58">
<MediaTime>
<MediaTimePoint>T00:07:07:8806F30000</MediaTimePoint>
<MediaDuration>PT00H00M10S9309N30000F</MediaDuration>
</MediaTime>
<TemporalDecomposition>
<VideoSegment id="shot101_58_RKF">
<MediaTime>
<MediaTimePoint>T00:07:12:12960F30000</MediaTimePoint>
</MediaTime>
</VideoSegment>
</TemporalDecomposition>
</VideoSegment>
<VideoSegment id="shot101_59">
<MediaTime>
<MediaTimePoint>T00:07:17:18115F30000</MediaTimePoint>
<MediaDuration>PT00H00M27S9819N30000F</MediaDuration>
</MediaTime>
<TemporalDecomposition>
<VideoSegment id="shot101_59_RKF">
<MediaTime>
<MediaTimePoint>T00:07:31:7524F30000</MediaTimePoint>
</MediaTime>
</VideoSegment>
</TemporalDecomposition>
</VideoSegment>
<VideoSegment id="shot101_60">
<MediaTime>
<MediaTimePoint>T00:07:44:27934F30000</MediaTimePoint>
<MediaDuration>PT00H00M13S2392N30000F</MediaDuration>
</MediaTime>
<TemporalDecomposition>
<VideoSegment id="shot101_60_RKF">
<MediaTime>
<MediaTimePoint>T00:07:51:13129F30000</MediaTimePoint>
</MediaTime>
</VideoSegment>
</TemporalDecomposition>
</VideoSegment>
<VideoSegment id="shot101_61">
<MediaTime>
<MediaTimePoint>T00:07:58:326F30000</MediaTimePoint>
<MediaDuration>PT00H00M03S14104N30000F</MediaDuration>
</MediaTime>
<TemporalDecomposition>
<VideoSegment id="shot101_61_RKF">
<MediaTime>
<MediaTimePoint>T00:07:59:21377F30000</MediaTimePoint>
</MediaTime>
</VideoSegment>
</TemporalDecomposition>
</VideoSegment>
<VideoSegment id="shot101_62">
<MediaTime>
<MediaTimePoint>T00:08:01:14430F30000</MediaTimePoint>
<MediaDuration>PT00H00M02S27087N30000F</MediaDuration>
</MediaTime>
<TemporalDecomposition>
<VideoSegment id="shot101_62_RKF">
<MediaTime>
<MediaTimePoint>T00:08:02:27473F30000</MediaTimePoint>
</MediaTime>
</VideoSegment>
</TemporalDecomposition>
</VideoSegment>
<VideoSegment id="shot101_63">
<MediaTime>
<MediaTimePoint>T00:08:04:11517F30000</MediaTimePoint>
<MediaDuration>PT00H00M02S14074N30000F</MediaDuration>
</MediaTime>
<TemporalDecomposition>
<VideoSegment id="shot101_63_RKF">
<MediaTime>
<MediaTimePoint>T00:08:05:17553F30000</MediaTimePoint>
</MediaTime>
</VideoSegment>
</TemporalDecomposition>
</VideoSegment>
<VideoSegment id="shot101_64">
<MediaTime>
<MediaTimePoint>T00:08:06:25591F30000</MediaTimePoint>
<MediaDuration>PT00H00M02S15075N30000F</MediaDuration>
</MediaTime>
<TemporalDecomposition>
<VideoSegment id="shot101_64_RKF">
<MediaTime>
<MediaTimePoint>T00:08:08:2628F30000</MediaTimePoint>
</MediaTime>
</VideoSegment>
</TemporalDecomposition>
</VideoSegment>
<VideoSegment id="shot101_65">
<MediaTime>
<MediaTimePoint>T00:08:09:10666F30000</MediaTimePoint>
<MediaDuration>PT00H00M02S21081N30000F</MediaDuration>
</MediaTime>
<TemporalDecomposition>
<VideoSegment id="shot101_65_RKF">
<MediaTime>
<MediaTimePoint>T00:08:10:20706F30000</MediaTimePoint>
</MediaTime>
</VideoSegment>
</TemporalDecomposition>
</VideoSegment>
<VideoSegment id="shot101_66">
<MediaTime>
<MediaTimePoint>T00:08:12:1747F30000</MediaTimePoint>
<MediaDuration>PT00H00M03S27117N30000F</MediaDuration>
</MediaTime>
<TemporalDecomposition>
<VideoSegment id="shot101_66_NRKF_1">
<MediaTime>
<MediaTimePoint>T00:08:13:776F30000</MediaTimePoint>
</MediaTime>
</VideoSegment>
<VideoSegment id="shot101_66_RKF">
<MediaTime>
<MediaTimePoint>T00:08:13:29805F30000</MediaTimePoint>
</MediaTime>
</VideoSegment>
<VideoSegment id="shot101_66_NRKF_2">
<MediaTime>
<MediaTimePoint>T00:08:14:28834F30000</MediaTimePoint>
</MediaTime>
</VideoSegment>
</TemporalDecomposition>
</VideoSegment>
<VideoSegment id="shot101_67">
<MediaTime>
<MediaTimePoint>T00:08:15:28864F30000</MediaTimePoint>
<MediaDuration>PT00H00M21S28658N30000F</MediaDuration>
</MediaTime>
<TemporalDecomposition>
<VideoSegment id="shot101_67_RKF">
<MediaTime>
<MediaTimePoint>T00:08:26:27192F30000</MediaTimePoint>
</MediaTime>
</VideoSegment>
</TemporalDecomposition>
</VideoSegment>
<VideoSegment id="shot101_68">
<MediaTime>
<MediaTimePoint>T00:08:37:27522F30000</MediaTimePoint>
<MediaDuration>PT00H00M06S180N30000F</MediaDuration>
</MediaTime>
<TemporalDecomposition>
<VideoSegment id="shot101_68_RKF">
<MediaTime>
<MediaTimePoint>T00:08:40:26611F30000</MediaTimePoint>
</MediaTime>
</VideoSegment>
</TemporalDecomposition>
</VideoSegment>
<VideoSegment id="shot101_69">
<MediaTime>
<MediaTimePoint>T00:08:43:27702F30000</MediaTimePoint>
<MediaDuration>PT00H00M02S22082N30000F</MediaDuration>
</MediaTime>
<TemporalDecomposition>
<VideoSegment id="shot101_69_RKF">
<MediaTime>
<MediaTimePoint>T00:08:45:7742F30000</MediaTimePoint>
</MediaTime>
</VideoSegment>
</TemporalDecomposition>
</VideoSegment>
<VideoSegment id="shot101_70">
<MediaTime>
<MediaTimePoint>T00:08:46:19784F30000</MediaTimePoint>
<MediaDuration>PT00H00M03S27117N30000F</MediaDuration>
</MediaTime>
<TemporalDecomposition>
<VideoSegment id="shot101_70_RKF">
<MediaTime>
<MediaTimePoint>T00:08:48:17842F30000</MediaTimePoint>
</MediaTime>
</VideoSegment>
</TemporalDecomposition>
</VideoSegment>
<VideoSegment id="shot101_71">
<MediaTime>
<MediaTimePoint>T00:08:50:16901F30000</MediaTimePoint>
<MediaDuration>PT00H00M02S16076N30000F</MediaDuration>
</MediaTime>
<TemporalDecomposition>
<VideoSegment id="shot101_71_RKF">
<MediaTime>
<MediaTimePoint>T00:08:51:23938F30000</MediaTimePoint>
</MediaTime>
</VideoSegment>
</TemporalDecomposition>
</VideoSegment>
<VideoSegment id="shot101_72">
<MediaTime>
<MediaTimePoint>T00:08:53:2977F30000</MediaTimePoint>
<MediaDuration>PT00H00M02S9069N30000F</MediaDuration>
</MediaTime>
<TemporalDecomposition>
<VideoSegment id="shot101_72_RKF">
<MediaTime>
<MediaTimePoint>T00:08:54:7011F30000</MediaTimePoint>
</MediaTime>
</VideoSegment>
</TemporalDecomposition>
</VideoSegment>
<VideoSegment id="shot101_73">
<MediaTime>
<MediaTimePoint>T00:08:55:12046F30000</MediaTimePoint>
<MediaDuration>PT00H00M02S28088N30000F</MediaDuration>
</MediaTime>
<TemporalDecomposition>
<VideoSegment id="shot101_73_RKF">
<MediaTime>
<MediaTimePoint>T00:08:56:25089F30000</MediaTimePoint>
</MediaTime>
</VideoSegment>
</TemporalDecomposition>
</VideoSegment>
<VideoSegment id="shot101_74">
<MediaTime>
<MediaTimePoint>T00:08:58:10134F30000</MediaTimePoint>
<MediaDuration>PT00H00M40S10209N30000F</MediaDuration>
</MediaTime>
<TemporalDecomposition>
<VideoSegment id="shot101_74_RKF">
<MediaTime>
<MediaTimePoint>T00:09:18:14738F30000</MediaTimePoint>
</MediaTime>
</VideoSegment>
</TemporalDecomposition>
</VideoSegment>
<VideoSegment id="shot101_75">
<MediaTime>
<MediaTimePoint>T00:09:38:20343F30000</MediaTimePoint>
<MediaDuration>PT00H00M02S4064N30000F</MediaDuration>
</MediaTime>
<TemporalDecomposition>
<VideoSegment id="shot101_75_NRKF_1">
<MediaTime>
<MediaTimePoint>T00:09:38:24347F30000</MediaTimePoint>
</MediaTime>
</VideoSegment>
<VideoSegment id="shot101_75_RKF">
<MediaTime>
<MediaTimePoint>T00:09:39:21374F30000</MediaTimePoint>
</MediaTime>
</VideoSegment>
<VideoSegment id="shot101_75_NRKF_2">
<MediaTime>
<MediaTimePoint>T00:09:39:26379F30000</MediaTimePoint>
</MediaTime>
</VideoSegment>
</TemporalDecomposition>
</VideoSegment>
<VideoSegment id="shot101_76">
<MediaTime>
<MediaTimePoint>T00:09:40:24407F30000</MediaTimePoint>
<MediaDuration>PT00H00M03S11101N30000F</MediaDuration>
</MediaTime>
<TemporalDecomposition>
<VideoSegment id="shot101_76_RKF">
<MediaTime>
<MediaTimePoint>T00:09:42:14457F30000</MediaTimePoint>
</MediaTime>
</VideoSegment>
</TemporalDecomposition>
</VideoSegment>
<VideoSegment id="shot101_77">
<MediaTime>
<MediaTimePoint>T00:09:44:5508F30000</MediaTimePoint>
<MediaDuration>PT00H00M02S27087N30000F</MediaDuration>
</MediaTime>
<TemporalDecomposition>
<VideoSegment id="shot101_77_RKF">
<MediaTime>
<MediaTimePoint>T00:09:45:18551F30000</MediaTimePoint>
</MediaTime>
</VideoSegment>
</TemporalDecomposition>
</VideoSegment>
<VideoSegment id="shot101_78">
<MediaTime>
<MediaTimePoint>T00:09:47:2595F30000</MediaTimePoint>
<MediaDuration>PT00H00M04S22142N30000F</MediaDuration>
</MediaTime>
<TemporalDecomposition>
<VideoSegment id="shot101_78_NRKF_1">
<MediaTime>
<MediaTimePoint>T00:09:47:22615F30000</MediaTimePoint>
</MediaTime>
</VideoSegment>
<VideoSegment id="shot101_78_NRKF_2">
<MediaTime>
<MediaTimePoint>T00:09:48:19642F30000</MediaTimePoint>
</MediaTime>
</VideoSegment>
<VideoSegment id="shot101_78_RKF">
<MediaTime>
<MediaTimePoint>T00:09:49:12665F30000</MediaTimePoint>
</MediaTime>
</VideoSegment>
<VideoSegment id="shot101_78_NRKF_3">
<MediaTime>
<MediaTimePoint>T00:09:50:9692F30000</MediaTimePoint>
</MediaTime>
</VideoSegment>
</TemporalDecomposition>
</VideoSegment>
<VideoSegment id="shot101_79">
<MediaTime>
<MediaTimePoint>T00:09:51:24737F30000</MediaTimePoint>
<MediaDuration>PT00H00M02S27087N30000F</MediaDuration>
</MediaTime>
<TemporalDecomposition>
<VideoSegment id="shot101_79_RKF">
<MediaTime>
<MediaTimePoint>T00:09:53:7780F30000</MediaTimePoint>
</MediaTime>
</VideoSegment>
</TemporalDecomposition>
</VideoSegment>
<VideoSegment id="shot101_80">
<MediaTime>
<MediaTimePoint>T00:09:54:21824F30000</MediaTimePoint>
<MediaDuration>PT00H00M08S21261N30000F</MediaDuration>
</MediaTime>
<TemporalDecomposition>
<VideoSegment id="shot101_80_RKF">
<MediaTime>
<MediaTimePoint>T00:09:59:1954F30000</MediaTimePoint>
</MediaTime>
</VideoSegment>
</TemporalDecomposition>
</VideoSegment>
<VideoSegment id="shot101_81">
<MediaTime>
<MediaTimePoint>T00:10:03:13085F30000</MediaTimePoint>
<MediaDuration>PT00H00M04S3123N30000F</MediaDuration>
</MediaTime>
<TemporalDecomposition>
<VideoSegment id="shot101_81_RKF">
<MediaTime>
<MediaTimePoint>T00:10:05:14146F30000</MediaTimePoint>
</MediaTime>
</VideoSegment>
</TemporalDecomposition>
</VideoSegment>
<VideoSegment id="shot101_82">
<MediaTime>
<MediaTimePoint>T00:10:07:16208F30000</MediaTimePoint>
<MediaDuration>PT00H00M02S14074N30000F</MediaDuration>
</MediaTime>
<TemporalDecomposition>
<VideoSegment id="shot101_82_NRKF_1">
<MediaTime>
<MediaTimePoint>T00:10:08:6228F30000</MediaTimePoint>
</MediaTime>
</VideoSegment>
<VideoSegment id="shot101_82_RKF">
<MediaTime>
<MediaTimePoint>T00:10:08:22244F30000</MediaTimePoint>
</MediaTime>
</VideoSegment>
<VideoSegment id="shot101_82_NRKF_2">
<MediaTime>
<MediaTimePoint>T00:10:09:13265F30000</MediaTimePoint>
</MediaTime>
</VideoSegment>
</TemporalDecomposition>
</VideoSegment>
<VideoSegment id="shot101_83">
<MediaTime>
<MediaTimePoint>T00:10:10:282F30000</MediaTimePoint>
<MediaDuration>PT00H00M02S4064N30000F</MediaDuration>
</MediaTime>
<TemporalDecomposition>
<VideoSegment id="shot101_83_NRKF_1">
<MediaTime>
<MediaTimePoint>T00:10:10:24306F30000</MediaTimePoint>
</MediaTime>
</VideoSegment>
<VideoSegment id="shot101_83_RKF">
<MediaTime>
<MediaTimePoint>T00:10:11:1313F30000</MediaTimePoint>
</MediaTime>
</VideoSegment>
<VideoSegment id="shot101_83_NRKF_2">
<MediaTime>
<MediaTimePoint>T00:10:11:21333F30000</MediaTimePoint>
</MediaTime>
</VideoSegment>
<VideoSegment id="shot101_83_NRKF_3">
<MediaTime>
<MediaTimePoint>T00:10:11:28340F30000</MediaTimePoint>
</MediaTime>
</VideoSegment>
</TemporalDecomposition>
</VideoSegment>
<VideoSegment id="shot101_84">
<MediaTime>
<MediaTimePoint>T00:10:12:4346F30000</MediaTimePoint>
<MediaDuration>PT00H00M02S16076N30000F</MediaDuration>
</MediaTime>
<TemporalDecomposition>
<VideoSegment id="shot101_84_NRKF_1">
<MediaTime>
<MediaTimePoint>T00:10:12:5347F30000</MediaTimePoint>
</MediaTime>
</VideoSegment>
<VideoSegment id="shot101_84_NRKF_2">
<MediaTime>
<MediaTimePoint>T00:10:12:15357F30000</MediaTimePoint>
</MediaTime>
</VideoSegment>
<VideoSegment id="shot101_84_NRKF_3">
<MediaTime>
<MediaTimePoint>T00:10:13:8380F30000</MediaTimePoint>
</MediaTime>
</VideoSegment>
<VideoSegment id="shot101_84_RKF">
<MediaTime>
<MediaTimePoint>T00:10:13:11383F30000</MediaTimePoint>
</MediaTime>
</VideoSegment>
<VideoSegment id="shot101_84_NRKF_4">
<MediaTime>
<MediaTimePoint>T00:10:14:6408F30000</MediaTimePoint>
</MediaTime>
</VideoSegment>
</TemporalDecomposition>
</VideoSegment>
<VideoSegment id="shot101_85">
<MediaTime>
<MediaTimePoint>T00:10:14:20422F30000</MediaTimePoint>
<MediaDuration>PT00H00M03S5095N30000F</MediaDuration>
</MediaTime>
<TemporalDecomposition>
<VideoSegment id="shot101_85_RKF">
<MediaTime>
<MediaTimePoint>T00:10:16:7469F30000</MediaTimePoint>
</MediaTime>
</VideoSegment>
</TemporalDecomposition>
</VideoSegment>
<VideoSegment id="shot101_86">
<MediaTime>
<MediaTimePoint>T00:10:17:25517F30000</MediaTimePoint>
<MediaDuration>PT00H00M04S12132N30000F</MediaDuration>
</MediaTime>
<TemporalDecomposition>
<VideoSegment id="shot101_86_NRKF_1">
<MediaTime>
<MediaTimePoint>T00:10:17:28520F30000</MediaTimePoint>
</MediaTime>
</VideoSegment>
<VideoSegment id="shot101_86_NRKF_2">
<MediaTime>
<MediaTimePoint>T00:10:18:18540F30000</MediaTimePoint>
</MediaTime>
</VideoSegment>
<VideoSegment id="shot101_86_RKF">
<MediaTime>
<MediaTimePoint>T00:10:20:582F30000</MediaTimePoint>
</MediaTime>
</VideoSegment>
<VideoSegment id="shot101_86_NRKF_3">
<MediaTime>
<MediaTimePoint>T00:10:20:21603F30000</MediaTimePoint>
</MediaTime>
</VideoSegment>
</TemporalDecomposition>
</VideoSegment>
<VideoSegment id="shot101_87">
<MediaTime>
<MediaTimePoint>T00:10:22:7649F30000</MediaTimePoint>
<MediaDuration>PT00H00M02S3063N30000F</MediaDuration>
</MediaTime>
<TemporalDecomposition>
<VideoSegment id="shot101_87_RKF">
<MediaTime>
<MediaTimePoint>T00:10:23:8680F30000</MediaTimePoint>
</MediaTime>
</VideoSegment>
</TemporalDecomposition>
</VideoSegment>
<VideoSegment id="shot101_88">
<MediaTime>
<MediaTimePoint>T00:10:24:10712F30000</MediaTimePoint>
<MediaDuration>PT00H00M02S9069N30000F</MediaDuration>
</MediaTime>
<TemporalDecomposition>
<VideoSegment id="shot101_88_NRKF_1">
<MediaTime>
<MediaTimePoint>T00:10:25:2734F30000</MediaTimePoint>
</MediaTime>
</VideoSegment>
<VideoSegment id="shot101_88_RKF">
<MediaTime>
<MediaTimePoint>T00:10:25:14746F30000</MediaTimePoint>
</MediaTime>
</VideoSegment>
<VideoSegment id="shot101_88_NRKF_2">
<MediaTime>
<MediaTimePoint>T00:10:26:6768F30000</MediaTimePoint>
</MediaTime>
</VideoSegment>
</TemporalDecomposition>
</VideoSegment>
<VideoSegment id="shot101_89">
<MediaTime>
<MediaTimePoint>T00:10:26:19781F30000</MediaTimePoint>
<MediaDuration>PT00H00M06S22202N30000F</MediaDuration>
</MediaTime>
<TemporalDecomposition>
<VideoSegment id="shot101_89_NRKF_1">
<MediaTime>
<MediaTimePoint>T00:10:27:15807F30000</MediaTimePoint>
</MediaTime>
</VideoSegment>
<VideoSegment id="shot101_89_RKF">
<MediaTime>
<MediaTimePoint>T00:10:29:29881F30000</MediaTimePoint>
</MediaTime>
</VideoSegment>
<VideoSegment id="shot101_89_NRKF_2">
<MediaTime>
<MediaTimePoint>T00:10:30:26908F30000</MediaTimePoint>
</MediaTime>
</VideoSegment>
</TemporalDecomposition>
</VideoSegment>
<VideoSegment id="shot101_90">
<MediaTime>
<MediaTimePoint>T00:10:33:11983F30000</MediaTimePoint>
<MediaDuration>PT00H00M15S20470N30000F</MediaDuration>
</MediaTime>
<TemporalDecomposition>
<VideoSegment id="shot101_90_RKF">
<MediaTime>
<MediaTimePoint>T00:10:41:6217F30000</MediaTimePoint>
</MediaTime>
</VideoSegment>
</TemporalDecomposition>
</VideoSegment>
<VideoSegment id="shot101_91">
<MediaTime>
<MediaTimePoint>T00:10:49:2453F30000</MediaTimePoint>
<MediaDuration>PT00H00M02S23083N30000F</MediaDuration>
</MediaTime>
<TemporalDecomposition>
<VideoSegment id="shot101_91_NRKF_1">
<MediaTime>
<MediaTimePoint>T00:10:49:6457F30000</MediaTimePoint>
</MediaTime>
</VideoSegment>
<VideoSegment id="shot101_91_NRKF_2">
<MediaTime>
<MediaTimePoint>T00:10:49:13464F30000</MediaTimePoint>
</MediaTime>
</VideoSegment>
<VideoSegment id="shot101_91_NRKF_3">
<MediaTime>
<MediaTimePoint>T00:10:49:20471F30000</MediaTimePoint>
</MediaTime>
</VideoSegment>
<VideoSegment id="shot101_91_NRKF_4">
<MediaTime>
<MediaTimePoint>T00:10:50:1482F30000</MediaTimePoint>
</MediaTime>
</VideoSegment>
<VideoSegment id="shot101_91_NRKF_5">
<MediaTime>
<MediaTimePoint>T00:10:50:11492F30000</MediaTimePoint>
</MediaTime>
</VideoSegment>
<VideoSegment id="shot101_91_RKF">
<MediaTime>
<MediaTimePoint>T00:10:50:13494F30000</MediaTimePoint>
</MediaTime>
</VideoSegment>
<VideoSegment id="shot101_91_NRKF_6">
<MediaTime>
<MediaTimePoint>T00:10:51:4515F30000</MediaTimePoint>
</MediaTime>
</VideoSegment>
</TemporalDecomposition>
</VideoSegment>
<VideoSegment id="shot101_92">
<MediaTime>
<MediaTimePoint>T00:10:51:25536F30000</MediaTimePoint>
<MediaDuration>PT00H00M02S5065N30000F</MediaDuration>
</MediaTime>
<TemporalDecomposition>
<VideoSegment id="shot101_92_NRKF_1">
<MediaTime>
<MediaTimePoint>T00:10:52:4545F30000</MediaTimePoint>
</MediaTime>
</VideoSegment>
<VideoSegment id="shot101_92_NRKF_2">
<MediaTime>
<MediaTimePoint>T00:10:52:20561F30000</MediaTimePoint>
</MediaTime>
</VideoSegment>
<VideoSegment id="shot101_92_RKF">
<MediaTime>
<MediaTimePoint>T00:10:52:27568F30000</MediaTimePoint>
</MediaTime>
</VideoSegment>
<VideoSegment id="shot101_92_NRKF_3">
<MediaTime>
<MediaTimePoint>T00:10:53:1572F30000</MediaTimePoint>
</MediaTime>
</VideoSegment>
<VideoSegment id="shot101_92_NRKF_4">
<MediaTime>
<MediaTimePoint>T00:10:53:8579F30000</MediaTimePoint>
</MediaTime>
</VideoSegment>
<VideoSegment id="shot101_92_NRKF_5">
<MediaTime>
<MediaTimePoint>T00:10:53:13584F30000</MediaTimePoint>
</MediaTime>
</VideoSegment>
<VideoSegment id="shot101_92_NRKF_6">
<MediaTime>
<MediaTimePoint>T00:10:53:22593F30000</MediaTimePoint>
</MediaTime>
</VideoSegment>
</TemporalDecomposition>
</VideoSegment>
<VideoSegment id="shot101_93">
<MediaTime>
<MediaTimePoint>T00:10:54:601F30000</MediaTimePoint>
<MediaDuration>PT00H00M03S3093N30000F</MediaDuration>
</MediaTime>
<TemporalDecomposition>
<VideoSegment id="shot101_93_NRKF_1">
<MediaTime>
<MediaTimePoint>T00:10:54:3604F30000</MediaTimePoint>
</MediaTime>
</VideoSegment>
<VideoSegment id="shot101_93_NRKF_2">
<MediaTime>
<MediaTimePoint>T00:10:54:21622F30000</MediaTimePoint>
</MediaTime>
</VideoSegment>
<VideoSegment id="shot101_93_NRKF_3">
<MediaTime>
<MediaTimePoint>T00:10:55:14645F30000</MediaTimePoint>
</MediaTime>
</VideoSegment>
<VideoSegment id="shot101_93_RKF">
<MediaTime>
<MediaTimePoint>T00:10:55:16647F30000</MediaTimePoint>
</MediaTime>
</VideoSegment>
<VideoSegment id="shot101_93_NRKF_4">
<MediaTime>
<MediaTimePoint>T00:10:56:13674F30000</MediaTimePoint>
</MediaTime>
</VideoSegment>
</TemporalDecomposition>
</VideoSegment>
<VideoSegment id="shot101_94">
<MediaTime>
<MediaTimePoint>T00:10:57:3694F30000</MediaTimePoint>
<MediaDuration>PT00H00M03S18108N30000F</MediaDuration>
</MediaTime>
<TemporalDecomposition>
<VideoSegment id="shot101_94_NRKF_1">
<MediaTime>
<MediaTimePoint>T00:10:57:8699F30000</MediaTimePoint>
</MediaTime>
</VideoSegment>
<VideoSegment id="shot101_94_NRKF_2">
<MediaTime>
<MediaTimePoint>T00:10:57:26717F30000</MediaTimePoint>
</MediaTime>
</VideoSegment>
<VideoSegment id="shot101_94_RKF">
<MediaTime>
<MediaTimePoint>T00:10:58:26747F30000</MediaTimePoint>
</MediaTime>
</VideoSegment>
<VideoSegment id="shot101_94_NRKF_3">
<MediaTime>
<MediaTimePoint>T00:10:59:14765F30000</MediaTimePoint>
</MediaTime>
</VideoSegment>
</TemporalDecomposition>
</VideoSegment>
<VideoSegment id="shot101_95">
<MediaTime>
<MediaTimePoint>T00:11:00:21802F30000</MediaTimePoint>
<MediaDuration>PT00H00M02S12072N30000F</MediaDuration>
</MediaTime>
<TemporalDecomposition>
<VideoSegment id="shot101_95_NRKF_1">
<MediaTime>
<MediaTimePoint>T00:11:01:12823F30000</MediaTimePoint>
</MediaTime>
</VideoSegment>
<VideoSegment id="shot101_95_RKF">
<MediaTime>
<MediaTimePoint>T00:11:01:26837F30000</MediaTimePoint>
</MediaTime>
</VideoSegment>
<VideoSegment id="shot101_95_NRKF_2">
<MediaTime>
<MediaTimePoint>T00:11:02:12853F30000</MediaTimePoint>
</MediaTime>
</VideoSegment>
<VideoSegment id="shot101_95_NRKF_3">
<MediaTime>
<MediaTimePoint>T00:11:02:26867F30000</MediaTimePoint>
</MediaTime>
</VideoSegment>
</TemporalDecomposition>
</VideoSegment>
<VideoSegment id="shot101_96">
<MediaTime>
<MediaTimePoint>T00:11:03:3874F30000</MediaTimePoint>
<MediaDuration>PT00H00M03S90N30000F</MediaDuration>
</MediaTime>
<TemporalDecomposition>
<VideoSegment id="shot101_96_NRKF_1">
<MediaTime>
<MediaTimePoint>T00:11:03:26897F30000</MediaTimePoint>
</MediaTime>
</VideoSegment>
<VideoSegment id="shot101_96_RKF">
<MediaTime>
<MediaTimePoint>T00:11:04:17918F30000</MediaTimePoint>
</MediaTime>
</VideoSegment>
<VideoSegment id="shot101_96_NRKF_2">
<MediaTime>
<MediaTimePoint>T00:11:05:11942F30000</MediaTimePoint>
</MediaTime>
</VideoSegment>
</TemporalDecomposition>
</VideoSegment>
<VideoSegment id="shot101_97">
<MediaTime>
<MediaTimePoint>T00:11:06:3964F30000</MediaTimePoint>
<MediaDuration>PT00H00M03S12102N30000F</MediaDuration>
</MediaTime>
<TemporalDecomposition>
<VideoSegment id="shot101_97_NRKF_1">
<MediaTime>
<MediaTimePoint>T00:11:06:8969F30000</MediaTimePoint>
</MediaTime>
</VideoSegment>
<VideoSegment id="shot101_97_NRKF_2">
<MediaTime>
<MediaTimePoint>T00:11:06:16977F30000</MediaTimePoint>
</MediaTime>
</VideoSegment>
<VideoSegment id="shot101_97_NRKF_3">
<MediaTime>
<MediaTimePoint>T00:11:07:3994F30000</MediaTimePoint>
</MediaTime>
</VideoSegment>
<VideoSegment id="shot101_97_RKF">
<MediaTime>
<MediaTimePoint>T00:11:07:24014F30000</MediaTimePoint>
</MediaTime>
</VideoSegment>
<VideoSegment id="shot101_97_NRKF_4">
<MediaTime>
<MediaTimePoint>T00:11:08:17037F30000</MediaTimePoint>
</MediaTime>
</VideoSegment>
</TemporalDecomposition>
</VideoSegment>
<VideoSegment id="shot101_98">
<MediaTime>
<MediaTimePoint>T00:11:09:16066F30000</MediaTimePoint>
<MediaDuration>PT00H00M07S10220N30000F</MediaDuration>
</MediaTime>
<TemporalDecomposition>
<VideoSegment id="shot101_98_NRKF_1">
<MediaTime>
<MediaTimePoint>T00:11:10:80F30000</MediaTimePoint>
</MediaTime>
</VideoSegment>
<VideoSegment id="shot101_98_NRKF_2">
<MediaTime>
<MediaTimePoint>T00:11:10:18098F30000</MediaTimePoint>
</MediaTime>
</VideoSegment>
<VideoSegment id="shot101_98_NRKF_3">
<MediaTime>
<MediaTimePoint>T00:11:10:25105F30000</MediaTimePoint>
</MediaTime>
</VideoSegment>
<VideoSegment id="shot101_98_RKF">
<MediaTime>
<MediaTimePoint>T00:11:13:5175F30000</MediaTimePoint>
</MediaTime>
</VideoSegment>
<VideoSegment id="shot101_98_NRKF_4">
<MediaTime>
<MediaTimePoint>T00:11:13:27197F30000</MediaTimePoint>
</MediaTime>
</VideoSegment>
</TemporalDecomposition>
</VideoSegment>
<VideoSegment id="shot101_99">
<MediaTime>
<MediaTimePoint>T00:11:16:26286F30000</MediaTimePoint>
<MediaDuration>PT00H00M02S3063N30000F</MediaDuration>
</MediaTime>
<TemporalDecomposition>
<VideoSegment id="shot101_99_NRKF_1">
<MediaTime>
<MediaTimePoint>T00:11:17:15305F30000</MediaTimePoint>
</MediaTime>
</VideoSegment>
<VideoSegment id="shot101_99_RKF">
<MediaTime>
<MediaTimePoint>T00:11:17:27317F30000</MediaTimePoint>
</MediaTime>
</VideoSegment>
<VideoSegment id="shot101_99_NRKF_2">
<MediaTime>
<MediaTimePoint>T00:11:18:8328F30000</MediaTimePoint>
</MediaTime>
</VideoSegment>
<VideoSegment id="shot101_99_NRKF_3">
<MediaTime>
<MediaTimePoint>T00:11:18:17337F30000</MediaTimePoint>
</MediaTime>
</VideoSegment>
<VideoSegment id="shot101_99_NRKF_4">
<MediaTime>
<MediaTimePoint>T00:11:18:26346F30000</MediaTimePoint>
</MediaTime>
</VideoSegment>
</TemporalDecomposition>
</VideoSegment>
<VideoSegment id="shot101_100">
<MediaTime>
<MediaTimePoint>T00:11:18:29349F30000</MediaTimePoint>
<MediaDuration>PT00H00M05S3153N30000F</MediaDuration>
</MediaTime>
<TemporalDecomposition>
<VideoSegment id="shot101_100_NRKF_1">
<MediaTime>
<MediaTimePoint>T00:11:19:5355F30000</MediaTimePoint>
</MediaTime>
</VideoSegment>
<VideoSegment id="shot101_100_NRKF_2">
<MediaTime>
<MediaTimePoint>T00:11:19:17367F30000</MediaTimePoint>
</MediaTime>
</VideoSegment>
<VideoSegment id="shot101_100_RKF">
<MediaTime>
<MediaTimePoint>T00:11:21:15425F30000</MediaTimePoint>
</MediaTime>
</VideoSegment>
<VideoSegment id="shot101_100_NRKF_3">
<MediaTime>
<MediaTimePoint>T00:11:21:27437F30000</MediaTimePoint>
</MediaTime>
</VideoSegment>
</TemporalDecomposition>
</VideoSegment>
<VideoSegment id="shot101_101">
<MediaTime>
<MediaTimePoint>T00:11:24:2502F30000</MediaTimePoint>
<MediaDuration>PT00H00M02S22082N30000F</MediaDuration>
</MediaTime>
<TemporalDecomposition>
<VideoSegment id="shot101_101_RKF">
<MediaTime>
<MediaTimePoint>T00:11:25:12542F30000</MediaTimePoint>
</MediaTime>
</VideoSegment>
</TemporalDecomposition>
</VideoSegment>
<VideoSegment id="shot101_102">
<MediaTime>
<MediaTimePoint>T00:11:26:24584F30000</MediaTimePoint>
<MediaDuration>PT00H00M17S510N30000F</MediaDuration>
</MediaTime>
<TemporalDecomposition>
<VideoSegment id="shot101_102_RKF">
<MediaTime>
<MediaTimePoint>T00:11:35:8838F30000</MediaTimePoint>
</MediaTime>
</VideoSegment>
</TemporalDecomposition>
</VideoSegment>
<VideoSegment id="shot101_103">
<MediaTime>
<MediaTimePoint>T00:11:43:25094F30000</MediaTimePoint>
<MediaDuration>PT00H00M21S12642N30000F</MediaDuration>
</MediaTime>
<TemporalDecomposition>
<VideoSegment id="shot101_103_RKF">
<MediaTime>
<MediaTimePoint>T00:11:54:15414F30000</MediaTimePoint>
</MediaTime>
</VideoSegment>
</TemporalDecomposition>
</VideoSegment>
<VideoSegment id="shot101_104">
<MediaTime>
<MediaTimePoint>T00:12:05:7736F30000</MediaTimePoint>
<MediaDuration>PT00H00M15S14464N30000F</MediaDuration>
</MediaTime>
<TemporalDecomposition>
<VideoSegment id="shot101_104_RKF">
<MediaTime>
<MediaTimePoint>T00:12:12:28967F30000</MediaTimePoint>
</MediaTime>
</VideoSegment>
</TemporalDecomposition>
</VideoSegment>
<VideoSegment id="shot101_105">
<MediaTime>
<MediaTimePoint>T00:12:20:22200F30000</MediaTimePoint>
<MediaDuration>PT00H00M02S27087N30000F</MediaDuration>
</MediaTime>
<TemporalDecomposition>
<VideoSegment id="shot101_105_RKF">
<MediaTime>
<MediaTimePoint>T00:12:22:5243F30000</MediaTimePoint>
</MediaTime>
</VideoSegment>
</TemporalDecomposition>
</VideoSegment>
<VideoSegment id="shot101_106">
<MediaTime>
<MediaTimePoint>T00:12:23:19287F30000</MediaTimePoint>
<MediaDuration>PT00H00M02S23083N30000F</MediaDuration>
</MediaTime>
<TemporalDecomposition>
<VideoSegment id="shot101_106_RKF">
<MediaTime>
<MediaTimePoint>T00:12:25:328F30000</MediaTimePoint>
</MediaTime>
</VideoSegment>
</TemporalDecomposition>
</VideoSegment>
<VideoSegment id="shot101_107">
<MediaTime>
<MediaTimePoint>T00:12:26:12370F30000</MediaTimePoint>
<MediaDuration>PT00H00M03S19109N30000F</MediaDuration>
</MediaTime>
<TemporalDecomposition>
<VideoSegment id="shot101_107_RKF">
<MediaTime>
<MediaTimePoint>T00:12:28:6424F30000</MediaTimePoint>
</MediaTime>
</VideoSegment>
</TemporalDecomposition>
</VideoSegment>
<VideoSegment id="shot101_108">
<MediaTime>
<MediaTimePoint>T00:12:30:1479F30000</MediaTimePoint>
<MediaDuration>PT00H00M02S7067N30000F</MediaDuration>
</MediaTime>
<TemporalDecomposition>
<VideoSegment id="shot101_108_RKF">
<MediaTime>
<MediaTimePoint>T00:12:31:4512F30000</MediaTimePoint>
</MediaTime>
</VideoSegment>
</TemporalDecomposition>
</VideoSegment>
<VideoSegment id="shot101_109">
<MediaTime>
<MediaTimePoint>T00:12:32:8546F30000</MediaTimePoint>
<MediaDuration>PT00H00M02S13073N30000F</MediaDuration>
</MediaTime>
<TemporalDecomposition>
<VideoSegment id="shot101_109_RKF">
<MediaTime>
<MediaTimePoint>T00:12:33:14582F30000</MediaTimePoint>
</MediaTime>
</VideoSegment>
</TemporalDecomposition>
</VideoSegment>
<VideoSegment id="shot101_110">
<MediaTime>
<MediaTimePoint>T00:12:34:21619F30000</MediaTimePoint>
<MediaDuration>PT00H00M02S23083N30000F</MediaDuration>
</MediaTime>
<TemporalDecomposition>
<VideoSegment id="shot101_110_RKF">
<MediaTime>
<MediaTimePoint>T00:12:36:2660F30000</MediaTimePoint>
</MediaTime>
</VideoSegment>
</TemporalDecomposition>
</VideoSegment>
<VideoSegment id="shot101_111">
<MediaTime>
<MediaTimePoint>T00:12:37:14702F30000</MediaTimePoint>
<MediaDuration>PT00H00M02S7067N30000F</MediaDuration>
</MediaTime>
<TemporalDecomposition>
<VideoSegment id="shot101_111_RKF">
<MediaTime>
<MediaTimePoint>T00:12:38:17735F30000</MediaTimePoint>
</MediaTime>
</VideoSegment>
</TemporalDecomposition>
</VideoSegment>
<VideoSegment id="shot101_112">
<MediaTime>
<MediaTimePoint>T00:12:39:21769F30000</MediaTimePoint>
<MediaDuration>PT00H00M03S19109N30000F</MediaDuration>
</MediaTime>
<TemporalDecomposition>
<VideoSegment id="shot101_112_RKF">
<MediaTime>
<MediaTimePoint>T00:12:41:15823F30000</MediaTimePoint>
</MediaTime>
</VideoSegment>
</TemporalDecomposition>
</VideoSegment>
<VideoSegment id="shot101_113">
<MediaTime>
<MediaTimePoint>T00:12:43:10878F30000</MediaTimePoint>
<MediaDuration>PT00H00M02S21081N30000F</MediaDuration>
</MediaTime>
<TemporalDecomposition>
<VideoSegment id="shot101_113_RKF">
<MediaTime>
<MediaTimePoint>T00:12:44:20918F30000</MediaTimePoint>
</MediaTime>
</VideoSegment>
</TemporalDecomposition>
</VideoSegment>
<VideoSegment id="shot101_114">
<MediaTime>
<MediaTimePoint>T00:12:46:1959F30000</MediaTimePoint>
<MediaDuration>PT00H00M02S28088N30000F</MediaDuration>
</MediaTime>
<TemporalDecomposition>
<VideoSegment id="shot101_114_RKF">
<MediaTime>
<MediaTimePoint>T00:12:47:15002F30000</MediaTimePoint>
</MediaTime>
</VideoSegment>
</TemporalDecomposition>
</VideoSegment>
<VideoSegment id="shot101_115">
<MediaTime>
<MediaTimePoint>T00:12:49:47F30000</MediaTimePoint>
<MediaDuration>PT00H00M02S6066N30000F</MediaDuration>
</MediaTime>
<TemporalDecomposition>
<VideoSegment id="shot101_115_RKF">
<MediaTime>
<MediaTimePoint>T00:12:50:2079F30000</MediaTimePoint>
</MediaTime>
</VideoSegment>
</TemporalDecomposition>
</VideoSegment>
<VideoSegment id="shot101_116">
<MediaTime>
<MediaTimePoint>T00:12:51:6113F30000</MediaTimePoint>
<MediaDuration>PT00H00M02S4064N30000F</MediaDuration>
</MediaTime>
<TemporalDecomposition>
<VideoSegment id="shot101_116_RKF">
<MediaTime>
<MediaTimePoint>T00:12:52:7144F30000</MediaTimePoint>
</MediaTime>
</VideoSegment>
</TemporalDecomposition>
</VideoSegment>
<VideoSegment id="shot101_117">
<MediaTime>
<MediaTimePoint>T00:12:53:10177F30000</MediaTimePoint>
<MediaDuration>PT00H00M02S15075N30000F</MediaDuration>
</MediaTime>
<TemporalDecomposition>
<VideoSegment id="shot101_117_RKF">
<MediaTime>
<MediaTimePoint>T00:12:54:17214F30000</MediaTimePoint>
</MediaTime>
</VideoSegment>
</TemporalDecomposition>
</VideoSegment>
<VideoSegment id="shot101_118">
<MediaTime>
<MediaTimePoint>T00:12:55:25252F30000</MediaTimePoint>
<MediaDuration>PT00H00M03S10100N30000F</MediaDuration>
</MediaTime>
<TemporalDecomposition>
<VideoSegment id="shot101_118_RKF">
<MediaTime>
<MediaTimePoint>T00:12:57:14301F30000</MediaTimePoint>
</MediaTime>
</VideoSegment>
</TemporalDecomposition>
</VideoSegment>
<VideoSegment id="shot101_119">
<MediaTime>
<MediaTimePoint>T00:12:59:5352F30000</MediaTimePoint>
<MediaDuration>PT00H00M02S6066N30000F</MediaDuration>
</MediaTime>
<TemporalDecomposition>
<VideoSegment id="shot101_119_RKF">
<MediaTime>
<MediaTimePoint>T00:13:00:7384F30000</MediaTimePoint>
</MediaTime>
</VideoSegment>
</TemporalDecomposition>
</VideoSegment>
<VideoSegment id="shot101_120">
<MediaTime>
<MediaTimePoint>T00:13:01:11418F30000</MediaTimePoint>
<MediaDuration>PT00H00M03S3093N30000F</MediaDuration>
</MediaTime>
<TemporalDecomposition>
<VideoSegment id="shot101_120_RKF">
<MediaTime>
<MediaTimePoint>T00:13:02:27464F30000</MediaTimePoint>
</MediaTime>
</VideoSegment>
</TemporalDecomposition>
</VideoSegment>
<VideoSegment id="shot101_121">
<MediaTime>
<MediaTimePoint>T00:13:04:14511F30000</MediaTimePoint>
<MediaDuration>PT00H00M05S25175N30000F</MediaDuration>
</MediaTime>
<TemporalDecomposition>
<VideoSegment id="shot101_121_NRKF_1">
<MediaTime>
<MediaTimePoint>T00:13:05:12539F30000</MediaTimePoint>
</MediaTime>
</VideoSegment>
<VideoSegment id="shot101_121_RKF">
<MediaTime>
<MediaTimePoint>T00:13:07:11598F30000</MediaTimePoint>
</MediaTime>
</VideoSegment>
<VideoSegment id="shot101_121_NRKF_2">
<MediaTime>
<MediaTimePoint>T00:13:08:9626F30000</MediaTimePoint>
</MediaTime>
</VideoSegment>
</TemporalDecomposition>
</VideoSegment>
<VideoSegment id="shot101_122">
<MediaTime>
<MediaTimePoint>T00:13:10:9686F30000</MediaTimePoint>
<MediaDuration>PT00H00M02S1061N30000F</MediaDuration>
</MediaTime>
<TemporalDecomposition>
<VideoSegment id="shot101_122_RKF">
<MediaTime>
<MediaTimePoint>T00:13:11:9716F30000</MediaTimePoint>
</MediaTime>
</VideoSegment>
</TemporalDecomposition>
</VideoSegment>
<VideoSegment id="shot101_123">
<MediaTime>
<MediaTimePoint>T00:13:12:10747F30000</MediaTimePoint>
<MediaDuration>PT00H00M03S22112N30000F</MediaDuration>
</MediaTime>
<TemporalDecomposition>
<VideoSegment id="shot101_123_RKF">
<MediaTime>
<MediaTimePoint>T00:13:14:5802F30000</MediaTimePoint>
</MediaTime>
</VideoSegment>
</TemporalDecomposition>
</VideoSegment>
<VideoSegment id="shot101_124">
<MediaTime>
<MediaTimePoint>T00:13:16:2859F30000</MediaTimePoint>
<MediaDuration>PT00H00M03S24114N30000F</MediaDuration>
</MediaTime>
<TemporalDecomposition>
<VideoSegment id="shot101_124_NRKF_1">
<MediaTime>
<MediaTimePoint>T00:13:17:1888F30000</MediaTimePoint>
</MediaTime>
</VideoSegment>
<VideoSegment id="shot101_124_RKF">
<MediaTime>
<MediaTimePoint>T00:13:17:28915F30000</MediaTimePoint>
</MediaTime>
</VideoSegment>
<VideoSegment id="shot101_124_NRKF_2">
<MediaTime>
<MediaTimePoint>T00:13:18:28945F30000</MediaTimePoint>
</MediaTime>
</VideoSegment>
</TemporalDecomposition>
</VideoSegment>
<VideoSegment id="shot101_125">
<MediaTime>
<MediaTimePoint>T00:13:19:26973F30000</MediaTimePoint>
<MediaDuration>PT00H00M02S24084N30000F</MediaDuration>
</MediaTime>
<TemporalDecomposition>
<VideoSegment id="shot101_125_RKF">
<MediaTime>
<MediaTimePoint>T00:13:21:8014F30000</MediaTimePoint>
</MediaTime>
</VideoSegment>
</TemporalDecomposition>
</VideoSegment>
<VideoSegment id="shot101_126">
<MediaTime>
<MediaTimePoint>T00:13:22:21057F30000</MediaTimePoint>
<MediaDuration>PT00H00M02S27087N30000F</MediaDuration>
</MediaTime>
<TemporalDecomposition>
<VideoSegment id="shot101_126_RKF">
<MediaTime>
<MediaTimePoint>T00:13:24:4100F30000</MediaTimePoint>
</MediaTime>
</VideoSegment>
</TemporalDecomposition>
</VideoSegment>
<VideoSegment id="shot101_127">
<MediaTime>
<MediaTimePoint>T00:13:25:18144F30000</MediaTimePoint>
<MediaDuration>PT00H00M10S17317N30000F</MediaDuration>
</MediaTime>
<TemporalDecomposition>
<VideoSegment id="shot101_127_RKF">
<MediaTime>
<MediaTimePoint>T00:13:30:26302F30000</MediaTimePoint>
</MediaTime>
</VideoSegment>
</TemporalDecomposition>
</VideoSegment>
<VideoSegment id="shot101_128">
<MediaTime>
<MediaTimePoint>T00:13:36:5461F30000</MediaTimePoint>
<MediaDuration>PT00H00M49S21490N30000F</MediaDuration>
</MediaTime>
<TemporalDecomposition>
<VideoSegment id="shot101_128_RKF">
<MediaTime>
<MediaTimePoint>T00:14:01:205F30000</MediaTimePoint>
</MediaTime>
</VideoSegment>
</TemporalDecomposition>
</VideoSegment>
<VideoSegment id="shot101_129">
<MediaTime>
<MediaTimePoint>T00:14:25:26951F30000</MediaTimePoint>
<MediaDuration>PT00H00M03S90N30000F</MediaDuration>
</MediaTime>
<TemporalDecomposition>
<VideoSegment id="shot101_129_RKF">
<MediaTime>
<MediaTimePoint>T00:14:27:10995F30000</MediaTimePoint>
</MediaTime>
</VideoSegment>
</TemporalDecomposition>
</VideoSegment>
<VideoSegment id="shot101_130">
<MediaTime>
<MediaTimePoint>T00:14:28:27041F30000</MediaTimePoint>
<MediaDuration>PT00H00M09S4274N30000F</MediaDuration>
</MediaTime>
<TemporalDecomposition>
<VideoSegment id="shot101_130_RKF">
<MediaTime>
<MediaTimePoint>T00:14:33:13177F30000</MediaTimePoint>
</MediaTime>
</VideoSegment>
</TemporalDecomposition>
</VideoSegment>
<VideoSegment id="shot101_131">
<MediaTime>
<MediaTimePoint>T00:14:38:1315F30000</MediaTimePoint>
<MediaDuration>PT00H00M02S28088N30000F</MediaDuration>
</MediaTime>
<TemporalDecomposition>
<VideoSegment id="shot101_131_RKF">
<MediaTime>
<MediaTimePoint>T00:14:39:14358F30000</MediaTimePoint>
</MediaTime>
</VideoSegment>
</TemporalDecomposition>
</VideoSegment>
<VideoSegment id="shot101_132">
<MediaTime>
<MediaTimePoint>T00:14:40:29403F30000</MediaTimePoint>
<MediaDuration>PT00H00M36S16095N30000F</MediaDuration>
</MediaTime>
<TemporalDecomposition>
<VideoSegment id="shot101_132_RKF">
<MediaTime>
<MediaTimePoint>T00:14:59:6950F30000</MediaTimePoint>
</MediaTime>
</VideoSegment>
</TemporalDecomposition>
</VideoSegment>
<VideoSegment id="shot101_133">
<MediaTime>
<MediaTimePoint>T00:15:17:15498F30000</MediaTimePoint>
<MediaDuration>PT00H00M09S19289N30000F</MediaDuration>
</MediaTime>
<TemporalDecomposition>
<VideoSegment id="shot101_133_RKF">
<MediaTime>
<MediaTimePoint>T00:15:22:9642F30000</MediaTimePoint>
</MediaTime>
</VideoSegment>
</TemporalDecomposition>
</VideoSegment>
<VideoSegment id="shot101_134">
<MediaTime>
<MediaTimePoint>T00:15:27:4787F30000</MediaTimePoint>
<MediaDuration>PT00H01M02S13872N30000F</MediaDuration>
</MediaTime>
<TemporalDecomposition>
<VideoSegment id="shot101_134_RKF">
<MediaTime>
<MediaTimePoint>T00:15:58:10722F30000</MediaTimePoint>
</MediaTime>
</VideoSegment>
</TemporalDecomposition>
</VideoSegment>
<VideoSegment id="shot101_135">
<MediaTime>
<MediaTimePoint>T00:16:29:18659F30000</MediaTimePoint>
<MediaDuration>PT00H00M17S22532N30000F</MediaDuration>
</MediaTime>
<TemporalDecomposition>
<VideoSegment id="shot101_135_RKF">
<MediaTime>
<MediaTimePoint>T00:16:38:13924F30000</MediaTimePoint>
</MediaTime>
</VideoSegment>
</TemporalDecomposition>
</VideoSegment>
<VideoSegment id="shot101_136">
<MediaTime>
<MediaTimePoint>T00:16:47:11191F30000</MediaTimePoint>
<MediaDuration>PT00H00M07S7217N30000F</MediaDuration>
</MediaTime>
<TemporalDecomposition>
<VideoSegment id="shot101_136_NRKF_1">
<MediaTime>
<MediaTimePoint>T00:16:47:20200F30000</MediaTimePoint>
</MediaTime>
</VideoSegment>
<VideoSegment id="shot101_136_RKF">
<MediaTime>
<MediaTimePoint>T00:16:50:29299F30000</MediaTimePoint>
</MediaTime>
</VideoSegment>
<VideoSegment id="shot101_136_NRKF_2">
<MediaTime>
<MediaTimePoint>T00:16:51:9309F30000</MediaTimePoint>
</MediaTime>
</VideoSegment>
</TemporalDecomposition>
</VideoSegment>
<VideoSegment id="shot101_137">
<MediaTime>
<MediaTimePoint>T00:16:54:18408F30000</MediaTimePoint>
<MediaDuration>PT00H00M06S27207N30000F</MediaDuration>
</MediaTime>
<TemporalDecomposition>
<VideoSegment id="shot101_137_RKF">
<MediaTime>
<MediaTimePoint>T00:16:58:1511F30000</MediaTimePoint>
</MediaTime>
</VideoSegment>
</TemporalDecomposition>
</VideoSegment>
<VideoSegment id="shot101_138">
<MediaTime>
<MediaTimePoint>T00:17:01:15615F30000</MediaTimePoint>
<MediaDuration>PT00H00M03S28118N30000F</MediaDuration>
</MediaTime>
<TemporalDecomposition>
<VideoSegment id="shot101_138_RKF">
<MediaTime>
<MediaTimePoint>T00:17:03:13673F30000</MediaTimePoint>
</MediaTime>
</VideoSegment>
</TemporalDecomposition>
</VideoSegment>
<VideoSegment id="shot101_139">
<MediaTime>
<MediaTimePoint>T00:17:05:13733F30000</MediaTimePoint>
<MediaDuration>PT00H00M04S28148N30000F</MediaDuration>
</MediaTime>
<TemporalDecomposition>
<VideoSegment id="shot101_139_RKF">
<MediaTime>
<MediaTimePoint>T00:17:07:26806F30000</MediaTimePoint>
</MediaTime>
</VideoSegment>
</TemporalDecomposition>
</VideoSegment>
<VideoSegment id="shot101_140">
<MediaTime>
<MediaTimePoint>T00:17:10:11881F30000</MediaTimePoint>
<MediaDuration>PT00H00M04S16136N30000F</MediaDuration>
</MediaTime>
<TemporalDecomposition>
<VideoSegment id="shot101_140_RKF">
<MediaTime>
<MediaTimePoint>T00:17:12:18948F30000</MediaTimePoint>
</MediaTime>
</VideoSegment>
</TemporalDecomposition>
</VideoSegment>
<VideoSegment id="shot101_141">
<MediaTime>
<MediaTimePoint>T00:17:14:28017F30000</MediaTimePoint>
<MediaDuration>PT00H00M05S29179N30000F</MediaDuration>
</MediaTime>
<TemporalDecomposition>
<VideoSegment id="shot101_141_RKF">
<MediaTime>
<MediaTimePoint>T00:17:17:27106F30000</MediaTimePoint>
</MediaTime>
</VideoSegment>
</TemporalDecomposition>
</VideoSegment>
<VideoSegment id="shot101_142">
<MediaTime>
<MediaTimePoint>T00:17:20:27196F30000</MediaTimePoint>
<MediaDuration>PT00H00M09S17287N30000F</MediaDuration>
</MediaTime>
<TemporalDecomposition>
<VideoSegment id="shot101_142_RKF">
<MediaTime>
<MediaTimePoint>T00:17:25:20339F30000</MediaTimePoint>
</MediaTime>
</VideoSegment>
</TemporalDecomposition>
</VideoSegment>
<VideoSegment id="shot101_143">
<MediaTime>
<MediaTimePoint>T00:17:30:14483F30000</MediaTimePoint>
<MediaDuration>PT00H00M02S24084N30000F</MediaDuration>
</MediaTime>
<TemporalDecomposition>
<VideoSegment id="shot101_143_RKF">
<MediaTime>
<MediaTimePoint>T00:17:31:25524F30000</MediaTimePoint>
</MediaTime>
</VideoSegment>
</TemporalDecomposition>
</VideoSegment>
<VideoSegment id="shot101_144">
<MediaTime>
<MediaTimePoint>T00:17:33:8567F30000</MediaTimePoint>
<MediaDuration>PT00H00M23S25715N30000F</MediaDuration>
</MediaTime>
<TemporalDecomposition>
<VideoSegment id="shot101_144_RKF">
<MediaTime>
<MediaTimePoint>T00:17:45:5924F30000</MediaTimePoint>
</MediaTime>
</VideoSegment>
</TemporalDecomposition>
</VideoSegment>
<VideoSegment id="shot101_145">
<MediaTime>
<MediaTimePoint>T00:17:57:4282F30000</MediaTimePoint>
<MediaDuration>PT00H00M04S3123N30000F</MediaDuration>
</MediaTime>
<TemporalDecomposition>
<VideoSegment id="shot101_145_RKF">
<MediaTime>
<MediaTimePoint>T00:17:59:5343F30000</MediaTimePoint>
</MediaTime>
</VideoSegment>
</TemporalDecomposition>
</VideoSegment>
<VideoSegment id="shot101_146">
<MediaTime>
<MediaTimePoint>T00:18:01:7405F30000</MediaTimePoint>
<MediaDuration>PT00H00M14S1421N30000F</MediaDuration>
</MediaTime>
<TemporalDecomposition>
<VideoSegment id="shot101_146_RKF">
<MediaTime>
<MediaTimePoint>T00:18:08:7615F30000</MediaTimePoint>
</MediaTime>
</VideoSegment>
</TemporalDecomposition>
</VideoSegment>
<VideoSegment id="shot101_147">
<MediaTime>
<MediaTimePoint>T00:18:15:8826F30000</MediaTimePoint>
<MediaDuration>PT00H00M02S14074N30000F</MediaDuration>
</MediaTime>
<TemporalDecomposition>
<VideoSegment id="shot101_147_RKF">
<MediaTime>
<MediaTimePoint>T00:18:16:14862F30000</MediaTimePoint>
</MediaTime>
</VideoSegment>
</TemporalDecomposition>
</VideoSegment>
<VideoSegment id="shot101_148">
<MediaTime>
<MediaTimePoint>T00:18:17:22900F30000</MediaTimePoint>
<MediaDuration>PT00H00M05S19169N30000F</MediaDuration>
</MediaTime>
<TemporalDecomposition>
<VideoSegment id="shot101_148_RKF">
<MediaTime>
<MediaTimePoint>T00:18:20:16984F30000</MediaTimePoint>
</MediaTime>
</VideoSegment>
</TemporalDecomposition>
</VideoSegment>
<VideoSegment id="shot101_149">
<MediaTime>
<MediaTimePoint>T00:18:23:12069F30000</MediaTimePoint>
<MediaDuration>PT00H00M03S21111N30000F</MediaDuration>
</MediaTime>
<TemporalDecomposition>
<VideoSegment id="shot101_149_RKF">
<MediaTime>
<MediaTimePoint>T00:18:25:7124F30000</MediaTimePoint>
</MediaTime>
</VideoSegment>
</TemporalDecomposition>
</VideoSegment>
<VideoSegment id="shot101_150">
<MediaTime>
<MediaTimePoint>T00:18:27:3180F30000</MediaTimePoint>
<MediaDuration>PT00H00M03S8098N30000F</MediaDuration>
</MediaTime>
<TemporalDecomposition>
<VideoSegment id="shot101_150_RKF">
<MediaTime>
<MediaTimePoint>T00:18:28:21228F30000</MediaTimePoint>
</MediaTime>
</VideoSegment>
</TemporalDecomposition>
</VideoSegment>
<VideoSegment id="shot101_151">
<MediaTime>
<MediaTimePoint>T00:18:30:11278F30000</MediaTimePoint>
<MediaDuration>PT00H00M03S14104N30000F</MediaDuration>
</MediaTime>
<TemporalDecomposition>
<VideoSegment id="shot101_151_RKF">
<MediaTime>
<MediaTimePoint>T00:18:32:2329F30000</MediaTimePoint>
</MediaTime>
</VideoSegment>
</TemporalDecomposition>
</VideoSegment>
<VideoSegment id="shot101_152">
<MediaTime>
<MediaTimePoint>T00:18:33:25382F30000</MediaTimePoint>
<MediaDuration>PT00H00M02S11071N30000F</MediaDuration>
</MediaTime>
<TemporalDecomposition>
<VideoSegment id="shot101_152_RKF">
<MediaTime>
<MediaTimePoint>T00:18:35:417F30000</MediaTimePoint>
</MediaTime>
</VideoSegment>
</TemporalDecomposition>
</VideoSegment>
<VideoSegment id="shot101_153">
<MediaTime>
<MediaTimePoint>T00:18:36:6453F30000</MediaTimePoint>
<MediaDuration>PT00H00M02S4064N30000F</MediaDuration>
</MediaTime>
<TemporalDecomposition>
<VideoSegment id="shot101_153_RKF">
<MediaTime>
<MediaTimePoint>T00:18:37:7484F30000</MediaTimePoint>
</MediaTime>
</VideoSegment>
</TemporalDecomposition>
</VideoSegment>
<VideoSegment id="shot101_154">
<MediaTime>
<MediaTimePoint>T00:18:38:10517F30000</MediaTimePoint>
<MediaDuration>PT00H00M03S16106N30000F</MediaDuration>
</MediaTime>
<TemporalDecomposition>
<VideoSegment id="shot101_154_NRKF_1">
<MediaTime>
<MediaTimePoint>T00:18:38:22529F30000</MediaTimePoint>
</MediaTime>
</VideoSegment>
<VideoSegment id="shot101_154_RKF">
<MediaTime>
<MediaTimePoint>T00:18:40:2569F30000</MediaTimePoint>
</MediaTime>
</VideoSegment>
<VideoSegment id="shot101_154_NRKF_2">
<MediaTime>
<MediaTimePoint>T00:18:40:15582F30000</MediaTimePoint>
</MediaTime>
</VideoSegment>
</TemporalDecomposition>
</VideoSegment>
<VideoSegment id="shot101_155">
<MediaTime>
<MediaTimePoint>T00:18:41:26623F30000</MediaTimePoint>
<MediaDuration>PT00H00M02S8068N30000F</MediaDuration>
</MediaTime>
<TemporalDecomposition>
<VideoSegment id="shot101_155_NRKF_1">
<MediaTime>
<MediaTimePoint>T00:18:42:7634F30000</MediaTimePoint>
</MediaTime>
</VideoSegment>
<VideoSegment id="shot101_155_RKF">
<MediaTime>
<MediaTimePoint>T00:18:42:29656F30000</MediaTimePoint>
</MediaTime>
</VideoSegment>
<VideoSegment id="shot101_155_NRKF_2">
<MediaTime>
<MediaTimePoint>T00:18:43:11668F30000</MediaTimePoint>
</MediaTime>
</VideoSegment>
</TemporalDecomposition>
</VideoSegment>
<VideoSegment id="shot101_156">
<MediaTime>
<MediaTimePoint>T00:18:44:4691F30000</MediaTimePoint>
<MediaDuration>PT00H00M03S6096N30000F</MediaDuration>
</MediaTime>
<TemporalDecomposition>
<VideoSegment id="shot101_156_RKF">
<MediaTime>
<MediaTimePoint>T00:18:45:21738F30000</MediaTimePoint>
</MediaTime>
</VideoSegment>
</TemporalDecomposition>
</VideoSegment>
<VideoSegment id="shot101_157">
<MediaTime>
<MediaTimePoint>T00:18:47:10787F30000</MediaTimePoint>
<MediaDuration>PT00H00M04S1121N30000F</MediaDuration>
</MediaTime>
<TemporalDecomposition>
<VideoSegment id="shot101_157_RKF">
<MediaTime>
<MediaTimePoint>T00:18:49:10847F30000</MediaTimePoint>
</MediaTime>
</VideoSegment>
</TemporalDecomposition>
</VideoSegment>
<VideoSegment id="shot101_158">
<MediaTime>
<MediaTimePoint>T00:18:51:11908F30000</MediaTimePoint>
<MediaDuration>PT00H00M08S16256N30000F</MediaDuration>
</MediaTime>
<TemporalDecomposition>
<VideoSegment id="shot101_158_RKF">
<MediaTime>
<MediaTimePoint>T00:18:55:19035F30000</MediaTimePoint>
</MediaTime>
</VideoSegment>
</TemporalDecomposition>
</VideoSegment>
<VideoSegment id="shot101_159">
<MediaTime>
<MediaTimePoint>T00:18:59:28164F30000</MediaTimePoint>
<MediaDuration>PT00H00M10S14314N30000F</MediaDuration>
</MediaTime>
<TemporalDecomposition>
<VideoSegment id="shot101_159_RKF">
<MediaTime>
<MediaTimePoint>T00:19:05:4320F30000</MediaTimePoint>
</MediaTime>
</VideoSegment>
</TemporalDecomposition>
</VideoSegment>
<VideoSegment id="shot101_160">
<MediaTime>
<MediaTimePoint>T00:19:10:12478F30000</MediaTimePoint>
<MediaDuration>PT00H00M03S7097N30000F</MediaDuration>
</MediaTime>
<TemporalDecomposition>
<VideoSegment id="shot101_160_RKF">
<MediaTime>
<MediaTimePoint>T00:19:12:526F30000</MediaTimePoint>
</MediaTime>
</VideoSegment>
</TemporalDecomposition>
</VideoSegment>
<VideoSegment id="shot101_161">
<MediaTime>
<MediaTimePoint>T00:19:13:19575F30000</MediaTimePoint>
<MediaDuration>PT00H00M05S7157N30000F</MediaDuration>
</MediaTime>
<TemporalDecomposition>
<VideoSegment id="shot101_161_RKF">
<MediaTime>
<MediaTimePoint>T00:19:16:7653F30000</MediaTimePoint>
</MediaTime>
</VideoSegment>
</TemporalDecomposition>
</VideoSegment>
<VideoSegment id="shot101_162">
<MediaTime>
<MediaTimePoint>T00:19:18:26732F30000</MediaTimePoint>
<MediaDuration>PT00H00M03S19109N30000F</MediaDuration>
</MediaTime>
<TemporalDecomposition>
<VideoSegment id="shot101_162_RKF">
<MediaTime>
<MediaTimePoint>T00:19:20:20786F30000</MediaTimePoint>
</MediaTime>
</VideoSegment>
</TemporalDecomposition>
</VideoSegment>
<VideoSegment id="shot101_163">
<MediaTime>
<MediaTimePoint>T00:19:22:15841F30000</MediaTimePoint>
<MediaDuration>PT00H00M03S16106N30000F</MediaDuration>
</MediaTime>
<TemporalDecomposition>
<VideoSegment id="shot101_163_RKF">
<MediaTime>
<MediaTimePoint>T00:19:24:7893F30000</MediaTimePoint>
</MediaTime>
</VideoSegment>
</TemporalDecomposition>
</VideoSegment>
<VideoSegment id="shot101_164">
<MediaTime>
<MediaTimePoint>T00:19:26:1947F30000</MediaTimePoint>
<MediaDuration>PT00H00M10S20320N30000F</MediaDuration>
</MediaTime>
<TemporalDecomposition>
<VideoSegment id="shot101_164_RKF">
<MediaTime>
<MediaTimePoint>T00:19:31:11106F30000</MediaTimePoint>
</MediaTime>
</VideoSegment>
</TemporalDecomposition>
</VideoSegment>
<VideoSegment id="shot101_165">
<MediaTime>
<MediaTimePoint>T00:19:36:22267F30000</MediaTimePoint>
<MediaDuration>PT00H00M27S2812N30000F</MediaDuration>
</MediaTime>
<TemporalDecomposition>
<VideoSegment id="shot101_165_RKF">
<MediaTime>
<MediaTimePoint>T00:19:50:7672F30000</MediaTimePoint>
</MediaTime>
</VideoSegment>
</TemporalDecomposition>
</VideoSegment>
<VideoSegment id="shot101_166">
<MediaTime>
<MediaTimePoint>T00:20:03:25079F30000</MediaTimePoint>
<MediaDuration>PT00H00M05S12162N30000F</MediaDuration>
</MediaTime>
<TemporalDecomposition>
<VideoSegment id="shot101_166_RKF">
<MediaTime>
<MediaTimePoint>T00:20:06:15159F30000</MediaTimePoint>
</MediaTime>
</VideoSegment>
</TemporalDecomposition>
</VideoSegment>
<VideoSegment id="shot101_167">
<MediaTime>
<MediaTimePoint>T00:20:09:7241F30000</MediaTimePoint>
<MediaDuration>PT00H00M03S5095N30000F</MediaDuration>
</MediaTime>
<TemporalDecomposition>
<VideoSegment id="shot101_167_RKF">
<MediaTime>
<MediaTimePoint>T00:20:10:24288F30000</MediaTimePoint>
</MediaTime>
</VideoSegment>
</TemporalDecomposition>
</VideoSegment>
<VideoSegment id="shot101_168">
<MediaTime>
<MediaTimePoint>T00:20:12:12336F30000</MediaTimePoint>
<MediaDuration>PT00H00M03S90N30000F</MediaDuration>
</MediaTime>
<TemporalDecomposition>
<VideoSegment id="shot101_168_RKF">
<MediaTime>
<MediaTimePoint>T00:20:13:26380F30000</MediaTimePoint>
</MediaTime>
</VideoSegment>
</TemporalDecomposition>
</VideoSegment>
<VideoSegment id="shot101_169">
<MediaTime>
<MediaTimePoint>T00:20:15:12426F30000</MediaTimePoint>
<MediaDuration>PT00H00M05S2152N30000F</MediaDuration>
</MediaTime>
<TemporalDecomposition>
<VideoSegment id="shot101_169_RKF">
<MediaTime>
<MediaTimePoint>T00:20:17:27501F30000</MediaTimePoint>
</MediaTime>
</VideoSegment>
</TemporalDecomposition>
</VideoSegment>
<VideoSegment id="shot101_170">
<MediaTime>
<MediaTimePoint>T00:20:20:14578F30000</MediaTimePoint>
<MediaDuration>PT00H00M10S17317N30000F</MediaDuration>
</MediaTime>
<TemporalDecomposition>
<VideoSegment id="shot101_170_RKF">
<MediaTime>
<MediaTimePoint>T00:20:25:22736F30000</MediaTimePoint>
</MediaTime>
</VideoSegment>
</TemporalDecomposition>
</VideoSegment>
<VideoSegment id="shot101_171">
<MediaTime>
<MediaTimePoint>T00:20:31:1895F30000</MediaTimePoint>
<MediaDuration>PT00H00M06S7187N30000F</MediaDuration>
</MediaTime>
<TemporalDecomposition>
<VideoSegment id="shot101_171_RKF">
<MediaTime>
<MediaTimePoint>T00:20:34:4988F30000</MediaTimePoint>
</MediaTime>
</VideoSegment>
</TemporalDecomposition>
</VideoSegment>
<VideoSegment id="shot101_172">
<MediaTime>
<MediaTimePoint>T00:20:37:9082F30000</MediaTimePoint>
<MediaDuration>PT00H00M07S3213N30000F</MediaDuration>
</MediaTime>
<TemporalDecomposition>
<VideoSegment id="shot101_172_RKF">
<MediaTime>
<MediaTimePoint>T00:20:40:25188F30000</MediaTimePoint>
</MediaTime>
</VideoSegment>
</TemporalDecomposition>
</VideoSegment>
<VideoSegment id="shot101_173">
<MediaTime>
<MediaTimePoint>T00:20:44:12295F30000</MediaTimePoint>
<MediaDuration>PT00H00M04S120N30000F</MediaDuration>
</MediaTime>
<TemporalDecomposition>
<VideoSegment id="shot101_173_RKF">
<MediaTime>
<MediaTimePoint>T00:20:46:11354F30000</MediaTimePoint>
</MediaTime>
</VideoSegment>
</TemporalDecomposition>
</VideoSegment>
<VideoSegment id="shot101_174">
<MediaTime>
<MediaTimePoint>T00:20:48:12415F30000</MediaTimePoint>
<MediaDuration>PT00H00M02S14074N30000F</MediaDuration>
</MediaTime>
<TemporalDecomposition>
<VideoSegment id="shot101_174_RKF">
<MediaTime>
<MediaTimePoint>T00:20:49:18451F30000</MediaTimePoint>
</MediaTime>
</VideoSegment>
</TemporalDecomposition>
</VideoSegment>
<VideoSegment id="shot101_175">
<MediaTime>
<MediaTimePoint>T00:20:50:26489F30000</MediaTimePoint>
<MediaDuration>PT00H00M13S390N30000F</MediaDuration>
</MediaTime>
<TemporalDecomposition>
<VideoSegment id="shot101_175_RKF">
<MediaTime>
<MediaTimePoint>T00:20:57:10683F30000</MediaTimePoint>
</MediaTime>
</VideoSegment>
</TemporalDecomposition>
</VideoSegment>
<VideoSegment id="shot101_176">
<MediaTime>
<MediaTimePoint>T00:21:03:26879F30000</MediaTimePoint>
<MediaDuration>PT00H00M04S29149N30000F</MediaDuration>
</MediaTime>
<TemporalDecomposition>
<VideoSegment id="shot101_176_RKF">
<MediaTime>
<MediaTimePoint>T00:21:06:10953F30000</MediaTimePoint>
</MediaTime>
</VideoSegment>
</TemporalDecomposition>
</VideoSegment>
<VideoSegment id="shot101_177">
<MediaTime>
<MediaTimePoint>T00:21:08:26028F30000</MediaTimePoint>
<MediaDuration>PT00H00M25S7757N30000F</MediaDuration>
</MediaTime>
<TemporalDecomposition>
<VideoSegment id="shot101_177_RKF">
<MediaTime>
<MediaTimePoint>T00:21:21:14406F30000</MediaTimePoint>
</MediaTime>
</VideoSegment>
</TemporalDecomposition>
</VideoSegment>
<VideoSegment id="shot101_178">
<MediaTime>
<MediaTimePoint>T00:21:34:3785F30000</MediaTimePoint>
<MediaDuration>PT00H00M04S6126N30000F</MediaDuration>
</MediaTime>
<TemporalDecomposition>
<VideoSegment id="shot101_178_RKF">
<MediaTime>
<MediaTimePoint>T00:21:36:5847F30000</MediaTimePoint>
</MediaTime>
</VideoSegment>
</TemporalDecomposition>
</VideoSegment>
<VideoSegment id="shot101_179">
<MediaTime>
<MediaTimePoint>T00:21:38:9911F30000</MediaTimePoint>
<MediaDuration>PT00H00M06S26206N30000F</MediaDuration>
</MediaTime>
<TemporalDecomposition>
<VideoSegment id="shot101_179_RKF">
<MediaTime>
<MediaTimePoint>T00:21:41:22013F30000</MediaTimePoint>
</MediaTime>
</VideoSegment>
</TemporalDecomposition>
</VideoSegment>
<VideoSegment id="shot101_180">
<MediaTime>
<MediaTimePoint>T00:21:45:6117F30000</MediaTimePoint>
<MediaDuration>PT00H00M04S18138N30000F</MediaDuration>
</MediaTime>
<TemporalDecomposition>
<VideoSegment id="shot101_180_RKF">
<MediaTime>
<MediaTimePoint>T00:21:47:14185F30000</MediaTimePoint>
</MediaTime>
</VideoSegment>
</TemporalDecomposition>
</VideoSegment>
<VideoSegment id="shot101_181">
<MediaTime>
<MediaTimePoint>T00:21:49:24255F30000</MediaTimePoint>
<MediaDuration>PT00H00M40S5204N30000F</MediaDuration>
</MediaTime>
<TemporalDecomposition>
<VideoSegment id="shot101_181_RKF">
<MediaTime>
<MediaTimePoint>T00:22:09:25856F30000</MediaTimePoint>
</MediaTime>
</VideoSegment>
</TemporalDecomposition>
</VideoSegment>
<VideoSegment id="shot101_182">
<MediaTime>
<MediaTimePoint>T00:22:29:29459F30000</MediaTimePoint>
<MediaDuration>PT00H00M02S28088N30000F</MediaDuration>
</MediaTime>
<TemporalDecomposition>
<VideoSegment id="shot101_182_RKF">
<MediaTime>
<MediaTimePoint>T00:22:31:12502F30000</MediaTimePoint>
</MediaTime>
</VideoSegment>
</TemporalDecomposition>
</VideoSegment>
<VideoSegment id="shot101_183">
<MediaTime>
<MediaTimePoint>T00:22:32:27547F30000</MediaTimePoint>
<MediaDuration>PT00H00M02S8068N30000F</MediaDuration>
</MediaTime>
<TemporalDecomposition>
<VideoSegment id="shot101_183_RKF">
<MediaTime>
<MediaTimePoint>T00:22:34:580F30000</MediaTimePoint>
</MediaTime>
</VideoSegment>
</TemporalDecomposition>
</VideoSegment>
<VideoSegment id="shot101_184">
<MediaTime>
<MediaTimePoint>T00:22:35:5615F30000</MediaTimePoint>
<MediaDuration>PT00H00M09S26296N30000F</MediaDuration>
</MediaTime>
<TemporalDecomposition>
<VideoSegment id="shot101_184_RKF">
<MediaTime>
<MediaTimePoint>T00:22:40:2762F30000</MediaTimePoint>
</MediaTime>
</VideoSegment>
</TemporalDecomposition>
</VideoSegment>
<VideoSegment id="shot101_185">
<MediaTime>
<MediaTimePoint>T00:22:45:1911F30000</MediaTimePoint>
<MediaDuration>PT00H00M05S9159N30000F</MediaDuration>
</MediaTime>
<TemporalDecomposition>
<VideoSegment id="shot101_185_RKF">
<MediaTime>
<MediaTimePoint>T00:22:47:20990F30000</MediaTimePoint>
</MediaTime>
</VideoSegment>
</TemporalDecomposition>
</VideoSegment>
<VideoSegment id="shot101_186">
<MediaTime>
<MediaTimePoint>T00:22:50:11070F30000</MediaTimePoint>
<MediaDuration>PT00H00M02S19079N30000F</MediaDuration>
</MediaTime>
<TemporalDecomposition>
<VideoSegment id="shot101_186_RKF">
<MediaTime>
<MediaTimePoint>T00:22:51:20109F30000</MediaTimePoint>
</MediaTime>
</VideoSegment>
</TemporalDecomposition>
</VideoSegment>
<VideoSegment id="shot101_187">
<MediaTime>
<MediaTimePoint>T00:22:53:149F30000</MediaTimePoint>
<MediaDuration>PT00H00M02S13073N30000F</MediaDuration>
</MediaTime>
<TemporalDecomposition>
<VideoSegment id="shot101_187_RKF">
<MediaTime>
<MediaTimePoint>T00:22:54:6185F30000</MediaTimePoint>
</MediaTime>
</VideoSegment>
</TemporalDecomposition>
</VideoSegment>
<VideoSegment id="shot101_188">
<MediaTime>
<MediaTimePoint>T00:22:55:13222F30000</MediaTimePoint>
<MediaDuration>PT00H00M03S18108N30000F</MediaDuration>
</MediaTime>
<TemporalDecomposition>
<VideoSegment id="shot101_188_RKF">
<MediaTime>
<MediaTimePoint>T00:22:57:6275F30000</MediaTimePoint>
</MediaTime>
</VideoSegment>
</TemporalDecomposition>
</VideoSegment>
<VideoSegment id="shot101_189">
<MediaTime>
<MediaTimePoint>T00:22:59:1330F30000</MediaTimePoint>
<MediaDuration>PT00H00M05S1151N30000F</MediaDuration>
</MediaTime>
<TemporalDecomposition>
<VideoSegment id="shot101_189_RKF">
<MediaTime>
<MediaTimePoint>T00:23:01:16405F30000</MediaTimePoint>
</MediaTime>
</VideoSegment>
</TemporalDecomposition>
</VideoSegment>
<VideoSegment id="shot101_190">
<MediaTime>
<MediaTimePoint>T00:23:04:2481F30000</MediaTimePoint>
<MediaDuration>PT00H00M05S18168N30000F</MediaDuration>
</MediaTime>
<TemporalDecomposition>
<VideoSegment id="shot101_190_RKF">
<MediaTime>
<MediaTimePoint>T00:23:06:25564F30000</MediaTimePoint>
</MediaTime>
</VideoSegment>
</TemporalDecomposition>
</VideoSegment>
<VideoSegment id="shot101_191">
<MediaTime>
<MediaTimePoint>T00:23:09:20649F30000</MediaTimePoint>
<MediaDuration>PT00H00M04S19139N30000F</MediaDuration>
</MediaTime>
<TemporalDecomposition>
<VideoSegment id="shot101_191_RKF">
<MediaTime>
<MediaTimePoint>T00:23:11:29718F30000</MediaTimePoint>
</MediaTime>
</VideoSegment>
</TemporalDecomposition>
</VideoSegment>
<VideoSegment id="shot101_192">
<MediaTime>
<MediaTimePoint>T00:23:14:9788F30000</MediaTimePoint>
<MediaDuration>PT00H00M05S7157N30000F</MediaDuration>
</MediaTime>
<TemporalDecomposition>
<VideoSegment id="shot101_192_RKF">
<MediaTime>
<MediaTimePoint>T00:23:16:27866F30000</MediaTimePoint>
</MediaTime>
</VideoSegment>
</TemporalDecomposition>
</VideoSegment>
<VideoSegment id="shot101_193">
<MediaTime>
<MediaTimePoint>T00:23:19:16945F30000</MediaTimePoint>
<MediaDuration>PT00H00M06S16196N30000F</MediaDuration>
</MediaTime>
<TemporalDecomposition>
<VideoSegment id="shot101_193_NRKF_1">
<MediaTime>
<MediaTimePoint>T00:23:20:14973F30000</MediaTimePoint>
</MediaTime>
</VideoSegment>
<VideoSegment id="shot101_193_RKF">
<MediaTime>
<MediaTimePoint>T00:23:22:24042F30000</MediaTimePoint>
</MediaTime>
</VideoSegment>
<VideoSegment id="shot101_193_NRKF_2">
<MediaTime>
<MediaTimePoint>T00:23:23:23071F30000</MediaTimePoint>
</MediaTime>
</VideoSegment>
</TemporalDecomposition>
</VideoSegment>
<VideoSegment id="shot101_194">
<MediaTime>
<MediaTimePoint>T00:23:26:3141F30000</MediaTimePoint>
<MediaDuration>PT00H00M02S8068N30000F</MediaDuration>
</MediaTime>
<TemporalDecomposition>
<VideoSegment id="shot101_194_RKF">
<MediaTime>
<MediaTimePoint>T00:23:27:6174F30000</MediaTimePoint>
</MediaTime>
</VideoSegment>
</TemporalDecomposition>
</VideoSegment>
<VideoSegment id="shot101_195">
<MediaTime>
<MediaTimePoint>T00:23:28:11209F30000</MediaTimePoint>
<MediaDuration>PT00H00M03S14104N30000F</MediaDuration>
</MediaTime>
<TemporalDecomposition>
<VideoSegment id="shot101_195_RKF">
<MediaTime>
<MediaTimePoint>T00:23:30:2260F30000</MediaTimePoint>
</MediaTime>
</VideoSegment>
</TemporalDecomposition>
</VideoSegment>
<VideoSegment id="shot101_196">
<MediaTime>
<MediaTimePoint>T00:23:31:25313F30000</MediaTimePoint>
<MediaDuration>PT00H00M07S17227N30000F</MediaDuration>
</MediaTime>
<TemporalDecomposition>
<VideoSegment id="shot101_196_RKF">
<MediaTime>
<MediaTimePoint>T00:23:35:18426F30000</MediaTimePoint>
</MediaTime>
</VideoSegment>
</TemporalDecomposition>
</VideoSegment>
<VideoSegment id="shot101_197">
<MediaTime>
<MediaTimePoint>T00:23:39:12540F30000</MediaTimePoint>
<MediaDuration>PT00H00M09S3273N30000F</MediaDuration>
</MediaTime>
<TemporalDecomposition>
<VideoSegment id="shot101_197_RKF">
<MediaTime>
<MediaTimePoint>T00:23:43:28676F30000</MediaTimePoint>
</MediaTime>
</VideoSegment>
</TemporalDecomposition>
</VideoSegment>
<VideoSegment id="shot101_198">
<MediaTime>
<MediaTimePoint>T00:23:48:15813F30000</MediaTimePoint>
<MediaDuration>PT00H00M02S16076N30000F</MediaDuration>
</MediaTime>
<TemporalDecomposition>
<VideoSegment id="shot101_198_RKF">
<MediaTime>
<MediaTimePoint>T00:23:49:22850F30000</MediaTimePoint>
</MediaTime>
</VideoSegment>
</TemporalDecomposition>
</VideoSegment>
<VideoSegment id="shot101_199">
<MediaTime>
<MediaTimePoint>T00:23:51:1889F30000</MediaTimePoint>
<MediaDuration>PT00H00M03S7097N30000F</MediaDuration>
</MediaTime>
<TemporalDecomposition>
<VideoSegment id="shot101_199_RKF">
<MediaTime>
<MediaTimePoint>T00:23:52:19937F30000</MediaTimePoint>
</MediaTime>
</VideoSegment>
</TemporalDecomposition>
</VideoSegment>
<VideoSegment id="shot101_200">
<MediaTime>
<MediaTimePoint>T00:23:54:8986F30000</MediaTimePoint>
<MediaDuration>PT00H00M02S14074N30000F</MediaDuration>
</MediaTime>
<TemporalDecomposition>
<VideoSegment id="shot101_200_RKF">
<MediaTime>
<MediaTimePoint>T00:23:55:15022F30000</MediaTimePoint>
</MediaTime>
</VideoSegment>
</TemporalDecomposition>
</VideoSegment>
<VideoSegment id="shot101_201">
<MediaTime>
<MediaTimePoint>T00:23:56:23060F30000</MediaTimePoint>
<MediaDuration>PT00H00M02S23083N30000F</MediaDuration>
</MediaTime>
<TemporalDecomposition>
<VideoSegment id="shot101_201_RKF">
<MediaTime>
<MediaTimePoint>T00:23:58:4101F30000</MediaTimePoint>
</MediaTime>
</VideoSegment>
</TemporalDecomposition>
</VideoSegment>
<VideoSegment id="shot101_202">
<MediaTime>
<MediaTimePoint>T00:23:59:16143F30000</MediaTimePoint>
<MediaDuration>PT00H00M07S2212N30000F</MediaDuration>
</MediaTime>
<TemporalDecomposition>
<VideoSegment id="shot101_202_RKF">
<MediaTime>
<MediaTimePoint>T00:24:03:1248F30000</MediaTimePoint>
</MediaTime>
</VideoSegment>
</TemporalDecomposition>
</VideoSegment>
<VideoSegment id="shot101_203">
<MediaTime>
<MediaTimePoint>T00:24:06:18355F30000</MediaTimePoint>
<MediaDuration>PT00H00M03S6096N30000F</MediaDuration>
</MediaTime>
<TemporalDecomposition>
<VideoSegment id="shot101_203_RKF">
<MediaTime>
<MediaTimePoint>T00:24:08:5402F30000</MediaTimePoint>
</MediaTime>
</VideoSegment>
</TemporalDecomposition>
</VideoSegment>
<VideoSegment id="shot101_204">
<MediaTime>
<MediaTimePoint>T00:24:09:24451F30000</MediaTimePoint>
<MediaDuration>PT00H00M03S8098N30000F</MediaDuration>
</MediaTime>
<TemporalDecomposition>
<VideoSegment id="shot101_204_RKF">
<MediaTime>
<MediaTimePoint>T00:24:11:12499F30000</MediaTimePoint>
</MediaTime>
</VideoSegment>
</TemporalDecomposition>
</VideoSegment>
<VideoSegment id="shot101_205">
<MediaTime>
<MediaTimePoint>T00:24:13:2549F30000</MediaTimePoint>
<MediaDuration>PT00H00M02S29089N30000F</MediaDuration>
</MediaTime>
<TemporalDecomposition>
<VideoSegment id="shot101_205_RKF">
<MediaTime>
<MediaTimePoint>T00:24:14:16593F30000</MediaTimePoint>
</MediaTime>
</VideoSegment>
</TemporalDecomposition>
</VideoSegment>
<VideoSegment id="shot101_206">
<MediaTime>
<MediaTimePoint>T00:24:16:1638F30000</MediaTimePoint>
<MediaDuration>PT00H00M03S7097N30000F</MediaDuration>
</MediaTime>
<TemporalDecomposition>
<VideoSegment id="shot101_206_RKF">
<MediaTime>
<MediaTimePoint>T00:24:17:19686F30000</MediaTimePoint>
</MediaTime>
</VideoSegment>
</TemporalDecomposition>
</VideoSegment>
<VideoSegment id="shot101_207">
<MediaTime>
<MediaTimePoint>T00:24:19:8735F30000</MediaTimePoint>
<MediaDuration>PT00H00M04S1121N30000F</MediaDuration>
</MediaTime>
<TemporalDecomposition>
<VideoSegment id="shot101_207_RKF">
<MediaTime>
<MediaTimePoint>T00:24:21:8795F30000</MediaTimePoint>
</MediaTime>
</VideoSegment>
</TemporalDecomposition>
</VideoSegment>
<VideoSegment id="shot101_208">
<MediaTime>
<MediaTimePoint>T00:24:23:9856F30000</MediaTimePoint>
<MediaDuration>PT00H00M02S4064N30000F</MediaDuration>
</MediaTime>
<TemporalDecomposition>
<VideoSegment id="shot101_208_RKF">
<MediaTime>
<MediaTimePoint>T00:24:24:10887F30000</MediaTimePoint>
</MediaTime>
</VideoSegment>
</TemporalDecomposition>
</VideoSegment>
<VideoSegment id="shot101_209">
<MediaTime>
<MediaTimePoint>T00:24:25:13920F30000</MediaTimePoint>
<MediaDuration>PT00H00M04S1121N30000F</MediaDuration>
</MediaTime>
<TemporalDecomposition>
<VideoSegment id="shot101_209_RKF">
<MediaTime>
<MediaTimePoint>T00:24:27:13980F30000</MediaTimePoint>
</MediaTime>
</VideoSegment>
</TemporalDecomposition>
</VideoSegment>
<VideoSegment id="shot101_210">
<MediaTime>
<MediaTimePoint>T00:24:29:15041F30000</MediaTimePoint>
<MediaDuration>PT00H00M04S14134N30000F</MediaDuration>
</MediaTime>
<TemporalDecomposition>
<VideoSegment id="shot101_210_RKF">
<MediaTime>
<MediaTimePoint>T00:24:31:21107F30000</MediaTimePoint>
</MediaTime>
</VideoSegment>
</TemporalDecomposition>
</VideoSegment>
<VideoSegment id="shot101_211">
<MediaTime>
<MediaTimePoint>T00:24:33:29175F30000</MediaTimePoint>
<MediaDuration>PT00H00M02S23083N30000F</MediaDuration>
</MediaTime>
<TemporalDecomposition>
<VideoSegment id="shot101_211_RKF">
<MediaTime>
<MediaTimePoint>T00:24:35:10216F30000</MediaTimePoint>
</MediaTime>
</VideoSegment>
</TemporalDecomposition>
</VideoSegment>
<VideoSegment id="shot101_212">
<MediaTime>
<MediaTimePoint>T00:24:36:22258F30000</MediaTimePoint>
<MediaDuration>PT00H00M03S7097N30000F</MediaDuration>
</MediaTime>
<TemporalDecomposition>
<VideoSegment id="shot101_212_RKF">
<MediaTime>
<MediaTimePoint>T00:24:38:10306F30000</MediaTimePoint>
</MediaTime>
</VideoSegment>
</TemporalDecomposition>
</VideoSegment>
<VideoSegment id="shot101_213">
<MediaTime>
<MediaTimePoint>T00:24:39:29355F30000</MediaTimePoint>
<MediaDuration>PT00H00M03S13103N30000F</MediaDuration>
</MediaTime>
<TemporalDecomposition>
<VideoSegment id="shot101_213_RKF">
<MediaTime>
<MediaTimePoint>T00:24:41:20406F30000</MediaTimePoint>
</MediaTime>
</VideoSegment>
</TemporalDecomposition>
</VideoSegment>
<VideoSegment id="shot101_214">
<MediaTime>
<MediaTimePoint>T00:24:43:12458F30000</MediaTimePoint>
<MediaDuration>PT00H00M03S23113N30000F</MediaDuration>
</MediaTime>
<TemporalDecomposition>
<VideoSegment id="shot101_214_RKF">
<MediaTime>
<MediaTimePoint>T00:24:45:8514F30000</MediaTimePoint>
</MediaTime>
</VideoSegment>
</TemporalDecomposition>
</VideoSegment>
<VideoSegment id="shot101_215">
<MediaTime>
<MediaTimePoint>T00:24:47:5571F30000</MediaTimePoint>
<MediaDuration>PT00H00M07S4214N30000F</MediaDuration>
</MediaTime>
<TemporalDecomposition>
<VideoSegment id="shot101_215_RKF">
<MediaTime>
<MediaTimePoint>T00:24:50:21677F30000</MediaTimePoint>
</MediaTime>
</VideoSegment>
</TemporalDecomposition>
</VideoSegment>
<VideoSegment id="shot101_216">
<MediaTime>
<MediaTimePoint>T00:24:54:9785F30000</MediaTimePoint>
<MediaDuration>PT00H00M03S2092N30000F</MediaDuration>
</MediaTime>
<TemporalDecomposition>
<VideoSegment id="shot101_216_RKF">
<MediaTime>
<MediaTimePoint>T00:24:55:24830F30000</MediaTimePoint>
</MediaTime>
</VideoSegment>
</TemporalDecomposition>
</VideoSegment>
<VideoSegment id="shot101_217">
<MediaTime>
<MediaTimePoint>T00:24:57:11877F30000</MediaTimePoint>
<MediaDuration>PT00H00M02S18078N30000F</MediaDuration>
</MediaTime>
<TemporalDecomposition>
<VideoSegment id="shot101_217_RKF">
<MediaTime>
<MediaTimePoint>T00:24:58:19915F30000</MediaTimePoint>
</MediaTime>
</VideoSegment>
</TemporalDecomposition>
</VideoSegment>
</TemporalDecomposition>
</Video>
</MultimediaContent>
</Description>
</Mpeg7>
