<?xml version="1.0" encoding="UTF-8"?>
<Mpeg7 xmlns="urn:mpeg:mpeg7:schema:2001" xmlns:mpeg7="urn:mpeg:mpeg7:schema:2001" xmlns:xsi="http://www.w3.org/2001/XMLSchema-instance">
<Description xsi:type="ContentEntityType">
<MultimediaContent xsi:type="VideoType">
<Video id="TRECVID2005_110">
<MediaLocator>
<MediaUri>20041129_110000_MSNBC_MSNBCNEWS11_ENG.mpg</MediaUri>
</MediaLocator>
<MediaTime>
<MediaTimePoint>T00:00:00:0F30000</MediaTimePoint>
<MediaDuration>PT00H28M19S29949N30000F</MediaDuration>
</MediaTime>
<TemporalDecomposition gap="false" overlap="false">
<VideoSegment id="shot110_1">
<MediaTime>
<MediaTimePoint>T00:00:00:0F30000</MediaTimePoint>
<MediaDuration>PT00H00M02S27087N30000F</MediaDuration>
</MediaTime>
<TemporalDecomposition>
<VideoSegment id="shot110_1_NRKF_1">
<MediaTime>
<MediaTimePoint>T00:00:00:3003F30000</MediaTimePoint>
</MediaTime>
</VideoSegment>
<VideoSegment id="shot110_1_RKF">
<MediaTime>
<MediaTimePoint>T00:00:01:13043F30000</MediaTimePoint>
</MediaTime>
</VideoSegment>
<VideoSegment id="shot110_1_NRKF_2">
<MediaTime>
<MediaTimePoint>T00:00:01:17047F30000</MediaTimePoint>
</MediaTime>
</VideoSegment>
</TemporalDecomposition>
</VideoSegment>
<VideoSegment id="shot110_2">
<MediaTime>
<MediaTimePoint>T00:00:02:27087F30000</MediaTimePoint>
<MediaDuration>PT00H00M03S3093N30000F</MediaDuration>
</MediaTime>
<TemporalDecomposition>
<VideoSegment id="shot110_2_NRKF_1">
<MediaTime>
<MediaTimePoint>T00:00:03:7097F30000</MediaTimePoint>
</MediaTime>
</VideoSegment>
<VideoSegment id="shot110_2_NRKF_2">
<MediaTime>
<MediaTimePoint>T00:00:03:22112F30000</MediaTimePoint>
</MediaTime>
</VideoSegment>
<VideoSegment id="shot110_2_RKF">
<MediaTime>
<MediaTimePoint>T00:00:04:13133F30000</MediaTimePoint>
</MediaTime>
</VideoSegment>
<VideoSegment id="shot110_2_NRKF_3">
<MediaTime>
<MediaTimePoint>T00:00:04:28148F30000</MediaTimePoint>
</MediaTime>
</VideoSegment>
</TemporalDecomposition>
</VideoSegment>
<VideoSegment id="shot110_3">
<MediaTime>
<MediaTimePoint>T00:00:06:180F30000</MediaTimePoint>
<MediaDuration>PT00H00M02S27087N30000F</MediaDuration>
</MediaTime>
<TemporalDecomposition>
<VideoSegment id="shot110_3_RKF">
<MediaTime>
<MediaTimePoint>T00:00:07:13223F30000</MediaTimePoint>
</MediaTime>
</VideoSegment>
</TemporalDecomposition>
</VideoSegment>
<VideoSegment id="shot110_4">
<MediaTime>
<MediaTimePoint>T00:00:08:27267F30000</MediaTimePoint>
<MediaDuration>PT00H00M02S9069N30000F</MediaDuration>
</MediaTime>
<TemporalDecomposition>
<VideoSegment id="shot110_4_NRKF_1">
<MediaTime>
<MediaTimePoint>T00:00:09:10280F30000</MediaTimePoint>
</MediaTime>
</VideoSegment>
<VideoSegment id="shot110_4_RKF">
<MediaTime>
<MediaTimePoint>T00:00:10:1301F30000</MediaTimePoint>
</MediaTime>
</VideoSegment>
<VideoSegment id="shot110_4_NRKF_2">
<MediaTime>
<MediaTimePoint>T00:00:10:14314F30000</MediaTimePoint>
</MediaTime>
</VideoSegment>
</TemporalDecomposition>
</VideoSegment>
<VideoSegment id="shot110_5">
<MediaTime>
<MediaTimePoint>T00:00:11:6336F30000</MediaTimePoint>
<MediaDuration>PT00H00M05S10160N30000F</MediaDuration>
</MediaTime>
<TemporalDecomposition>
<VideoSegment id="shot110_5_RKF">
<MediaTime>
<MediaTimePoint>T00:00:13:25415F30000</MediaTimePoint>
</MediaTime>
</VideoSegment>
</TemporalDecomposition>
</VideoSegment>
<VideoSegment id="shot110_6">
<MediaTime>
<MediaTimePoint>T00:00:16:16496F30000</MediaTimePoint>
<MediaDuration>PT00H00M08S240N30000F</MediaDuration>
</MediaTime>
<TemporalDecomposition>
<VideoSegment id="shot110_6_RKF">
<MediaTime>
<MediaTimePoint>T00:00:20:15615F30000</MediaTimePoint>
</MediaTime>
</VideoSegment>
</TemporalDecomposition>
</VideoSegment>
<VideoSegment id="shot110_7">
<MediaTime>
<MediaTimePoint>T00:00:24:16736F30000</MediaTimePoint>
<MediaDuration>PT00H00M20S28628N30000F</MediaDuration>
</MediaTime>
<TemporalDecomposition>
<VideoSegment id="shot110_7_RKF">
<MediaTime>
<MediaTimePoint>T00:00:35:49F30000</MediaTimePoint>
</MediaTime>
</VideoSegment>
</TemporalDecomposition>
</VideoSegment>
<VideoSegment id="shot110_8">
<MediaTime>
<MediaTimePoint>T00:00:45:15364F30000</MediaTimePoint>
<MediaDuration>PT00H00M09S18288N30000F</MediaDuration>
</MediaTime>
<TemporalDecomposition>
<VideoSegment id="shot110_8_RKF">
<MediaTime>
<MediaTimePoint>T00:00:50:8507F30000</MediaTimePoint>
</MediaTime>
</VideoSegment>
</TemporalDecomposition>
</VideoSegment>
<VideoSegment id="shot110_9">
<MediaTime>
<MediaTimePoint>T00:00:55:3652F30000</MediaTimePoint>
<MediaDuration>PT00H00M09S9279N30000F</MediaDuration>
</MediaTime>
<TemporalDecomposition>
<VideoSegment id="shot110_9_RKF">
<MediaTime>
<MediaTimePoint>T00:00:59:22791F30000</MediaTimePoint>
</MediaTime>
</VideoSegment>
</TemporalDecomposition>
</VideoSegment>
<VideoSegment id="shot110_10">
<MediaTime>
<MediaTimePoint>T00:01:04:12931F30000</MediaTimePoint>
<MediaDuration>PT00H00M51S19548N30000F</MediaDuration>
</MediaTime>
<TemporalDecomposition>
<VideoSegment id="shot110_10_RKF">
<MediaTime>
<MediaTimePoint>T00:01:30:6704F30000</MediaTimePoint>
</MediaTime>
</VideoSegment>
</TemporalDecomposition>
</VideoSegment>
<VideoSegment id="shot110_11">
<MediaTime>
<MediaTimePoint>T00:01:56:2479F30000</MediaTimePoint>
<MediaDuration>PT00H00M28S27867N30000F</MediaDuration>
</MediaTime>
<TemporalDecomposition>
<VideoSegment id="shot110_11_RKF">
<MediaTime>
<MediaTimePoint>T00:02:10:15912F30000</MediaTimePoint>
</MediaTime>
</VideoSegment>
</TemporalDecomposition>
</VideoSegment>
<VideoSegment id="shot110_12">
<MediaTime>
<MediaTimePoint>T00:02:25:346F30000</MediaTimePoint>
<MediaDuration>PT00H00M16S29509N30000F</MediaDuration>
</MediaTime>
<TemporalDecomposition>
<VideoSegment id="shot110_12_RKF">
<MediaTime>
<MediaTimePoint>T00:02:33:14600F30000</MediaTimePoint>
</MediaTime>
</VideoSegment>
</TemporalDecomposition>
</VideoSegment>
<VideoSegment id="shot110_13">
<MediaTime>
<MediaTimePoint>T00:02:41:29855F30000</MediaTimePoint>
<MediaDuration>PT00H00M21S2632N30000F</MediaDuration>
</MediaTime>
<TemporalDecomposition>
<VideoSegment id="shot110_13_RKF">
<MediaTime>
<MediaTimePoint>T00:02:52:15170F30000</MediaTimePoint>
</MediaTime>
</VideoSegment>
</TemporalDecomposition>
</VideoSegment>
<VideoSegment id="shot110_14">
<MediaTime>
<MediaTimePoint>T00:03:03:2487F30000</MediaTimePoint>
<MediaDuration>PT00H00M22S11671N30000F</MediaDuration>
</MediaTime>
<TemporalDecomposition>
<VideoSegment id="shot110_14_RKF">
<MediaTime>
<MediaTimePoint>T00:03:14:7822F30000</MediaTimePoint>
</MediaTime>
</VideoSegment>
</TemporalDecomposition>
</VideoSegment>
<VideoSegment id="shot110_15">
<MediaTime>
<MediaTimePoint>T00:03:25:14158F30000</MediaTimePoint>
<MediaDuration>PT00H00M12S20380N30000F</MediaDuration>
</MediaTime>
<TemporalDecomposition>
<VideoSegment id="shot110_15_RKF">
<MediaTime>
<MediaTimePoint>T00:03:31:23347F30000</MediaTimePoint>
</MediaTime>
</VideoSegment>
</TemporalDecomposition>
</VideoSegment>
<VideoSegment id="shot110_16">
<MediaTime>
<MediaTimePoint>T00:03:38:4538F30000</MediaTimePoint>
<MediaDuration>PT00H00M06S17197N30000F</MediaDuration>
</MediaTime>
<TemporalDecomposition>
<VideoSegment id="shot110_16_RKF">
<MediaTime>
<MediaTimePoint>T00:03:41:12636F30000</MediaTimePoint>
</MediaTime>
</VideoSegment>
</TemporalDecomposition>
</VideoSegment>
<VideoSegment id="shot110_17">
<MediaTime>
<MediaTimePoint>T00:03:44:21735F30000</MediaTimePoint>
<MediaDuration>PT00H00M16S23503N30000F</MediaDuration>
</MediaTime>
<TemporalDecomposition>
<VideoSegment id="shot110_17_RKF">
<MediaTime>
<MediaTimePoint>T00:03:53:2986F30000</MediaTimePoint>
</MediaTime>
</VideoSegment>
</TemporalDecomposition>
</VideoSegment>
<VideoSegment id="shot110_18">
<MediaTime>
<MediaTimePoint>T00:04:01:15238F30000</MediaTimePoint>
<MediaDuration>PT00H00M02S7067N30000F</MediaDuration>
</MediaTime>
<TemporalDecomposition>
<VideoSegment id="shot110_18_RKF">
<MediaTime>
<MediaTimePoint>T00:04:02:18271F30000</MediaTimePoint>
</MediaTime>
</VideoSegment>
</TemporalDecomposition>
</VideoSegment>
<VideoSegment id="shot110_19">
<MediaTime>
<MediaTimePoint>T00:04:03:22305F30000</MediaTimePoint>
<MediaDuration>PT00H00M04S3123N30000F</MediaDuration>
</MediaTime>
<TemporalDecomposition>
<VideoSegment id="shot110_19_RKF">
<MediaTime>
<MediaTimePoint>T00:04:05:23366F30000</MediaTimePoint>
</MediaTime>
</VideoSegment>
</TemporalDecomposition>
</VideoSegment>
<VideoSegment id="shot110_20">
<MediaTime>
<MediaTimePoint>T00:04:07:25428F30000</MediaTimePoint>
<MediaDuration>PT00H00M02S19079N30000F</MediaDuration>
</MediaTime>
<TemporalDecomposition>
<VideoSegment id="shot110_20_RKF">
<MediaTime>
<MediaTimePoint>T00:04:09:4467F30000</MediaTimePoint>
</MediaTime>
</VideoSegment>
</TemporalDecomposition>
</VideoSegment>
<VideoSegment id="shot110_21">
<MediaTime>
<MediaTimePoint>T00:04:10:14507F30000</MediaTimePoint>
<MediaDuration>PT00H00M02S16076N30000F</MediaDuration>
</MediaTime>
<TemporalDecomposition>
<VideoSegment id="shot110_21_RKF">
<MediaTime>
<MediaTimePoint>T00:04:11:21544F30000</MediaTimePoint>
</MediaTime>
</VideoSegment>
</TemporalDecomposition>
</VideoSegment>
<VideoSegment id="shot110_22">
<MediaTime>
<MediaTimePoint>T00:04:13:583F30000</MediaTimePoint>
<MediaDuration>PT00H00M02S27087N30000F</MediaDuration>
</MediaTime>
<TemporalDecomposition>
<VideoSegment id="shot110_22_RKF">
<MediaTime>
<MediaTimePoint>T00:04:14:13626F30000</MediaTimePoint>
</MediaTime>
</VideoSegment>
</TemporalDecomposition>
</VideoSegment>
<VideoSegment id="shot110_23">
<MediaTime>
<MediaTimePoint>T00:04:15:27670F30000</MediaTimePoint>
<MediaDuration>PT00H00M04S8128N30000F</MediaDuration>
</MediaTime>
<TemporalDecomposition>
<VideoSegment id="shot110_23_NRKF_1">
<MediaTime>
<MediaTimePoint>T00:04:16:24697F30000</MediaTimePoint>
</MediaTime>
</VideoSegment>
<VideoSegment id="shot110_23_RKF">
<MediaTime>
<MediaTimePoint>T00:04:18:733F30000</MediaTimePoint>
</MediaTime>
</VideoSegment>
<VideoSegment id="shot110_23_NRKF_2">
<MediaTime>
<MediaTimePoint>T00:04:18:28761F30000</MediaTimePoint>
</MediaTime>
</VideoSegment>
</TemporalDecomposition>
</VideoSegment>
<VideoSegment id="shot110_24">
<MediaTime>
<MediaTimePoint>T00:04:20:5798F30000</MediaTimePoint>
<MediaDuration>PT00H00M02S8068N30000F</MediaDuration>
</MediaTime>
<TemporalDecomposition>
<VideoSegment id="shot110_24_RKF">
<MediaTime>
<MediaTimePoint>T00:04:21:8831F30000</MediaTimePoint>
</MediaTime>
</VideoSegment>
</TemporalDecomposition>
</VideoSegment>
<VideoSegment id="shot110_25">
<MediaTime>
<MediaTimePoint>T00:04:22:13866F30000</MediaTimePoint>
<MediaDuration>PT00H00M02S3063N30000F</MediaDuration>
</MediaTime>
<TemporalDecomposition>
<VideoSegment id="shot110_25_RKF">
<MediaTime>
<MediaTimePoint>T00:04:23:14897F30000</MediaTimePoint>
</MediaTime>
</VideoSegment>
</TemporalDecomposition>
</VideoSegment>
<VideoSegment id="shot110_26">
<MediaTime>
<MediaTimePoint>T00:04:24:16929F30000</MediaTimePoint>
<MediaDuration>PT00H00M02S11071N30000F</MediaDuration>
</MediaTime>
<TemporalDecomposition>
<VideoSegment id="shot110_26_RKF">
<MediaTime>
<MediaTimePoint>T00:04:25:21964F30000</MediaTimePoint>
</MediaTime>
</VideoSegment>
</TemporalDecomposition>
</VideoSegment>
<VideoSegment id="shot110_27">
<MediaTime>
<MediaTimePoint>T00:04:26:28000F30000</MediaTimePoint>
<MediaDuration>PT00H00M02S11071N30000F</MediaDuration>
</MediaTime>
<TemporalDecomposition>
<VideoSegment id="shot110_27_RKF">
<MediaTime>
<MediaTimePoint>T00:04:28:3035F30000</MediaTimePoint>
</MediaTime>
</VideoSegment>
</TemporalDecomposition>
</VideoSegment>
<VideoSegment id="shot110_28">
<MediaTime>
<MediaTimePoint>T00:04:29:9071F30000</MediaTimePoint>
<MediaDuration>PT00H00M02S17077N30000F</MediaDuration>
</MediaTime>
<TemporalDecomposition>
<VideoSegment id="shot110_28_RKF">
<MediaTime>
<MediaTimePoint>T00:04:30:17109F30000</MediaTimePoint>
</MediaTime>
</VideoSegment>
</TemporalDecomposition>
</VideoSegment>
<VideoSegment id="shot110_29">
<MediaTime>
<MediaTimePoint>T00:04:31:26148F30000</MediaTimePoint>
<MediaDuration>PT00H00M04S9129N30000F</MediaDuration>
</MediaTime>
<TemporalDecomposition>
<VideoSegment id="shot110_29_NRKF_1">
<MediaTime>
<MediaTimePoint>T00:04:32:15167F30000</MediaTimePoint>
</MediaTime>
</VideoSegment>
<VideoSegment id="shot110_29_RKF">
<MediaTime>
<MediaTimePoint>T00:04:34:212F30000</MediaTimePoint>
</MediaTime>
</VideoSegment>
<VideoSegment id="shot110_29_NRKF_2">
<MediaTime>
<MediaTimePoint>T00:04:34:20232F30000</MediaTimePoint>
</MediaTime>
</VideoSegment>
</TemporalDecomposition>
</VideoSegment>
<VideoSegment id="shot110_30">
<MediaTime>
<MediaTimePoint>T00:04:36:5277F30000</MediaTimePoint>
<MediaDuration>PT00H00M10S23323N30000F</MediaDuration>
</MediaTime>
<TemporalDecomposition>
<VideoSegment id="shot110_30_RKF">
<MediaTime>
<MediaTimePoint>T00:04:41:16438F30000</MediaTimePoint>
</MediaTime>
</VideoSegment>
</TemporalDecomposition>
</VideoSegment>
<VideoSegment id="shot110_31">
<MediaTime>
<MediaTimePoint>T00:04:46:28600F30000</MediaTimePoint>
<MediaDuration>PT00H00M04S12132N30000F</MediaDuration>
</MediaTime>
<TemporalDecomposition>
<VideoSegment id="shot110_31_RKF">
<MediaTime>
<MediaTimePoint>T00:04:49:3665F30000</MediaTimePoint>
</MediaTime>
</VideoSegment>
</TemporalDecomposition>
</VideoSegment>
<VideoSegment id="shot110_32">
<MediaTime>
<MediaTimePoint>T00:04:51:10732F30000</MediaTimePoint>
<MediaDuration>PT00H00M08S6246N30000F</MediaDuration>
</MediaTime>
<TemporalDecomposition>
<VideoSegment id="shot110_32_RKF">
<MediaTime>
<MediaTimePoint>T00:04:55:12854F30000</MediaTimePoint>
</MediaTime>
</VideoSegment>
</TemporalDecomposition>
</VideoSegment>
<VideoSegment id="shot110_33">
<MediaTime>
<MediaTimePoint>T00:04:59:16978F30000</MediaTimePoint>
<MediaDuration>PT00H00M02S15075N30000F</MediaDuration>
</MediaTime>
<TemporalDecomposition>
<VideoSegment id="shot110_33_RKF">
<MediaTime>
<MediaTimePoint>T00:05:00:24015F30000</MediaTimePoint>
</MediaTime>
</VideoSegment>
</TemporalDecomposition>
</VideoSegment>
<VideoSegment id="shot110_34">
<MediaTime>
<MediaTimePoint>T00:05:02:2053F30000</MediaTimePoint>
<MediaDuration>PT00H00M27S19829N30000F</MediaDuration>
</MediaTime>
<TemporalDecomposition>
<VideoSegment id="shot110_34_RKF">
<MediaTime>
<MediaTimePoint>T00:05:15:26467F30000</MediaTimePoint>
</MediaTime>
</VideoSegment>
</TemporalDecomposition>
</VideoSegment>
<VideoSegment id="shot110_35">
<MediaTime>
<MediaTimePoint>T00:05:29:21882F30000</MediaTimePoint>
<MediaDuration>PT00H00M07S20230N30000F</MediaDuration>
</MediaTime>
<TemporalDecomposition>
<VideoSegment id="shot110_35_RKF">
<MediaTime>
<MediaTimePoint>T00:05:33:15996F30000</MediaTimePoint>
</MediaTime>
</VideoSegment>
</TemporalDecomposition>
</VideoSegment>
<VideoSegment id="shot110_36">
<MediaTime>
<MediaTimePoint>T00:05:37:12112F30000</MediaTimePoint>
<MediaDuration>PT00H00M13S14404N30000F</MediaDuration>
</MediaTime>
<TemporalDecomposition>
<VideoSegment id="shot110_36_RKF">
<MediaTime>
<MediaTimePoint>T00:05:44:3313F30000</MediaTimePoint>
</MediaTime>
</VideoSegment>
</TemporalDecomposition>
</VideoSegment>
<VideoSegment id="shot110_37">
<MediaTime>
<MediaTimePoint>T00:05:50:26516F30000</MediaTimePoint>
<MediaDuration>PT00H00M06S18198N30000F</MediaDuration>
</MediaTime>
<TemporalDecomposition>
<VideoSegment id="shot110_37_RKF">
<MediaTime>
<MediaTimePoint>T00:05:54:4614F30000</MediaTimePoint>
</MediaTime>
</VideoSegment>
</TemporalDecomposition>
</VideoSegment>
<VideoSegment id="shot110_38">
<MediaTime>
<MediaTimePoint>T00:05:57:14714F30000</MediaTimePoint>
<MediaDuration>PT00H00M09S22292N30000F</MediaDuration>
</MediaTime>
<TemporalDecomposition>
<VideoSegment id="shot110_38_RKF">
<MediaTime>
<MediaTimePoint>T00:06:02:9859F30000</MediaTimePoint>
</MediaTime>
</VideoSegment>
</TemporalDecomposition>
</VideoSegment>
<VideoSegment id="shot110_39">
<MediaTime>
<MediaTimePoint>T00:06:07:7006F30000</MediaTimePoint>
<MediaDuration>PT00H00M13S11401N30000F</MediaDuration>
</MediaTime>
<TemporalDecomposition>
<VideoSegment id="shot110_39_RKF">
<MediaTime>
<MediaTimePoint>T00:06:13:27206F30000</MediaTimePoint>
</MediaTime>
</VideoSegment>
</TemporalDecomposition>
</VideoSegment>
<VideoSegment id="shot110_40">
<MediaTime>
<MediaTimePoint>T00:06:20:18407F30000</MediaTimePoint>
<MediaDuration>PT00H00M07S9219N30000F</MediaDuration>
</MediaTime>
<TemporalDecomposition>
<VideoSegment id="shot110_40_RKF">
<MediaTime>
<MediaTimePoint>T00:06:24:7516F30000</MediaTimePoint>
</MediaTime>
</VideoSegment>
</TemporalDecomposition>
</VideoSegment>
<VideoSegment id="shot110_41">
<MediaTime>
<MediaTimePoint>T00:06:27:27626F30000</MediaTimePoint>
<MediaDuration>PT00H00M02S22082N30000F</MediaDuration>
</MediaTime>
<TemporalDecomposition>
<VideoSegment id="shot110_41_RKF">
<MediaTime>
<MediaTimePoint>T00:06:29:7666F30000</MediaTimePoint>
</MediaTime>
</VideoSegment>
</TemporalDecomposition>
</VideoSegment>
<VideoSegment id="shot110_42">
<MediaTime>
<MediaTimePoint>T00:06:30:19708F30000</MediaTimePoint>
<MediaDuration>PT00H00M04S19139N30000F</MediaDuration>
</MediaTime>
<TemporalDecomposition>
<VideoSegment id="shot110_42_RKF">
<MediaTime>
<MediaTimePoint>T00:06:32:28777F30000</MediaTimePoint>
</MediaTime>
</VideoSegment>
</TemporalDecomposition>
</VideoSegment>
<VideoSegment id="shot110_43">
<MediaTime>
<MediaTimePoint>T00:06:35:8847F30000</MediaTimePoint>
<MediaDuration>PT00H00M06S19199N30000F</MediaDuration>
</MediaTime>
<TemporalDecomposition>
<VideoSegment id="shot110_43_RKF">
<MediaTime>
<MediaTimePoint>T00:06:38:17946F30000</MediaTimePoint>
</MediaTime>
</VideoSegment>
</TemporalDecomposition>
</VideoSegment>
<VideoSegment id="shot110_44">
<MediaTime>
<MediaTimePoint>T00:06:41:28046F30000</MediaTimePoint>
<MediaDuration>PT00H00M03S14104N30000F</MediaDuration>
</MediaTime>
<TemporalDecomposition>
<VideoSegment id="shot110_44_RKF">
<MediaTime>
<MediaTimePoint>T00:06:43:19097F30000</MediaTimePoint>
</MediaTime>
</VideoSegment>
</TemporalDecomposition>
</VideoSegment>
<VideoSegment id="shot110_45">
<MediaTime>
<MediaTimePoint>T00:06:45:12150F30000</MediaTimePoint>
<MediaDuration>PT00H00M09S25295N30000F</MediaDuration>
</MediaTime>
<TemporalDecomposition>
<VideoSegment id="shot110_45_RKF">
<MediaTime>
<MediaTimePoint>T00:06:50:9297F30000</MediaTimePoint>
</MediaTime>
</VideoSegment>
</TemporalDecomposition>
</VideoSegment>
<VideoSegment id="shot110_46">
<MediaTime>
<MediaTimePoint>T00:06:55:7445F30000</MediaTimePoint>
<MediaDuration>PT00H00M05S5155N30000F</MediaDuration>
</MediaTime>
<TemporalDecomposition>
<VideoSegment id="shot110_46_RKF">
<MediaTime>
<MediaTimePoint>T00:06:57:24522F30000</MediaTimePoint>
</MediaTime>
</VideoSegment>
</TemporalDecomposition>
</VideoSegment>
<VideoSegment id="shot110_47">
<MediaTime>
<MediaTimePoint>T00:07:00:12600F30000</MediaTimePoint>
<MediaDuration>PT00H00M08S14254N30000F</MediaDuration>
</MediaTime>
<TemporalDecomposition>
<VideoSegment id="shot110_47_NRKF_1">
<MediaTime>
<MediaTimePoint>T00:07:01:11629F30000</MediaTimePoint>
</MediaTime>
</VideoSegment>
<VideoSegment id="shot110_47_RKF">
<MediaTime>
<MediaTimePoint>T00:07:04:18726F30000</MediaTimePoint>
</MediaTime>
</VideoSegment>
<VideoSegment id="shot110_47_NRKF_2">
<MediaTime>
<MediaTimePoint>T00:07:05:18756F30000</MediaTimePoint>
</MediaTime>
</VideoSegment>
</TemporalDecomposition>
</VideoSegment>
<VideoSegment id="shot110_48">
<MediaTime>
<MediaTimePoint>T00:07:08:26854F30000</MediaTimePoint>
<MediaDuration>PT00H00M03S15105N30000F</MediaDuration>
</MediaTime>
<TemporalDecomposition>
<VideoSegment id="shot110_48_RKF">
<MediaTime>
<MediaTimePoint>T00:07:10:18906F30000</MediaTimePoint>
</MediaTime>
</VideoSegment>
</TemporalDecomposition>
</VideoSegment>
<VideoSegment id="shot110_49">
<MediaTime>
<MediaTimePoint>T00:07:12:11959F30000</MediaTimePoint>
<MediaDuration>PT00H00M04S13133N30000F</MediaDuration>
</MediaTime>
<TemporalDecomposition>
<VideoSegment id="shot110_49_RKF">
<MediaTime>
<MediaTimePoint>T00:07:14:18025F30000</MediaTimePoint>
</MediaTime>
</VideoSegment>
</TemporalDecomposition>
</VideoSegment>
<VideoSegment id="shot110_50">
<MediaTime>
<MediaTimePoint>T00:07:16:25092F30000</MediaTimePoint>
<MediaDuration>PT00H00M05S16166N30000F</MediaDuration>
</MediaTime>
<TemporalDecomposition>
<VideoSegment id="shot110_50_RKF">
<MediaTime>
<MediaTimePoint>T00:07:19:17174F30000</MediaTimePoint>
</MediaTime>
</VideoSegment>
</TemporalDecomposition>
</VideoSegment>
<VideoSegment id="shot110_51">
<MediaTime>
<MediaTimePoint>T00:07:22:11258F30000</MediaTimePoint>
<MediaDuration>PT00H00M05S4154N30000F</MediaDuration>
</MediaTime>
<TemporalDecomposition>
<VideoSegment id="shot110_51_RKF">
<MediaTime>
<MediaTimePoint>T00:07:24:27334F30000</MediaTimePoint>
</MediaTime>
</VideoSegment>
</TemporalDecomposition>
</VideoSegment>
<VideoSegment id="shot110_52">
<MediaTime>
<MediaTimePoint>T00:07:27:15412F30000</MediaTimePoint>
<MediaDuration>PT00H00M04S28148N30000F</MediaDuration>
</MediaTime>
<TemporalDecomposition>
<VideoSegment id="shot110_52_RKF">
<MediaTime>
<MediaTimePoint>T00:07:29:28485F30000</MediaTimePoint>
</MediaTime>
</VideoSegment>
</TemporalDecomposition>
</VideoSegment>
<VideoSegment id="shot110_53">
<MediaTime>
<MediaTimePoint>T00:07:32:13560F30000</MediaTimePoint>
<MediaDuration>PT00H00M10S11311N30000F</MediaDuration>
</MediaTime>
<TemporalDecomposition>
<VideoSegment id="shot110_53_RKF">
<MediaTime>
<MediaTimePoint>T00:07:37:18715F30000</MediaTimePoint>
</MediaTime>
</VideoSegment>
</TemporalDecomposition>
</VideoSegment>
<VideoSegment id="shot110_54">
<MediaTime>
<MediaTimePoint>T00:07:42:24871F30000</MediaTimePoint>
<MediaDuration>PT00H00M04S1121N30000F</MediaDuration>
</MediaTime>
<TemporalDecomposition>
<VideoSegment id="shot110_54_RKF">
<MediaTime>
<MediaTimePoint>T00:07:44:24931F30000</MediaTimePoint>
</MediaTime>
</VideoSegment>
</TemporalDecomposition>
</VideoSegment>
<VideoSegment id="shot110_55">
<MediaTime>
<MediaTimePoint>T00:07:46:25992F30000</MediaTimePoint>
<MediaDuration>PT00H00M03S1091N30000F</MediaDuration>
</MediaTime>
<TemporalDecomposition>
<VideoSegment id="shot110_55_RKF">
<MediaTime>
<MediaTimePoint>T00:07:48:11037F30000</MediaTimePoint>
</MediaTime>
</VideoSegment>
</TemporalDecomposition>
</VideoSegment>
<VideoSegment id="shot110_56">
<MediaTime>
<MediaTimePoint>T00:07:49:27083F30000</MediaTimePoint>
<MediaDuration>PT00H00M02S27087N30000F</MediaDuration>
</MediaTime>
<TemporalDecomposition>
<VideoSegment id="shot110_56_RKF">
<MediaTime>
<MediaTimePoint>T00:07:51:10126F30000</MediaTimePoint>
</MediaTime>
</VideoSegment>
</TemporalDecomposition>
</VideoSegment>
<VideoSegment id="shot110_57">
<MediaTime>
<MediaTimePoint>T00:07:52:24170F30000</MediaTimePoint>
<MediaDuration>PT00H00M05S15165N30000F</MediaDuration>
</MediaTime>
<TemporalDecomposition>
<VideoSegment id="shot110_57_RKF">
<MediaTime>
<MediaTimePoint>T00:07:55:16252F30000</MediaTimePoint>
</MediaTime>
</VideoSegment>
</TemporalDecomposition>
</VideoSegment>
<VideoSegment id="shot110_58">
<MediaTime>
<MediaTimePoint>T00:07:58:9335F30000</MediaTimePoint>
<MediaDuration>PT00H00M11S16346N30000F</MediaDuration>
</MediaTime>
<TemporalDecomposition>
<VideoSegment id="shot110_58_RKF">
<MediaTime>
<MediaTimePoint>T00:08:04:1507F30000</MediaTimePoint>
</MediaTime>
</VideoSegment>
</TemporalDecomposition>
</VideoSegment>
<VideoSegment id="shot110_59">
<MediaTime>
<MediaTimePoint>T00:08:09:25681F30000</MediaTimePoint>
<MediaDuration>PT00H00M03S21111N30000F</MediaDuration>
</MediaTime>
<TemporalDecomposition>
<VideoSegment id="shot110_59_NRKF_1">
<MediaTime>
<MediaTimePoint>T00:08:10:15701F30000</MediaTimePoint>
</MediaTime>
</VideoSegment>
<VideoSegment id="shot110_59_RKF">
<MediaTime>
<MediaTimePoint>T00:08:11:20736F30000</MediaTimePoint>
</MediaTime>
</VideoSegment>
<VideoSegment id="shot110_59_NRKF_2">
<MediaTime>
<MediaTimePoint>T00:08:12:10756F30000</MediaTimePoint>
</MediaTime>
</VideoSegment>
</TemporalDecomposition>
</VideoSegment>
<VideoSegment id="shot110_60">
<MediaTime>
<MediaTimePoint>T00:08:13:16792F30000</MediaTimePoint>
<MediaDuration>PT00H00M03S90N30000F</MediaDuration>
</MediaTime>
<TemporalDecomposition>
<VideoSegment id="shot110_60_NRKF_1">
<MediaTime>
<MediaTimePoint>T00:08:13:29805F30000</MediaTimePoint>
</MediaTime>
</VideoSegment>
<VideoSegment id="shot110_60_NRKF_2">
<MediaTime>
<MediaTimePoint>T00:08:14:28834F30000</MediaTimePoint>
</MediaTime>
</VideoSegment>
<VideoSegment id="shot110_60_RKF">
<MediaTime>
<MediaTimePoint>T00:08:15:836F30000</MediaTimePoint>
</MediaTime>
</VideoSegment>
<VideoSegment id="shot110_60_NRKF_3">
<MediaTime>
<MediaTimePoint>T00:08:15:29865F30000</MediaTimePoint>
</MediaTime>
</VideoSegment>
</TemporalDecomposition>
</VideoSegment>
<VideoSegment id="shot110_61">
<MediaTime>
<MediaTimePoint>T00:08:16:16882F30000</MediaTimePoint>
<MediaDuration>PT00H00M04S9129N30000F</MediaDuration>
</MediaTime>
<TemporalDecomposition>
<VideoSegment id="shot110_61_RKF">
<MediaTime>
<MediaTimePoint>T00:08:18:20946F30000</MediaTimePoint>
</MediaTime>
</VideoSegment>
</TemporalDecomposition>
</VideoSegment>
<VideoSegment id="shot110_62">
<MediaTime>
<MediaTimePoint>T00:08:20:26011F30000</MediaTimePoint>
<MediaDuration>PT00H00M21S11641N30000F</MediaDuration>
</MediaTime>
<TemporalDecomposition>
<VideoSegment id="shot110_62_RKF">
<MediaTime>
<MediaTimePoint>T00:08:31:16331F30000</MediaTimePoint>
</MediaTime>
</VideoSegment>
</TemporalDecomposition>
</VideoSegment>
<VideoSegment id="shot110_63">
<MediaTime>
<MediaTimePoint>T00:08:42:7652F30000</MediaTimePoint>
<MediaDuration>PT00H00M03S15105N30000F</MediaDuration>
</MediaTime>
<TemporalDecomposition>
<VideoSegment id="shot110_63_RKF">
<MediaTime>
<MediaTimePoint>T00:08:43:29704F30000</MediaTimePoint>
</MediaTime>
</VideoSegment>
</TemporalDecomposition>
</VideoSegment>
<VideoSegment id="shot110_64">
<MediaTime>
<MediaTimePoint>T00:08:45:22757F30000</MediaTimePoint>
<MediaDuration>PT00H00M03S15105N30000F</MediaDuration>
</MediaTime>
<TemporalDecomposition>
<VideoSegment id="shot110_64_RKF">
<MediaTime>
<MediaTimePoint>T00:08:47:14809F30000</MediaTimePoint>
</MediaTime>
</VideoSegment>
</TemporalDecomposition>
</VideoSegment>
<VideoSegment id="shot110_65">
<MediaTime>
<MediaTimePoint>T00:08:49:7862F30000</MediaTimePoint>
<MediaDuration>PT00H00M03S15105N30000F</MediaDuration>
</MediaTime>
<TemporalDecomposition>
<VideoSegment id="shot110_65_RKF">
<MediaTime>
<MediaTimePoint>T00:08:50:29914F30000</MediaTimePoint>
</MediaTime>
</VideoSegment>
</TemporalDecomposition>
</VideoSegment>
<VideoSegment id="shot110_66">
<MediaTime>
<MediaTimePoint>T00:08:52:22967F30000</MediaTimePoint>
<MediaDuration>PT00H00M03S15105N30000F</MediaDuration>
</MediaTime>
<TemporalDecomposition>
<VideoSegment id="shot110_66_RKF">
<MediaTime>
<MediaTimePoint>T00:08:54:15019F30000</MediaTimePoint>
</MediaTime>
</VideoSegment>
</TemporalDecomposition>
</VideoSegment>
<VideoSegment id="shot110_67">
<MediaTime>
<MediaTimePoint>T00:08:56:8072F30000</MediaTimePoint>
<MediaDuration>PT00H00M03S15105N30000F</MediaDuration>
</MediaTime>
<TemporalDecomposition>
<VideoSegment id="shot110_67_RKF">
<MediaTime>
<MediaTimePoint>T00:08:58:124F30000</MediaTimePoint>
</MediaTime>
</VideoSegment>
</TemporalDecomposition>
</VideoSegment>
<VideoSegment id="shot110_68">
<MediaTime>
<MediaTimePoint>T00:08:59:23177F30000</MediaTimePoint>
<MediaDuration>PT00H00M03S15105N30000F</MediaDuration>
</MediaTime>
<TemporalDecomposition>
<VideoSegment id="shot110_68_RKF">
<MediaTime>
<MediaTimePoint>T00:09:01:15229F30000</MediaTimePoint>
</MediaTime>
</VideoSegment>
</TemporalDecomposition>
</VideoSegment>
<VideoSegment id="shot110_69">
<MediaTime>
<MediaTimePoint>T00:09:03:8282F30000</MediaTimePoint>
<MediaDuration>PT00H00M03S15105N30000F</MediaDuration>
</MediaTime>
<TemporalDecomposition>
<VideoSegment id="shot110_69_RKF">
<MediaTime>
<MediaTimePoint>T00:09:05:334F30000</MediaTimePoint>
</MediaTime>
</VideoSegment>
</TemporalDecomposition>
</VideoSegment>
<VideoSegment id="shot110_70">
<MediaTime>
<MediaTimePoint>T00:09:06:23387F30000</MediaTimePoint>
<MediaDuration>PT00H00M03S15105N30000F</MediaDuration>
</MediaTime>
<TemporalDecomposition>
<VideoSegment id="shot110_70_RKF">
<MediaTime>
<MediaTimePoint>T00:09:08:15439F30000</MediaTimePoint>
</MediaTime>
</VideoSegment>
</TemporalDecomposition>
</VideoSegment>
<VideoSegment id="shot110_71">
<MediaTime>
<MediaTimePoint>T00:09:10:8492F30000</MediaTimePoint>
<MediaDuration>PT00H00M03S15105N30000F</MediaDuration>
</MediaTime>
<TemporalDecomposition>
<VideoSegment id="shot110_71_RKF">
<MediaTime>
<MediaTimePoint>T00:09:12:544F30000</MediaTimePoint>
</MediaTime>
</VideoSegment>
</TemporalDecomposition>
</VideoSegment>
<VideoSegment id="shot110_72">
<MediaTime>
<MediaTimePoint>T00:09:13:23597F30000</MediaTimePoint>
<MediaDuration>PT00H00M02S19079N30000F</MediaDuration>
</MediaTime>
<TemporalDecomposition>
<VideoSegment id="shot110_72_RKF">
<MediaTime>
<MediaTimePoint>T00:09:15:2636F30000</MediaTimePoint>
</MediaTime>
</VideoSegment>
</TemporalDecomposition>
</VideoSegment>
<VideoSegment id="shot110_73">
<MediaTime>
<MediaTimePoint>T00:09:16:12676F30000</MediaTimePoint>
<MediaDuration>PT00H00M03S8098N30000F</MediaDuration>
</MediaTime>
<TemporalDecomposition>
<VideoSegment id="shot110_73_RKF">
<MediaTime>
<MediaTimePoint>T00:09:18:724F30000</MediaTimePoint>
</MediaTime>
</VideoSegment>
</TemporalDecomposition>
</VideoSegment>
<VideoSegment id="shot110_74">
<MediaTime>
<MediaTimePoint>T00:09:19:20774F30000</MediaTimePoint>
<MediaDuration>PT00H00M06S9189N30000F</MediaDuration>
</MediaTime>
<TemporalDecomposition>
<VideoSegment id="shot110_74_NRKF_1">
<MediaTime>
<MediaTimePoint>T00:09:19:27781F30000</MediaTimePoint>
</MediaTime>
</VideoSegment>
<VideoSegment id="shot110_74_NRKF_2">
<MediaTime>
<MediaTimePoint>T00:09:20:7791F30000</MediaTimePoint>
</MediaTime>
</VideoSegment>
<VideoSegment id="shot110_74_RKF">
<MediaTime>
<MediaTimePoint>T00:09:22:24868F30000</MediaTimePoint>
</MediaTime>
</VideoSegment>
<VideoSegment id="shot110_74_NRKF_3">
<MediaTime>
<MediaTimePoint>T00:09:23:4878F30000</MediaTimePoint>
</MediaTime>
</VideoSegment>
</TemporalDecomposition>
</VideoSegment>
<VideoSegment id="shot110_75">
<MediaTime>
<MediaTimePoint>T00:09:25:29963F30000</MediaTimePoint>
<MediaDuration>PT00H00M03S1091N30000F</MediaDuration>
</MediaTime>
<TemporalDecomposition>
<VideoSegment id="shot110_75_NRKF_1">
<MediaTime>
<MediaTimePoint>T00:09:26:4968F30000</MediaTimePoint>
</MediaTime>
</VideoSegment>
<VideoSegment id="shot110_75_NRKF_2">
<MediaTime>
<MediaTimePoint>T00:09:26:26990F30000</MediaTimePoint>
</MediaTime>
</VideoSegment>
<VideoSegment id="shot110_75_RKF">
<MediaTime>
<MediaTimePoint>T00:09:27:15008F30000</MediaTimePoint>
</MediaTime>
</VideoSegment>
<VideoSegment id="shot110_75_NRKF_3">
<MediaTime>
<MediaTimePoint>T00:09:28:6029F30000</MediaTimePoint>
</MediaTime>
</VideoSegment>
</TemporalDecomposition>
</VideoSegment>
<VideoSegment id="shot110_76">
<MediaTime>
<MediaTimePoint>T00:09:29:1054F30000</MediaTimePoint>
<MediaDuration>PT00H00M04S26146N30000F</MediaDuration>
</MediaTime>
<TemporalDecomposition>
<VideoSegment id="shot110_76_RKF">
<MediaTime>
<MediaTimePoint>T00:09:31:13126F30000</MediaTimePoint>
</MediaTime>
</VideoSegment>
</TemporalDecomposition>
</VideoSegment>
<VideoSegment id="shot110_77">
<MediaTime>
<MediaTimePoint>T00:09:33:27200F30000</MediaTimePoint>
<MediaDuration>PT00H00M07S17227N30000F</MediaDuration>
</MediaTime>
<TemporalDecomposition>
<VideoSegment id="shot110_77_RKF">
<MediaTime>
<MediaTimePoint>T00:09:37:20313F30000</MediaTimePoint>
</MediaTime>
</VideoSegment>
</TemporalDecomposition>
</VideoSegment>
<VideoSegment id="shot110_78">
<MediaTime>
<MediaTimePoint>T00:09:41:14427F30000</MediaTimePoint>
<MediaDuration>PT00H00M02S1061N30000F</MediaDuration>
</MediaTime>
<TemporalDecomposition>
<VideoSegment id="shot110_78_RKF">
<MediaTime>
<MediaTimePoint>T00:09:42:14457F30000</MediaTimePoint>
</MediaTime>
</VideoSegment>
</TemporalDecomposition>
</VideoSegment>
<VideoSegment id="shot110_79">
<MediaTime>
<MediaTimePoint>T00:09:43:15488F30000</MediaTimePoint>
<MediaDuration>PT00H00M03S29119N30000F</MediaDuration>
</MediaTime>
<TemporalDecomposition>
<VideoSegment id="shot110_79_RKF">
<MediaTime>
<MediaTimePoint>T00:09:45:14547F30000</MediaTimePoint>
</MediaTime>
</VideoSegment>
</TemporalDecomposition>
</VideoSegment>
<VideoSegment id="shot110_80">
<MediaTime>
<MediaTimePoint>T00:09:47:14607F30000</MediaTimePoint>
<MediaDuration>PT00H00M02S7067N30000F</MediaDuration>
</MediaTime>
<TemporalDecomposition>
<VideoSegment id="shot110_80_RKF">
<MediaTime>
<MediaTimePoint>T00:09:48:17640F30000</MediaTimePoint>
</MediaTime>
</VideoSegment>
</TemporalDecomposition>
</VideoSegment>
<VideoSegment id="shot110_81">
<MediaTime>
<MediaTimePoint>T00:09:49:21674F30000</MediaTimePoint>
<MediaDuration>PT00H00M02S13073N30000F</MediaDuration>
</MediaTime>
<TemporalDecomposition>
<VideoSegment id="shot110_81_NRKF_1">
<MediaTime>
<MediaTimePoint>T00:09:50:683F30000</MediaTimePoint>
</MediaTime>
</VideoSegment>
<VideoSegment id="shot110_81_NRKF_2">
<MediaTime>
<MediaTimePoint>T00:09:50:27710F30000</MediaTimePoint>
</MediaTime>
</VideoSegment>
<VideoSegment id="shot110_81_RKF">
<MediaTime>
<MediaTimePoint>T00:09:50:27710F30000</MediaTimePoint>
</MediaTime>
</VideoSegment>
<VideoSegment id="shot110_81_NRKF_3">
<MediaTime>
<MediaTimePoint>T00:09:51:24737F30000</MediaTimePoint>
</MediaTime>
</VideoSegment>
</TemporalDecomposition>
</VideoSegment>
<VideoSegment id="shot110_82">
<MediaTime>
<MediaTimePoint>T00:09:52:4747F30000</MediaTimePoint>
<MediaDuration>PT00H00M02S2062N30000F</MediaDuration>
</MediaTime>
<TemporalDecomposition>
<VideoSegment id="shot110_82_NRKF_1">
<MediaTime>
<MediaTimePoint>T00:09:52:10753F30000</MediaTimePoint>
</MediaTime>
</VideoSegment>
<VideoSegment id="shot110_82_NRKF_2">
<MediaTime>
<MediaTimePoint>T00:09:53:4777F30000</MediaTimePoint>
</MediaTime>
</VideoSegment>
<VideoSegment id="shot110_82_RKF">
<MediaTime>
<MediaTimePoint>T00:09:53:4777F30000</MediaTimePoint>
</MediaTime>
</VideoSegment>
<VideoSegment id="shot110_82_NRKF_3">
<MediaTime>
<MediaTimePoint>T00:09:53:28801F30000</MediaTimePoint>
</MediaTime>
</VideoSegment>
</TemporalDecomposition>
</VideoSegment>
<VideoSegment id="shot110_83">
<MediaTime>
<MediaTimePoint>T00:09:54:6809F30000</MediaTimePoint>
<MediaDuration>PT00H00M03S90N30000F</MediaDuration>
</MediaTime>
<TemporalDecomposition>
<VideoSegment id="shot110_83_NRKF_1">
<MediaTime>
<MediaTimePoint>T00:09:54:19822F30000</MediaTimePoint>
</MediaTime>
</VideoSegment>
<VideoSegment id="shot110_83_RKF">
<MediaTime>
<MediaTimePoint>T00:09:55:20853F30000</MediaTimePoint>
</MediaTime>
</VideoSegment>
<VideoSegment id="shot110_83_NRKF_2">
<MediaTime>
<MediaTimePoint>T00:09:56:4867F30000</MediaTimePoint>
</MediaTime>
</VideoSegment>
</TemporalDecomposition>
</VideoSegment>
<VideoSegment id="shot110_84">
<MediaTime>
<MediaTimePoint>T00:09:57:6899F30000</MediaTimePoint>
<MediaDuration>PT00H00M02S9069N30000F</MediaDuration>
</MediaTime>
<TemporalDecomposition>
<VideoSegment id="shot110_84_RKF">
<MediaTime>
<MediaTimePoint>T00:09:58:10933F30000</MediaTimePoint>
</MediaTime>
</VideoSegment>
</TemporalDecomposition>
</VideoSegment>
<VideoSegment id="shot110_85">
<MediaTime>
<MediaTimePoint>T00:09:59:15968F30000</MediaTimePoint>
<MediaDuration>PT00H00M05S17167N30000F</MediaDuration>
</MediaTime>
<TemporalDecomposition>
<VideoSegment id="shot110_85_RKF">
<MediaTime>
<MediaTimePoint>T00:10:02:9051F30000</MediaTimePoint>
</MediaTime>
</VideoSegment>
</TemporalDecomposition>
</VideoSegment>
<VideoSegment id="shot110_86">
<MediaTime>
<MediaTimePoint>T00:10:05:3135F30000</MediaTimePoint>
<MediaDuration>PT00H00M02S14074N30000F</MediaDuration>
</MediaTime>
<TemporalDecomposition>
<VideoSegment id="shot110_86_NRKF_1">
<MediaTime>
<MediaTimePoint>T00:10:05:17149F30000</MediaTimePoint>
</MediaTime>
</VideoSegment>
<VideoSegment id="shot110_86_RKF">
<MediaTime>
<MediaTimePoint>T00:10:06:9171F30000</MediaTimePoint>
</MediaTime>
</VideoSegment>
<VideoSegment id="shot110_86_NRKF_2">
<MediaTime>
<MediaTimePoint>T00:10:06:24186F30000</MediaTimePoint>
</MediaTime>
</VideoSegment>
</TemporalDecomposition>
</VideoSegment>
<VideoSegment id="shot110_87">
<MediaTime>
<MediaTimePoint>T00:10:07:17209F30000</MediaTimePoint>
<MediaDuration>PT00H00M02S22082N30000F</MediaDuration>
</MediaTime>
<TemporalDecomposition>
<VideoSegment id="shot110_87_NRKF_1">
<MediaTime>
<MediaTimePoint>T00:10:08:5227F30000</MediaTimePoint>
</MediaTime>
</VideoSegment>
<VideoSegment id="shot110_87_RKF">
<MediaTime>
<MediaTimePoint>T00:10:08:27249F30000</MediaTimePoint>
</MediaTime>
</VideoSegment>
<VideoSegment id="shot110_87_NRKF_2">
<MediaTime>
<MediaTimePoint>T00:10:09:16268F30000</MediaTimePoint>
</MediaTime>
</VideoSegment>
</TemporalDecomposition>
</VideoSegment>
<VideoSegment id="shot110_88">
<MediaTime>
<MediaTimePoint>T00:10:10:9291F30000</MediaTimePoint>
<MediaDuration>PT00H00M07S14224N30000F</MediaDuration>
</MediaTime>
<TemporalDecomposition>
<VideoSegment id="shot110_88_RKF">
<MediaTime>
<MediaTimePoint>T00:10:14:402F30000</MediaTimePoint>
</MediaTime>
</VideoSegment>
</TemporalDecomposition>
</VideoSegment>
<VideoSegment id="shot110_89">
<MediaTime>
<MediaTimePoint>T00:10:17:23515F30000</MediaTimePoint>
<MediaDuration>PT00H00M02S23083N30000F</MediaDuration>
</MediaTime>
<TemporalDecomposition>
<VideoSegment id="shot110_89_NRKF_1">
<MediaTime>
<MediaTimePoint>T00:10:18:5527F30000</MediaTimePoint>
</MediaTime>
</VideoSegment>
<VideoSegment id="shot110_89_RKF">
<MediaTime>
<MediaTimePoint>T00:10:19:4556F30000</MediaTimePoint>
</MediaTime>
</VideoSegment>
<VideoSegment id="shot110_89_NRKF_2">
<MediaTime>
<MediaTimePoint>T00:10:19:16568F30000</MediaTimePoint>
</MediaTime>
</VideoSegment>
</TemporalDecomposition>
</VideoSegment>
<VideoSegment id="shot110_90">
<MediaTime>
<MediaTimePoint>T00:10:20:16598F30000</MediaTimePoint>
<MediaDuration>PT00H00M03S6096N30000F</MediaDuration>
</MediaTime>
<TemporalDecomposition>
<VideoSegment id="shot110_90_RKF">
<MediaTime>
<MediaTimePoint>T00:10:22:3645F30000</MediaTimePoint>
</MediaTime>
</VideoSegment>
</TemporalDecomposition>
</VideoSegment>
<VideoSegment id="shot110_91">
<MediaTime>
<MediaTimePoint>T00:10:23:22694F30000</MediaTimePoint>
<MediaDuration>PT00H00M03S14104N30000F</MediaDuration>
</MediaTime>
<TemporalDecomposition>
<VideoSegment id="shot110_91_RKF">
<MediaTime>
<MediaTimePoint>T00:10:25:13745F30000</MediaTimePoint>
</MediaTime>
</VideoSegment>
</TemporalDecomposition>
</VideoSegment>
<VideoSegment id="shot110_92">
<MediaTime>
<MediaTimePoint>T00:10:27:6798F30000</MediaTimePoint>
<MediaDuration>PT00H00M05S11161N30000F</MediaDuration>
</MediaTime>
<TemporalDecomposition>
<VideoSegment id="shot110_92_RKF">
<MediaTime>
<MediaTimePoint>T00:10:29:26878F30000</MediaTimePoint>
</MediaTime>
</VideoSegment>
</TemporalDecomposition>
</VideoSegment>
<VideoSegment id="shot110_93">
<MediaTime>
<MediaTimePoint>T00:10:32:17959F30000</MediaTimePoint>
<MediaDuration>PT00H00M04S11131N30000F</MediaDuration>
</MediaTime>
<TemporalDecomposition>
<VideoSegment id="shot110_93_NRKF_1">
<MediaTime>
<MediaTimePoint>T00:10:32:20962F30000</MediaTimePoint>
</MediaTime>
</VideoSegment>
<VideoSegment id="shot110_93_NRKF_2">
<MediaTime>
<MediaTimePoint>T00:10:33:2974F30000</MediaTimePoint>
</MediaTime>
</VideoSegment>
<VideoSegment id="shot110_93_NRKF_3">
<MediaTime>
<MediaTimePoint>T00:10:33:16988F30000</MediaTimePoint>
</MediaTime>
</VideoSegment>
<VideoSegment id="shot110_93_NRKF_4">
<MediaTime>
<MediaTimePoint>T00:10:34:4005F30000</MediaTimePoint>
</MediaTime>
</VideoSegment>
<VideoSegment id="shot110_93_RKF">
<MediaTime>
<MediaTimePoint>T00:10:34:23024F30000</MediaTimePoint>
</MediaTime>
</VideoSegment>
<VideoSegment id="shot110_93_NRKF_5">
<MediaTime>
<MediaTimePoint>T00:10:35:21052F30000</MediaTimePoint>
</MediaTime>
</VideoSegment>
</TemporalDecomposition>
</VideoSegment>
<VideoSegment id="shot110_94">
<MediaTime>
<MediaTimePoint>T00:10:36:29090F30000</MediaTimePoint>
<MediaDuration>PT00H00M02S10070N30000F</MediaDuration>
</MediaTime>
<TemporalDecomposition>
<VideoSegment id="shot110_94_NRKF_1">
<MediaTime>
<MediaTimePoint>T00:10:37:23114F30000</MediaTimePoint>
</MediaTime>
</VideoSegment>
<VideoSegment id="shot110_94_RKF">
<MediaTime>
<MediaTimePoint>T00:10:38:3124F30000</MediaTimePoint>
</MediaTime>
</VideoSegment>
<VideoSegment id="shot110_94_NRKF_2">
<MediaTime>
<MediaTimePoint>T00:10:38:28149F30000</MediaTimePoint>
</MediaTime>
</VideoSegment>
</TemporalDecomposition>
</VideoSegment>
<VideoSegment id="shot110_95">
<MediaTime>
<MediaTimePoint>T00:10:39:9160F30000</MediaTimePoint>
<MediaDuration>PT00H00M02S27087N30000F</MediaDuration>
</MediaTime>
<TemporalDecomposition>
<VideoSegment id="shot110_95_NRKF_1">
<MediaTime>
<MediaTimePoint>T00:10:39:19170F30000</MediaTimePoint>
</MediaTime>
</VideoSegment>
<VideoSegment id="shot110_95_RKF">
<MediaTime>
<MediaTimePoint>T00:10:40:22203F30000</MediaTimePoint>
</MediaTime>
</VideoSegment>
<VideoSegment id="shot110_95_NRKF_2">
<MediaTime>
<MediaTimePoint>T00:10:41:2213F30000</MediaTimePoint>
</MediaTime>
</VideoSegment>
</TemporalDecomposition>
</VideoSegment>
<VideoSegment id="shot110_96">
<MediaTime>
<MediaTimePoint>T00:10:42:6247F30000</MediaTimePoint>
<MediaDuration>PT00H00M02S17077N30000F</MediaDuration>
</MediaTime>
<TemporalDecomposition>
<VideoSegment id="shot110_96_NRKF_1">
<MediaTime>
<MediaTimePoint>T00:10:42:28269F30000</MediaTimePoint>
</MediaTime>
</VideoSegment>
<VideoSegment id="shot110_96_RKF">
<MediaTime>
<MediaTimePoint>T00:10:43:14285F30000</MediaTimePoint>
</MediaTime>
</VideoSegment>
<VideoSegment id="shot110_96_NRKF_2">
<MediaTime>
<MediaTimePoint>T00:10:43:24295F30000</MediaTimePoint>
</MediaTime>
</VideoSegment>
<VideoSegment id="shot110_96_NRKF_3">
<MediaTime>
<MediaTimePoint>T00:10:44:10311F30000</MediaTimePoint>
</MediaTime>
</VideoSegment>
</TemporalDecomposition>
</VideoSegment>
<VideoSegment id="shot110_97">
<MediaTime>
<MediaTimePoint>T00:10:44:23324F30000</MediaTimePoint>
<MediaDuration>PT00H00M03S23113N30000F</MediaDuration>
</MediaTime>
<TemporalDecomposition>
<VideoSegment id="shot110_97_NRKF_1">
<MediaTime>
<MediaTimePoint>T00:10:45:3334F30000</MediaTimePoint>
</MediaTime>
</VideoSegment>
<VideoSegment id="shot110_97_NRKF_2">
<MediaTime>
<MediaTimePoint>T00:10:45:28359F30000</MediaTimePoint>
</MediaTime>
</VideoSegment>
<VideoSegment id="shot110_97_NRKF_3">
<MediaTime>
<MediaTimePoint>T00:10:46:17378F30000</MediaTimePoint>
</MediaTime>
</VideoSegment>
<VideoSegment id="shot110_97_RKF">
<MediaTime>
<MediaTimePoint>T00:10:46:19380F30000</MediaTimePoint>
</MediaTime>
</VideoSegment>
<VideoSegment id="shot110_97_NRKF_4">
<MediaTime>
<MediaTimePoint>T00:10:47:18409F30000</MediaTimePoint>
</MediaTime>
</VideoSegment>
</TemporalDecomposition>
</VideoSegment>
<VideoSegment id="shot110_98">
<MediaTime>
<MediaTimePoint>T00:10:48:16437F30000</MediaTimePoint>
<MediaDuration>PT00H01M59S4571N30000F</MediaDuration>
</MediaTime>
<TemporalDecomposition>
<VideoSegment id="shot110_98_RKF">
<MediaTime>
<MediaTimePoint>T00:11:48:3222F30000</MediaTimePoint>
</MediaTime>
</VideoSegment>
</TemporalDecomposition>
</VideoSegment>
<VideoSegment id="shot110_99">
<MediaTime>
<MediaTimePoint>T00:12:47:21008F30000</MediaTimePoint>
<MediaDuration>PT00H00M06S7187N30000F</MediaDuration>
</MediaTime>
<TemporalDecomposition>
<VideoSegment id="shot110_99_RKF">
<MediaTime>
<MediaTimePoint>T00:12:50:24101F30000</MediaTimePoint>
</MediaTime>
</VideoSegment>
</TemporalDecomposition>
</VideoSegment>
<VideoSegment id="shot110_100">
<MediaTime>
<MediaTimePoint>T00:12:53:28195F30000</MediaTimePoint>
<MediaDuration>PT00H00M49S11480N30000F</MediaDuration>
</MediaTime>
<TemporalDecomposition>
<VideoSegment id="shot110_100_RKF">
<MediaTime>
<MediaTimePoint>T00:13:18:17934F30000</MediaTimePoint>
</MediaTime>
</VideoSegment>
</TemporalDecomposition>
</VideoSegment>
<VideoSegment id="shot110_101">
<MediaTime>
<MediaTimePoint>T00:13:43:9675F30000</MediaTimePoint>
<MediaDuration>PT00H00M07S13223N30000F</MediaDuration>
</MediaTime>
<TemporalDecomposition>
<VideoSegment id="shot110_101_RKF">
<MediaTime>
<MediaTimePoint>T00:13:47:786F30000</MediaTimePoint>
</MediaTime>
</VideoSegment>
</TemporalDecomposition>
</VideoSegment>
<VideoSegment id="shot110_102">
<MediaTime>
<MediaTimePoint>T00:13:50:22898F30000</MediaTimePoint>
<MediaDuration>PT00H05M07S3204N30000F</MediaDuration>
</MediaTime>
<TemporalDecomposition>
<VideoSegment id="shot110_102_RKF">
<MediaTime>
<MediaTimePoint>T00:16:24:8499F30000</MediaTimePoint>
</MediaTime>
</VideoSegment>
</TemporalDecomposition>
</VideoSegment>
<VideoSegment id="shot110_103">
<MediaTime>
<MediaTimePoint>T00:18:57:26102F30000</MediaTimePoint>
<MediaDuration>PT00H00M04S27147N30000F</MediaDuration>
</MediaTime>
<TemporalDecomposition>
<VideoSegment id="shot110_103_RKF">
<MediaTime>
<MediaTimePoint>T00:19:00:9175F30000</MediaTimePoint>
</MediaTime>
</VideoSegment>
</TemporalDecomposition>
</VideoSegment>
<VideoSegment id="shot110_104">
<MediaTime>
<MediaTimePoint>T00:19:02:23249F30000</MediaTimePoint>
<MediaDuration>PT00H00M06S14194N30000F</MediaDuration>
</MediaTime>
<TemporalDecomposition>
<VideoSegment id="shot110_104_RKF">
<MediaTime>
<MediaTimePoint>T00:19:05:29345F30000</MediaTimePoint>
</MediaTime>
</VideoSegment>
</TemporalDecomposition>
</VideoSegment>
<VideoSegment id="shot110_105">
<MediaTime>
<MediaTimePoint>T00:19:09:7443F30000</MediaTimePoint>
<MediaDuration>PT00H00M45S9358N30000F</MediaDuration>
</MediaTime>
<TemporalDecomposition>
<VideoSegment id="shot110_105_RKF">
<MediaTime>
<MediaTimePoint>T00:19:31:26121F30000</MediaTimePoint>
</MediaTime>
</VideoSegment>
</TemporalDecomposition>
</VideoSegment>
<VideoSegment id="shot110_106">
<MediaTime>
<MediaTimePoint>T00:19:54:16801F30000</MediaTimePoint>
<MediaDuration>PT00H00M05S4154N30000F</MediaDuration>
</MediaTime>
<TemporalDecomposition>
<VideoSegment id="shot110_106_RKF">
<MediaTime>
<MediaTimePoint>T00:19:57:2877F30000</MediaTimePoint>
</MediaTime>
</VideoSegment>
</TemporalDecomposition>
</VideoSegment>
<VideoSegment id="shot110_107">
<MediaTime>
<MediaTimePoint>T00:19:59:20955F30000</MediaTimePoint>
<MediaDuration>PT00H00M28S13853N30000F</MediaDuration>
</MediaTime>
<TemporalDecomposition>
<VideoSegment id="shot110_107_RKF">
<MediaTime>
<MediaTimePoint>T00:20:13:27381F30000</MediaTimePoint>
</MediaTime>
</VideoSegment>
</TemporalDecomposition>
</VideoSegment>
<VideoSegment id="shot110_108">
<MediaTime>
<MediaTimePoint>T00:20:28:4808F30000</MediaTimePoint>
<MediaDuration>PT00H00M05S2152N30000F</MediaDuration>
</MediaTime>
<TemporalDecomposition>
<VideoSegment id="shot110_108_RKF">
<MediaTime>
<MediaTimePoint>T00:20:30:19883F30000</MediaTimePoint>
</MediaTime>
</VideoSegment>
</TemporalDecomposition>
</VideoSegment>
<VideoSegment id="shot110_109">
<MediaTime>
<MediaTimePoint>T00:20:33:6960F30000</MediaTimePoint>
<MediaDuration>PT00H00M02S3063N30000F</MediaDuration>
</MediaTime>
<TemporalDecomposition>
<VideoSegment id="shot110_109_RKF">
<MediaTime>
<MediaTimePoint>T00:20:34:7991F30000</MediaTimePoint>
</MediaTime>
</VideoSegment>
</TemporalDecomposition>
</VideoSegment>
<VideoSegment id="shot110_110">
<MediaTime>
<MediaTimePoint>T00:20:35:10023F30000</MediaTimePoint>
<MediaDuration>PT00H00M30S22922N30000F</MediaDuration>
</MediaTime>
<TemporalDecomposition>
<VideoSegment id="shot110_110_RKF">
<MediaTime>
<MediaTimePoint>T00:20:50:20483F30000</MediaTimePoint>
</MediaTime>
</VideoSegment>
</TemporalDecomposition>
</VideoSegment>
<VideoSegment id="shot110_111">
<MediaTime>
<MediaTimePoint>T00:21:06:2945F30000</MediaTimePoint>
<MediaDuration>PT00H00M03S20110N30000F</MediaDuration>
</MediaTime>
<TemporalDecomposition>
<VideoSegment id="shot110_111_RKF">
<MediaTime>
<MediaTimePoint>T00:21:07:26999F30000</MediaTimePoint>
</MediaTime>
</VideoSegment>
</TemporalDecomposition>
</VideoSegment>
<VideoSegment id="shot110_112">
<MediaTime>
<MediaTimePoint>T00:21:09:23055F30000</MediaTimePoint>
<MediaDuration>PT00H00M18S17557N30000F</MediaDuration>
</MediaTime>
<TemporalDecomposition>
<VideoSegment id="shot110_112_RKF">
<MediaTime>
<MediaTimePoint>T00:21:19:1333F30000</MediaTimePoint>
</MediaTime>
</VideoSegment>
</TemporalDecomposition>
</VideoSegment>
<VideoSegment id="shot110_113">
<MediaTime>
<MediaTimePoint>T00:21:28:10612F30000</MediaTimePoint>
<MediaDuration>PT00H00M03S1091N30000F</MediaDuration>
</MediaTime>
<TemporalDecomposition>
<VideoSegment id="shot110_113_RKF">
<MediaTime>
<MediaTimePoint>T00:21:29:25657F30000</MediaTimePoint>
</MediaTime>
</VideoSegment>
</TemporalDecomposition>
</VideoSegment>
<VideoSegment id="shot110_114">
<MediaTime>
<MediaTimePoint>T00:21:31:11703F30000</MediaTimePoint>
<MediaDuration>PT00H00M02S29089N30000F</MediaDuration>
</MediaTime>
<TemporalDecomposition>
<VideoSegment id="shot110_114_NRKF_1">
<MediaTime>
<MediaTimePoint>T00:21:31:16708F30000</MediaTimePoint>
</MediaTime>
</VideoSegment>
<VideoSegment id="shot110_114_NRKF_2">
<MediaTime>
<MediaTimePoint>T00:21:31:27719F30000</MediaTimePoint>
</MediaTime>
</VideoSegment>
<VideoSegment id="shot110_114_RKF">
<MediaTime>
<MediaTimePoint>T00:21:32:25747F30000</MediaTimePoint>
</MediaTime>
</VideoSegment>
<VideoSegment id="shot110_114_NRKF_3">
<MediaTime>
<MediaTimePoint>T00:21:33:5757F30000</MediaTimePoint>
</MediaTime>
</VideoSegment>
</TemporalDecomposition>
</VideoSegment>
<VideoSegment id="shot110_115">
<MediaTime>
<MediaTimePoint>T00:21:34:10792F30000</MediaTimePoint>
<MediaDuration>PT00H00M02S11071N30000F</MediaDuration>
</MediaTime>
<TemporalDecomposition>
<VideoSegment id="shot110_115_NRKF_1">
<MediaTime>
<MediaTimePoint>T00:21:34:12794F30000</MediaTimePoint>
</MediaTime>
</VideoSegment>
<VideoSegment id="shot110_115_NRKF_2">
<MediaTime>
<MediaTimePoint>T00:21:34:21803F30000</MediaTimePoint>
</MediaTime>
</VideoSegment>
<VideoSegment id="shot110_115_NRKF_3">
<MediaTime>
<MediaTimePoint>T00:21:35:5817F30000</MediaTimePoint>
</MediaTime>
</VideoSegment>
<VideoSegment id="shot110_115_RKF">
<MediaTime>
<MediaTimePoint>T00:21:35:15827F30000</MediaTimePoint>
</MediaTime>
</VideoSegment>
<VideoSegment id="shot110_115_NRKF_4">
<MediaTime>
<MediaTimePoint>T00:21:36:2844F30000</MediaTimePoint>
</MediaTime>
</VideoSegment>
</TemporalDecomposition>
</VideoSegment>
<VideoSegment id="shot110_116">
<MediaTime>
<MediaTimePoint>T00:21:36:21863F30000</MediaTimePoint>
<MediaDuration>PT00H00M02S15075N30000F</MediaDuration>
</MediaTime>
<TemporalDecomposition>
<VideoSegment id="shot110_116_NRKF_1">
<MediaTime>
<MediaTimePoint>T00:21:37:8880F30000</MediaTimePoint>
</MediaTime>
</VideoSegment>
<VideoSegment id="shot110_116_RKF">
<MediaTime>
<MediaTimePoint>T00:21:37:28900F30000</MediaTimePoint>
</MediaTime>
</VideoSegment>
<VideoSegment id="shot110_116_NRKF_2">
<MediaTime>
<MediaTimePoint>T00:21:38:16918F30000</MediaTimePoint>
</MediaTime>
</VideoSegment>
</TemporalDecomposition>
</VideoSegment>
<VideoSegment id="shot110_117">
<MediaTime>
<MediaTimePoint>T00:21:39:6938F30000</MediaTimePoint>
<MediaDuration>PT00H00M03S4094N30000F</MediaDuration>
</MediaTime>
<TemporalDecomposition>
<VideoSegment id="shot110_117_NRKF_1">
<MediaTime>
<MediaTimePoint>T00:21:39:20952F30000</MediaTimePoint>
</MediaTime>
</VideoSegment>
<VideoSegment id="shot110_117_NRKF_2">
<MediaTime>
<MediaTimePoint>T00:21:40:16978F30000</MediaTimePoint>
</MediaTime>
</VideoSegment>
<VideoSegment id="shot110_117_RKF">
<MediaTime>
<MediaTimePoint>T00:21:40:22984F30000</MediaTimePoint>
</MediaTime>
</VideoSegment>
<VideoSegment id="shot110_117_NRKF_3">
<MediaTime>
<MediaTimePoint>T00:21:41:19010F30000</MediaTimePoint>
</MediaTime>
</VideoSegment>
</TemporalDecomposition>
</VideoSegment>
<VideoSegment id="shot110_118">
<MediaTime>
<MediaTimePoint>T00:21:42:11032F30000</MediaTimePoint>
<MediaDuration>PT00H00M04S12132N30000F</MediaDuration>
</MediaTime>
<TemporalDecomposition>
<VideoSegment id="shot110_118_RKF">
<MediaTime>
<MediaTimePoint>T00:21:44:16097F30000</MediaTimePoint>
</MediaTime>
</VideoSegment>
</TemporalDecomposition>
</VideoSegment>
<VideoSegment id="shot110_119">
<MediaTime>
<MediaTimePoint>T00:21:46:23164F30000</MediaTimePoint>
<MediaDuration>PT00H00M05S5155N30000F</MediaDuration>
</MediaTime>
<TemporalDecomposition>
<VideoSegment id="shot110_119_RKF">
<MediaTime>
<MediaTimePoint>T00:21:49:10241F30000</MediaTimePoint>
</MediaTime>
</VideoSegment>
</TemporalDecomposition>
</VideoSegment>
<VideoSegment id="shot110_120">
<MediaTime>
<MediaTimePoint>T00:21:51:28319F30000</MediaTimePoint>
<MediaDuration>PT00H00M03S21111N30000F</MediaDuration>
</MediaTime>
<TemporalDecomposition>
<VideoSegment id="shot110_120_NRKF_1">
<MediaTime>
<MediaTimePoint>T00:21:52:3324F30000</MediaTimePoint>
</MediaTime>
</VideoSegment>
<VideoSegment id="shot110_120_RKF">
<MediaTime>
<MediaTimePoint>T00:21:53:23374F30000</MediaTimePoint>
</MediaTime>
</VideoSegment>
<VideoSegment id="shot110_120_NRKF_2">
<MediaTime>
<MediaTimePoint>T00:21:53:28379F30000</MediaTimePoint>
</MediaTime>
</VideoSegment>
</TemporalDecomposition>
</VideoSegment>
<VideoSegment id="shot110_121">
<MediaTime>
<MediaTimePoint>T00:21:55:19430F30000</MediaTimePoint>
<MediaDuration>PT00H00M03S11101N30000F</MediaDuration>
</MediaTime>
<TemporalDecomposition>
<VideoSegment id="shot110_121_NRKF_1">
<MediaTime>
<MediaTimePoint>T00:21:56:13454F30000</MediaTimePoint>
</MediaTime>
</VideoSegment>
<VideoSegment id="shot110_121_RKF">
<MediaTime>
<MediaTimePoint>T00:21:57:9480F30000</MediaTimePoint>
</MediaTime>
</VideoSegment>
<VideoSegment id="shot110_121_NRKF_2">
<MediaTime>
<MediaTimePoint>T00:21:58:3504F30000</MediaTimePoint>
</MediaTime>
</VideoSegment>
</TemporalDecomposition>
</VideoSegment>
<VideoSegment id="shot110_122">
<MediaTime>
<MediaTimePoint>T00:21:59:531F30000</MediaTimePoint>
<MediaDuration>PT00H00M03S7097N30000F</MediaDuration>
</MediaTime>
<TemporalDecomposition>
<VideoSegment id="shot110_122_NRKF_1">
<MediaTime>
<MediaTimePoint>T00:21:59:6537F30000</MediaTimePoint>
</MediaTime>
</VideoSegment>
<VideoSegment id="shot110_122_NRKF_2">
<MediaTime>
<MediaTimePoint>T00:21:59:27558F30000</MediaTimePoint>
</MediaTime>
</VideoSegment>
<VideoSegment id="shot110_122_RKF">
<MediaTime>
<MediaTimePoint>T00:22:00:18579F30000</MediaTimePoint>
</MediaTime>
</VideoSegment>
<VideoSegment id="shot110_122_NRKF_3">
<MediaTime>
<MediaTimePoint>T00:22:00:19580F30000</MediaTimePoint>
</MediaTime>
</VideoSegment>
<VideoSegment id="shot110_122_NRKF_4">
<MediaTime>
<MediaTimePoint>T00:22:01:17608F30000</MediaTimePoint>
</MediaTime>
</VideoSegment>
</TemporalDecomposition>
</VideoSegment>
<VideoSegment id="shot110_123">
<MediaTime>
<MediaTimePoint>T00:22:02:7628F30000</MediaTimePoint>
<MediaDuration>PT00H00M03S15105N30000F</MediaDuration>
</MediaTime>
<TemporalDecomposition>
<VideoSegment id="shot110_123_NRKF_1">
<MediaTime>
<MediaTimePoint>T00:22:03:1652F30000</MediaTimePoint>
</MediaTime>
</VideoSegment>
<VideoSegment id="shot110_123_RKF">
<MediaTime>
<MediaTimePoint>T00:22:03:29680F30000</MediaTimePoint>
</MediaTime>
</VideoSegment>
<VideoSegment id="shot110_123_NRKF_2">
<MediaTime>
<MediaTimePoint>T00:22:04:23704F30000</MediaTimePoint>
</MediaTime>
</VideoSegment>
</TemporalDecomposition>
</VideoSegment>
<VideoSegment id="shot110_124">
<MediaTime>
<MediaTimePoint>T00:22:05:22733F30000</MediaTimePoint>
<MediaDuration>PT00H00M04S23143N30000F</MediaDuration>
</MediaTime>
<TemporalDecomposition>
<VideoSegment id="shot110_124_NRKF_1">
<MediaTime>
<MediaTimePoint>T00:22:06:19760F30000</MediaTimePoint>
</MediaTime>
</VideoSegment>
<VideoSegment id="shot110_124_RKF">
<MediaTime>
<MediaTimePoint>T00:22:08:3804F30000</MediaTimePoint>
</MediaTime>
</VideoSegment>
<VideoSegment id="shot110_124_NRKF_2">
<MediaTime>
<MediaTimePoint>T00:22:09:831F30000</MediaTimePoint>
</MediaTime>
</VideoSegment>
</TemporalDecomposition>
</VideoSegment>
<VideoSegment id="shot110_125">
<MediaTime>
<MediaTimePoint>T00:22:10:15876F30000</MediaTimePoint>
<MediaDuration>PT00H00M03S90N30000F</MediaDuration>
</MediaTime>
<TemporalDecomposition>
<VideoSegment id="shot110_125_NRKF_1">
<MediaTime>
<MediaTimePoint>T00:22:11:10901F30000</MediaTimePoint>
</MediaTime>
</VideoSegment>
<VideoSegment id="shot110_125_RKF">
<MediaTime>
<MediaTimePoint>T00:22:11:29920F30000</MediaTimePoint>
</MediaTime>
</VideoSegment>
<VideoSegment id="shot110_125_NRKF_2">
<MediaTime>
<MediaTimePoint>T00:22:12:25946F30000</MediaTimePoint>
</MediaTime>
</VideoSegment>
</TemporalDecomposition>
</VideoSegment>
<VideoSegment id="shot110_126">
<MediaTime>
<MediaTimePoint>T00:22:13:15966F30000</MediaTimePoint>
<MediaDuration>PT00H00M03S28118N30000F</MediaDuration>
</MediaTime>
<TemporalDecomposition>
<VideoSegment id="shot110_126_NRKF_1">
<MediaTime>
<MediaTimePoint>T00:22:14:14995F30000</MediaTimePoint>
</MediaTime>
</VideoSegment>
<VideoSegment id="shot110_126_RKF">
<MediaTime>
<MediaTimePoint>T00:22:15:14024F30000</MediaTimePoint>
</MediaTime>
</VideoSegment>
<VideoSegment id="shot110_126_NRKF_2">
<MediaTime>
<MediaTimePoint>T00:22:16:14054F30000</MediaTimePoint>
</MediaTime>
</VideoSegment>
</TemporalDecomposition>
</VideoSegment>
<VideoSegment id="shot110_127">
<MediaTime>
<MediaTimePoint>T00:22:17:14084F30000</MediaTimePoint>
<MediaDuration>PT00H00M04S25145N30000F</MediaDuration>
</MediaTime>
<TemporalDecomposition>
<VideoSegment id="shot110_127_RKF">
<MediaTime>
<MediaTimePoint>T00:22:19:26156F30000</MediaTimePoint>
</MediaTime>
</VideoSegment>
</TemporalDecomposition>
</VideoSegment>
<VideoSegment id="shot110_128">
<MediaTime>
<MediaTimePoint>T00:22:22:9229F30000</MediaTimePoint>
<MediaDuration>PT00H00M03S4094N30000F</MediaDuration>
</MediaTime>
<TemporalDecomposition>
<VideoSegment id="shot110_128_NRKF_1">
<MediaTime>
<MediaTimePoint>T00:22:22:25245F30000</MediaTimePoint>
</MediaTime>
</VideoSegment>
<VideoSegment id="shot110_128_RKF">
<MediaTime>
<MediaTimePoint>T00:22:23:25275F30000</MediaTimePoint>
</MediaTime>
</VideoSegment>
<VideoSegment id="shot110_128_NRKF_2">
<MediaTime>
<MediaTimePoint>T00:22:24:12292F30000</MediaTimePoint>
</MediaTime>
</VideoSegment>
</TemporalDecomposition>
</VideoSegment>
<VideoSegment id="shot110_129">
<MediaTime>
<MediaTimePoint>T00:22:25:13323F30000</MediaTimePoint>
<MediaDuration>PT00H00M02S5065N30000F</MediaDuration>
</MediaTime>
<TemporalDecomposition>
<VideoSegment id="shot110_129_NRKF_1">
<MediaTime>
<MediaTimePoint>T00:22:25:16326F30000</MediaTimePoint>
</MediaTime>
</VideoSegment>
<VideoSegment id="shot110_129_NRKF_2">
<MediaTime>
<MediaTimePoint>T00:22:26:7347F30000</MediaTimePoint>
</MediaTime>
</VideoSegment>
<VideoSegment id="shot110_129_RKF">
<MediaTime>
<MediaTimePoint>T00:22:26:15355F30000</MediaTimePoint>
</MediaTime>
</VideoSegment>
<VideoSegment id="shot110_129_NRKF_3">
<MediaTime>
<MediaTimePoint>T00:22:27:6376F30000</MediaTimePoint>
</MediaTime>
</VideoSegment>
</TemporalDecomposition>
</VideoSegment>
<VideoSegment id="shot110_130">
<MediaTime>
<MediaTimePoint>T00:22:27:18388F30000</MediaTimePoint>
<MediaDuration>PT00H00M02S2062N30000F</MediaDuration>
</MediaTime>
<TemporalDecomposition>
<VideoSegment id="shot110_130_RKF">
<MediaTime>
<MediaTimePoint>T00:22:28:18418F30000</MediaTimePoint>
</MediaTime>
</VideoSegment>
</TemporalDecomposition>
</VideoSegment>
<VideoSegment id="shot110_131">
<MediaTime>
<MediaTimePoint>T00:22:29:20450F30000</MediaTimePoint>
<MediaDuration>PT00H00M02S22082N30000F</MediaDuration>
</MediaTime>
<TemporalDecomposition>
<VideoSegment id="shot110_131_NRKF_1">
<MediaTime>
<MediaTimePoint>T00:22:30:13473F30000</MediaTimePoint>
</MediaTime>
</VideoSegment>
<VideoSegment id="shot110_131_RKF">
<MediaTime>
<MediaTimePoint>T00:22:31:490F30000</MediaTimePoint>
</MediaTime>
</VideoSegment>
<VideoSegment id="shot110_131_NRKF_2">
<MediaTime>
<MediaTimePoint>T00:22:31:24514F30000</MediaTimePoint>
</MediaTime>
</VideoSegment>
</TemporalDecomposition>
</VideoSegment>
<VideoSegment id="shot110_132">
<MediaTime>
<MediaTimePoint>T00:22:32:12532F30000</MediaTimePoint>
<MediaDuration>PT00H00M02S15075N30000F</MediaDuration>
</MediaTime>
<TemporalDecomposition>
<VideoSegment id="shot110_132_NRKF_1">
<MediaTime>
<MediaTimePoint>T00:22:33:9559F30000</MediaTimePoint>
</MediaTime>
</VideoSegment>
<VideoSegment id="shot110_132_RKF">
<MediaTime>
<MediaTimePoint>T00:22:33:19569F30000</MediaTimePoint>
</MediaTime>
</VideoSegment>
<VideoSegment id="shot110_132_NRKF_2">
<MediaTime>
<MediaTimePoint>T00:22:34:17597F30000</MediaTimePoint>
</MediaTime>
</VideoSegment>
</TemporalDecomposition>
</VideoSegment>
<VideoSegment id="shot110_133">
<MediaTime>
<MediaTimePoint>T00:22:34:27607F30000</MediaTimePoint>
<MediaDuration>PT00H00M02S21081N30000F</MediaDuration>
</MediaTime>
<TemporalDecomposition>
<VideoSegment id="shot110_133_NRKF_1">
<MediaTime>
<MediaTimePoint>T00:22:35:1611F30000</MediaTimePoint>
</MediaTime>
</VideoSegment>
<VideoSegment id="shot110_133_NRKF_2">
<MediaTime>
<MediaTimePoint>T00:22:35:25635F30000</MediaTimePoint>
</MediaTime>
</VideoSegment>
<VideoSegment id="shot110_133_RKF">
<MediaTime>
<MediaTimePoint>T00:22:36:7647F30000</MediaTimePoint>
</MediaTime>
</VideoSegment>
<VideoSegment id="shot110_133_NRKF_3">
<MediaTime>
<MediaTimePoint>T00:22:37:1671F30000</MediaTimePoint>
</MediaTime>
</VideoSegment>
</TemporalDecomposition>
</VideoSegment>
<VideoSegment id="shot110_134">
<MediaTime>
<MediaTimePoint>T00:22:37:18688F30000</MediaTimePoint>
<MediaDuration>PT00H00M02S18078N30000F</MediaDuration>
</MediaTime>
<TemporalDecomposition>
<VideoSegment id="shot110_134_NRKF_1">
<MediaTime>
<MediaTimePoint>T00:22:38:8708F30000</MediaTimePoint>
</MediaTime>
</VideoSegment>
<VideoSegment id="shot110_134_RKF">
<MediaTime>
<MediaTimePoint>T00:22:38:26726F30000</MediaTimePoint>
</MediaTime>
</VideoSegment>
<VideoSegment id="shot110_134_NRKF_2">
<MediaTime>
<MediaTimePoint>T00:22:39:17747F30000</MediaTimePoint>
</MediaTime>
</VideoSegment>
</TemporalDecomposition>
</VideoSegment>
<VideoSegment id="shot110_135">
<MediaTime>
<MediaTimePoint>T00:22:40:6766F30000</MediaTimePoint>
<MediaDuration>PT00H00M02S5065N30000F</MediaDuration>
</MediaTime>
<TemporalDecomposition>
<VideoSegment id="shot110_135_NRKF_1">
<MediaTime>
<MediaTimePoint>T00:22:40:12772F30000</MediaTimePoint>
</MediaTime>
</VideoSegment>
<VideoSegment id="shot110_135_RKF">
<MediaTime>
<MediaTimePoint>T00:22:41:8798F30000</MediaTimePoint>
</MediaTime>
</VideoSegment>
<VideoSegment id="shot110_135_NRKF_2">
<MediaTime>
<MediaTimePoint>T00:22:41:14804F30000</MediaTimePoint>
</MediaTime>
</VideoSegment>
</TemporalDecomposition>
</VideoSegment>
<VideoSegment id="shot110_136">
<MediaTime>
<MediaTimePoint>T00:22:42:11831F30000</MediaTimePoint>
<MediaDuration>PT00H00M03S10100N30000F</MediaDuration>
</MediaTime>
<TemporalDecomposition>
<VideoSegment id="shot110_136_NRKF_1">
<MediaTime>
<MediaTimePoint>T00:22:43:2852F30000</MediaTimePoint>
</MediaTime>
</VideoSegment>
<VideoSegment id="shot110_136_RKF">
<MediaTime>
<MediaTimePoint>T00:22:44:880F30000</MediaTimePoint>
</MediaTime>
</VideoSegment>
<VideoSegment id="shot110_136_NRKF_2">
<MediaTime>
<MediaTimePoint>T00:22:44:22902F30000</MediaTimePoint>
</MediaTime>
</VideoSegment>
</TemporalDecomposition>
</VideoSegment>
<VideoSegment id="shot110_137">
<MediaTime>
<MediaTimePoint>T00:22:45:21931F30000</MediaTimePoint>
<MediaDuration>PT00H00M03S5095N30000F</MediaDuration>
</MediaTime>
<TemporalDecomposition>
<VideoSegment id="shot110_137_NRKF_1">
<MediaTime>
<MediaTimePoint>T00:22:45:26936F30000</MediaTimePoint>
</MediaTime>
</VideoSegment>
<VideoSegment id="shot110_137_NRKF_2">
<MediaTime>
<MediaTimePoint>T00:22:46:17957F30000</MediaTimePoint>
</MediaTime>
</VideoSegment>
<VideoSegment id="shot110_137_RKF">
<MediaTime>
<MediaTimePoint>T00:22:47:8978F30000</MediaTimePoint>
</MediaTime>
</VideoSegment>
<VideoSegment id="shot110_137_NRKF_3">
<MediaTime>
<MediaTimePoint>T00:22:47:29999F30000</MediaTimePoint>
</MediaTime>
</VideoSegment>
</TemporalDecomposition>
</VideoSegment>
<VideoSegment id="shot110_138">
<MediaTime>
<MediaTimePoint>T00:22:48:27026F30000</MediaTimePoint>
<MediaDuration>PT00H00M03S4094N30000F</MediaDuration>
</MediaTime>
<TemporalDecomposition>
<VideoSegment id="shot110_138_RKF">
<MediaTime>
<MediaTimePoint>T00:22:50:13072F30000</MediaTimePoint>
</MediaTime>
</VideoSegment>
</TemporalDecomposition>
</VideoSegment>
<VideoSegment id="shot110_139">
<MediaTime>
<MediaTimePoint>T00:22:52:1120F30000</MediaTimePoint>
<MediaDuration>PT00H00M03S3093N30000F</MediaDuration>
</MediaTime>
<TemporalDecomposition>
<VideoSegment id="shot110_139_NRKF_1">
<MediaTime>
<MediaTimePoint>T00:22:52:27146F30000</MediaTimePoint>
</MediaTime>
</VideoSegment>
<VideoSegment id="shot110_139_RKF">
<MediaTime>
<MediaTimePoint>T00:22:53:17166F30000</MediaTimePoint>
</MediaTime>
</VideoSegment>
<VideoSegment id="shot110_139_NRKF_2">
<MediaTime>
<MediaTimePoint>T00:22:54:14193F30000</MediaTimePoint>
</MediaTime>
</VideoSegment>
</TemporalDecomposition>
</VideoSegment>
<VideoSegment id="shot110_140">
<MediaTime>
<MediaTimePoint>T00:22:55:4213F30000</MediaTimePoint>
<MediaDuration>PT00H00M03S8098N30000F</MediaDuration>
</MediaTime>
<TemporalDecomposition>
<VideoSegment id="shot110_140_NRKF_1">
<MediaTime>
<MediaTimePoint>T00:22:55:27236F30000</MediaTimePoint>
</MediaTime>
</VideoSegment>
<VideoSegment id="shot110_140_RKF">
<MediaTime>
<MediaTimePoint>T00:22:56:22261F30000</MediaTimePoint>
</MediaTime>
</VideoSegment>
<VideoSegment id="shot110_140_NRKF_2">
<MediaTime>
<MediaTimePoint>T00:22:57:16285F30000</MediaTimePoint>
</MediaTime>
</VideoSegment>
</TemporalDecomposition>
</VideoSegment>
<VideoSegment id="shot110_141">
<MediaTime>
<MediaTimePoint>T00:22:58:12311F30000</MediaTimePoint>
<MediaDuration>PT00H00M02S1061N30000F</MediaDuration>
</MediaTime>
<TemporalDecomposition>
<VideoSegment id="shot110_141_NRKF_1">
<MediaTime>
<MediaTimePoint>T00:22:58:22321F30000</MediaTimePoint>
</MediaTime>
</VideoSegment>
<VideoSegment id="shot110_141_RKF">
<MediaTime>
<MediaTimePoint>T00:22:59:12341F30000</MediaTimePoint>
</MediaTime>
</VideoSegment>
<VideoSegment id="shot110_141_NRKF_2">
<MediaTime>
<MediaTimePoint>T00:22:59:22351F30000</MediaTimePoint>
</MediaTime>
</VideoSegment>
</TemporalDecomposition>
</VideoSegment>
<VideoSegment id="shot110_142">
<MediaTime>
<MediaTimePoint>T00:23:00:13372F30000</MediaTimePoint>
<MediaDuration>PT00H00M02S1061N30000F</MediaDuration>
</MediaTime>
<TemporalDecomposition>
<VideoSegment id="shot110_142_NRKF_1">
<MediaTime>
<MediaTimePoint>T00:23:00:27386F30000</MediaTimePoint>
</MediaTime>
</VideoSegment>
<VideoSegment id="shot110_142_RKF">
<MediaTime>
<MediaTimePoint>T00:23:01:13402F30000</MediaTimePoint>
</MediaTime>
</VideoSegment>
<VideoSegment id="shot110_142_NRKF_2">
<MediaTime>
<MediaTimePoint>T00:23:01:28417F30000</MediaTimePoint>
</MediaTime>
</VideoSegment>
</TemporalDecomposition>
</VideoSegment>
<VideoSegment id="shot110_143">
<MediaTime>
<MediaTimePoint>T00:23:02:14433F30000</MediaTimePoint>
<MediaDuration>PT00H00M03S13103N30000F</MediaDuration>
</MediaTime>
<TemporalDecomposition>
<VideoSegment id="shot110_143_NRKF_1">
<MediaTime>
<MediaTimePoint>T00:23:03:6455F30000</MediaTimePoint>
</MediaTime>
</VideoSegment>
<VideoSegment id="shot110_143_RKF">
<MediaTime>
<MediaTimePoint>T00:23:04:5484F30000</MediaTimePoint>
</MediaTime>
</VideoSegment>
<VideoSegment id="shot110_143_NRKF_2">
<MediaTime>
<MediaTimePoint>T00:23:04:27506F30000</MediaTimePoint>
</MediaTime>
</VideoSegment>
</TemporalDecomposition>
</VideoSegment>
<VideoSegment id="shot110_144">
<MediaTime>
<MediaTimePoint>T00:23:05:27536F30000</MediaTimePoint>
<MediaDuration>PT00H00M03S1091N30000F</MediaDuration>
</MediaTime>
<TemporalDecomposition>
<VideoSegment id="shot110_144_NRKF_1">
<MediaTime>
<MediaTimePoint>T00:23:06:12551F30000</MediaTimePoint>
</MediaTime>
</VideoSegment>
<VideoSegment id="shot110_144_RKF">
<MediaTime>
<MediaTimePoint>T00:23:07:12581F30000</MediaTimePoint>
</MediaTime>
</VideoSegment>
<VideoSegment id="shot110_144_NRKF_2">
<MediaTime>
<MediaTimePoint>T00:23:07:27596F30000</MediaTimePoint>
</MediaTime>
</VideoSegment>
</TemporalDecomposition>
</VideoSegment>
<VideoSegment id="shot110_145">
<MediaTime>
<MediaTimePoint>T00:23:08:28627F30000</MediaTimePoint>
<MediaDuration>PT00H00M05S5155N30000F</MediaDuration>
</MediaTime>
<TemporalDecomposition>
<VideoSegment id="shot110_145_NRKF_1">
<MediaTime>
<MediaTimePoint>T00:23:09:22651F30000</MediaTimePoint>
</MediaTime>
</VideoSegment>
<VideoSegment id="shot110_145_RKF">
<MediaTime>
<MediaTimePoint>T00:23:11:15704F30000</MediaTimePoint>
</MediaTime>
</VideoSegment>
<VideoSegment id="shot110_145_NRKF_2">
<MediaTime>
<MediaTimePoint>T00:23:12:10729F30000</MediaTimePoint>
</MediaTime>
</VideoSegment>
</TemporalDecomposition>
</VideoSegment>
<VideoSegment id="shot110_146">
<MediaTime>
<MediaTimePoint>T00:23:14:3782F30000</MediaTimePoint>
<MediaDuration>PT00H00M02S18078N30000F</MediaDuration>
</MediaTime>
<TemporalDecomposition>
<VideoSegment id="shot110_146_NRKF_1">
<MediaTime>
<MediaTimePoint>T00:23:14:24803F30000</MediaTimePoint>
</MediaTime>
</VideoSegment>
<VideoSegment id="shot110_146_RKF">
<MediaTime>
<MediaTimePoint>T00:23:15:11820F30000</MediaTimePoint>
</MediaTime>
</VideoSegment>
<VideoSegment id="shot110_146_NRKF_2">
<MediaTime>
<MediaTimePoint>T00:23:16:3842F30000</MediaTimePoint>
</MediaTime>
</VideoSegment>
</TemporalDecomposition>
</VideoSegment>
<VideoSegment id="shot110_147">
<MediaTime>
<MediaTimePoint>T00:23:16:21860F30000</MediaTimePoint>
<MediaDuration>PT00H00M02S10070N30000F</MediaDuration>
</MediaTime>
<TemporalDecomposition>
<VideoSegment id="shot110_147_NRKF_1">
<MediaTime>
<MediaTimePoint>T00:23:17:18887F30000</MediaTimePoint>
</MediaTime>
</VideoSegment>
<VideoSegment id="shot110_147_RKF">
<MediaTime>
<MediaTimePoint>T00:23:17:25894F30000</MediaTimePoint>
</MediaTime>
</VideoSegment>
<VideoSegment id="shot110_147_NRKF_2">
<MediaTime>
<MediaTimePoint>T00:23:18:23922F30000</MediaTimePoint>
</MediaTime>
</VideoSegment>
</TemporalDecomposition>
</VideoSegment>
<VideoSegment id="shot110_148">
<MediaTime>
<MediaTimePoint>T00:23:19:1930F30000</MediaTimePoint>
<MediaDuration>PT00H00M02S29089N30000F</MediaDuration>
</MediaTime>
<TemporalDecomposition>
<VideoSegment id="shot110_148_RKF">
<MediaTime>
<MediaTimePoint>T00:23:20:15974F30000</MediaTimePoint>
</MediaTime>
</VideoSegment>
</TemporalDecomposition>
</VideoSegment>
<VideoSegment id="shot110_149">
<MediaTime>
<MediaTimePoint>T00:23:22:1019F30000</MediaTimePoint>
<MediaDuration>PT00H00M02S14074N30000F</MediaDuration>
</MediaTime>
<TemporalDecomposition>
<VideoSegment id="shot110_149_NRKF_1">
<MediaTime>
<MediaTimePoint>T00:23:22:19037F30000</MediaTimePoint>
</MediaTime>
</VideoSegment>
<VideoSegment id="shot110_149_RKF">
<MediaTime>
<MediaTimePoint>T00:23:23:7055F30000</MediaTimePoint>
</MediaTime>
</VideoSegment>
<VideoSegment id="shot110_149_NRKF_2">
<MediaTime>
<MediaTimePoint>T00:23:23:26074F30000</MediaTimePoint>
</MediaTime>
</VideoSegment>
</TemporalDecomposition>
</VideoSegment>
<VideoSegment id="shot110_150">
<MediaTime>
<MediaTimePoint>T00:23:24:15093F30000</MediaTimePoint>
<MediaDuration>PT00H00M02S28088N30000F</MediaDuration>
</MediaTime>
<TemporalDecomposition>
<VideoSegment id="shot110_150_RKF">
<MediaTime>
<MediaTimePoint>T00:23:25:28136F30000</MediaTimePoint>
</MediaTime>
</VideoSegment>
</TemporalDecomposition>
</VideoSegment>
<VideoSegment id="shot110_151">
<MediaTime>
<MediaTimePoint>T00:23:27:13181F30000</MediaTimePoint>
<MediaDuration>PT00H00M03S10100N30000F</MediaDuration>
</MediaTime>
<TemporalDecomposition>
<VideoSegment id="shot110_151_RKF">
<MediaTime>
<MediaTimePoint>T00:23:29:2230F30000</MediaTimePoint>
</MediaTime>
</VideoSegment>
</TemporalDecomposition>
</VideoSegment>
<VideoSegment id="shot110_152">
<MediaTime>
<MediaTimePoint>T00:23:30:23281F30000</MediaTimePoint>
<MediaDuration>PT00H00M03S23113N30000F</MediaDuration>
</MediaTime>
<TemporalDecomposition>
<VideoSegment id="shot110_152_NRKF_1">
<MediaTime>
<MediaTimePoint>T00:23:31:5293F30000</MediaTimePoint>
</MediaTime>
</VideoSegment>
<VideoSegment id="shot110_152_NRKF_2">
<MediaTime>
<MediaTimePoint>T00:23:32:3321F30000</MediaTimePoint>
</MediaTime>
</VideoSegment>
<VideoSegment id="shot110_152_RKF">
<MediaTime>
<MediaTimePoint>T00:23:32:19337F30000</MediaTimePoint>
</MediaTime>
</VideoSegment>
<VideoSegment id="shot110_152_NRKF_3">
<MediaTime>
<MediaTimePoint>T00:23:33:17365F30000</MediaTimePoint>
</MediaTime>
</VideoSegment>
</TemporalDecomposition>
</VideoSegment>
<VideoSegment id="shot110_153">
<MediaTime>
<MediaTimePoint>T00:23:34:16394F30000</MediaTimePoint>
<MediaDuration>PT00H00M06S26206N30000F</MediaDuration>
</MediaTime>
<TemporalDecomposition>
<VideoSegment id="shot110_153_RKF">
<MediaTime>
<MediaTimePoint>T00:23:37:28496F30000</MediaTimePoint>
</MediaTime>
</VideoSegment>
</TemporalDecomposition>
</VideoSegment>
<VideoSegment id="shot110_154">
<MediaTime>
<MediaTimePoint>T00:23:41:12600F30000</MediaTimePoint>
<MediaDuration>PT00H00M02S20080N30000F</MediaDuration>
</MediaTime>
<TemporalDecomposition>
<VideoSegment id="shot110_154_NRKF_1">
<MediaTime>
<MediaTimePoint>T00:23:42:5623F30000</MediaTimePoint>
</MediaTime>
</VideoSegment>
<VideoSegment id="shot110_154_RKF">
<MediaTime>
<MediaTimePoint>T00:23:42:21639F30000</MediaTimePoint>
</MediaTime>
</VideoSegment>
<VideoSegment id="shot110_154_NRKF_2">
<MediaTime>
<MediaTimePoint>T00:23:43:15663F30000</MediaTimePoint>
</MediaTime>
</VideoSegment>
</TemporalDecomposition>
</VideoSegment>
<VideoSegment id="shot110_155">
<MediaTime>
<MediaTimePoint>T00:23:44:2680F30000</MediaTimePoint>
<MediaDuration>PT00H00M02S12072N30000F</MediaDuration>
</MediaTime>
<TemporalDecomposition>
<VideoSegment id="shot110_155_NRKF_1">
<MediaTime>
<MediaTimePoint>T00:23:44:18696F30000</MediaTimePoint>
</MediaTime>
</VideoSegment>
<VideoSegment id="shot110_155_RKF">
<MediaTime>
<MediaTimePoint>T00:23:45:7715F30000</MediaTimePoint>
</MediaTime>
</VideoSegment>
<VideoSegment id="shot110_155_NRKF_2">
<MediaTime>
<MediaTimePoint>T00:23:45:24732F30000</MediaTimePoint>
</MediaTime>
</VideoSegment>
</TemporalDecomposition>
</VideoSegment>
<VideoSegment id="shot110_156">
<MediaTime>
<MediaTimePoint>T00:23:46:14752F30000</MediaTimePoint>
<MediaDuration>PT00H00M03S3093N30000F</MediaDuration>
</MediaTime>
<TemporalDecomposition>
<VideoSegment id="shot110_156_NRKF_1">
<MediaTime>
<MediaTimePoint>T00:23:47:4772F30000</MediaTimePoint>
</MediaTime>
</VideoSegment>
<VideoSegment id="shot110_156_RKF">
<MediaTime>
<MediaTimePoint>T00:23:48:798F30000</MediaTimePoint>
</MediaTime>
</VideoSegment>
<VideoSegment id="shot110_156_NRKF_2">
<MediaTime>
<MediaTimePoint>T00:23:48:21819F30000</MediaTimePoint>
</MediaTime>
</VideoSegment>
</TemporalDecomposition>
</VideoSegment>
<VideoSegment id="shot110_157">
<MediaTime>
<MediaTimePoint>T00:23:49:17845F30000</MediaTimePoint>
<MediaDuration>PT00H00M03S23113N30000F</MediaDuration>
</MediaTime>
<TemporalDecomposition>
<VideoSegment id="shot110_157_RKF">
<MediaTime>
<MediaTimePoint>T00:23:51:13901F30000</MediaTimePoint>
</MediaTime>
</VideoSegment>
</TemporalDecomposition>
</VideoSegment>
<VideoSegment id="shot110_158">
<MediaTime>
<MediaTimePoint>T00:23:53:10958F30000</MediaTimePoint>
<MediaDuration>PT00H00M03S19109N30000F</MediaDuration>
</MediaTime>
<TemporalDecomposition>
<VideoSegment id="shot110_158_NRKF_1">
<MediaTime>
<MediaTimePoint>T00:23:54:5983F30000</MediaTimePoint>
</MediaTime>
</VideoSegment>
<VideoSegment id="shot110_158_RKF">
<MediaTime>
<MediaTimePoint>T00:23:55:5012F30000</MediaTimePoint>
</MediaTime>
</VideoSegment>
<VideoSegment id="shot110_158_NRKF_2">
<MediaTime>
<MediaTimePoint>T00:23:56:1038F30000</MediaTimePoint>
</MediaTime>
</VideoSegment>
</TemporalDecomposition>
</VideoSegment>
<VideoSegment id="shot110_159">
<MediaTime>
<MediaTimePoint>T00:23:57:67F30000</MediaTimePoint>
<MediaDuration>PT00H00M03S19109N30000F</MediaDuration>
</MediaTime>
<TemporalDecomposition>
<VideoSegment id="shot110_159_RKF">
<MediaTime>
<MediaTimePoint>T00:23:58:24121F30000</MediaTimePoint>
</MediaTime>
</VideoSegment>
</TemporalDecomposition>
</VideoSegment>
<VideoSegment id="shot110_160">
<MediaTime>
<MediaTimePoint>T00:24:00:19176F30000</MediaTimePoint>
<MediaDuration>PT00H00M03S21111N30000F</MediaDuration>
</MediaTime>
<TemporalDecomposition>
<VideoSegment id="shot110_160_NRKF_1">
<MediaTime>
<MediaTimePoint>T00:24:01:1188F30000</MediaTimePoint>
</MediaTime>
</VideoSegment>
<VideoSegment id="shot110_160_NRKF_2">
<MediaTime>
<MediaTimePoint>T00:24:01:22209F30000</MediaTimePoint>
</MediaTime>
</VideoSegment>
<VideoSegment id="shot110_160_RKF">
<MediaTime>
<MediaTimePoint>T00:24:02:14231F30000</MediaTimePoint>
</MediaTime>
</VideoSegment>
<VideoSegment id="shot110_160_NRKF_3">
<MediaTime>
<MediaTimePoint>T00:24:03:5252F30000</MediaTimePoint>
</MediaTime>
</VideoSegment>
</TemporalDecomposition>
</VideoSegment>
<VideoSegment id="shot110_161">
<MediaTime>
<MediaTimePoint>T00:24:04:10287F30000</MediaTimePoint>
<MediaDuration>PT00H00M02S16076N30000F</MediaDuration>
</MediaTime>
<TemporalDecomposition>
<VideoSegment id="shot110_161_RKF">
<MediaTime>
<MediaTimePoint>T00:24:05:17324F30000</MediaTimePoint>
</MediaTime>
</VideoSegment>
</TemporalDecomposition>
</VideoSegment>
<VideoSegment id="shot110_162">
<MediaTime>
<MediaTimePoint>T00:24:06:26363F30000</MediaTimePoint>
<MediaDuration>PT00H00M05S7157N30000F</MediaDuration>
</MediaTime>
<TemporalDecomposition>
<VideoSegment id="shot110_162_RKF">
<MediaTime>
<MediaTimePoint>T00:24:09:14441F30000</MediaTimePoint>
</MediaTime>
</VideoSegment>
</TemporalDecomposition>
</VideoSegment>
<VideoSegment id="shot110_163">
<MediaTime>
<MediaTimePoint>T00:24:12:3520F30000</MediaTimePoint>
<MediaDuration>PT00H00M03S18108N30000F</MediaDuration>
</MediaTime>
<TemporalDecomposition>
<VideoSegment id="shot110_163_RKF">
<MediaTime>
<MediaTimePoint>T00:24:13:26573F30000</MediaTimePoint>
</MediaTime>
</VideoSegment>
</TemporalDecomposition>
</VideoSegment>
<VideoSegment id="shot110_164">
<MediaTime>
<MediaTimePoint>T00:24:15:21628F30000</MediaTimePoint>
<MediaDuration>PT00H00M04S5125N30000F</MediaDuration>
</MediaTime>
<TemporalDecomposition>
<VideoSegment id="shot110_164_RKF">
<MediaTime>
<MediaTimePoint>T00:24:17:23690F30000</MediaTimePoint>
</MediaTime>
</VideoSegment>
</TemporalDecomposition>
</VideoSegment>
<VideoSegment id="shot110_165">
<MediaTime>
<MediaTimePoint>T00:24:19:26753F30000</MediaTimePoint>
<MediaDuration>PT00H00M05S14164N30000F</MediaDuration>
</MediaTime>
<TemporalDecomposition>
<VideoSegment id="shot110_165_RKF">
<MediaTime>
<MediaTimePoint>T00:24:22:17834F30000</MediaTimePoint>
</MediaTime>
</VideoSegment>
</TemporalDecomposition>
</VideoSegment>
<VideoSegment id="shot110_166">
<MediaTime>
<MediaTimePoint>T00:24:25:10917F30000</MediaTimePoint>
<MediaDuration>PT00H00M07S8218N30000F</MediaDuration>
</MediaTime>
<TemporalDecomposition>
<VideoSegment id="shot110_166_RKF">
<MediaTime>
<MediaTimePoint>T00:24:28:29025F30000</MediaTimePoint>
</MediaTime>
</VideoSegment>
</TemporalDecomposition>
</VideoSegment>
<VideoSegment id="shot110_167">
<MediaTime>
<MediaTimePoint>T00:24:32:19135F30000</MediaTimePoint>
<MediaDuration>PT00H00M04S12132N30000F</MediaDuration>
</MediaTime>
<TemporalDecomposition>
<VideoSegment id="shot110_167_RKF">
<MediaTime>
<MediaTimePoint>T00:24:34:24200F30000</MediaTimePoint>
</MediaTime>
</VideoSegment>
</TemporalDecomposition>
</VideoSegment>
<VideoSegment id="shot110_168">
<MediaTime>
<MediaTimePoint>T00:24:37:1267F30000</MediaTimePoint>
<MediaDuration>PT00H00M02S11071N30000F</MediaDuration>
</MediaTime>
<TemporalDecomposition>
<VideoSegment id="shot110_168_RKF">
<MediaTime>
<MediaTimePoint>T00:24:38:6302F30000</MediaTimePoint>
</MediaTime>
</VideoSegment>
</TemporalDecomposition>
</VideoSegment>
<VideoSegment id="shot110_169">
<MediaTime>
<MediaTimePoint>T00:24:39:12338F30000</MediaTimePoint>
<MediaDuration>PT00H00M02S11071N30000F</MediaDuration>
</MediaTime>
<TemporalDecomposition>
<VideoSegment id="shot110_169_RKF">
<MediaTime>
<MediaTimePoint>T00:24:40:17373F30000</MediaTimePoint>
</MediaTime>
</VideoSegment>
</TemporalDecomposition>
</VideoSegment>
<VideoSegment id="shot110_170">
<MediaTime>
<MediaTimePoint>T00:24:41:23409F30000</MediaTimePoint>
<MediaDuration>PT00H00M07S26236N30000F</MediaDuration>
</MediaTime>
<TemporalDecomposition>
<VideoSegment id="shot110_170_RKF">
<MediaTime>
<MediaTimePoint>T00:24:45:20526F30000</MediaTimePoint>
</MediaTime>
</VideoSegment>
</TemporalDecomposition>
</VideoSegment>
<VideoSegment id="shot110_171">
<MediaTime>
<MediaTimePoint>T00:24:49:19645F30000</MediaTimePoint>
<MediaDuration>PT00H00M02S11071N30000F</MediaDuration>
</MediaTime>
<TemporalDecomposition>
<VideoSegment id="shot110_171_NRKF_1">
<MediaTime>
<MediaTimePoint>T00:24:50:14670F30000</MediaTimePoint>
</MediaTime>
</VideoSegment>
<VideoSegment id="shot110_171_RKF">
<MediaTime>
<MediaTimePoint>T00:24:50:24680F30000</MediaTimePoint>
</MediaTime>
</VideoSegment>
<VideoSegment id="shot110_171_NRKF_2">
<MediaTime>
<MediaTimePoint>T00:24:51:19705F30000</MediaTimePoint>
</MediaTime>
</VideoSegment>
</TemporalDecomposition>
</VideoSegment>
<VideoSegment id="shot110_172">
<MediaTime>
<MediaTimePoint>T00:24:52:716F30000</MediaTimePoint>
<MediaDuration>PT00H00M42S12271N30000F</MediaDuration>
</MediaTime>
<TemporalDecomposition>
<VideoSegment id="shot110_172_NRKF_1">
<MediaTime>
<MediaTimePoint>T00:24:52:13729F30000</MediaTimePoint>
</MediaTime>
</VideoSegment>
<VideoSegment id="shot110_172_NRKF_2">
<MediaTime>
<MediaTimePoint>T00:24:53:3749F30000</MediaTimePoint>
</MediaTime>
</VideoSegment>
<VideoSegment id="shot110_172_RKF">
<MediaTime>
<MediaTimePoint>T00:25:13:6351F30000</MediaTimePoint>
</MediaTime>
</VideoSegment>
<VideoSegment id="shot110_172_NRKF_3">
<MediaTime>
<MediaTimePoint>T00:25:13:26371F30000</MediaTimePoint>
</MediaTime>
</VideoSegment>
</TemporalDecomposition>
</VideoSegment>
<VideoSegment id="shot110_173">
<MediaTime>
<MediaTimePoint>T00:25:34:12987F30000</MediaTimePoint>
<MediaDuration>PT00H00M02S2062N30000F</MediaDuration>
</MediaTime>
<TemporalDecomposition>
<VideoSegment id="shot110_173_RKF">
<MediaTime>
<MediaTimePoint>T00:25:35:13017F30000</MediaTimePoint>
</MediaTime>
</VideoSegment>
</TemporalDecomposition>
</VideoSegment>
<VideoSegment id="shot110_174">
<MediaTime>
<MediaTimePoint>T00:25:36:15049F30000</MediaTimePoint>
<MediaDuration>PT00H00M04S7127N30000F</MediaDuration>
</MediaTime>
<TemporalDecomposition>
<VideoSegment id="shot110_174_RKF">
<MediaTime>
<MediaTimePoint>T00:25:38:18112F30000</MediaTimePoint>
</MediaTime>
</VideoSegment>
</TemporalDecomposition>
</VideoSegment>
<VideoSegment id="shot110_175">
<MediaTime>
<MediaTimePoint>T00:25:40:22176F30000</MediaTimePoint>
<MediaDuration>PT00H00M03S6096N30000F</MediaDuration>
</MediaTime>
<TemporalDecomposition>
<VideoSegment id="shot110_175_RKF">
<MediaTime>
<MediaTimePoint>T00:25:42:9223F30000</MediaTimePoint>
</MediaTime>
</VideoSegment>
</TemporalDecomposition>
</VideoSegment>
<VideoSegment id="shot110_176">
<MediaTime>
<MediaTimePoint>T00:25:43:28272F30000</MediaTimePoint>
<MediaDuration>PT00H00M02S7067N30000F</MediaDuration>
</MediaTime>
<TemporalDecomposition>
<VideoSegment id="shot110_176_RKF">
<MediaTime>
<MediaTimePoint>T00:25:45:1305F30000</MediaTimePoint>
</MediaTime>
</VideoSegment>
</TemporalDecomposition>
</VideoSegment>
<VideoSegment id="shot110_177">
<MediaTime>
<MediaTimePoint>T00:25:46:5339F30000</MediaTimePoint>
<MediaDuration>PT00H00M12S14374N30000F</MediaDuration>
</MediaTime>
<TemporalDecomposition>
<VideoSegment id="shot110_177_NRKF_1">
<MediaTime>
<MediaTimePoint>T00:25:46:28362F30000</MediaTimePoint>
</MediaTime>
</VideoSegment>
<VideoSegment id="shot110_177_RKF">
<MediaTime>
<MediaTimePoint>T00:25:52:11525F30000</MediaTimePoint>
</MediaTime>
</VideoSegment>
<VideoSegment id="shot110_177_NRKF_2">
<MediaTime>
<MediaTimePoint>T00:25:53:5549F30000</MediaTimePoint>
</MediaTime>
</VideoSegment>
</TemporalDecomposition>
</VideoSegment>
<VideoSegment id="shot110_178">
<MediaTime>
<MediaTimePoint>T00:25:58:19713F30000</MediaTimePoint>
<MediaDuration>PT00H00M07S12222N30000F</MediaDuration>
</MediaTime>
<TemporalDecomposition>
<VideoSegment id="shot110_178_RKF">
<MediaTime>
<MediaTimePoint>T00:26:02:9823F30000</MediaTimePoint>
</MediaTime>
</VideoSegment>
</TemporalDecomposition>
</VideoSegment>
<VideoSegment id="shot110_179">
<MediaTime>
<MediaTimePoint>T00:26:06:1935F30000</MediaTimePoint>
<MediaDuration>PT00H00M03S15105N30000F</MediaDuration>
</MediaTime>
<TemporalDecomposition>
<VideoSegment id="shot110_179_RKF">
<MediaTime>
<MediaTimePoint>T00:26:07:23987F30000</MediaTimePoint>
</MediaTime>
</VideoSegment>
</TemporalDecomposition>
</VideoSegment>
<VideoSegment id="shot110_180">
<MediaTime>
<MediaTimePoint>T00:26:09:17040F30000</MediaTimePoint>
<MediaDuration>PT00H00M10S10310N30000F</MediaDuration>
</MediaTime>
<TemporalDecomposition>
<VideoSegment id="shot110_180_RKF">
<MediaTime>
<MediaTimePoint>T00:26:14:21194F30000</MediaTimePoint>
</MediaTime>
</VideoSegment>
</TemporalDecomposition>
</VideoSegment>
<VideoSegment id="shot110_181">
<MediaTime>
<MediaTimePoint>T00:26:19:27350F30000</MediaTimePoint>
<MediaDuration>PT00H00M07S4214N30000F</MediaDuration>
</MediaTime>
<TemporalDecomposition>
<VideoSegment id="shot110_181_RKF">
<MediaTime>
<MediaTimePoint>T00:26:23:13456F30000</MediaTimePoint>
</MediaTime>
</VideoSegment>
</TemporalDecomposition>
</VideoSegment>
<VideoSegment id="shot110_182">
<MediaTime>
<MediaTimePoint>T00:26:27:1564F30000</MediaTimePoint>
<MediaDuration>PT00H00M02S8068N30000F</MediaDuration>
</MediaTime>
<TemporalDecomposition>
<VideoSegment id="shot110_182_RKF">
<MediaTime>
<MediaTimePoint>T00:26:28:4597F30000</MediaTimePoint>
</MediaTime>
</VideoSegment>
</TemporalDecomposition>
</VideoSegment>
<VideoSegment id="shot110_183">
<MediaTime>
<MediaTimePoint>T00:26:29:9632F30000</MediaTimePoint>
<MediaDuration>PT00H00M06S7187N30000F</MediaDuration>
</MediaTime>
<TemporalDecomposition>
<VideoSegment id="shot110_183_RKF">
<MediaTime>
<MediaTimePoint>T00:26:32:12725F30000</MediaTimePoint>
</MediaTime>
</VideoSegment>
</TemporalDecomposition>
</VideoSegment>
<VideoSegment id="shot110_184">
<MediaTime>
<MediaTimePoint>T00:26:35:16819F30000</MediaTimePoint>
<MediaDuration>PT00H00M05S26176N30000F</MediaDuration>
</MediaTime>
<TemporalDecomposition>
<VideoSegment id="shot110_184_RKF">
<MediaTime>
<MediaTimePoint>T00:26:38:13906F30000</MediaTimePoint>
</MediaTime>
</VideoSegment>
</TemporalDecomposition>
</VideoSegment>
<VideoSegment id="shot110_185">
<MediaTime>
<MediaTimePoint>T00:26:41:12995F30000</MediaTimePoint>
<MediaDuration>PT00H00M07S8218N30000F</MediaDuration>
</MediaTime>
<TemporalDecomposition>
<VideoSegment id="shot110_185_RKF">
<MediaTime>
<MediaTimePoint>T00:26:45:1103F30000</MediaTimePoint>
</MediaTime>
</VideoSegment>
</TemporalDecomposition>
</VideoSegment>
<VideoSegment id="shot110_186">
<MediaTime>
<MediaTimePoint>T00:26:48:21213F30000</MediaTimePoint>
<MediaDuration>PT00H00M04S23143N30000F</MediaDuration>
</MediaTime>
<TemporalDecomposition>
<VideoSegment id="shot110_186_RKF">
<MediaTime>
<MediaTimePoint>T00:26:51:2284F30000</MediaTimePoint>
</MediaTime>
</VideoSegment>
</TemporalDecomposition>
</VideoSegment>
<VideoSegment id="shot110_187">
<MediaTime>
<MediaTimePoint>T00:26:53:14356F30000</MediaTimePoint>
<MediaDuration>PT00H00M06S27207N30000F</MediaDuration>
</MediaTime>
<TemporalDecomposition>
<VideoSegment id="shot110_187_RKF">
<MediaTime>
<MediaTimePoint>T00:26:56:27459F30000</MediaTimePoint>
</MediaTime>
</VideoSegment>
</TemporalDecomposition>
</VideoSegment>
<VideoSegment id="shot110_188">
<MediaTime>
<MediaTimePoint>T00:27:00:11563F30000</MediaTimePoint>
<MediaDuration>PT00H00M13S14404N30000F</MediaDuration>
</MediaTime>
<TemporalDecomposition>
<VideoSegment id="shot110_188_RKF">
<MediaTime>
<MediaTimePoint>T00:27:07:2764F30000</MediaTimePoint>
</MediaTime>
</VideoSegment>
</TemporalDecomposition>
</VideoSegment>
<VideoSegment id="shot110_189">
<MediaTime>
<MediaTimePoint>T00:27:13:25967F30000</MediaTimePoint>
<MediaDuration>PT00H00M02S13073N30000F</MediaDuration>
</MediaTime>
<TemporalDecomposition>
<VideoSegment id="shot110_189_NRKF_1">
<MediaTime>
<MediaTimePoint>T00:27:14:6978F30000</MediaTimePoint>
</MediaTime>
</VideoSegment>
<VideoSegment id="shot110_189_RKF">
<MediaTime>
<MediaTimePoint>T00:27:15:2003F30000</MediaTimePoint>
</MediaTime>
</VideoSegment>
<VideoSegment id="shot110_189_NRKF_2">
<MediaTime>
<MediaTimePoint>T00:27:15:14015F30000</MediaTimePoint>
</MediaTime>
</VideoSegment>
</TemporalDecomposition>
</VideoSegment>
<VideoSegment id="shot110_190">
<MediaTime>
<MediaTimePoint>T00:27:16:9040F30000</MediaTimePoint>
<MediaDuration>PT00H00M04S8128N30000F</MediaDuration>
</MediaTime>
<TemporalDecomposition>
<VideoSegment id="shot110_190_NRKF_1">
<MediaTime>
<MediaTimePoint>T00:27:17:2063F30000</MediaTimePoint>
</MediaTime>
</VideoSegment>
<VideoSegment id="shot110_190_RKF">
<MediaTime>
<MediaTimePoint>T00:27:18:12103F30000</MediaTimePoint>
</MediaTime>
</VideoSegment>
<VideoSegment id="shot110_190_NRKF_2">
<MediaTime>
<MediaTimePoint>T00:27:19:6127F30000</MediaTimePoint>
</MediaTime>
</VideoSegment>
</TemporalDecomposition>
</VideoSegment>
<VideoSegment id="shot110_191">
<MediaTime>
<MediaTimePoint>T00:27:20:17168F30000</MediaTimePoint>
<MediaDuration>PT00H00M03S29119N30000F</MediaDuration>
</MediaTime>
<TemporalDecomposition>
<VideoSegment id="shot110_191_RKF">
<MediaTime>
<MediaTimePoint>T00:27:22:16227F30000</MediaTimePoint>
</MediaTime>
</VideoSegment>
</TemporalDecomposition>
</VideoSegment>
<VideoSegment id="shot110_192">
<MediaTime>
<MediaTimePoint>T00:27:24:16287F30000</MediaTimePoint>
<MediaDuration>PT00H00M23S2692N30000F</MediaDuration>
</MediaTime>
<TemporalDecomposition>
<VideoSegment id="shot110_192_RKF">
<MediaTime>
<MediaTimePoint>T00:27:36:1632F30000</MediaTimePoint>
</MediaTime>
</VideoSegment>
</TemporalDecomposition>
</VideoSegment>
<VideoSegment id="shot110_193">
<MediaTime>
<MediaTimePoint>T00:27:47:18979F30000</MediaTimePoint>
<MediaDuration>PT00H00M04S20140N30000F</MediaDuration>
</MediaTime>
<TemporalDecomposition>
<VideoSegment id="shot110_193_NRKF_1">
<MediaTime>
<MediaTimePoint>T00:27:47:28989F30000</MediaTimePoint>
</MediaTime>
</VideoSegment>
<VideoSegment id="shot110_193_RKF">
<MediaTime>
<MediaTimePoint>T00:27:49:28048F30000</MediaTimePoint>
</MediaTime>
</VideoSegment>
<VideoSegment id="shot110_193_NRKF_2">
<MediaTime>
<MediaTimePoint>T00:27:50:9059F30000</MediaTimePoint>
</MediaTime>
</VideoSegment>
</TemporalDecomposition>
</VideoSegment>
<VideoSegment id="shot110_194">
<MediaTime>
<MediaTimePoint>T00:27:52:9119F30000</MediaTimePoint>
<MediaDuration>PT00H00M03S23113N30000F</MediaDuration>
</MediaTime>
<TemporalDecomposition>
<VideoSegment id="shot110_194_RKF">
<MediaTime>
<MediaTimePoint>T00:27:54:5175F30000</MediaTimePoint>
</MediaTime>
</VideoSegment>
</TemporalDecomposition>
</VideoSegment>
<VideoSegment id="shot110_195">
<MediaTime>
<MediaTimePoint>T00:27:56:2232F30000</MediaTimePoint>
<MediaDuration>PT00H00M02S28088N30000F</MediaDuration>
</MediaTime>
<TemporalDecomposition>
<VideoSegment id="shot110_195_RKF">
<MediaTime>
<MediaTimePoint>T00:27:57:15275F30000</MediaTimePoint>
</MediaTime>
</VideoSegment>
</TemporalDecomposition>
</VideoSegment>
<VideoSegment id="shot110_196">
<MediaTime>
<MediaTimePoint>T00:27:59:320F30000</MediaTimePoint>
<MediaDuration>PT00H00M03S21111N30000F</MediaDuration>
</MediaTime>
<TemporalDecomposition>
<VideoSegment id="shot110_196_NRKF_1">
<MediaTime>
<MediaTimePoint>T00:27:59:2322F30000</MediaTimePoint>
</MediaTime>
</VideoSegment>
<VideoSegment id="shot110_196_NRKF_2">
<MediaTime>
<MediaTimePoint>T00:28:00:1351F30000</MediaTimePoint>
</MediaTime>
</VideoSegment>
<VideoSegment id="shot110_196_RKF">
<MediaTime>
<MediaTimePoint>T00:28:00:25375F30000</MediaTimePoint>
</MediaTime>
</VideoSegment>
<VideoSegment id="shot110_196_NRKF_3">
<MediaTime>
<MediaTimePoint>T00:28:01:24404F30000</MediaTimePoint>
</MediaTime>
</VideoSegment>
</TemporalDecomposition>
</VideoSegment>
<VideoSegment id="shot110_197">
<MediaTime>
<MediaTimePoint>T00:28:02:21431F30000</MediaTimePoint>
<MediaDuration>PT00H00M02S24084N30000F</MediaDuration>
</MediaTime>
<TemporalDecomposition>
<VideoSegment id="shot110_197_NRKF_1">
<MediaTime>
<MediaTimePoint>T00:28:03:8448F30000</MediaTimePoint>
</MediaTime>
</VideoSegment>
<VideoSegment id="shot110_197_RKF">
<MediaTime>
<MediaTimePoint>T00:28:04:2472F30000</MediaTimePoint>
</MediaTime>
</VideoSegment>
<VideoSegment id="shot110_197_NRKF_2">
<MediaTime>
<MediaTimePoint>T00:28:04:20490F30000</MediaTimePoint>
</MediaTime>
</VideoSegment>
</TemporalDecomposition>
</VideoSegment>
<VideoSegment id="shot110_198">
<MediaTime>
<MediaTimePoint>T00:28:05:15515F30000</MediaTimePoint>
<MediaDuration>PT00H00M03S14104N30000F</MediaDuration>
</MediaTime>
<TemporalDecomposition>
<VideoSegment id="shot110_198_NRKF_1">
<MediaTime>
<MediaTimePoint>T00:28:06:1531F30000</MediaTimePoint>
</MediaTime>
</VideoSegment>
<VideoSegment id="shot110_198_RKF">
<MediaTime>
<MediaTimePoint>T00:28:07:6566F30000</MediaTimePoint>
</MediaTime>
</VideoSegment>
<VideoSegment id="shot110_198_NRKF_2">
<MediaTime>
<MediaTimePoint>T00:28:07:23583F30000</MediaTimePoint>
</MediaTime>
</VideoSegment>
</TemporalDecomposition>
</VideoSegment>
<VideoSegment id="shot110_199">
<MediaTime>
<MediaTimePoint>T00:28:08:29619F30000</MediaTimePoint>
<MediaDuration>PT00H00M04S15135N30000F</MediaDuration>
</MediaTime>
<TemporalDecomposition>
<VideoSegment id="shot110_199_RKF">
<MediaTime>
<MediaTimePoint>T00:28:11:6686F30000</MediaTimePoint>
</MediaTime>
</VideoSegment>
</TemporalDecomposition>
</VideoSegment>
<VideoSegment id="shot110_200">
<MediaTime>
<MediaTimePoint>T00:28:13:14754F30000</MediaTimePoint>
<MediaDuration>PT00H00M03S1091N30000F</MediaDuration>
</MediaTime>
<TemporalDecomposition>
<VideoSegment id="shot110_200_NRKF_1">
<MediaTime>
<MediaTimePoint>T00:28:14:6776F30000</MediaTimePoint>
</MediaTime>
</VideoSegment>
<VideoSegment id="shot110_200_RKF">
<MediaTime>
<MediaTimePoint>T00:28:14:29799F30000</MediaTimePoint>
</MediaTime>
</VideoSegment>
<VideoSegment id="shot110_200_NRKF_2">
<MediaTime>
<MediaTimePoint>T00:28:15:21821F30000</MediaTimePoint>
</MediaTime>
</VideoSegment>
</TemporalDecomposition>
</VideoSegment>
<VideoSegment id="shot110_201">
<MediaTime>
<MediaTimePoint>T00:28:16:15845F30000</MediaTimePoint>
<MediaDuration>PT00H00M03S14104N30000F</MediaDuration>
</MediaTime>
<TemporalDecomposition>
<VideoSegment id="shot110_201_RKF">
<MediaTime>
<MediaTimePoint>T00:28:18:6896F30000</MediaTimePoint>
</MediaTime>
</VideoSegment>
</TemporalDecomposition>
</VideoSegment>
</TemporalDecomposition>
</Video>
</MultimediaContent>
</Description>
</Mpeg7>
