<?xml version="1.0" encoding="UTF-8"?>
<Mpeg7 xmlns="urn:mpeg:mpeg7:schema:2001" xmlns:mpeg7="urn:mpeg:mpeg7:schema:2001" xmlns:xsi="http://www.w3.org/2001/XMLSchema-instance">
<Description xsi:type="ContentEntityType">
<MultimediaContent xsi:type="VideoType">
<Video id="TRECVID2005_120">
<MediaLocator>
<MediaUri>20041129_220000_CNN_AARONBROWN_ENG.mpg</MediaUri>
</MediaLocator>
<MediaTime>
<MediaTimePoint>T00:00:00:0F30000</MediaTimePoint>
<MediaDuration>PT00H11M23S6476N30000F</MediaDuration>
</MediaTime>
<TemporalDecomposition gap="false" overlap="false">
<VideoSegment id="shot120_1">
<MediaTime>
<MediaTimePoint>T00:00:00:0F30000</MediaTimePoint>
<MediaDuration>PT00H00M03S90N30000F</MediaDuration>
</MediaTime>
<TemporalDecomposition>
<VideoSegment id="shot120_1_RKF">
<MediaTime>
<MediaTimePoint>T00:00:01:14044F30000</MediaTimePoint>
</MediaTime>
</VideoSegment>
</TemporalDecomposition>
</VideoSegment>
<VideoSegment id="shot120_2">
<MediaTime>
<MediaTimePoint>T00:00:03:90F30000</MediaTimePoint>
<MediaDuration>PT00H00M08S29269N30000F</MediaDuration>
</MediaTime>
<TemporalDecomposition>
<VideoSegment id="shot120_2_RKF">
<MediaTime>
<MediaTimePoint>T00:00:07:14224F30000</MediaTimePoint>
</MediaTime>
</VideoSegment>
</TemporalDecomposition>
</VideoSegment>
<VideoSegment id="shot120_3">
<MediaTime>
<MediaTimePoint>T00:00:11:29359F30000</MediaTimePoint>
<MediaDuration>PT00H01M02S8867N30000F</MediaDuration>
</MediaTime>
<TemporalDecomposition>
<VideoSegment id="shot120_3_RKF">
<MediaTime>
<MediaTimePoint>T00:00:43:3292F30000</MediaTimePoint>
</MediaTime>
</VideoSegment>
</TemporalDecomposition>
</VideoSegment>
<VideoSegment id="shot120_4">
<MediaTime>
<MediaTimePoint>T00:01:14:8226F30000</MediaTimePoint>
<MediaDuration>PT00H00M32S960N30000F</MediaDuration>
</MediaTime>
<TemporalDecomposition>
<VideoSegment id="shot120_4_RKF">
<MediaTime>
<MediaTimePoint>T00:01:30:7705F30000</MediaTimePoint>
</MediaTime>
</VideoSegment>
</TemporalDecomposition>
</VideoSegment>
<VideoSegment id="shot120_5">
<MediaTime>
<MediaTimePoint>T00:01:46:9186F30000</MediaTimePoint>
<MediaDuration>PT00H00M18S19559N30000F</MediaDuration>
</MediaTime>
<TemporalDecomposition>
<VideoSegment id="shot120_5_RKF">
<MediaTime>
<MediaTimePoint>T00:01:55:18465F30000</MediaTimePoint>
</MediaTime>
</VideoSegment>
</TemporalDecomposition>
</VideoSegment>
<VideoSegment id="shot120_6">
<MediaTime>
<MediaTimePoint>T00:02:04:28745F30000</MediaTimePoint>
<MediaDuration>PT00H00M23S25715N30000F</MediaDuration>
</MediaTime>
<TemporalDecomposition>
<VideoSegment id="shot120_6_RKF">
<MediaTime>
<MediaTimePoint>T00:02:16:26102F30000</MediaTimePoint>
</MediaTime>
</VideoSegment>
</TemporalDecomposition>
</VideoSegment>
<VideoSegment id="shot120_7">
<MediaTime>
<MediaTimePoint>T00:02:28:24460F30000</MediaTimePoint>
<MediaDuration>PT00H00M04S16136N30000F</MediaDuration>
</MediaTime>
<TemporalDecomposition>
<VideoSegment id="shot120_7_NRKF_1">
<MediaTime>
<MediaTimePoint>T00:02:29:23489F30000</MediaTimePoint>
</MediaTime>
</VideoSegment>
<VideoSegment id="shot120_7_RKF">
<MediaTime>
<MediaTimePoint>T00:02:31:1527F30000</MediaTimePoint>
</MediaTime>
</VideoSegment>
<VideoSegment id="shot120_7_NRKF_2">
<MediaTime>
<MediaTimePoint>T00:02:32:1557F30000</MediaTimePoint>
</MediaTime>
</VideoSegment>
</TemporalDecomposition>
</VideoSegment>
<VideoSegment id="shot120_8">
<MediaTime>
<MediaTimePoint>T00:02:33:10596F30000</MediaTimePoint>
<MediaDuration>PT00H00M06S13193N30000F</MediaDuration>
</MediaTime>
<TemporalDecomposition>
<VideoSegment id="shot120_8_NRKF_1">
<MediaTime>
<MediaTimePoint>T00:02:34:8624F30000</MediaTimePoint>
</MediaTime>
</VideoSegment>
<VideoSegment id="shot120_8_RKF">
<MediaTime>
<MediaTimePoint>T00:02:36:16692F30000</MediaTimePoint>
</MediaTime>
</VideoSegment>
<VideoSegment id="shot120_8_NRKF_2">
<MediaTime>
<MediaTimePoint>T00:02:37:15721F30000</MediaTimePoint>
</MediaTime>
</VideoSegment>
</TemporalDecomposition>
</VideoSegment>
<VideoSegment id="shot120_9">
<MediaTime>
<MediaTimePoint>T00:02:39:23789F30000</MediaTimePoint>
<MediaDuration>PT00H00M02S21081N30000F</MediaDuration>
</MediaTime>
<TemporalDecomposition>
<VideoSegment id="shot120_9_RKF">
<MediaTime>
<MediaTimePoint>T00:02:41:3829F30000</MediaTimePoint>
</MediaTime>
</VideoSegment>
</TemporalDecomposition>
</VideoSegment>
<VideoSegment id="shot120_10">
<MediaTime>
<MediaTimePoint>T00:02:42:14870F30000</MediaTimePoint>
<MediaDuration>PT00H00M02S8068N30000F</MediaDuration>
</MediaTime>
<TemporalDecomposition>
<VideoSegment id="shot120_10_RKF">
<MediaTime>
<MediaTimePoint>T00:02:43:17903F30000</MediaTimePoint>
</MediaTime>
</VideoSegment>
</TemporalDecomposition>
</VideoSegment>
<VideoSegment id="shot120_11">
<MediaTime>
<MediaTimePoint>T00:02:44:22938F30000</MediaTimePoint>
<MediaDuration>PT00H00M03S20110N30000F</MediaDuration>
</MediaTime>
<TemporalDecomposition>
<VideoSegment id="shot120_11_RKF">
<MediaTime>
<MediaTimePoint>T00:02:46:16992F30000</MediaTimePoint>
</MediaTime>
</VideoSegment>
</TemporalDecomposition>
</VideoSegment>
<VideoSegment id="shot120_12">
<MediaTime>
<MediaTimePoint>T00:02:48:13048F30000</MediaTimePoint>
<MediaDuration>PT00H00M02S4064N30000F</MediaDuration>
</MediaTime>
<TemporalDecomposition>
<VideoSegment id="shot120_12_RKF">
<MediaTime>
<MediaTimePoint>T00:02:49:14079F30000</MediaTimePoint>
</MediaTime>
</VideoSegment>
</TemporalDecomposition>
</VideoSegment>
<VideoSegment id="shot120_13">
<MediaTime>
<MediaTimePoint>T00:02:50:17112F30000</MediaTimePoint>
<MediaDuration>PT00H00M05S12162N30000F</MediaDuration>
</MediaTime>
<TemporalDecomposition>
<VideoSegment id="shot120_13_RKF">
<MediaTime>
<MediaTimePoint>T00:02:53:7192F30000</MediaTimePoint>
</MediaTime>
</VideoSegment>
</TemporalDecomposition>
</VideoSegment>
<VideoSegment id="shot120_14">
<MediaTime>
<MediaTimePoint>T00:02:55:29274F30000</MediaTimePoint>
<MediaDuration>PT00H00M12S27387N30000F</MediaDuration>
</MediaTime>
<TemporalDecomposition>
<VideoSegment id="shot120_14_RKF">
<MediaTime>
<MediaTimePoint>T00:03:02:12467F30000</MediaTimePoint>
</MediaTime>
</VideoSegment>
</TemporalDecomposition>
</VideoSegment>
<VideoSegment id="shot120_15">
<MediaTime>
<MediaTimePoint>T00:03:08:26661F30000</MediaTimePoint>
<MediaDuration>PT00H00M03S10100N30000F</MediaDuration>
</MediaTime>
<TemporalDecomposition>
<VideoSegment id="shot120_15_NRKF_1">
<MediaTime>
<MediaTimePoint>T00:03:09:12677F30000</MediaTimePoint>
</MediaTime>
</VideoSegment>
<VideoSegment id="shot120_15_RKF">
<MediaTime>
<MediaTimePoint>T00:03:10:15710F30000</MediaTimePoint>
</MediaTime>
</VideoSegment>
<VideoSegment id="shot120_15_NRKF_2">
<MediaTime>
<MediaTimePoint>T00:03:11:2727F30000</MediaTimePoint>
</MediaTime>
</VideoSegment>
</TemporalDecomposition>
</VideoSegment>
<VideoSegment id="shot120_16">
<MediaTime>
<MediaTimePoint>T00:03:12:6761F30000</MediaTimePoint>
<MediaDuration>PT00H00M02S21081N30000F</MediaDuration>
</MediaTime>
<TemporalDecomposition>
<VideoSegment id="shot120_16_RKF">
<MediaTime>
<MediaTimePoint>T00:03:13:16801F30000</MediaTimePoint>
</MediaTime>
</VideoSegment>
</TemporalDecomposition>
</VideoSegment>
<VideoSegment id="shot120_17">
<MediaTime>
<MediaTimePoint>T00:03:14:27842F30000</MediaTimePoint>
<MediaDuration>PT00H00M23S10700N30000F</MediaDuration>
</MediaTime>
<TemporalDecomposition>
<VideoSegment id="shot120_17_RKF">
<MediaTime>
<MediaTimePoint>T00:03:26:17191F30000</MediaTimePoint>
</MediaTime>
</VideoSegment>
</TemporalDecomposition>
</VideoSegment>
<VideoSegment id="shot120_18">
<MediaTime>
<MediaTimePoint>T00:03:38:8542F30000</MediaTimePoint>
<MediaDuration>PT00H00M03S12102N30000F</MediaDuration>
</MediaTime>
<TemporalDecomposition>
<VideoSegment id="shot120_18_RKF">
<MediaTime>
<MediaTimePoint>T00:03:39:28592F30000</MediaTimePoint>
</MediaTime>
</VideoSegment>
</TemporalDecomposition>
</VideoSegment>
<VideoSegment id="shot120_19">
<MediaTime>
<MediaTimePoint>T00:03:41:20644F30000</MediaTimePoint>
<MediaDuration>PT00H00M05S6156N30000F</MediaDuration>
</MediaTime>
<TemporalDecomposition>
<VideoSegment id="shot120_19_NRKF_1">
<MediaTime>
<MediaTimePoint>T00:03:42:15669F30000</MediaTimePoint>
</MediaTime>
</VideoSegment>
<VideoSegment id="shot120_19_RKF">
<MediaTime>
<MediaTimePoint>T00:03:44:7721F30000</MediaTimePoint>
</MediaTime>
</VideoSegment>
<VideoSegment id="shot120_19_NRKF_2">
<MediaTime>
<MediaTimePoint>T00:03:45:3747F30000</MediaTimePoint>
</MediaTime>
</VideoSegment>
</TemporalDecomposition>
</VideoSegment>
<VideoSegment id="shot120_20">
<MediaTime>
<MediaTimePoint>T00:03:46:26800F30000</MediaTimePoint>
<MediaDuration>PT00H00M02S3063N30000F</MediaDuration>
</MediaTime>
<TemporalDecomposition>
<VideoSegment id="shot120_20_NRKF_1">
<MediaTime>
<MediaTimePoint>T00:03:47:804F30000</MediaTimePoint>
</MediaTime>
</VideoSegment>
<VideoSegment id="shot120_20_RKF">
<MediaTime>
<MediaTimePoint>T00:03:47:27831F30000</MediaTimePoint>
</MediaTime>
</VideoSegment>
<VideoSegment id="shot120_20_NRKF_2">
<MediaTime>
<MediaTimePoint>T00:03:48:1835F30000</MediaTimePoint>
</MediaTime>
</VideoSegment>
</TemporalDecomposition>
</VideoSegment>
<VideoSegment id="shot120_21">
<MediaTime>
<MediaTimePoint>T00:03:48:29863F30000</MediaTimePoint>
<MediaDuration>PT00H00M04S28148N30000F</MediaDuration>
</MediaTime>
<TemporalDecomposition>
<VideoSegment id="shot120_21_RKF">
<MediaTime>
<MediaTimePoint>T00:03:51:12936F30000</MediaTimePoint>
</MediaTime>
</VideoSegment>
</TemporalDecomposition>
</VideoSegment>
<VideoSegment id="shot120_22">
<MediaTime>
<MediaTimePoint>T00:03:53:28011F30000</MediaTimePoint>
<MediaDuration>PT00H00M02S1061N30000F</MediaDuration>
</MediaTime>
<TemporalDecomposition>
<VideoSegment id="shot120_22_RKF">
<MediaTime>
<MediaTimePoint>T00:03:54:28041F30000</MediaTimePoint>
</MediaTime>
</VideoSegment>
</TemporalDecomposition>
</VideoSegment>
<VideoSegment id="shot120_23">
<MediaTime>
<MediaTimePoint>T00:03:55:29072F30000</MediaTimePoint>
<MediaDuration>PT00H00M04S5125N30000F</MediaDuration>
</MediaTime>
<TemporalDecomposition>
<VideoSegment id="shot120_23_RKF">
<MediaTime>
<MediaTimePoint>T00:03:58:1134F30000</MediaTimePoint>
</MediaTime>
</VideoSegment>
</TemporalDecomposition>
</VideoSegment>
<VideoSegment id="shot120_24">
<MediaTime>
<MediaTimePoint>T00:04:00:4197F30000</MediaTimePoint>
<MediaDuration>PT00H00M06S1181N30000F</MediaDuration>
</MediaTime>
<TemporalDecomposition>
<VideoSegment id="shot120_24_RKF">
<MediaTime>
<MediaTimePoint>T00:04:03:4287F30000</MediaTimePoint>
</MediaTime>
</VideoSegment>
</TemporalDecomposition>
</VideoSegment>
<VideoSegment id="shot120_25">
<MediaTime>
<MediaTimePoint>T00:04:06:5378F30000</MediaTimePoint>
<MediaDuration>PT00H00M02S29089N30000F</MediaDuration>
</MediaTime>
<TemporalDecomposition>
<VideoSegment id="shot120_25_RKF">
<MediaTime>
<MediaTimePoint>T00:04:07:19422F30000</MediaTimePoint>
</MediaTime>
</VideoSegment>
</TemporalDecomposition>
</VideoSegment>
<VideoSegment id="shot120_26">
<MediaTime>
<MediaTimePoint>T00:04:09:4467F30000</MediaTimePoint>
<MediaDuration>PT00H00M04S12132N30000F</MediaDuration>
</MediaTime>
<TemporalDecomposition>
<VideoSegment id="shot120_26_RKF">
<MediaTime>
<MediaTimePoint>T00:04:11:9532F30000</MediaTimePoint>
</MediaTime>
</VideoSegment>
</TemporalDecomposition>
</VideoSegment>
<VideoSegment id="shot120_27">
<MediaTime>
<MediaTimePoint>T00:04:13:16599F30000</MediaTimePoint>
<MediaDuration>PT00H00M15S4454N30000F</MediaDuration>
</MediaTime>
<TemporalDecomposition>
<VideoSegment id="shot120_27_RKF">
<MediaTime>
<MediaTimePoint>T00:04:21:2825F30000</MediaTimePoint>
</MediaTime>
</VideoSegment>
</TemporalDecomposition>
</VideoSegment>
<VideoSegment id="shot120_28">
<MediaTime>
<MediaTimePoint>T00:04:28:21053F30000</MediaTimePoint>
<MediaDuration>PT00H00M03S22112N30000F</MediaDuration>
</MediaTime>
<TemporalDecomposition>
<VideoSegment id="shot120_28_NRKF_1">
<MediaTime>
<MediaTimePoint>T00:04:29:15077F30000</MediaTimePoint>
</MediaTime>
</VideoSegment>
<VideoSegment id="shot120_28_RKF">
<MediaTime>
<MediaTimePoint>T00:04:30:16108F30000</MediaTimePoint>
</MediaTime>
</VideoSegment>
<VideoSegment id="shot120_28_NRKF_2">
<MediaTime>
<MediaTimePoint>T00:04:31:11133F30000</MediaTimePoint>
</MediaTime>
</VideoSegment>
</TemporalDecomposition>
</VideoSegment>
<VideoSegment id="shot120_29">
<MediaTime>
<MediaTimePoint>T00:04:32:13165F30000</MediaTimePoint>
<MediaDuration>PT00H00M07S26236N30000F</MediaDuration>
</MediaTime>
<TemporalDecomposition>
<VideoSegment id="shot120_29_RKF">
<MediaTime>
<MediaTimePoint>T00:04:36:10282F30000</MediaTimePoint>
</MediaTime>
</VideoSegment>
</TemporalDecomposition>
</VideoSegment>
<VideoSegment id="shot120_30">
<MediaTime>
<MediaTimePoint>T00:04:40:9401F30000</MediaTimePoint>
<MediaDuration>PT00H00M02S9069N30000F</MediaDuration>
</MediaTime>
<TemporalDecomposition>
<VideoSegment id="shot120_30_RKF">
<MediaTime>
<MediaTimePoint>T00:04:41:13435F30000</MediaTimePoint>
</MediaTime>
</VideoSegment>
</TemporalDecomposition>
</VideoSegment>
<VideoSegment id="shot120_31">
<MediaTime>
<MediaTimePoint>T00:04:42:18470F30000</MediaTimePoint>
<MediaDuration>PT00H00M04S2122N30000F</MediaDuration>
</MediaTime>
<TemporalDecomposition>
<VideoSegment id="shot120_31_RKF">
<MediaTime>
<MediaTimePoint>T00:04:44:18530F30000</MediaTimePoint>
</MediaTime>
</VideoSegment>
</TemporalDecomposition>
</VideoSegment>
<VideoSegment id="shot120_32">
<MediaTime>
<MediaTimePoint>T00:04:46:20592F30000</MediaTimePoint>
<MediaDuration>PT00H00M11S1331N30000F</MediaDuration>
</MediaTime>
<TemporalDecomposition>
<VideoSegment id="shot120_32_RKF">
<MediaTime>
<MediaTimePoint>T00:04:52:5757F30000</MediaTimePoint>
</MediaTime>
</VideoSegment>
</TemporalDecomposition>
</VideoSegment>
<VideoSegment id="shot120_33">
<MediaTime>
<MediaTimePoint>T00:04:57:21923F30000</MediaTimePoint>
<MediaDuration>PT00H00M02S10070N30000F</MediaDuration>
</MediaTime>
<TemporalDecomposition>
<VideoSegment id="shot120_33_RKF">
<MediaTime>
<MediaTimePoint>T00:04:58:25957F30000</MediaTimePoint>
</MediaTime>
</VideoSegment>
</TemporalDecomposition>
</VideoSegment>
<VideoSegment id="shot120_34">
<MediaTime>
<MediaTimePoint>T00:05:00:1993F30000</MediaTimePoint>
<MediaDuration>PT00H00M02S2062N30000F</MediaDuration>
</MediaTime>
<TemporalDecomposition>
<VideoSegment id="shot120_34_RKF">
<MediaTime>
<MediaTimePoint>T00:05:01:2023F30000</MediaTimePoint>
</MediaTime>
</VideoSegment>
</TemporalDecomposition>
</VideoSegment>
<VideoSegment id="shot120_35">
<MediaTime>
<MediaTimePoint>T00:05:02:4055F30000</MediaTimePoint>
<MediaDuration>PT00H00M02S15075N30000F</MediaDuration>
</MediaTime>
<TemporalDecomposition>
<VideoSegment id="shot120_35_RKF">
<MediaTime>
<MediaTimePoint>T00:05:03:11092F30000</MediaTimePoint>
</MediaTime>
</VideoSegment>
</TemporalDecomposition>
</VideoSegment>
<VideoSegment id="shot120_36">
<MediaTime>
<MediaTimePoint>T00:05:04:19130F30000</MediaTimePoint>
<MediaDuration>PT00H00M04S25145N30000F</MediaDuration>
</MediaTime>
<TemporalDecomposition>
<VideoSegment id="shot120_36_RKF">
<MediaTime>
<MediaTimePoint>T00:05:07:1202F30000</MediaTimePoint>
</MediaTime>
</VideoSegment>
</TemporalDecomposition>
</VideoSegment>
<VideoSegment id="shot120_37">
<MediaTime>
<MediaTimePoint>T00:05:09:14275F30000</MediaTimePoint>
<MediaDuration>PT00H00M10S22322N30000F</MediaDuration>
</MediaTime>
<TemporalDecomposition>
<VideoSegment id="shot120_37_RKF">
<MediaTime>
<MediaTimePoint>T00:05:14:24435F30000</MediaTimePoint>
</MediaTime>
</VideoSegment>
</TemporalDecomposition>
</VideoSegment>
<VideoSegment id="shot120_38">
<MediaTime>
<MediaTimePoint>T00:05:20:6597F30000</MediaTimePoint>
<MediaDuration>PT00H00M02S16076N30000F</MediaDuration>
</MediaTime>
<TemporalDecomposition>
<VideoSegment id="shot120_38_RKF">
<MediaTime>
<MediaTimePoint>T00:05:21:13634F30000</MediaTimePoint>
</MediaTime>
</VideoSegment>
</TemporalDecomposition>
</VideoSegment>
<VideoSegment id="shot120_39">
<MediaTime>
<MediaTimePoint>T00:05:22:22673F30000</MediaTimePoint>
<MediaDuration>PT00H00M03S16106N30000F</MediaDuration>
</MediaTime>
<TemporalDecomposition>
<VideoSegment id="shot120_39_RKF">
<MediaTime>
<MediaTimePoint>T00:05:24:14725F30000</MediaTimePoint>
</MediaTime>
</VideoSegment>
</TemporalDecomposition>
</VideoSegment>
<VideoSegment id="shot120_40">
<MediaTime>
<MediaTimePoint>T00:05:26:8779F30000</MediaTimePoint>
<MediaDuration>PT00H00M02S1061N30000F</MediaDuration>
</MediaTime>
<TemporalDecomposition>
<VideoSegment id="shot120_40_RKF">
<MediaTime>
<MediaTimePoint>T00:05:27:8809F30000</MediaTimePoint>
</MediaTime>
</VideoSegment>
</TemporalDecomposition>
</VideoSegment>
<VideoSegment id="shot120_41">
<MediaTime>
<MediaTimePoint>T00:05:28:9840F30000</MediaTimePoint>
<MediaDuration>PT00H00M04S28148N30000F</MediaDuration>
</MediaTime>
<TemporalDecomposition>
<VideoSegment id="shot120_41_RKF">
<MediaTime>
<MediaTimePoint>T00:05:30:22913F30000</MediaTimePoint>
</MediaTime>
</VideoSegment>
</TemporalDecomposition>
</VideoSegment>
<VideoSegment id="shot120_42">
<MediaTime>
<MediaTimePoint>T00:05:33:7988F30000</MediaTimePoint>
<MediaDuration>PT00H00M03S17107N30000F</MediaDuration>
</MediaTime>
<TemporalDecomposition>
<VideoSegment id="shot120_42_RKF">
<MediaTime>
<MediaTimePoint>T00:05:35:1041F30000</MediaTimePoint>
</MediaTime>
</VideoSegment>
</TemporalDecomposition>
</VideoSegment>
<VideoSegment id="shot120_43">
<MediaTime>
<MediaTimePoint>T00:05:36:25095F30000</MediaTimePoint>
<MediaDuration>PT00H00M03S17107N30000F</MediaDuration>
</MediaTime>
<TemporalDecomposition>
<VideoSegment id="shot120_43_RKF">
<MediaTime>
<MediaTimePoint>T00:05:38:18148F30000</MediaTimePoint>
</MediaTime>
</VideoSegment>
</TemporalDecomposition>
</VideoSegment>
<VideoSegment id="shot120_44">
<MediaTime>
<MediaTimePoint>T00:05:40:12202F30000</MediaTimePoint>
<MediaDuration>PT00H00M06S2182N30000F</MediaDuration>
</MediaTime>
<TemporalDecomposition>
<VideoSegment id="shot120_44_RKF">
<MediaTime>
<MediaTimePoint>T00:05:43:12292F30000</MediaTimePoint>
</MediaTime>
</VideoSegment>
</TemporalDecomposition>
</VideoSegment>
<VideoSegment id="shot120_45">
<MediaTime>
<MediaTimePoint>T00:05:46:14384F30000</MediaTimePoint>
<MediaDuration>PT00H00M02S15075N30000F</MediaDuration>
</MediaTime>
<TemporalDecomposition>
<VideoSegment id="shot120_45_RKF">
<MediaTime>
<MediaTimePoint>T00:05:47:21421F30000</MediaTimePoint>
</MediaTime>
</VideoSegment>
</TemporalDecomposition>
</VideoSegment>
<VideoSegment id="shot120_46">
<MediaTime>
<MediaTimePoint>T00:05:48:29459F30000</MediaTimePoint>
<MediaDuration>PT00H00M04S1121N30000F</MediaDuration>
</MediaTime>
<TemporalDecomposition>
<VideoSegment id="shot120_46_RKF">
<MediaTime>
<MediaTimePoint>T00:05:50:29519F30000</MediaTimePoint>
</MediaTime>
</VideoSegment>
</TemporalDecomposition>
</VideoSegment>
<VideoSegment id="shot120_47">
<MediaTime>
<MediaTimePoint>T00:05:53:580F30000</MediaTimePoint>
<MediaDuration>PT00H00M28S24864N30000F</MediaDuration>
</MediaTime>
<TemporalDecomposition>
<VideoSegment id="shot120_47_RKF">
<MediaTime>
<MediaTimePoint>T00:06:07:12011F30000</MediaTimePoint>
</MediaTime>
</VideoSegment>
</TemporalDecomposition>
</VideoSegment>
<VideoSegment id="shot120_48">
<MediaTime>
<MediaTimePoint>T00:06:21:25444F30000</MediaTimePoint>
<MediaDuration>PT00H00M06S19199N30000F</MediaDuration>
</MediaTime>
<TemporalDecomposition>
<VideoSegment id="shot120_48_RKF">
<MediaTime>
<MediaTimePoint>T00:06:25:4543F30000</MediaTimePoint>
</MediaTime>
</VideoSegment>
</TemporalDecomposition>
</VideoSegment>
<VideoSegment id="shot120_49">
<MediaTime>
<MediaTimePoint>T00:06:28:14643F30000</MediaTimePoint>
<MediaDuration>PT00H00M10S300N30000F</MediaDuration>
</MediaTime>
<TemporalDecomposition>
<VideoSegment id="shot120_49_RKF">
<MediaTime>
<MediaTimePoint>T00:06:33:13792F30000</MediaTimePoint>
</MediaTime>
</VideoSegment>
</TemporalDecomposition>
</VideoSegment>
<VideoSegment id="shot120_50">
<MediaTime>
<MediaTimePoint>T00:06:38:14943F30000</MediaTimePoint>
<MediaDuration>PT00H00M24S2722N30000F</MediaDuration>
</MediaTime>
<TemporalDecomposition>
<VideoSegment id="shot120_50_RKF">
<MediaTime>
<MediaTimePoint>T00:06:50:15303F30000</MediaTimePoint>
</MediaTime>
</VideoSegment>
</TemporalDecomposition>
</VideoSegment>
<VideoSegment id="shot120_51">
<MediaTime>
<MediaTimePoint>T00:07:02:17665F30000</MediaTimePoint>
<MediaDuration>PT00H00M02S1061N30000F</MediaDuration>
</MediaTime>
<TemporalDecomposition>
<VideoSegment id="shot120_51_RKF">
<MediaTime>
<MediaTimePoint>T00:07:03:17695F30000</MediaTimePoint>
</MediaTime>
</VideoSegment>
</TemporalDecomposition>
</VideoSegment>
<VideoSegment id="shot120_52">
<MediaTime>
<MediaTimePoint>T00:07:04:18726F30000</MediaTimePoint>
<MediaDuration>PT00H00M04S8128N30000F</MediaDuration>
</MediaTime>
<TemporalDecomposition>
<VideoSegment id="shot120_52_RKF">
<MediaTime>
<MediaTimePoint>T00:07:06:21789F30000</MediaTimePoint>
</MediaTime>
</VideoSegment>
</TemporalDecomposition>
</VideoSegment>
<VideoSegment id="shot120_53">
<MediaTime>
<MediaTimePoint>T00:07:08:26854F30000</MediaTimePoint>
<MediaDuration>PT00H00M02S7067N30000F</MediaDuration>
</MediaTime>
<TemporalDecomposition>
<VideoSegment id="shot120_53_RKF">
<MediaTime>
<MediaTimePoint>T00:07:09:29887F30000</MediaTimePoint>
</MediaTime>
</VideoSegment>
</TemporalDecomposition>
</VideoSegment>
<VideoSegment id="shot120_54">
<MediaTime>
<MediaTimePoint>T00:07:11:3921F30000</MediaTimePoint>
<MediaDuration>PT00H00M02S13073N30000F</MediaDuration>
</MediaTime>
<TemporalDecomposition>
<VideoSegment id="shot120_54_RKF">
<MediaTime>
<MediaTimePoint>T00:07:12:9957F30000</MediaTimePoint>
</MediaTime>
</VideoSegment>
</TemporalDecomposition>
</VideoSegment>
<VideoSegment id="shot120_55">
<MediaTime>
<MediaTimePoint>T00:07:13:16994F30000</MediaTimePoint>
<MediaDuration>PT00H00M07S210N30000F</MediaDuration>
</MediaTime>
<TemporalDecomposition>
<VideoSegment id="shot120_55_RKF">
<MediaTime>
<MediaTimePoint>T00:07:17:1098F30000</MediaTimePoint>
</MediaTime>
</VideoSegment>
</TemporalDecomposition>
</VideoSegment>
<VideoSegment id="shot120_56">
<MediaTime>
<MediaTimePoint>T00:07:20:17204F30000</MediaTimePoint>
<MediaDuration>PT00H00M06S25205N30000F</MediaDuration>
</MediaTime>
<TemporalDecomposition>
<VideoSegment id="shot120_56_RKF">
<MediaTime>
<MediaTimePoint>T00:07:23:29306F30000</MediaTimePoint>
</MediaTime>
</VideoSegment>
</TemporalDecomposition>
</VideoSegment>
<VideoSegment id="shot120_57">
<MediaTime>
<MediaTimePoint>T00:07:27:12409F30000</MediaTimePoint>
<MediaDuration>PT00H00M04S18138N30000F</MediaDuration>
</MediaTime>
<TemporalDecomposition>
<VideoSegment id="shot120_57_RKF">
<MediaTime>
<MediaTimePoint>T00:07:29:20477F30000</MediaTimePoint>
</MediaTime>
</VideoSegment>
</TemporalDecomposition>
</VideoSegment>
<VideoSegment id="shot120_58">
<MediaTime>
<MediaTimePoint>T00:07:32:547F30000</MediaTimePoint>
<MediaDuration>PT00H00M03S13103N30000F</MediaDuration>
</MediaTime>
<TemporalDecomposition>
<VideoSegment id="shot120_58_RKF">
<MediaTime>
<MediaTimePoint>T00:07:33:21598F30000</MediaTimePoint>
</MediaTime>
</VideoSegment>
</TemporalDecomposition>
</VideoSegment>
<VideoSegment id="shot120_59">
<MediaTime>
<MediaTimePoint>T00:07:35:13650F30000</MediaTimePoint>
<MediaDuration>PT00H00M04S7127N30000F</MediaDuration>
</MediaTime>
<TemporalDecomposition>
<VideoSegment id="shot120_59_RKF">
<MediaTime>
<MediaTimePoint>T00:07:37:16713F30000</MediaTimePoint>
</MediaTime>
</VideoSegment>
</TemporalDecomposition>
</VideoSegment>
<VideoSegment id="shot120_60">
<MediaTime>
<MediaTimePoint>T00:07:39:20777F30000</MediaTimePoint>
<MediaDuration>PT00H00M05S22172N30000F</MediaDuration>
</MediaTime>
<TemporalDecomposition>
<VideoSegment id="shot120_60_RKF">
<MediaTime>
<MediaTimePoint>T00:07:42:15862F30000</MediaTimePoint>
</MediaTime>
</VideoSegment>
</TemporalDecomposition>
</VideoSegment>
<VideoSegment id="shot120_61">
<MediaTime>
<MediaTimePoint>T00:07:45:12949F30000</MediaTimePoint>
<MediaDuration>PT00H00M22S15675N30000F</MediaDuration>
</MediaTime>
<TemporalDecomposition>
<VideoSegment id="shot120_61_RKF">
<MediaTime>
<MediaTimePoint>T00:07:56:20286F30000</MediaTimePoint>
</MediaTime>
</VideoSegment>
</TemporalDecomposition>
</VideoSegment>
<VideoSegment id="shot120_62">
<MediaTime>
<MediaTimePoint>T00:08:07:28624F30000</MediaTimePoint>
<MediaDuration>PT00H00M03S14104N30000F</MediaDuration>
</MediaTime>
<TemporalDecomposition>
<VideoSegment id="shot120_62_RKF">
<MediaTime>
<MediaTimePoint>T00:08:09:19675F30000</MediaTimePoint>
</MediaTime>
</VideoSegment>
</TemporalDecomposition>
</VideoSegment>
<VideoSegment id="shot120_63">
<MediaTime>
<MediaTimePoint>T00:08:11:12728F30000</MediaTimePoint>
<MediaDuration>PT00H00M04S15135N30000F</MediaDuration>
</MediaTime>
<TemporalDecomposition>
<VideoSegment id="shot120_63_RKF">
<MediaTime>
<MediaTimePoint>T00:08:13:19795F30000</MediaTimePoint>
</MediaTime>
</VideoSegment>
</TemporalDecomposition>
</VideoSegment>
<VideoSegment id="shot120_64">
<MediaTime>
<MediaTimePoint>T00:08:15:27863F30000</MediaTimePoint>
<MediaDuration>PT00H00M04S8128N30000F</MediaDuration>
</MediaTime>
<TemporalDecomposition>
<VideoSegment id="shot120_64_RKF">
<MediaTime>
<MediaTimePoint>T00:08:18:926F30000</MediaTimePoint>
</MediaTime>
</VideoSegment>
</TemporalDecomposition>
</VideoSegment>
<VideoSegment id="shot120_65">
<MediaTime>
<MediaTimePoint>T00:08:20:5991F30000</MediaTimePoint>
<MediaDuration>PT00H00M02S4064N30000F</MediaDuration>
</MediaTime>
<TemporalDecomposition>
<VideoSegment id="shot120_65_RKF">
<MediaTime>
<MediaTimePoint>T00:08:21:7022F30000</MediaTimePoint>
</MediaTime>
</VideoSegment>
</TemporalDecomposition>
</VideoSegment>
<VideoSegment id="shot120_66">
<MediaTime>
<MediaTimePoint>T00:08:22:10055F30000</MediaTimePoint>
<MediaDuration>PT00H00M04S26146N30000F</MediaDuration>
</MediaTime>
<TemporalDecomposition>
<VideoSegment id="shot120_66_RKF">
<MediaTime>
<MediaTimePoint>T00:08:24:22127F30000</MediaTimePoint>
</MediaTime>
</VideoSegment>
</TemporalDecomposition>
</VideoSegment>
<VideoSegment id="shot120_67">
<MediaTime>
<MediaTimePoint>T00:08:27:6201F30000</MediaTimePoint>
<MediaDuration>PT00H00M06S8188N30000F</MediaDuration>
</MediaTime>
<TemporalDecomposition>
<VideoSegment id="shot120_67_RKF">
<MediaTime>
<MediaTimePoint>T00:08:30:9294F30000</MediaTimePoint>
</MediaTime>
</VideoSegment>
</TemporalDecomposition>
</VideoSegment>
<VideoSegment id="shot120_68">
<MediaTime>
<MediaTimePoint>T00:08:33:14389F30000</MediaTimePoint>
<MediaDuration>PT00H00M03S29119N30000F</MediaDuration>
</MediaTime>
<TemporalDecomposition>
<VideoSegment id="shot120_68_RKF">
<MediaTime>
<MediaTimePoint>T00:08:35:13448F30000</MediaTimePoint>
</MediaTime>
</VideoSegment>
</TemporalDecomposition>
</VideoSegment>
<VideoSegment id="shot120_69">
<MediaTime>
<MediaTimePoint>T00:08:37:13508F30000</MediaTimePoint>
<MediaDuration>PT00H00M17S9519N30000F</MediaDuration>
</MediaTime>
<TemporalDecomposition>
<VideoSegment id="shot120_69_RKF">
<MediaTime>
<MediaTimePoint>T00:08:46:2767F30000</MediaTimePoint>
</MediaTime>
</VideoSegment>
</TemporalDecomposition>
</VideoSegment>
<VideoSegment id="shot120_70">
<MediaTime>
<MediaTimePoint>T00:08:54:23027F30000</MediaTimePoint>
<MediaDuration>PT00H00M04S21141N30000F</MediaDuration>
</MediaTime>
<TemporalDecomposition>
<VideoSegment id="shot120_70_RKF">
<MediaTime>
<MediaTimePoint>T00:08:57:3097F30000</MediaTimePoint>
</MediaTime>
</VideoSegment>
</TemporalDecomposition>
</VideoSegment>
<VideoSegment id="shot120_71">
<MediaTime>
<MediaTimePoint>T00:08:59:14168F30000</MediaTimePoint>
<MediaDuration>PT00H00M02S17077N30000F</MediaDuration>
</MediaTime>
<TemporalDecomposition>
<VideoSegment id="shot120_71_RKF">
<MediaTime>
<MediaTimePoint>T00:09:00:22206F30000</MediaTimePoint>
</MediaTime>
</VideoSegment>
</TemporalDecomposition>
</VideoSegment>
<VideoSegment id="shot120_72">
<MediaTime>
<MediaTimePoint>T00:09:02:1245F30000</MediaTimePoint>
<MediaDuration>PT00H00M03S25115N30000F</MediaDuration>
</MediaTime>
<TemporalDecomposition>
<VideoSegment id="shot120_72_RKF">
<MediaTime>
<MediaTimePoint>T00:09:03:28302F30000</MediaTimePoint>
</MediaTime>
</VideoSegment>
</TemporalDecomposition>
</VideoSegment>
<VideoSegment id="shot120_73">
<MediaTime>
<MediaTimePoint>T00:09:05:26360F30000</MediaTimePoint>
<MediaDuration>PT00H00M09S25295N30000F</MediaDuration>
</MediaTime>
<TemporalDecomposition>
<VideoSegment id="shot120_73_RKF">
<MediaTime>
<MediaTimePoint>T00:09:10:23507F30000</MediaTimePoint>
</MediaTime>
</VideoSegment>
</TemporalDecomposition>
</VideoSegment>
<VideoSegment id="shot120_74">
<MediaTime>
<MediaTimePoint>T00:09:15:21655F30000</MediaTimePoint>
<MediaDuration>PT00H00M03S12102N30000F</MediaDuration>
</MediaTime>
<TemporalDecomposition>
<VideoSegment id="shot120_74_RKF">
<MediaTime>
<MediaTimePoint>T00:09:17:11705F30000</MediaTimePoint>
</MediaTime>
</VideoSegment>
</TemporalDecomposition>
</VideoSegment>
<VideoSegment id="shot120_75">
<MediaTime>
<MediaTimePoint>T00:09:19:3757F30000</MediaTimePoint>
<MediaDuration>PT00H00M02S13073N30000F</MediaDuration>
</MediaTime>
<TemporalDecomposition>
<VideoSegment id="shot120_75_RKF">
<MediaTime>
<MediaTimePoint>T00:09:20:9793F30000</MediaTimePoint>
</MediaTime>
</VideoSegment>
</TemporalDecomposition>
</VideoSegment>
<VideoSegment id="shot120_76">
<MediaTime>
<MediaTimePoint>T00:09:21:16830F30000</MediaTimePoint>
<MediaDuration>PT00H00M08S17257N30000F</MediaDuration>
</MediaTime>
<TemporalDecomposition>
<VideoSegment id="shot120_76_RKF">
<MediaTime>
<MediaTimePoint>T00:09:25:24958F30000</MediaTimePoint>
</MediaTime>
</VideoSegment>
</TemporalDecomposition>
</VideoSegment>
<VideoSegment id="shot120_77">
<MediaTime>
<MediaTimePoint>T00:09:30:4087F30000</MediaTimePoint>
<MediaDuration>PT00H00M04S9129N30000F</MediaDuration>
</MediaTime>
<TemporalDecomposition>
<VideoSegment id="shot120_77_RKF">
<MediaTime>
<MediaTimePoint>T00:09:32:8151F30000</MediaTimePoint>
</MediaTime>
</VideoSegment>
</TemporalDecomposition>
</VideoSegment>
<VideoSegment id="shot120_78">
<MediaTime>
<MediaTimePoint>T00:09:34:13216F30000</MediaTimePoint>
<MediaDuration>PT00H00M07S21231N30000F</MediaDuration>
</MediaTime>
<TemporalDecomposition>
<VideoSegment id="shot120_78_RKF">
<MediaTime>
<MediaTimePoint>T00:09:38:8331F30000</MediaTimePoint>
</MediaTime>
</VideoSegment>
</TemporalDecomposition>
</VideoSegment>
<VideoSegment id="shot120_79">
<MediaTime>
<MediaTimePoint>T00:09:42:4447F30000</MediaTimePoint>
<MediaDuration>PT00H00M02S16076N30000F</MediaDuration>
</MediaTime>
<TemporalDecomposition>
<VideoSegment id="shot120_79_RKF">
<MediaTime>
<MediaTimePoint>T00:09:43:11484F30000</MediaTimePoint>
</MediaTime>
</VideoSegment>
</TemporalDecomposition>
</VideoSegment>
<VideoSegment id="shot120_80">
<MediaTime>
<MediaTimePoint>T00:09:44:20523F30000</MediaTimePoint>
<MediaDuration>PT00H00M21S28658N30000F</MediaDuration>
</MediaTime>
<TemporalDecomposition>
<VideoSegment id="shot120_80_RKF">
<MediaTime>
<MediaTimePoint>T00:09:55:18851F30000</MediaTimePoint>
</MediaTime>
</VideoSegment>
</TemporalDecomposition>
</VideoSegment>
<VideoSegment id="shot120_81">
<MediaTime>
<MediaTimePoint>T00:10:06:19181F30000</MediaTimePoint>
<MediaDuration>PT00H00M14S23443N30000F</MediaDuration>
</MediaTime>
<TemporalDecomposition>
<VideoSegment id="shot120_81_RKF">
<MediaTime>
<MediaTimePoint>T00:10:14:402F30000</MediaTimePoint>
</MediaTime>
</VideoSegment>
</TemporalDecomposition>
</VideoSegment>
<VideoSegment id="shot120_82">
<MediaTime>
<MediaTimePoint>T00:10:21:12624F30000</MediaTimePoint>
<MediaDuration>PT00H00M58S26765N30000F</MediaDuration>
</MediaTime>
<TemporalDecomposition>
<VideoSegment id="shot120_82_RKF">
<MediaTime>
<MediaTimePoint>T00:10:50:25506F30000</MediaTimePoint>
</MediaTime>
</VideoSegment>
</TemporalDecomposition>
</VideoSegment>
<VideoSegment id="shot120_83">
<MediaTime>
<MediaTimePoint>T00:11:20:9389F30000</MediaTimePoint>
<MediaDuration>PT00H00M02S27087N30000F</MediaDuration>
</MediaTime>
<TemporalDecomposition>
<VideoSegment id="shot120_83_RKF">
<MediaTime>
<MediaTimePoint>T00:11:21:22432F30000</MediaTimePoint>
</MediaTime>
</VideoSegment>
</TemporalDecomposition>
</VideoSegment>
</TemporalDecomposition>
</Video>
</MultimediaContent>
</Description>
</Mpeg7>
