<?xml version="1.0" encoding="UTF-8"?>
<Mpeg7 xmlns="urn:mpeg:mpeg7:schema:2001" xmlns:mpeg7="urn:mpeg:mpeg7:schema:2001" xmlns:xsi="http://www.w3.org/2001/XMLSchema-instance">
<Description xsi:type="ContentEntityType">
<MultimediaContent xsi:type="VideoType">
<Video id="TRECVID2005_123">
<MediaLocator>
<MediaUri>20041130_110000_MSNBC_MSNBCNEWS11_ENG.mpg</MediaUri>
</MediaLocator>
<MediaTime>
<MediaTimePoint>T00:00:00:0F30000</MediaTimePoint>
<MediaDuration>PT00H28M19S29949N30000F</MediaDuration>
</MediaTime>
<TemporalDecomposition gap="false" overlap="false">
<VideoSegment id="shot123_1">
<MediaTime>
<MediaTimePoint>T00:00:00:0F30000</MediaTimePoint>
<MediaDuration>PT00H00M03S24114N30000F</MediaDuration>
</MediaTime>
<TemporalDecomposition>
<VideoSegment id="shot123_1_RKF">
<MediaTime>
<MediaTimePoint>T00:00:01:26056F30000</MediaTimePoint>
</MediaTime>
</VideoSegment>
</TemporalDecomposition>
</VideoSegment>
<VideoSegment id="shot123_2">
<MediaTime>
<MediaTimePoint>T00:00:03:24114F30000</MediaTimePoint>
<MediaDuration>PT00H00M03S22112N30000F</MediaDuration>
</MediaTime>
<TemporalDecomposition>
<VideoSegment id="shot123_2_NRKF_1">
<MediaTime>
<MediaTimePoint>T00:00:04:3123F30000</MediaTimePoint>
</MediaTime>
</VideoSegment>
<VideoSegment id="shot123_2_RKF">
<MediaTime>
<MediaTimePoint>T00:00:05:19169F30000</MediaTimePoint>
</MediaTime>
</VideoSegment>
<VideoSegment id="shot123_2_NRKF_2">
<MediaTime>
<MediaTimePoint>T00:00:05:29179F30000</MediaTimePoint>
</MediaTime>
</VideoSegment>
</TemporalDecomposition>
</VideoSegment>
<VideoSegment id="shot123_3">
<MediaTime>
<MediaTimePoint>T00:00:07:16226F30000</MediaTimePoint>
<MediaDuration>PT00H00M02S24084N30000F</MediaDuration>
</MediaTime>
<TemporalDecomposition>
<VideoSegment id="shot123_3_NRKF_1">
<MediaTime>
<MediaTimePoint>T00:00:08:8248F30000</MediaTimePoint>
</MediaTime>
</VideoSegment>
<VideoSegment id="shot123_3_RKF">
<MediaTime>
<MediaTimePoint>T00:00:08:27267F30000</MediaTimePoint>
</MediaTime>
</VideoSegment>
<VideoSegment id="shot123_3_NRKF_2">
<MediaTime>
<MediaTimePoint>T00:00:09:20290F30000</MediaTimePoint>
</MediaTime>
</VideoSegment>
</TemporalDecomposition>
</VideoSegment>
<VideoSegment id="shot123_4">
<MediaTime>
<MediaTimePoint>T00:00:10:10310F30000</MediaTimePoint>
<MediaDuration>PT00H00M03S16106N30000F</MediaDuration>
</MediaTime>
<TemporalDecomposition>
<VideoSegment id="shot123_4_NRKF_1">
<MediaTime>
<MediaTimePoint>T00:00:11:4334F30000</MediaTimePoint>
</MediaTime>
</VideoSegment>
<VideoSegment id="shot123_4_RKF">
<MediaTime>
<MediaTimePoint>T00:00:12:2362F30000</MediaTimePoint>
</MediaTime>
</VideoSegment>
<VideoSegment id="shot123_4_NRKF_2">
<MediaTime>
<MediaTimePoint>T00:00:12:27387F30000</MediaTimePoint>
</MediaTime>
</VideoSegment>
</TemporalDecomposition>
</VideoSegment>
<VideoSegment id="shot123_5">
<MediaTime>
<MediaTimePoint>T00:00:13:26416F30000</MediaTimePoint>
<MediaDuration>PT00H00M02S11071N30000F</MediaDuration>
</MediaTime>
<TemporalDecomposition>
<VideoSegment id="shot123_5_RKF">
<MediaTime>
<MediaTimePoint>T00:00:15:1451F30000</MediaTimePoint>
</MediaTime>
</VideoSegment>
</TemporalDecomposition>
</VideoSegment>
<VideoSegment id="shot123_6">
<MediaTime>
<MediaTimePoint>T00:00:16:7487F30000</MediaTimePoint>
<MediaDuration>PT00H00M02S23083N30000F</MediaDuration>
</MediaTime>
<TemporalDecomposition>
<VideoSegment id="shot123_6_RKF">
<MediaTime>
<MediaTimePoint>T00:00:17:18528F30000</MediaTimePoint>
</MediaTime>
</VideoSegment>
</TemporalDecomposition>
</VideoSegment>
<VideoSegment id="shot123_7">
<MediaTime>
<MediaTimePoint>T00:00:19:570F30000</MediaTimePoint>
<MediaDuration>PT00H00M05S10160N30000F</MediaDuration>
</MediaTime>
<TemporalDecomposition>
<VideoSegment id="shot123_7_NRKF_1">
<MediaTime>
<MediaTimePoint>T00:00:19:4574F30000</MediaTimePoint>
</MediaTime>
</VideoSegment>
<VideoSegment id="shot123_7_NRKF_2">
<MediaTime>
<MediaTimePoint>T00:00:19:18588F30000</MediaTimePoint>
</MediaTime>
</VideoSegment>
<VideoSegment id="shot123_7_RKF">
<MediaTime>
<MediaTimePoint>T00:00:21:19649F30000</MediaTimePoint>
</MediaTime>
</VideoSegment>
<VideoSegment id="shot123_7_NRKF_3">
<MediaTime>
<MediaTimePoint>T00:00:22:4664F30000</MediaTimePoint>
</MediaTime>
</VideoSegment>
</TemporalDecomposition>
</VideoSegment>
<VideoSegment id="shot123_8">
<MediaTime>
<MediaTimePoint>T00:00:24:10730F30000</MediaTimePoint>
<MediaDuration>PT00H00M06S27207N30000F</MediaDuration>
</MediaTime>
<TemporalDecomposition>
<VideoSegment id="shot123_8_NRKF_1">
<MediaTime>
<MediaTimePoint>T00:00:24:13733F30000</MediaTimePoint>
</MediaTime>
</VideoSegment>
<VideoSegment id="shot123_8_NRKF_2">
<MediaTime>
<MediaTimePoint>T00:00:24:18738F30000</MediaTimePoint>
</MediaTime>
</VideoSegment>
<VideoSegment id="shot123_8_RKF">
<MediaTime>
<MediaTimePoint>T00:00:27:23833F30000</MediaTimePoint>
</MediaTime>
</VideoSegment>
<VideoSegment id="shot123_8_NRKF_3">
<MediaTime>
<MediaTimePoint>T00:00:27:28838F30000</MediaTimePoint>
</MediaTime>
</VideoSegment>
</TemporalDecomposition>
</VideoSegment>
<VideoSegment id="shot123_9">
<MediaTime>
<MediaTimePoint>T00:00:31:7937F30000</MediaTimePoint>
<MediaDuration>PT00H00M08S24264N30000F</MediaDuration>
</MediaTime>
<TemporalDecomposition>
<VideoSegment id="shot123_9_NRKF_1">
<MediaTime>
<MediaTimePoint>T00:00:31:11941F30000</MediaTimePoint>
</MediaTime>
</VideoSegment>
<VideoSegment id="shot123_9_RKF">
<MediaTime>
<MediaTimePoint>T00:00:35:19068F30000</MediaTimePoint>
</MediaTime>
</VideoSegment>
<VideoSegment id="shot123_9_NRKF_2">
<MediaTime>
<MediaTimePoint>T00:00:35:24073F30000</MediaTimePoint>
</MediaTime>
</VideoSegment>
</TemporalDecomposition>
</VideoSegment>
<VideoSegment id="shot123_10">
<MediaTime>
<MediaTimePoint>T00:00:40:2201F30000</MediaTimePoint>
<MediaDuration>PT00H00M06S23203N30000F</MediaDuration>
</MediaTime>
<TemporalDecomposition>
<VideoSegment id="shot123_10_NRKF_1">
<MediaTime>
<MediaTimePoint>T00:00:40:6205F30000</MediaTimePoint>
</MediaTime>
</VideoSegment>
<VideoSegment id="shot123_10_RKF">
<MediaTime>
<MediaTimePoint>T00:00:43:13302F30000</MediaTimePoint>
</MediaTime>
</VideoSegment>
<VideoSegment id="shot123_10_NRKF_2">
<MediaTime>
<MediaTimePoint>T00:00:43:18307F30000</MediaTimePoint>
</MediaTime>
</VideoSegment>
</TemporalDecomposition>
</VideoSegment>
<VideoSegment id="shot123_11">
<MediaTime>
<MediaTimePoint>T00:00:46:25404F30000</MediaTimePoint>
<MediaDuration>PT00H00M18S540N30000F</MediaDuration>
</MediaTime>
<TemporalDecomposition>
<VideoSegment id="shot123_11_NRKF_1">
<MediaTime>
<MediaTimePoint>T00:00:47:15424F30000</MediaTimePoint>
</MediaTime>
</VideoSegment>
<VideoSegment id="shot123_11_RKF">
<MediaTime>
<MediaTimePoint>T00:00:55:24673F30000</MediaTimePoint>
</MediaTime>
</VideoSegment>
<VideoSegment id="shot123_11_NRKF_2">
<MediaTime>
<MediaTimePoint>T00:00:56:15694F30000</MediaTimePoint>
</MediaTime>
</VideoSegment>
</TemporalDecomposition>
</VideoSegment>
<VideoSegment id="shot123_12">
<MediaTime>
<MediaTimePoint>T00:01:04:25944F30000</MediaTimePoint>
<MediaDuration>PT00H00M07S1211N30000F</MediaDuration>
</MediaTime>
<TemporalDecomposition>
<VideoSegment id="shot123_12_RKF">
<MediaTime>
<MediaTimePoint>T00:01:08:11049F30000</MediaTimePoint>
</MediaTime>
</VideoSegment>
</TemporalDecomposition>
</VideoSegment>
<VideoSegment id="shot123_13">
<MediaTime>
<MediaTimePoint>T00:01:11:27155F30000</MediaTimePoint>
<MediaDuration>PT00H00M04S12132N30000F</MediaDuration>
</MediaTime>
<TemporalDecomposition>
<VideoSegment id="shot123_13_RKF">
<MediaTime>
<MediaTimePoint>T00:01:14:2220F30000</MediaTimePoint>
</MediaTime>
</VideoSegment>
</TemporalDecomposition>
</VideoSegment>
<VideoSegment id="shot123_14">
<MediaTime>
<MediaTimePoint>T00:01:16:9287F30000</MediaTimePoint>
<MediaDuration>PT00H00M03S28118N30000F</MediaDuration>
</MediaTime>
<TemporalDecomposition>
<VideoSegment id="shot123_14_RKF">
<MediaTime>
<MediaTimePoint>T00:01:18:7345F30000</MediaTimePoint>
</MediaTime>
</VideoSegment>
</TemporalDecomposition>
</VideoSegment>
<VideoSegment id="shot123_15">
<MediaTime>
<MediaTimePoint>T00:01:20:7405F30000</MediaTimePoint>
<MediaDuration>PT00H00M03S25115N30000F</MediaDuration>
</MediaTime>
<TemporalDecomposition>
<VideoSegment id="shot123_15_NRKF_1">
<MediaTime>
<MediaTimePoint>T00:01:21:4432F30000</MediaTimePoint>
</MediaTime>
</VideoSegment>
<VideoSegment id="shot123_15_RKF">
<MediaTime>
<MediaTimePoint>T00:01:22:4462F30000</MediaTimePoint>
</MediaTime>
</VideoSegment>
<VideoSegment id="shot123_15_NRKF_2">
<MediaTime>
<MediaTimePoint>T00:01:23:2490F30000</MediaTimePoint>
</MediaTime>
</VideoSegment>
</TemporalDecomposition>
</VideoSegment>
<VideoSegment id="shot123_16">
<MediaTime>
<MediaTimePoint>T00:01:24:2520F30000</MediaTimePoint>
<MediaDuration>PT00H00M03S17107N30000F</MediaDuration>
</MediaTime>
<TemporalDecomposition>
<VideoSegment id="shot123_16_NRKF_1">
<MediaTime>
<MediaTimePoint>T00:01:24:25543F30000</MediaTimePoint>
</MediaTime>
</VideoSegment>
<VideoSegment id="shot123_16_RKF">
<MediaTime>
<MediaTimePoint>T00:01:25:25573F30000</MediaTimePoint>
</MediaTime>
</VideoSegment>
<VideoSegment id="shot123_16_NRKF_2">
<MediaTime>
<MediaTimePoint>T00:01:26:19597F30000</MediaTimePoint>
</MediaTime>
</VideoSegment>
</TemporalDecomposition>
</VideoSegment>
<VideoSegment id="shot123_17">
<MediaTime>
<MediaTimePoint>T00:01:27:19627F30000</MediaTimePoint>
<MediaDuration>PT00H00M02S3063N30000F</MediaDuration>
</MediaTime>
<TemporalDecomposition>
<VideoSegment id="shot123_17_RKF">
<MediaTime>
<MediaTimePoint>T00:01:28:20658F30000</MediaTimePoint>
</MediaTime>
</VideoSegment>
</TemporalDecomposition>
</VideoSegment>
<VideoSegment id="shot123_18">
<MediaTime>
<MediaTimePoint>T00:01:29:22690F30000</MediaTimePoint>
<MediaDuration>PT00H00M03S16106N30000F</MediaDuration>
</MediaTime>
<TemporalDecomposition>
<VideoSegment id="shot123_18_RKF">
<MediaTime>
<MediaTimePoint>T00:01:31:14742F30000</MediaTimePoint>
</MediaTime>
</VideoSegment>
</TemporalDecomposition>
</VideoSegment>
<VideoSegment id="shot123_19">
<MediaTime>
<MediaTimePoint>T00:01:33:8796F30000</MediaTimePoint>
<MediaDuration>PT00H00M02S18078N30000F</MediaDuration>
</MediaTime>
<TemporalDecomposition>
<VideoSegment id="shot123_19_RKF">
<MediaTime>
<MediaTimePoint>T00:01:34:16834F30000</MediaTimePoint>
</MediaTime>
</VideoSegment>
</TemporalDecomposition>
</VideoSegment>
<VideoSegment id="shot123_20">
<MediaTime>
<MediaTimePoint>T00:01:35:26874F30000</MediaTimePoint>
<MediaDuration>PT00H00M03S24114N30000F</MediaDuration>
</MediaTime>
<TemporalDecomposition>
<VideoSegment id="shot123_20_RKF">
<MediaTime>
<MediaTimePoint>T00:01:37:22930F30000</MediaTimePoint>
</MediaTime>
</VideoSegment>
</TemporalDecomposition>
</VideoSegment>
<VideoSegment id="shot123_21">
<MediaTime>
<MediaTimePoint>T00:01:39:20988F30000</MediaTimePoint>
<MediaDuration>PT00H00M02S27087N30000F</MediaDuration>
</MediaTime>
<TemporalDecomposition>
<VideoSegment id="shot123_21_RKF">
<MediaTime>
<MediaTimePoint>T00:01:41:4031F30000</MediaTimePoint>
</MediaTime>
</VideoSegment>
</TemporalDecomposition>
</VideoSegment>
<VideoSegment id="shot123_22">
<MediaTime>
<MediaTimePoint>T00:01:42:18075F30000</MediaTimePoint>
<MediaDuration>PT00H00M02S14074N30000F</MediaDuration>
</MediaTime>
<TemporalDecomposition>
<VideoSegment id="shot123_22_RKF">
<MediaTime>
<MediaTimePoint>T00:01:43:24111F30000</MediaTimePoint>
</MediaTime>
</VideoSegment>
</TemporalDecomposition>
</VideoSegment>
<VideoSegment id="shot123_23">
<MediaTime>
<MediaTimePoint>T00:01:45:2149F30000</MediaTimePoint>
<MediaDuration>PT00H00M14S24444N30000F</MediaDuration>
</MediaTime>
<TemporalDecomposition>
<VideoSegment id="shot123_23_RKF">
<MediaTime>
<MediaTimePoint>T00:01:52:13370F30000</MediaTimePoint>
</MediaTime>
</VideoSegment>
</TemporalDecomposition>
</VideoSegment>
<VideoSegment id="shot123_24">
<MediaTime>
<MediaTimePoint>T00:01:59:26593F30000</MediaTimePoint>
<MediaDuration>PT00H00M03S9099N30000F</MediaDuration>
</MediaTime>
<TemporalDecomposition>
<VideoSegment id="shot123_24_RKF">
<MediaTime>
<MediaTimePoint>T00:02:01:15642F30000</MediaTimePoint>
</MediaTime>
</VideoSegment>
</TemporalDecomposition>
</VideoSegment>
<VideoSegment id="shot123_25">
<MediaTime>
<MediaTimePoint>T00:02:03:5692F30000</MediaTimePoint>
<MediaDuration>PT00H00M03S14104N30000F</MediaDuration>
</MediaTime>
<TemporalDecomposition>
<VideoSegment id="shot123_25_RKF">
<MediaTime>
<MediaTimePoint>T00:02:04:26743F30000</MediaTimePoint>
</MediaTime>
</VideoSegment>
</TemporalDecomposition>
</VideoSegment>
<VideoSegment id="shot123_26">
<MediaTime>
<MediaTimePoint>T00:02:06:19796F30000</MediaTimePoint>
<MediaDuration>PT00H00M12S18378N30000F</MediaDuration>
</MediaTime>
<TemporalDecomposition>
<VideoSegment id="shot123_26_RKF">
<MediaTime>
<MediaTimePoint>T00:02:12:27984F30000</MediaTimePoint>
</MediaTime>
</VideoSegment>
</TemporalDecomposition>
</VideoSegment>
<VideoSegment id="shot123_27">
<MediaTime>
<MediaTimePoint>T00:02:19:8174F30000</MediaTimePoint>
<MediaDuration>PT00H00M15S13463N30000F</MediaDuration>
</MediaTime>
<TemporalDecomposition>
<VideoSegment id="shot123_27_RKF">
<MediaTime>
<MediaTimePoint>T00:02:26:29405F30000</MediaTimePoint>
</MediaTime>
</VideoSegment>
</TemporalDecomposition>
</VideoSegment>
<VideoSegment id="shot123_28">
<MediaTime>
<MediaTimePoint>T00:02:34:21637F30000</MediaTimePoint>
<MediaDuration>PT00H00M32S18978N30000F</MediaDuration>
</MediaTime>
<TemporalDecomposition>
<VideoSegment id="shot123_28_NRKF_1">
<MediaTime>
<MediaTimePoint>T00:02:35:15661F30000</MediaTimePoint>
</MediaTime>
</VideoSegment>
<VideoSegment id="shot123_28_RKF">
<MediaTime>
<MediaTimePoint>T00:02:51:125F30000</MediaTimePoint>
</MediaTime>
</VideoSegment>
<VideoSegment id="shot123_28_NRKF_2">
<MediaTime>
<MediaTimePoint>T00:02:51:25150F30000</MediaTimePoint>
</MediaTime>
</VideoSegment>
</TemporalDecomposition>
</VideoSegment>
<VideoSegment id="shot123_29">
<MediaTime>
<MediaTimePoint>T00:03:07:10615F30000</MediaTimePoint>
<MediaDuration>PT00H00M15S18468N30000F</MediaDuration>
</MediaTime>
<TemporalDecomposition>
<VideoSegment id="shot123_29_RKF">
<MediaTime>
<MediaTimePoint>T00:03:15:3848F30000</MediaTimePoint>
</MediaTime>
</VideoSegment>
</TemporalDecomposition>
</VideoSegment>
<VideoSegment id="shot123_30">
<MediaTime>
<MediaTimePoint>T00:03:22:29083F30000</MediaTimePoint>
<MediaDuration>PT00H00M12S10370N30000F</MediaDuration>
</MediaTime>
<TemporalDecomposition>
<VideoSegment id="shot123_30_RKF">
<MediaTime>
<MediaTimePoint>T00:03:29:3267F30000</MediaTimePoint>
</MediaTime>
</VideoSegment>
</TemporalDecomposition>
</VideoSegment>
<VideoSegment id="shot123_31">
<MediaTime>
<MediaTimePoint>T00:03:35:9453F30000</MediaTimePoint>
<MediaDuration>PT00H00M19S26596N30000F</MediaDuration>
</MediaTime>
<TemporalDecomposition>
<VideoSegment id="shot123_31_RKF">
<MediaTime>
<MediaTimePoint>T00:03:45:6750F30000</MediaTimePoint>
</MediaTime>
</VideoSegment>
</TemporalDecomposition>
</VideoSegment>
<VideoSegment id="shot123_32">
<MediaTime>
<MediaTimePoint>T00:03:55:6049F30000</MediaTimePoint>
<MediaDuration>PT00H00M03S23113N30000F</MediaDuration>
</MediaTime>
<TemporalDecomposition>
<VideoSegment id="shot123_32_RKF">
<MediaTime>
<MediaTimePoint>T00:03:57:2105F30000</MediaTimePoint>
</MediaTime>
</VideoSegment>
</TemporalDecomposition>
</VideoSegment>
<VideoSegment id="shot123_33">
<MediaTime>
<MediaTimePoint>T00:03:58:29162F30000</MediaTimePoint>
<MediaDuration>PT00H00M04S22142N30000F</MediaDuration>
</MediaTime>
<TemporalDecomposition>
<VideoSegment id="shot123_33_RKF">
<MediaTime>
<MediaTimePoint>T00:04:01:9232F30000</MediaTimePoint>
</MediaTime>
</VideoSegment>
</TemporalDecomposition>
</VideoSegment>
<VideoSegment id="shot123_34">
<MediaTime>
<MediaTimePoint>T00:04:03:21304F30000</MediaTimePoint>
<MediaDuration>PT00H00M05S11161N30000F</MediaDuration>
</MediaTime>
<TemporalDecomposition>
<VideoSegment id="shot123_34_RKF">
<MediaTime>
<MediaTimePoint>T00:04:06:11384F30000</MediaTimePoint>
</MediaTime>
</VideoSegment>
</TemporalDecomposition>
</VideoSegment>
<VideoSegment id="shot123_35">
<MediaTime>
<MediaTimePoint>T00:04:09:2465F30000</MediaTimePoint>
<MediaDuration>PT00H00M24S21741N30000F</MediaDuration>
</MediaTime>
<TemporalDecomposition>
<VideoSegment id="shot123_35_RKF">
<MediaTime>
<MediaTimePoint>T00:04:21:12835F30000</MediaTimePoint>
</MediaTime>
</VideoSegment>
</TemporalDecomposition>
</VideoSegment>
<VideoSegment id="shot123_36">
<MediaTime>
<MediaTimePoint>T00:04:33:24206F30000</MediaTimePoint>
<MediaDuration>PT00H00M05S150N30000F</MediaDuration>
</MediaTime>
<TemporalDecomposition>
<VideoSegment id="shot123_36_RKF">
<MediaTime>
<MediaTimePoint>T00:04:36:8280F30000</MediaTimePoint>
</MediaTime>
</VideoSegment>
</TemporalDecomposition>
</VideoSegment>
<VideoSegment id="shot123_37">
<MediaTime>
<MediaTimePoint>T00:04:38:24356F30000</MediaTimePoint>
<MediaDuration>PT00H01M39S19987N30000F</MediaDuration>
</MediaTime>
<TemporalDecomposition>
<VideoSegment id="shot123_37_RKF">
<MediaTime>
<MediaTimePoint>T00:05:28:18849F30000</MediaTimePoint>
</MediaTime>
</VideoSegment>
</TemporalDecomposition>
</VideoSegment>
<VideoSegment id="shot123_38">
<MediaTime>
<MediaTimePoint>T00:06:18:14343F30000</MediaTimePoint>
<MediaDuration>PT00H00M08S14254N30000F</MediaDuration>
</MediaTime>
<TemporalDecomposition>
<VideoSegment id="shot123_38_RKF">
<MediaTime>
<MediaTimePoint>T00:06:22:20469F30000</MediaTimePoint>
</MediaTime>
</VideoSegment>
</TemporalDecomposition>
</VideoSegment>
<VideoSegment id="shot123_39">
<MediaTime>
<MediaTimePoint>T00:06:26:28597F30000</MediaTimePoint>
<MediaDuration>PT00H00M20S24624N30000F</MediaDuration>
</MediaTime>
<TemporalDecomposition>
<VideoSegment id="shot123_39_RKF">
<MediaTime>
<MediaTimePoint>T00:06:37:9908F30000</MediaTimePoint>
</MediaTime>
</VideoSegment>
</TemporalDecomposition>
</VideoSegment>
<VideoSegment id="shot123_40">
<MediaTime>
<MediaTimePoint>T00:06:47:23221F30000</MediaTimePoint>
<MediaDuration>PT00H00M12S16376N30000F</MediaDuration>
</MediaTime>
<TemporalDecomposition>
<VideoSegment id="shot123_40_RKF">
<MediaTime>
<MediaTimePoint>T00:06:54:408F30000</MediaTimePoint>
</MediaTime>
</VideoSegment>
</TemporalDecomposition>
</VideoSegment>
<VideoSegment id="shot123_41">
<MediaTime>
<MediaTimePoint>T00:07:00:9597F30000</MediaTimePoint>
<MediaDuration>PT00H00M07S210N30000F</MediaDuration>
</MediaTime>
<TemporalDecomposition>
<VideoSegment id="shot123_41_NRKF_1">
<MediaTime>
<MediaTimePoint>T00:07:01:2620F30000</MediaTimePoint>
</MediaTime>
</VideoSegment>
<VideoSegment id="shot123_41_RKF">
<MediaTime>
<MediaTimePoint>T00:07:03:23701F30000</MediaTimePoint>
</MediaTime>
</VideoSegment>
<VideoSegment id="shot123_41_NRKF_2">
<MediaTime>
<MediaTimePoint>T00:07:04:17725F30000</MediaTimePoint>
</MediaTime>
</VideoSegment>
</TemporalDecomposition>
</VideoSegment>
<VideoSegment id="shot123_42">
<MediaTime>
<MediaTimePoint>T00:07:07:9807F30000</MediaTimePoint>
<MediaDuration>PT00H00M08S1241N30000F</MediaDuration>
</MediaTime>
<TemporalDecomposition>
<VideoSegment id="shot123_42_RKF">
<MediaTime>
<MediaTimePoint>T00:07:11:9927F30000</MediaTimePoint>
</MediaTime>
</VideoSegment>
</TemporalDecomposition>
</VideoSegment>
<VideoSegment id="shot123_43">
<MediaTime>
<MediaTimePoint>T00:07:15:11048F30000</MediaTimePoint>
<MediaDuration>PT00H00M02S13073N30000F</MediaDuration>
</MediaTime>
<TemporalDecomposition>
<VideoSegment id="shot123_43_RKF">
<MediaTime>
<MediaTimePoint>T00:07:16:17084F30000</MediaTimePoint>
</MediaTime>
</VideoSegment>
</TemporalDecomposition>
</VideoSegment>
<VideoSegment id="shot123_44">
<MediaTime>
<MediaTimePoint>T00:07:17:24121F30000</MediaTimePoint>
<MediaDuration>PT00H00M46S20399N30000F</MediaDuration>
</MediaTime>
<TemporalDecomposition>
<VideoSegment id="shot123_44_RKF">
<MediaTime>
<MediaTimePoint>T00:07:41:3820F30000</MediaTimePoint>
</MediaTime>
</VideoSegment>
</TemporalDecomposition>
</VideoSegment>
<VideoSegment id="shot123_45">
<MediaTime>
<MediaTimePoint>T00:08:04:14520F30000</MediaTimePoint>
<MediaDuration>PT00H00M09S7277N30000F</MediaDuration>
</MediaTime>
<TemporalDecomposition>
<VideoSegment id="shot123_45_RKF">
<MediaTime>
<MediaTimePoint>T00:08:09:2658F30000</MediaTimePoint>
</MediaTime>
</VideoSegment>
</TemporalDecomposition>
</VideoSegment>
<VideoSegment id="shot123_46">
<MediaTime>
<MediaTimePoint>T00:08:13:21797F30000</MediaTimePoint>
<MediaDuration>PT00H01M23S17505N30000F</MediaDuration>
</MediaTime>
<TemporalDecomposition>
<VideoSegment id="shot123_46_RKF">
<MediaTime>
<MediaTimePoint>T00:08:55:15049F30000</MediaTimePoint>
</MediaTime>
</VideoSegment>
</TemporalDecomposition>
</VideoSegment>
<VideoSegment id="shot123_47">
<MediaTime>
<MediaTimePoint>T00:09:37:9302F30000</MediaTimePoint>
<MediaDuration>PT00H00M18S5545N30000F</MediaDuration>
</MediaTime>
<TemporalDecomposition>
<VideoSegment id="shot123_47_RKF">
<MediaTime>
<MediaTimePoint>T00:09:46:11574F30000</MediaTimePoint>
</MediaTime>
</VideoSegment>
</TemporalDecomposition>
</VideoSegment>
<VideoSegment id="shot123_48">
<MediaTime>
<MediaTimePoint>T00:09:55:14847F30000</MediaTimePoint>
<MediaDuration>PT00H00M17S29539N30000F</MediaDuration>
</MediaTime>
<TemporalDecomposition>
<VideoSegment id="shot123_48_RKF">
<MediaTime>
<MediaTimePoint>T00:10:04:14116F30000</MediaTimePoint>
</MediaTime>
</VideoSegment>
</TemporalDecomposition>
</VideoSegment>
<VideoSegment id="shot123_49">
<MediaTime>
<MediaTimePoint>T00:10:13:14386F30000</MediaTimePoint>
<MediaDuration>PT00H00M04S29149N30000F</MediaDuration>
</MediaTime>
<TemporalDecomposition>
<VideoSegment id="shot123_49_RKF">
<MediaTime>
<MediaTimePoint>T00:10:15:28460F30000</MediaTimePoint>
</MediaTime>
</VideoSegment>
</TemporalDecomposition>
</VideoSegment>
<VideoSegment id="shot123_50">
<MediaTime>
<MediaTimePoint>T00:10:18:13535F30000</MediaTimePoint>
<MediaDuration>PT00H00M03S4094N30000F</MediaDuration>
</MediaTime>
<TemporalDecomposition>
<VideoSegment id="shot123_50_RKF">
<MediaTime>
<MediaTimePoint>T00:10:19:29581F30000</MediaTimePoint>
</MediaTime>
</VideoSegment>
</TemporalDecomposition>
</VideoSegment>
<VideoSegment id="shot123_51">
<MediaTime>
<MediaTimePoint>T00:10:21:17629F30000</MediaTimePoint>
<MediaDuration>PT00H00M02S23083N30000F</MediaDuration>
</MediaTime>
<TemporalDecomposition>
<VideoSegment id="shot123_51_RKF">
<MediaTime>
<MediaTimePoint>T00:10:22:28670F30000</MediaTimePoint>
</MediaTime>
</VideoSegment>
</TemporalDecomposition>
</VideoSegment>
<VideoSegment id="shot123_52">
<MediaTime>
<MediaTimePoint>T00:10:24:10712F30000</MediaTimePoint>
<MediaDuration>PT00H00M08S9249N30000F</MediaDuration>
</MediaTime>
<TemporalDecomposition>
<VideoSegment id="shot123_52_RKF">
<MediaTime>
<MediaTimePoint>T00:10:28:14836F30000</MediaTimePoint>
</MediaTime>
</VideoSegment>
</TemporalDecomposition>
</VideoSegment>
<VideoSegment id="shot123_53">
<MediaTime>
<MediaTimePoint>T00:10:32:19961F30000</MediaTimePoint>
<MediaDuration>PT00H00M05S9159N30000F</MediaDuration>
</MediaTime>
<TemporalDecomposition>
<VideoSegment id="shot123_53_RKF">
<MediaTime>
<MediaTimePoint>T00:10:35:9040F30000</MediaTimePoint>
</MediaTime>
</VideoSegment>
</TemporalDecomposition>
</VideoSegment>
<VideoSegment id="shot123_54">
<MediaTime>
<MediaTimePoint>T00:10:37:29120F30000</MediaTimePoint>
<MediaDuration>PT00H00M06S22202N30000F</MediaDuration>
</MediaTime>
<TemporalDecomposition>
<VideoSegment id="shot123_54_RKF">
<MediaTime>
<MediaTimePoint>T00:10:41:9220F30000</MediaTimePoint>
</MediaTime>
</VideoSegment>
</TemporalDecomposition>
</VideoSegment>
<VideoSegment id="shot123_55">
<MediaTime>
<MediaTimePoint>T00:10:44:21322F30000</MediaTimePoint>
<MediaDuration>PT00H00M03S14104N30000F</MediaDuration>
</MediaTime>
<TemporalDecomposition>
<VideoSegment id="shot123_55_RKF">
<MediaTime>
<MediaTimePoint>T00:10:46:12373F30000</MediaTimePoint>
</MediaTime>
</VideoSegment>
</TemporalDecomposition>
</VideoSegment>
<VideoSegment id="shot123_56">
<MediaTime>
<MediaTimePoint>T00:10:48:5426F30000</MediaTimePoint>
<MediaDuration>PT00H00M04S5125N30000F</MediaDuration>
</MediaTime>
<TemporalDecomposition>
<VideoSegment id="shot123_56_RKF">
<MediaTime>
<MediaTimePoint>T00:10:50:7488F30000</MediaTimePoint>
</MediaTime>
</VideoSegment>
</TemporalDecomposition>
</VideoSegment>
<VideoSegment id="shot123_57">
<MediaTime>
<MediaTimePoint>T00:10:52:10551F30000</MediaTimePoint>
<MediaDuration>PT00H00M03S13103N30000F</MediaDuration>
</MediaTime>
<TemporalDecomposition>
<VideoSegment id="shot123_57_RKF">
<MediaTime>
<MediaTimePoint>T00:10:54:1602F30000</MediaTimePoint>
</MediaTime>
</VideoSegment>
</TemporalDecomposition>
</VideoSegment>
<VideoSegment id="shot123_58">
<MediaTime>
<MediaTimePoint>T00:10:55:23654F30000</MediaTimePoint>
<MediaDuration>PT00H00M04S21141N30000F</MediaDuration>
</MediaTime>
<TemporalDecomposition>
<VideoSegment id="shot123_58_RKF">
<MediaTime>
<MediaTimePoint>T00:10:58:3724F30000</MediaTimePoint>
</MediaTime>
</VideoSegment>
</TemporalDecomposition>
</VideoSegment>
<VideoSegment id="shot123_59">
<MediaTime>
<MediaTimePoint>T00:11:00:14795F30000</MediaTimePoint>
<MediaDuration>PT00H00M02S14074N30000F</MediaDuration>
</MediaTime>
<TemporalDecomposition>
<VideoSegment id="shot123_59_RKF">
<MediaTime>
<MediaTimePoint>T00:11:01:20831F30000</MediaTimePoint>
</MediaTime>
</VideoSegment>
</TemporalDecomposition>
</VideoSegment>
<VideoSegment id="shot123_60">
<MediaTime>
<MediaTimePoint>T00:11:02:28869F30000</MediaTimePoint>
<MediaDuration>PT00H00M03S14104N30000F</MediaDuration>
</MediaTime>
<TemporalDecomposition>
<VideoSegment id="shot123_60_RKF">
<MediaTime>
<MediaTimePoint>T00:11:04:19920F30000</MediaTimePoint>
</MediaTime>
</VideoSegment>
</TemporalDecomposition>
</VideoSegment>
<VideoSegment id="shot123_61">
<MediaTime>
<MediaTimePoint>T00:11:06:12973F30000</MediaTimePoint>
<MediaDuration>PT00H00M05S11161N30000F</MediaDuration>
</MediaTime>
<TemporalDecomposition>
<VideoSegment id="shot123_61_RKF">
<MediaTime>
<MediaTimePoint>T00:11:09:3053F30000</MediaTimePoint>
</MediaTime>
</VideoSegment>
</TemporalDecomposition>
</VideoSegment>
<VideoSegment id="shot123_62">
<MediaTime>
<MediaTimePoint>T00:11:11:24134F30000</MediaTimePoint>
<MediaDuration>PT00H00M03S10100N30000F</MediaDuration>
</MediaTime>
<TemporalDecomposition>
<VideoSegment id="shot123_62_RKF">
<MediaTime>
<MediaTimePoint>T00:11:13:13183F30000</MediaTimePoint>
</MediaTime>
</VideoSegment>
</TemporalDecomposition>
</VideoSegment>
<VideoSegment id="shot123_63">
<MediaTime>
<MediaTimePoint>T00:11:15:4234F30000</MediaTimePoint>
<MediaDuration>PT00H00M03S18108N30000F</MediaDuration>
</MediaTime>
<TemporalDecomposition>
<VideoSegment id="shot123_63_NRKF_1">
<MediaTime>
<MediaTimePoint>T00:11:16:3263F30000</MediaTimePoint>
</MediaTime>
</VideoSegment>
<VideoSegment id="shot123_63_RKF">
<MediaTime>
<MediaTimePoint>T00:11:16:27287F30000</MediaTimePoint>
</MediaTime>
</VideoSegment>
<VideoSegment id="shot123_63_NRKF_2">
<MediaTime>
<MediaTimePoint>T00:11:17:27317F30000</MediaTimePoint>
</MediaTime>
</VideoSegment>
</TemporalDecomposition>
</VideoSegment>
<VideoSegment id="shot123_64">
<MediaTime>
<MediaTimePoint>T00:11:18:22342F30000</MediaTimePoint>
<MediaDuration>PT00H00M05S150N30000F</MediaDuration>
</MediaTime>
<TemporalDecomposition>
<VideoSegment id="shot123_64_RKF">
<MediaTime>
<MediaTimePoint>T00:11:21:6416F30000</MediaTimePoint>
</MediaTime>
</VideoSegment>
</TemporalDecomposition>
</VideoSegment>
<VideoSegment id="shot123_65">
<MediaTime>
<MediaTimePoint>T00:11:23:22492F30000</MediaTimePoint>
<MediaDuration>PT00H00M31S29959N30000F</MediaDuration>
</MediaTime>
<TemporalDecomposition>
<VideoSegment id="shot123_65_RKF">
<MediaTime>
<MediaTimePoint>T00:11:39:21971F30000</MediaTimePoint>
</MediaTime>
</VideoSegment>
</TemporalDecomposition>
</VideoSegment>
<VideoSegment id="shot123_66">
<MediaTime>
<MediaTimePoint>T00:11:55:22451F30000</MediaTimePoint>
<MediaDuration>PT00H00M04S15135N30000F</MediaDuration>
</MediaTime>
<TemporalDecomposition>
<VideoSegment id="shot123_66_RKF">
<MediaTime>
<MediaTimePoint>T00:11:57:29518F30000</MediaTimePoint>
</MediaTime>
</VideoSegment>
</TemporalDecomposition>
</VideoSegment>
<VideoSegment id="shot123_67">
<MediaTime>
<MediaTimePoint>T00:12:00:7586F30000</MediaTimePoint>
<MediaDuration>PT00H00M03S4094N30000F</MediaDuration>
</MediaTime>
<TemporalDecomposition>
<VideoSegment id="shot123_67_RKF">
<MediaTime>
<MediaTimePoint>T00:12:01:23632F30000</MediaTimePoint>
</MediaTime>
</VideoSegment>
</TemporalDecomposition>
</VideoSegment>
<VideoSegment id="shot123_68">
<MediaTime>
<MediaTimePoint>T00:12:03:11680F30000</MediaTimePoint>
<MediaDuration>PT00H00M08S7247N30000F</MediaDuration>
</MediaTime>
<TemporalDecomposition>
<VideoSegment id="shot123_68_RKF">
<MediaTime>
<MediaTimePoint>T00:12:07:14803F30000</MediaTimePoint>
</MediaTime>
</VideoSegment>
</TemporalDecomposition>
</VideoSegment>
<VideoSegment id="shot123_69">
<MediaTime>
<MediaTimePoint>T00:12:11:18927F30000</MediaTimePoint>
<MediaDuration>PT00H00M06S25205N30000F</MediaDuration>
</MediaTime>
<TemporalDecomposition>
<VideoSegment id="shot123_69_RKF">
<MediaTime>
<MediaTimePoint>T00:12:15:1029F30000</MediaTimePoint>
</MediaTime>
</VideoSegment>
</TemporalDecomposition>
</VideoSegment>
<VideoSegment id="shot123_70">
<MediaTime>
<MediaTimePoint>T00:12:18:14132F30000</MediaTimePoint>
<MediaDuration>PT00H00M12S28388N30000F</MediaDuration>
</MediaTime>
<TemporalDecomposition>
<VideoSegment id="shot123_70_NRKF_1">
<MediaTime>
<MediaTimePoint>T00:12:19:148F30000</MediaTimePoint>
</MediaTime>
</VideoSegment>
<VideoSegment id="shot123_70_NRKF_2">
<MediaTime>
<MediaTimePoint>T00:12:19:19167F30000</MediaTimePoint>
</MediaTime>
</VideoSegment>
<VideoSegment id="shot123_70_RKF">
<MediaTime>
<MediaTimePoint>T00:12:24:27325F30000</MediaTimePoint>
</MediaTime>
</VideoSegment>
<VideoSegment id="shot123_70_NRKF_3">
<MediaTime>
<MediaTimePoint>T00:12:25:17345F30000</MediaTimePoint>
</MediaTime>
</VideoSegment>
</TemporalDecomposition>
</VideoSegment>
<VideoSegment id="shot123_71">
<MediaTime>
<MediaTimePoint>T00:12:31:12520F30000</MediaTimePoint>
<MediaDuration>PT00H00M07S6216N30000F</MediaDuration>
</MediaTime>
<TemporalDecomposition>
<VideoSegment id="shot123_71_RKF">
<MediaTime>
<MediaTimePoint>T00:12:34:29627F30000</MediaTimePoint>
</MediaTime>
</VideoSegment>
</TemporalDecomposition>
</VideoSegment>
<VideoSegment id="shot123_72">
<MediaTime>
<MediaTimePoint>T00:12:38:18736F30000</MediaTimePoint>
<MediaDuration>PT00H00M05S22172N30000F</MediaDuration>
</MediaTime>
<TemporalDecomposition>
<VideoSegment id="shot123_72_RKF">
<MediaTime>
<MediaTimePoint>T00:12:41:13821F30000</MediaTimePoint>
</MediaTime>
</VideoSegment>
</TemporalDecomposition>
</VideoSegment>
<VideoSegment id="shot123_73">
<MediaTime>
<MediaTimePoint>T00:12:44:10908F30000</MediaTimePoint>
<MediaDuration>PT00H00M03S90N30000F</MediaDuration>
</MediaTime>
<TemporalDecomposition>
<VideoSegment id="shot123_73_RKF">
<MediaTime>
<MediaTimePoint>T00:12:45:24952F30000</MediaTimePoint>
</MediaTime>
</VideoSegment>
</TemporalDecomposition>
</VideoSegment>
<VideoSegment id="shot123_74">
<MediaTime>
<MediaTimePoint>T00:12:47:10998F30000</MediaTimePoint>
<MediaDuration>PT00H00M04S8128N30000F</MediaDuration>
</MediaTime>
<TemporalDecomposition>
<VideoSegment id="shot123_74_NRKF_1">
<MediaTime>
<MediaTimePoint>T00:12:48:1018F30000</MediaTimePoint>
</MediaTime>
</VideoSegment>
<VideoSegment id="shot123_74_RKF">
<MediaTime>
<MediaTimePoint>T00:12:49:14061F30000</MediaTimePoint>
</MediaTime>
</VideoSegment>
<VideoSegment id="shot123_74_NRKF_2">
<MediaTime>
<MediaTimePoint>T00:12:50:5082F30000</MediaTimePoint>
</MediaTime>
</VideoSegment>
</TemporalDecomposition>
</VideoSegment>
<VideoSegment id="shot123_75">
<MediaTime>
<MediaTimePoint>T00:12:51:19126F30000</MediaTimePoint>
<MediaDuration>PT00H00M07S23233N30000F</MediaDuration>
</MediaTime>
<TemporalDecomposition>
<VideoSegment id="shot123_75_RKF">
<MediaTime>
<MediaTimePoint>T00:12:55:15242F30000</MediaTimePoint>
</MediaTime>
</VideoSegment>
</TemporalDecomposition>
</VideoSegment>
<VideoSegment id="shot123_76">
<MediaTime>
<MediaTimePoint>T00:12:59:12359F30000</MediaTimePoint>
<MediaDuration>PT00H00M21S6636N30000F</MediaDuration>
</MediaTime>
<TemporalDecomposition>
<VideoSegment id="shot123_76_RKF">
<MediaTime>
<MediaTimePoint>T00:13:09:29676F30000</MediaTimePoint>
</MediaTime>
</VideoSegment>
</TemporalDecomposition>
</VideoSegment>
<VideoSegment id="shot123_77">
<MediaTime>
<MediaTimePoint>T00:13:20:18995F30000</MediaTimePoint>
<MediaDuration>PT00H00M15S14464N30000F</MediaDuration>
</MediaTime>
<TemporalDecomposition>
<VideoSegment id="shot123_77_RKF">
<MediaTime>
<MediaTimePoint>T00:13:28:10226F30000</MediaTimePoint>
</MediaTime>
</VideoSegment>
</TemporalDecomposition>
</VideoSegment>
<VideoSegment id="shot123_78">
<MediaTime>
<MediaTimePoint>T00:13:36:3459F30000</MediaTimePoint>
<MediaDuration>PT00H00M27S17827N30000F</MediaDuration>
</MediaTime>
<TemporalDecomposition>
<VideoSegment id="shot123_78_RKF">
<MediaTime>
<MediaTimePoint>T00:13:49:26872F30000</MediaTimePoint>
</MediaTime>
</VideoSegment>
</TemporalDecomposition>
</VideoSegment>
<VideoSegment id="shot123_79">
<MediaTime>
<MediaTimePoint>T00:14:03:21286F30000</MediaTimePoint>
<MediaDuration>PT00H00M06S11191N30000F</MediaDuration>
</MediaTime>
<TemporalDecomposition>
<VideoSegment id="shot123_79_RKF">
<MediaTime>
<MediaTimePoint>T00:14:06:26381F30000</MediaTimePoint>
</MediaTime>
</VideoSegment>
</TemporalDecomposition>
</VideoSegment>
<VideoSegment id="shot123_80">
<MediaTime>
<MediaTimePoint>T00:14:10:2477F30000</MediaTimePoint>
<MediaDuration>PT00H00M13S3393N30000F</MediaDuration>
</MediaTime>
<TemporalDecomposition>
<VideoSegment id="shot123_80_RKF">
<MediaTime>
<MediaTimePoint>T00:14:16:18673F30000</MediaTimePoint>
</MediaTime>
</VideoSegment>
</TemporalDecomposition>
</VideoSegment>
<VideoSegment id="shot123_81">
<MediaTime>
<MediaTimePoint>T00:14:23:5870F30000</MediaTimePoint>
<MediaDuration>PT00H00M07S15225N30000F</MediaDuration>
</MediaTime>
<TemporalDecomposition>
<VideoSegment id="shot123_81_RKF">
<MediaTime>
<MediaTimePoint>T00:14:26:27982F30000</MediaTimePoint>
</MediaTime>
</VideoSegment>
</TemporalDecomposition>
</VideoSegment>
<VideoSegment id="shot123_82">
<MediaTime>
<MediaTimePoint>T00:14:30:21095F30000</MediaTimePoint>
<MediaDuration>PT00H00M02S22082N30000F</MediaDuration>
</MediaTime>
<TemporalDecomposition>
<VideoSegment id="shot123_82_RKF">
<MediaTime>
<MediaTimePoint>T00:14:32:1135F30000</MediaTimePoint>
</MediaTime>
</VideoSegment>
</TemporalDecomposition>
</VideoSegment>
<VideoSegment id="shot123_83">
<MediaTime>
<MediaTimePoint>T00:14:33:13177F30000</MediaTimePoint>
<MediaDuration>PT00H00M27S15825N30000F</MediaDuration>
</MediaTime>
<TemporalDecomposition>
<VideoSegment id="shot123_83_RKF">
<MediaTime>
<MediaTimePoint>T00:14:47:5589F30000</MediaTimePoint>
</MediaTime>
</VideoSegment>
</TemporalDecomposition>
</VideoSegment>
<VideoSegment id="shot123_84">
<MediaTime>
<MediaTimePoint>T00:15:00:29002F30000</MediaTimePoint>
<MediaDuration>PT00H00M06S25205N30000F</MediaDuration>
</MediaTime>
<TemporalDecomposition>
<VideoSegment id="shot123_84_NRKF_1">
<MediaTime>
<MediaTimePoint>T00:15:01:9012F30000</MediaTimePoint>
</MediaTime>
</VideoSegment>
<VideoSegment id="shot123_84_RKF">
<MediaTime>
<MediaTimePoint>T00:15:04:11104F30000</MediaTimePoint>
</MediaTime>
</VideoSegment>
<VideoSegment id="shot123_84_NRKF_2">
<MediaTime>
<MediaTimePoint>T00:15:04:21114F30000</MediaTimePoint>
</MediaTime>
</VideoSegment>
</TemporalDecomposition>
</VideoSegment>
<VideoSegment id="shot123_85">
<MediaTime>
<MediaTimePoint>T00:15:07:24207F30000</MediaTimePoint>
<MediaDuration>PT00H00M06S10190N30000F</MediaDuration>
</MediaTime>
<TemporalDecomposition>
<VideoSegment id="shot123_85_NRKF_1">
<MediaTime>
<MediaTimePoint>T00:15:08:7220F30000</MediaTimePoint>
</MediaTime>
</VideoSegment>
<VideoSegment id="shot123_85_NRKF_2">
<MediaTime>
<MediaTimePoint>T00:15:08:24237F30000</MediaTimePoint>
</MediaTime>
</VideoSegment>
<VideoSegment id="shot123_85_NRKF_3">
<MediaTime>
<MediaTimePoint>T00:15:09:2245F30000</MediaTimePoint>
</MediaTime>
</VideoSegment>
<VideoSegment id="shot123_85_RKF">
<MediaTime>
<MediaTimePoint>T00:15:10:28301F30000</MediaTimePoint>
</MediaTime>
</VideoSegment>
<VideoSegment id="shot123_85_NRKF_4">
<MediaTime>
<MediaTimePoint>T00:15:11:21324F30000</MediaTimePoint>
</MediaTime>
</VideoSegment>
</TemporalDecomposition>
</VideoSegment>
<VideoSegment id="shot123_86">
<MediaTime>
<MediaTimePoint>T00:15:14:4397F30000</MediaTimePoint>
<MediaDuration>PT00H00M11S13343N30000F</MediaDuration>
</MediaTime>
<TemporalDecomposition>
<VideoSegment id="shot123_86_NRKF_1">
<MediaTime>
<MediaTimePoint>T00:15:14:24417F30000</MediaTimePoint>
</MediaTime>
</VideoSegment>
<VideoSegment id="shot123_86_RKF">
<MediaTime>
<MediaTimePoint>T00:15:19:25568F30000</MediaTimePoint>
</MediaTime>
</VideoSegment>
<VideoSegment id="shot123_86_NRKF_2">
<MediaTime>
<MediaTimePoint>T00:15:20:16589F30000</MediaTimePoint>
</MediaTime>
</VideoSegment>
</TemporalDecomposition>
</VideoSegment>
<VideoSegment id="shot123_87">
<MediaTime>
<MediaTimePoint>T00:15:25:17740F30000</MediaTimePoint>
<MediaDuration>PT00H00M02S16076N30000F</MediaDuration>
</MediaTime>
<TemporalDecomposition>
<VideoSegment id="shot123_87_NRKF_1">
<MediaTime>
<MediaTimePoint>T00:15:25:22745F30000</MediaTimePoint>
</MediaTime>
</VideoSegment>
<VideoSegment id="shot123_87_NRKF_2">
<MediaTime>
<MediaTimePoint>T00:15:26:3756F30000</MediaTimePoint>
</MediaTime>
</VideoSegment>
<VideoSegment id="shot123_87_RKF">
<MediaTime>
<MediaTimePoint>T00:15:26:24777F30000</MediaTimePoint>
</MediaTime>
</VideoSegment>
<VideoSegment id="shot123_87_NRKF_3">
<MediaTime>
<MediaTimePoint>T00:15:27:6789F30000</MediaTimePoint>
</MediaTime>
</VideoSegment>
</TemporalDecomposition>
</VideoSegment>
<VideoSegment id="shot123_88">
<MediaTime>
<MediaTimePoint>T00:15:28:3816F30000</MediaTimePoint>
<MediaDuration>PT00H00M03S10100N30000F</MediaDuration>
</MediaTime>
<TemporalDecomposition>
<VideoSegment id="shot123_88_RKF">
<MediaTime>
<MediaTimePoint>T00:15:29:22865F30000</MediaTimePoint>
</MediaTime>
</VideoSegment>
</TemporalDecomposition>
</VideoSegment>
<VideoSegment id="shot123_89">
<MediaTime>
<MediaTimePoint>T00:15:31:13916F30000</MediaTimePoint>
<MediaDuration>PT00H00M03S26116N30000F</MediaDuration>
</MediaTime>
<TemporalDecomposition>
<VideoSegment id="shot123_89_RKF">
<MediaTime>
<MediaTimePoint>T00:15:33:10973F30000</MediaTimePoint>
</MediaTime>
</VideoSegment>
</TemporalDecomposition>
</VideoSegment>
<VideoSegment id="shot123_90">
<MediaTime>
<MediaTimePoint>T00:15:35:10032F30000</MediaTimePoint>
<MediaDuration>PT00H00M04S12132N30000F</MediaDuration>
</MediaTime>
<TemporalDecomposition>
<VideoSegment id="shot123_90_NRKF_1">
<MediaTime>
<MediaTimePoint>T00:15:35:27049F30000</MediaTimePoint>
</MediaTime>
</VideoSegment>
<VideoSegment id="shot123_90_RKF">
<MediaTime>
<MediaTimePoint>T00:15:37:15097F30000</MediaTimePoint>
</MediaTime>
</VideoSegment>
<VideoSegment id="shot123_90_NRKF_2">
<MediaTime>
<MediaTimePoint>T00:15:38:3115F30000</MediaTimePoint>
</MediaTime>
</VideoSegment>
</TemporalDecomposition>
</VideoSegment>
<VideoSegment id="shot123_91">
<MediaTime>
<MediaTimePoint>T00:15:39:22164F30000</MediaTimePoint>
<MediaDuration>PT00H00M02S22082N30000F</MediaDuration>
</MediaTime>
<TemporalDecomposition>
<VideoSegment id="shot123_91_NRKF_1">
<MediaTime>
<MediaTimePoint>T00:15:40:8180F30000</MediaTimePoint>
</MediaTime>
</VideoSegment>
<VideoSegment id="shot123_91_RKF">
<MediaTime>
<MediaTimePoint>T00:15:41:2204F30000</MediaTimePoint>
</MediaTime>
</VideoSegment>
<VideoSegment id="shot123_91_NRKF_2">
<MediaTime>
<MediaTimePoint>T00:15:41:8210F30000</MediaTimePoint>
</MediaTime>
</VideoSegment>
<VideoSegment id="shot123_91_NRKF_3">
<MediaTime>
<MediaTimePoint>T00:15:42:2234F30000</MediaTimePoint>
</MediaTime>
</VideoSegment>
</TemporalDecomposition>
</VideoSegment>
<VideoSegment id="shot123_92">
<MediaTime>
<MediaTimePoint>T00:15:42:14246F30000</MediaTimePoint>
<MediaDuration>PT00H00M02S11071N30000F</MediaDuration>
</MediaTime>
<TemporalDecomposition>
<VideoSegment id="shot123_92_NRKF_1">
<MediaTime>
<MediaTimePoint>T00:15:42:25257F30000</MediaTimePoint>
</MediaTime>
</VideoSegment>
<VideoSegment id="shot123_92_RKF">
<MediaTime>
<MediaTimePoint>T00:15:43:19281F30000</MediaTimePoint>
</MediaTime>
</VideoSegment>
<VideoSegment id="shot123_92_NRKF_2">
<MediaTime>
<MediaTimePoint>T00:15:43:22284F30000</MediaTimePoint>
</MediaTime>
</VideoSegment>
<VideoSegment id="shot123_92_NRKF_3">
<MediaTime>
<MediaTimePoint>T00:15:44:16308F30000</MediaTimePoint>
</MediaTime>
</VideoSegment>
</TemporalDecomposition>
</VideoSegment>
<VideoSegment id="shot123_93">
<MediaTime>
<MediaTimePoint>T00:15:44:25317F30000</MediaTimePoint>
<MediaDuration>PT00H00M02S8068N30000F</MediaDuration>
</MediaTime>
<TemporalDecomposition>
<VideoSegment id="shot123_93_NRKF_1">
<MediaTime>
<MediaTimePoint>T00:15:45:2324F30000</MediaTimePoint>
</MediaTime>
</VideoSegment>
<VideoSegment id="shot123_93_RKF">
<MediaTime>
<MediaTimePoint>T00:15:45:28350F30000</MediaTimePoint>
</MediaTime>
</VideoSegment>
<VideoSegment id="shot123_93_NRKF_2">
<MediaTime>
<MediaTimePoint>T00:15:46:6358F30000</MediaTimePoint>
</MediaTime>
</VideoSegment>
</TemporalDecomposition>
</VideoSegment>
<VideoSegment id="shot123_94">
<MediaTime>
<MediaTimePoint>T00:15:47:3385F30000</MediaTimePoint>
<MediaDuration>PT00H00M02S9069N30000F</MediaDuration>
</MediaTime>
<TemporalDecomposition>
<VideoSegment id="shot123_94_NRKF_1">
<MediaTime>
<MediaTimePoint>T00:15:47:12394F30000</MediaTimePoint>
</MediaTime>
</VideoSegment>
<VideoSegment id="shot123_94_NRKF_2">
<MediaTime>
<MediaTimePoint>T00:15:48:7419F30000</MediaTimePoint>
</MediaTime>
</VideoSegment>
<VideoSegment id="shot123_94_RKF">
<MediaTime>
<MediaTimePoint>T00:15:48:7419F30000</MediaTimePoint>
</MediaTime>
</VideoSegment>
<VideoSegment id="shot123_94_NRKF_3">
<MediaTime>
<MediaTimePoint>T00:15:49:1443F30000</MediaTimePoint>
</MediaTime>
</VideoSegment>
</TemporalDecomposition>
</VideoSegment>
<VideoSegment id="shot123_95">
<MediaTime>
<MediaTimePoint>T00:15:49:12454F30000</MediaTimePoint>
<MediaDuration>PT00H00M04S3123N30000F</MediaDuration>
</MediaTime>
<TemporalDecomposition>
<VideoSegment id="shot123_95_NRKF_1">
<MediaTime>
<MediaTimePoint>T00:15:49:25467F30000</MediaTimePoint>
</MediaTime>
</VideoSegment>
<VideoSegment id="shot123_95_RKF">
<MediaTime>
<MediaTimePoint>T00:15:51:13515F30000</MediaTimePoint>
</MediaTime>
</VideoSegment>
<VideoSegment id="shot123_95_NRKF_2">
<MediaTime>
<MediaTimePoint>T00:15:51:27529F30000</MediaTimePoint>
</MediaTime>
</VideoSegment>
</TemporalDecomposition>
</VideoSegment>
<VideoSegment id="shot123_96">
<MediaTime>
<MediaTimePoint>T00:15:53:15577F30000</MediaTimePoint>
<MediaDuration>PT00H00M04S8128N30000F</MediaDuration>
</MediaTime>
<TemporalDecomposition>
<VideoSegment id="shot123_96_RKF">
<MediaTime>
<MediaTimePoint>T00:15:55:18640F30000</MediaTimePoint>
</MediaTime>
</VideoSegment>
</TemporalDecomposition>
</VideoSegment>
<VideoSegment id="shot123_97">
<MediaTime>
<MediaTimePoint>T00:15:57:23705F30000</MediaTimePoint>
<MediaDuration>PT00H00M03S8098N30000F</MediaDuration>
</MediaTime>
<TemporalDecomposition>
<VideoSegment id="shot123_97_NRKF_1">
<MediaTime>
<MediaTimePoint>T00:15:58:11723F30000</MediaTimePoint>
</MediaTime>
</VideoSegment>
<VideoSegment id="shot123_97_RKF">
<MediaTime>
<MediaTimePoint>T00:15:59:11753F30000</MediaTimePoint>
</MediaTime>
</VideoSegment>
<VideoSegment id="shot123_97_NRKF_2">
<MediaTime>
<MediaTimePoint>T00:16:00:772F30000</MediaTimePoint>
</MediaTime>
</VideoSegment>
</TemporalDecomposition>
</VideoSegment>
<VideoSegment id="shot123_98">
<MediaTime>
<MediaTimePoint>T00:16:01:1803F30000</MediaTimePoint>
<MediaDuration>PT00H00M02S8068N30000F</MediaDuration>
</MediaTime>
<TemporalDecomposition>
<VideoSegment id="shot123_98_RKF">
<MediaTime>
<MediaTimePoint>T00:16:02:4836F30000</MediaTimePoint>
</MediaTime>
</VideoSegment>
</TemporalDecomposition>
</VideoSegment>
<VideoSegment id="shot123_99">
<MediaTime>
<MediaTimePoint>T00:16:03:9871F30000</MediaTimePoint>
<MediaDuration>PT00H00M02S1061N30000F</MediaDuration>
</MediaTime>
<TemporalDecomposition>
<VideoSegment id="shot123_99_RKF">
<MediaTime>
<MediaTimePoint>T00:16:04:9901F30000</MediaTimePoint>
</MediaTime>
</VideoSegment>
</TemporalDecomposition>
</VideoSegment>
<VideoSegment id="shot123_100">
<MediaTime>
<MediaTimePoint>T00:16:05:10932F30000</MediaTimePoint>
<MediaDuration>PT00H00M02S5065N30000F</MediaDuration>
</MediaTime>
<TemporalDecomposition>
<VideoSegment id="shot123_100_RKF">
<MediaTime>
<MediaTimePoint>T00:16:06:12964F30000</MediaTimePoint>
</MediaTime>
</VideoSegment>
</TemporalDecomposition>
</VideoSegment>
<VideoSegment id="shot123_101">
<MediaTime>
<MediaTimePoint>T00:16:07:15997F30000</MediaTimePoint>
<MediaDuration>PT00H00M03S16106N30000F</MediaDuration>
</MediaTime>
<TemporalDecomposition>
<VideoSegment id="shot123_101_RKF">
<MediaTime>
<MediaTimePoint>T00:16:09:8049F30000</MediaTimePoint>
</MediaTime>
</VideoSegment>
</TemporalDecomposition>
</VideoSegment>
<VideoSegment id="shot123_102">
<MediaTime>
<MediaTimePoint>T00:16:11:2103F30000</MediaTimePoint>
<MediaDuration>PT00H00M03S10100N30000F</MediaDuration>
</MediaTime>
<TemporalDecomposition>
<VideoSegment id="shot123_102_NRKF_1">
<MediaTime>
<MediaTimePoint>T00:16:12:131F30000</MediaTimePoint>
</MediaTime>
</VideoSegment>
<VideoSegment id="shot123_102_RKF">
<MediaTime>
<MediaTimePoint>T00:16:12:21152F30000</MediaTimePoint>
</MediaTime>
</VideoSegment>
<VideoSegment id="shot123_102_NRKF_2">
<MediaTime>
<MediaTimePoint>T00:16:13:20181F30000</MediaTimePoint>
</MediaTime>
</VideoSegment>
</TemporalDecomposition>
</VideoSegment>
<VideoSegment id="shot123_103">
<MediaTime>
<MediaTimePoint>T00:16:14:12203F30000</MediaTimePoint>
<MediaDuration>PT00H00M02S28088N30000F</MediaDuration>
</MediaTime>
<TemporalDecomposition>
<VideoSegment id="shot123_103_RKF">
<MediaTime>
<MediaTimePoint>T00:16:15:25246F30000</MediaTimePoint>
</MediaTime>
</VideoSegment>
</TemporalDecomposition>
</VideoSegment>
<VideoSegment id="shot123_104">
<MediaTime>
<MediaTimePoint>T00:16:17:10291F30000</MediaTimePoint>
<MediaDuration>PT00H00M03S2092N30000F</MediaDuration>
</MediaTime>
<TemporalDecomposition>
<VideoSegment id="shot123_104_NRKF_1">
<MediaTime>
<MediaTimePoint>T00:16:18:5316F30000</MediaTimePoint>
</MediaTime>
</VideoSegment>
<VideoSegment id="shot123_104_RKF">
<MediaTime>
<MediaTimePoint>T00:16:18:25336F30000</MediaTimePoint>
</MediaTime>
</VideoSegment>
<VideoSegment id="shot123_104_NRKF_2">
<MediaTime>
<MediaTimePoint>T00:16:19:21362F30000</MediaTimePoint>
</MediaTime>
</VideoSegment>
</TemporalDecomposition>
</VideoSegment>
<VideoSegment id="shot123_105">
<MediaTime>
<MediaTimePoint>T00:16:20:12383F30000</MediaTimePoint>
<MediaDuration>PT00H00M02S17077N30000F</MediaDuration>
</MediaTime>
<TemporalDecomposition>
<VideoSegment id="shot123_105_NRKF_1">
<MediaTime>
<MediaTimePoint>T00:16:21:1402F30000</MediaTimePoint>
</MediaTime>
</VideoSegment>
<VideoSegment id="shot123_105_RKF">
<MediaTime>
<MediaTimePoint>T00:16:21:20421F30000</MediaTimePoint>
</MediaTime>
</VideoSegment>
<VideoSegment id="shot123_105_NRKF_2">
<MediaTime>
<MediaTimePoint>T00:16:22:10441F30000</MediaTimePoint>
</MediaTime>
</VideoSegment>
</TemporalDecomposition>
</VideoSegment>
<VideoSegment id="shot123_106">
<MediaTime>
<MediaTimePoint>T00:16:22:29460F30000</MediaTimePoint>
<MediaDuration>PT00H00M02S14074N30000F</MediaDuration>
</MediaTime>
<TemporalDecomposition>
<VideoSegment id="shot123_106_NRKF_1">
<MediaTime>
<MediaTimePoint>T00:16:23:20481F30000</MediaTimePoint>
</MediaTime>
</VideoSegment>
<VideoSegment id="shot123_106_RKF">
<MediaTime>
<MediaTimePoint>T00:16:24:5496F30000</MediaTimePoint>
</MediaTime>
</VideoSegment>
<VideoSegment id="shot123_106_NRKF_2">
<MediaTime>
<MediaTimePoint>T00:16:24:27518F30000</MediaTimePoint>
</MediaTime>
</VideoSegment>
</TemporalDecomposition>
</VideoSegment>
<VideoSegment id="shot123_107">
<MediaTime>
<MediaTimePoint>T00:16:25:13534F30000</MediaTimePoint>
<MediaDuration>PT00H00M02S7067N30000F</MediaDuration>
</MediaTime>
<TemporalDecomposition>
<VideoSegment id="shot123_107_NRKF_1">
<MediaTime>
<MediaTimePoint>T00:16:26:2553F30000</MediaTimePoint>
</MediaTime>
</VideoSegment>
<VideoSegment id="shot123_107_RKF">
<MediaTime>
<MediaTimePoint>T00:16:26:16567F30000</MediaTimePoint>
</MediaTime>
</VideoSegment>
<VideoSegment id="shot123_107_NRKF_2">
<MediaTime>
<MediaTimePoint>T00:16:27:6587F30000</MediaTimePoint>
</MediaTime>
</VideoSegment>
</TemporalDecomposition>
</VideoSegment>
<VideoSegment id="shot123_108">
<MediaTime>
<MediaTimePoint>T00:16:27:20601F30000</MediaTimePoint>
<MediaDuration>PT00H00M02S15075N30000F</MediaDuration>
</MediaTime>
<TemporalDecomposition>
<VideoSegment id="shot123_108_NRKF_1">
<MediaTime>
<MediaTimePoint>T00:16:27:28609F30000</MediaTimePoint>
</MediaTime>
</VideoSegment>
<VideoSegment id="shot123_108_NRKF_2">
<MediaTime>
<MediaTimePoint>T00:16:28:17628F30000</MediaTimePoint>
</MediaTime>
</VideoSegment>
<VideoSegment id="shot123_108_RKF">
<MediaTime>
<MediaTimePoint>T00:16:28:27638F30000</MediaTimePoint>
</MediaTime>
</VideoSegment>
<VideoSegment id="shot123_108_NRKF_3">
<MediaTime>
<MediaTimePoint>T00:16:29:8649F30000</MediaTimePoint>
</MediaTime>
</VideoSegment>
<VideoSegment id="shot123_108_NRKF_4">
<MediaTime>
<MediaTimePoint>T00:16:29:26667F30000</MediaTimePoint>
</MediaTime>
</VideoSegment>
</TemporalDecomposition>
</VideoSegment>
<VideoSegment id="shot123_109">
<MediaTime>
<MediaTimePoint>T00:16:30:5676F30000</MediaTimePoint>
<MediaDuration>PT00H00M05S4154N30000F</MediaDuration>
</MediaTime>
<TemporalDecomposition>
<VideoSegment id="shot123_109_RKF">
<MediaTime>
<MediaTimePoint>T00:16:32:21752F30000</MediaTimePoint>
</MediaTime>
</VideoSegment>
</TemporalDecomposition>
</VideoSegment>
<VideoSegment id="shot123_110">
<MediaTime>
<MediaTimePoint>T00:16:35:9830F30000</MediaTimePoint>
<MediaDuration>PT00H00M05S1151N30000F</MediaDuration>
</MediaTime>
<TemporalDecomposition>
<VideoSegment id="shot123_110_RKF">
<MediaTime>
<MediaTimePoint>T00:16:37:24905F30000</MediaTimePoint>
</MediaTime>
</VideoSegment>
</TemporalDecomposition>
</VideoSegment>
<VideoSegment id="shot123_111">
<MediaTime>
<MediaTimePoint>T00:16:40:10981F30000</MediaTimePoint>
<MediaDuration>PT00H00M02S14074N30000F</MediaDuration>
</MediaTime>
<TemporalDecomposition>
<VideoSegment id="shot123_111_NRKF_1">
<MediaTime>
<MediaTimePoint>T00:16:40:28999F30000</MediaTimePoint>
</MediaTime>
</VideoSegment>
<VideoSegment id="shot123_111_RKF">
<MediaTime>
<MediaTimePoint>T00:16:41:17017F30000</MediaTimePoint>
</MediaTime>
</VideoSegment>
<VideoSegment id="shot123_111_NRKF_2">
<MediaTime>
<MediaTimePoint>T00:16:42:6036F30000</MediaTimePoint>
</MediaTime>
</VideoSegment>
</TemporalDecomposition>
</VideoSegment>
<VideoSegment id="shot123_112">
<MediaTime>
<MediaTimePoint>T00:16:42:25055F30000</MediaTimePoint>
<MediaDuration>PT00H00M02S28088N30000F</MediaDuration>
</MediaTime>
<TemporalDecomposition>
<VideoSegment id="shot123_112_RKF">
<MediaTime>
<MediaTimePoint>T00:16:44:8098F30000</MediaTimePoint>
</MediaTime>
</VideoSegment>
</TemporalDecomposition>
</VideoSegment>
<VideoSegment id="shot123_113">
<MediaTime>
<MediaTimePoint>T00:16:45:23143F30000</MediaTimePoint>
<MediaDuration>PT00H00M03S10100N30000F</MediaDuration>
</MediaTime>
<TemporalDecomposition>
<VideoSegment id="shot123_113_RKF">
<MediaTime>
<MediaTimePoint>T00:16:47:12192F30000</MediaTimePoint>
</MediaTime>
</VideoSegment>
</TemporalDecomposition>
</VideoSegment>
<VideoSegment id="shot123_114">
<MediaTime>
<MediaTimePoint>T00:16:49:3243F30000</MediaTimePoint>
<MediaDuration>PT00H00M03S22112N30000F</MediaDuration>
</MediaTime>
<TemporalDecomposition>
<VideoSegment id="shot123_114_NRKF_1">
<MediaTime>
<MediaTimePoint>T00:16:49:15255F30000</MediaTimePoint>
</MediaTime>
</VideoSegment>
<VideoSegment id="shot123_114_NRKF_2">
<MediaTime>
<MediaTimePoint>T00:16:50:13283F30000</MediaTimePoint>
</MediaTime>
</VideoSegment>
<VideoSegment id="shot123_114_RKF">
<MediaTime>
<MediaTimePoint>T00:16:50:28298F30000</MediaTimePoint>
</MediaTime>
</VideoSegment>
<VideoSegment id="shot123_114_NRKF_3">
<MediaTime>
<MediaTimePoint>T00:16:51:27327F30000</MediaTimePoint>
</MediaTime>
</VideoSegment>
</TemporalDecomposition>
</VideoSegment>
<VideoSegment id="shot123_115">
<MediaTime>
<MediaTimePoint>T00:16:52:25355F30000</MediaTimePoint>
<MediaDuration>PT00H00M06S27207N30000F</MediaDuration>
</MediaTime>
<TemporalDecomposition>
<VideoSegment id="shot123_115_RKF">
<MediaTime>
<MediaTimePoint>T00:16:56:8458F30000</MediaTimePoint>
</MediaTime>
</VideoSegment>
</TemporalDecomposition>
</VideoSegment>
<VideoSegment id="shot123_116">
<MediaTime>
<MediaTimePoint>T00:16:59:22562F30000</MediaTimePoint>
<MediaDuration>PT00H00M02S20080N30000F</MediaDuration>
</MediaTime>
<TemporalDecomposition>
<VideoSegment id="shot123_116_NRKF_1">
<MediaTime>
<MediaTimePoint>T00:17:00:15585F30000</MediaTimePoint>
</MediaTime>
</VideoSegment>
<VideoSegment id="shot123_116_RKF">
<MediaTime>
<MediaTimePoint>T00:17:01:1601F30000</MediaTimePoint>
</MediaTime>
</VideoSegment>
<VideoSegment id="shot123_116_NRKF_2">
<MediaTime>
<MediaTimePoint>T00:17:01:25625F30000</MediaTimePoint>
</MediaTime>
</VideoSegment>
</TemporalDecomposition>
</VideoSegment>
<VideoSegment id="shot123_117">
<MediaTime>
<MediaTimePoint>T00:17:02:12642F30000</MediaTimePoint>
<MediaDuration>PT00H00M02S12072N30000F</MediaDuration>
</MediaTime>
<TemporalDecomposition>
<VideoSegment id="shot123_117_NRKF_1">
<MediaTime>
<MediaTimePoint>T00:17:02:28658F30000</MediaTimePoint>
</MediaTime>
</VideoSegment>
<VideoSegment id="shot123_117_RKF">
<MediaTime>
<MediaTimePoint>T00:17:03:17677F30000</MediaTimePoint>
</MediaTime>
</VideoSegment>
<VideoSegment id="shot123_117_NRKF_2">
<MediaTime>
<MediaTimePoint>T00:17:04:4694F30000</MediaTimePoint>
</MediaTime>
</VideoSegment>
</TemporalDecomposition>
</VideoSegment>
<VideoSegment id="shot123_118">
<MediaTime>
<MediaTimePoint>T00:17:04:24714F30000</MediaTimePoint>
<MediaDuration>PT00H00M03S3093N30000F</MediaDuration>
</MediaTime>
<TemporalDecomposition>
<VideoSegment id="shot123_118_NRKF_1">
<MediaTime>
<MediaTimePoint>T00:17:05:14734F30000</MediaTimePoint>
</MediaTime>
</VideoSegment>
<VideoSegment id="shot123_118_RKF">
<MediaTime>
<MediaTimePoint>T00:17:06:10760F30000</MediaTimePoint>
</MediaTime>
</VideoSegment>
<VideoSegment id="shot123_118_NRKF_2">
<MediaTime>
<MediaTimePoint>T00:17:07:1781F30000</MediaTimePoint>
</MediaTime>
</VideoSegment>
</TemporalDecomposition>
</VideoSegment>
<VideoSegment id="shot123_119">
<MediaTime>
<MediaTimePoint>T00:17:07:27807F30000</MediaTimePoint>
<MediaDuration>PT00H00M02S13073N30000F</MediaDuration>
</MediaTime>
<TemporalDecomposition>
<VideoSegment id="shot123_119_RKF">
<MediaTime>
<MediaTimePoint>T00:17:09:3843F30000</MediaTimePoint>
</MediaTime>
</VideoSegment>
</TemporalDecomposition>
</VideoSegment>
<VideoSegment id="shot123_120">
<MediaTime>
<MediaTimePoint>T00:17:10:10880F30000</MediaTimePoint>
<MediaDuration>PT00H00M04S14134N30000F</MediaDuration>
</MediaTime>
<TemporalDecomposition>
<VideoSegment id="shot123_120_RKF">
<MediaTime>
<MediaTimePoint>T00:17:12:16946F30000</MediaTimePoint>
</MediaTime>
</VideoSegment>
</TemporalDecomposition>
</VideoSegment>
<VideoSegment id="shot123_121">
<MediaTime>
<MediaTimePoint>T00:17:14:25014F30000</MediaTimePoint>
<MediaDuration>PT00H00M02S24084N30000F</MediaDuration>
</MediaTime>
<TemporalDecomposition>
<VideoSegment id="shot123_121_RKF">
<MediaTime>
<MediaTimePoint>T00:17:16:6055F30000</MediaTimePoint>
</MediaTime>
</VideoSegment>
</TemporalDecomposition>
</VideoSegment>
<VideoSegment id="shot123_122">
<MediaTime>
<MediaTimePoint>T00:17:17:19098F30000</MediaTimePoint>
<MediaDuration>PT00H00M04S10130N30000F</MediaDuration>
</MediaTime>
<TemporalDecomposition>
<VideoSegment id="shot123_122_RKF">
<MediaTime>
<MediaTimePoint>T00:17:19:23162F30000</MediaTimePoint>
</MediaTime>
</VideoSegment>
</TemporalDecomposition>
</VideoSegment>
<VideoSegment id="shot123_123">
<MediaTime>
<MediaTimePoint>T00:17:21:29228F30000</MediaTimePoint>
<MediaDuration>PT00H00M04S15135N30000F</MediaDuration>
</MediaTime>
<TemporalDecomposition>
<VideoSegment id="shot123_123_NRKF_1">
<MediaTime>
<MediaTimePoint>T00:17:22:10239F30000</MediaTimePoint>
</MediaTime>
</VideoSegment>
<VideoSegment id="shot123_123_RKF">
<MediaTime>
<MediaTimePoint>T00:17:24:6295F30000</MediaTimePoint>
</MediaTime>
</VideoSegment>
<VideoSegment id="shot123_123_NRKF_2">
<MediaTime>
<MediaTimePoint>T00:17:24:17306F30000</MediaTimePoint>
</MediaTime>
</VideoSegment>
</TemporalDecomposition>
</VideoSegment>
<VideoSegment id="shot123_124">
<MediaTime>
<MediaTimePoint>T00:17:26:14363F30000</MediaTimePoint>
<MediaDuration>PT00H00M04S24144N30000F</MediaDuration>
</MediaTime>
<TemporalDecomposition>
<VideoSegment id="shot123_124_RKF">
<MediaTime>
<MediaTimePoint>T00:17:28:25434F30000</MediaTimePoint>
</MediaTime>
</VideoSegment>
</TemporalDecomposition>
</VideoSegment>
<VideoSegment id="shot123_125">
<MediaTime>
<MediaTimePoint>T00:17:31:8507F30000</MediaTimePoint>
<MediaDuration>PT00H00M07S1211N30000F</MediaDuration>
</MediaTime>
<TemporalDecomposition>
<VideoSegment id="shot123_125_RKF">
<MediaTime>
<MediaTimePoint>T00:17:34:23612F30000</MediaTimePoint>
</MediaTime>
</VideoSegment>
</TemporalDecomposition>
</VideoSegment>
<VideoSegment id="shot123_126">
<MediaTime>
<MediaTimePoint>T00:17:38:9718F30000</MediaTimePoint>
<MediaDuration>PT00H00M02S5065N30000F</MediaDuration>
</MediaTime>
<TemporalDecomposition>
<VideoSegment id="shot123_126_RKF">
<MediaTime>
<MediaTimePoint>T00:17:39:11750F30000</MediaTimePoint>
</MediaTime>
</VideoSegment>
</TemporalDecomposition>
</VideoSegment>
<VideoSegment id="shot123_127">
<MediaTime>
<MediaTimePoint>T00:17:40:14783F30000</MediaTimePoint>
<MediaDuration>PT00H00M03S17107N30000F</MediaDuration>
</MediaTime>
<TemporalDecomposition>
<VideoSegment id="shot123_127_RKF">
<MediaTime>
<MediaTimePoint>T00:17:42:7836F30000</MediaTimePoint>
</MediaTime>
</VideoSegment>
</TemporalDecomposition>
</VideoSegment>
<VideoSegment id="shot123_128">
<MediaTime>
<MediaTimePoint>T00:17:44:1890F30000</MediaTimePoint>
<MediaDuration>PT00H00M06S21201N30000F</MediaDuration>
</MediaTime>
<TemporalDecomposition>
<VideoSegment id="shot123_128_RKF">
<MediaTime>
<MediaTimePoint>T00:17:47:11990F30000</MediaTimePoint>
</MediaTime>
</VideoSegment>
</TemporalDecomposition>
</VideoSegment>
<VideoSegment id="shot123_129">
<MediaTime>
<MediaTimePoint>T00:17:50:23091F30000</MediaTimePoint>
<MediaDuration>PT00H00M04S23143N30000F</MediaDuration>
</MediaTime>
<TemporalDecomposition>
<VideoSegment id="shot123_129_RKF">
<MediaTime>
<MediaTimePoint>T00:17:53:4162F30000</MediaTimePoint>
</MediaTime>
</VideoSegment>
</TemporalDecomposition>
</VideoSegment>
<VideoSegment id="shot123_130">
<MediaTime>
<MediaTimePoint>T00:17:55:16234F30000</MediaTimePoint>
<MediaDuration>PT00H00M02S23083N30000F</MediaDuration>
</MediaTime>
<TemporalDecomposition>
<VideoSegment id="shot123_130_RKF">
<MediaTime>
<MediaTimePoint>T00:17:56:27275F30000</MediaTimePoint>
</MediaTime>
</VideoSegment>
</TemporalDecomposition>
</VideoSegment>
<VideoSegment id="shot123_131">
<MediaTime>
<MediaTimePoint>T00:17:58:9317F30000</MediaTimePoint>
<MediaDuration>PT00H00M03S10100N30000F</MediaDuration>
</MediaTime>
<TemporalDecomposition>
<VideoSegment id="shot123_131_NRKF_1">
<MediaTime>
<MediaTimePoint>T00:17:58:29337F30000</MediaTimePoint>
</MediaTime>
</VideoSegment>
<VideoSegment id="shot123_131_RKF">
<MediaTime>
<MediaTimePoint>T00:17:59:28366F30000</MediaTimePoint>
</MediaTime>
</VideoSegment>
<VideoSegment id="shot123_131_NRKF_2">
<MediaTime>
<MediaTimePoint>T00:18:00:19387F30000</MediaTimePoint>
</MediaTime>
</VideoSegment>
</TemporalDecomposition>
</VideoSegment>
<VideoSegment id="shot123_132">
<MediaTime>
<MediaTimePoint>T00:18:01:19417F30000</MediaTimePoint>
<MediaDuration>PT00H00M02S14074N30000F</MediaDuration>
</MediaTime>
<TemporalDecomposition>
<VideoSegment id="shot123_132_RKF">
<MediaTime>
<MediaTimePoint>T00:18:02:25453F30000</MediaTimePoint>
</MediaTime>
</VideoSegment>
</TemporalDecomposition>
</VideoSegment>
<VideoSegment id="shot123_133">
<MediaTime>
<MediaTimePoint>T00:18:04:3491F30000</MediaTimePoint>
<MediaDuration>PT00H00M06S19199N30000F</MediaDuration>
</MediaTime>
<TemporalDecomposition>
<VideoSegment id="shot123_133_RKF">
<MediaTime>
<MediaTimePoint>T00:18:07:12590F30000</MediaTimePoint>
</MediaTime>
</VideoSegment>
</TemporalDecomposition>
</VideoSegment>
<VideoSegment id="shot123_134">
<MediaTime>
<MediaTimePoint>T00:18:10:22690F30000</MediaTimePoint>
<MediaDuration>PT00H00M04S27147N30000F</MediaDuration>
</MediaTime>
<TemporalDecomposition>
<VideoSegment id="shot123_134_RKF">
<MediaTime>
<MediaTimePoint>T00:18:13:5763F30000</MediaTimePoint>
</MediaTime>
</VideoSegment>
</TemporalDecomposition>
</VideoSegment>
<VideoSegment id="shot123_135">
<MediaTime>
<MediaTimePoint>T00:18:15:19837F30000</MediaTimePoint>
<MediaDuration>PT00H00M11S3333N30000F</MediaDuration>
</MediaTime>
<TemporalDecomposition>
<VideoSegment id="shot123_135_NRKF_1">
<MediaTime>
<MediaTimePoint>T00:18:16:848F30000</MediaTimePoint>
</MediaTime>
</VideoSegment>
<VideoSegment id="shot123_135_NRKF_2">
<MediaTime>
<MediaTimePoint>T00:18:16:27875F30000</MediaTimePoint>
</MediaTime>
</VideoSegment>
<VideoSegment id="shot123_135_RKF">
<MediaTime>
<MediaTimePoint>T00:18:21:6003F30000</MediaTimePoint>
</MediaTime>
</VideoSegment>
<VideoSegment id="shot123_135_NRKF_3">
<MediaTime>
<MediaTimePoint>T00:18:22:3030F30000</MediaTimePoint>
</MediaTime>
</VideoSegment>
</TemporalDecomposition>
</VideoSegment>
<VideoSegment id="shot123_136">
<MediaTime>
<MediaTimePoint>T00:18:26:23170F30000</MediaTimePoint>
<MediaDuration>PT00H00M04S2122N30000F</MediaDuration>
</MediaTime>
<TemporalDecomposition>
<VideoSegment id="shot123_136_RKF">
<MediaTime>
<MediaTimePoint>T00:18:28:23230F30000</MediaTimePoint>
</MediaTime>
</VideoSegment>
</TemporalDecomposition>
</VideoSegment>
<VideoSegment id="shot123_137">
<MediaTime>
<MediaTimePoint>T00:18:30:25292F30000</MediaTimePoint>
<MediaDuration>PT00H00M04S13133N30000F</MediaDuration>
</MediaTime>
<TemporalDecomposition>
<VideoSegment id="shot123_137_NRKF_1">
<MediaTime>
<MediaTimePoint>T00:18:31:11308F30000</MediaTimePoint>
</MediaTime>
</VideoSegment>
<VideoSegment id="shot123_137_RKF">
<MediaTime>
<MediaTimePoint>T00:18:33:1358F30000</MediaTimePoint>
</MediaTime>
</VideoSegment>
<VideoSegment id="shot123_137_NRKF_2">
<MediaTime>
<MediaTimePoint>T00:18:33:18375F30000</MediaTimePoint>
</MediaTime>
</VideoSegment>
</TemporalDecomposition>
</VideoSegment>
<VideoSegment id="shot123_138">
<MediaTime>
<MediaTimePoint>T00:18:35:8425F30000</MediaTimePoint>
<MediaDuration>PT00H00M05S26176N30000F</MediaDuration>
</MediaTime>
<TemporalDecomposition>
<VideoSegment id="shot123_138_RKF">
<MediaTime>
<MediaTimePoint>T00:18:38:5512F30000</MediaTimePoint>
</MediaTime>
</VideoSegment>
</TemporalDecomposition>
</VideoSegment>
<VideoSegment id="shot123_139">
<MediaTime>
<MediaTimePoint>T00:18:41:4601F30000</MediaTimePoint>
<MediaDuration>PT00H00M16S3483N30000F</MediaDuration>
</MediaTime>
<TemporalDecomposition>
<VideoSegment id="shot123_139_NRKF_1">
<MediaTime>
<MediaTimePoint>T00:18:41:10607F30000</MediaTimePoint>
</MediaTime>
</VideoSegment>
<VideoSegment id="shot123_139_RKF">
<MediaTime>
<MediaTimePoint>T00:18:49:5842F30000</MediaTimePoint>
</MediaTime>
</VideoSegment>
<VideoSegment id="shot123_139_NRKF_2">
<MediaTime>
<MediaTimePoint>T00:18:49:11848F30000</MediaTimePoint>
</MediaTime>
</VideoSegment>
</TemporalDecomposition>
</VideoSegment>
<VideoSegment id="shot123_140">
<MediaTime>
<MediaTimePoint>T00:18:57:8084F30000</MediaTimePoint>
<MediaDuration>PT00H00M05S6156N30000F</MediaDuration>
</MediaTime>
<TemporalDecomposition>
<VideoSegment id="shot123_140_RKF">
<MediaTime>
<MediaTimePoint>T00:18:59:25161F30000</MediaTimePoint>
</MediaTime>
</VideoSegment>
</TemporalDecomposition>
</VideoSegment>
<VideoSegment id="shot123_141">
<MediaTime>
<MediaTimePoint>T00:19:02:14240F30000</MediaTimePoint>
<MediaDuration>PT00H00M05S26176N30000F</MediaDuration>
</MediaTime>
<TemporalDecomposition>
<VideoSegment id="shot123_141_RKF">
<MediaTime>
<MediaTimePoint>T00:19:05:11327F30000</MediaTimePoint>
</MediaTime>
</VideoSegment>
</TemporalDecomposition>
</VideoSegment>
<VideoSegment id="shot123_142">
<MediaTime>
<MediaTimePoint>T00:19:08:10416F30000</MediaTimePoint>
<MediaDuration>PT00H00M15S17467N30000F</MediaDuration>
</MediaTime>
<TemporalDecomposition>
<VideoSegment id="shot123_142_RKF">
<MediaTime>
<MediaTimePoint>T00:19:16:3649F30000</MediaTimePoint>
</MediaTime>
</VideoSegment>
</TemporalDecomposition>
</VideoSegment>
<VideoSegment id="shot123_143">
<MediaTime>
<MediaTimePoint>T00:19:23:27883F30000</MediaTimePoint>
<MediaDuration>PT00H00M36S19098N30000F</MediaDuration>
</MediaTime>
<TemporalDecomposition>
<VideoSegment id="shot123_143_RKF">
<MediaTime>
<MediaTimePoint>T00:19:42:6431F30000</MediaTimePoint>
</MediaTime>
</VideoSegment>
</TemporalDecomposition>
</VideoSegment>
<VideoSegment id="shot123_144">
<MediaTime>
<MediaTimePoint>T00:20:00:16981F30000</MediaTimePoint>
<MediaDuration>PT00H00M11S25355N30000F</MediaDuration>
</MediaTime>
<TemporalDecomposition>
<VideoSegment id="shot123_144_RKF">
<MediaTime>
<MediaTimePoint>T00:20:06:14158F30000</MediaTimePoint>
</MediaTime>
</VideoSegment>
</TemporalDecomposition>
</VideoSegment>
<VideoSegment id="shot123_145">
<MediaTime>
<MediaTimePoint>T00:20:12:12336F30000</MediaTimePoint>
<MediaDuration>PT00H00M33S4994N30000F</MediaDuration>
</MediaTime>
<TemporalDecomposition>
<VideoSegment id="shot123_145_RKF">
<MediaTime>
<MediaTimePoint>T00:20:28:28832F30000</MediaTimePoint>
</MediaTime>
</VideoSegment>
</TemporalDecomposition>
</VideoSegment>
<VideoSegment id="shot123_146">
<MediaTime>
<MediaTimePoint>T00:20:45:17330F30000</MediaTimePoint>
<MediaDuration>PT00H00M24S5725N30000F</MediaDuration>
</MediaTime>
<TemporalDecomposition>
<VideoSegment id="shot123_146_RKF">
<MediaTime>
<MediaTimePoint>T00:20:57:19692F30000</MediaTimePoint>
</MediaTime>
</VideoSegment>
</TemporalDecomposition>
</VideoSegment>
<VideoSegment id="shot123_147">
<MediaTime>
<MediaTimePoint>T00:21:09:23055F30000</MediaTimePoint>
<MediaDuration>PT00H02M51S1126N30000F</MediaDuration>
</MediaTime>
<TemporalDecomposition>
<VideoSegment id="shot123_147_RKF">
<MediaTime>
<MediaTimePoint>T00:22:35:7617F30000</MediaTimePoint>
</MediaTime>
</VideoSegment>
</TemporalDecomposition>
</VideoSegment>
<VideoSegment id="shot123_148">
<MediaTime>
<MediaTimePoint>T00:24:00:24181F30000</MediaTimePoint>
<MediaDuration>PT00H00M57S6715N30000F</MediaDuration>
</MediaTime>
<TemporalDecomposition>
<VideoSegment id="shot123_148_RKF">
<MediaTime>
<MediaTimePoint>T00:24:29:12038F30000</MediaTimePoint>
</MediaTime>
</VideoSegment>
</TemporalDecomposition>
</VideoSegment>
<VideoSegment id="shot123_149">
<MediaTime>
<MediaTimePoint>T00:24:58:896F30000</MediaTimePoint>
<MediaDuration>PT00H00M02S1061N30000F</MediaDuration>
</MediaTime>
<TemporalDecomposition>
<VideoSegment id="shot123_149_RKF">
<MediaTime>
<MediaTimePoint>T00:24:59:926F30000</MediaTimePoint>
</MediaTime>
</VideoSegment>
</TemporalDecomposition>
</VideoSegment>
<VideoSegment id="shot123_150">
<MediaTime>
<MediaTimePoint>T00:25:00:1957F30000</MediaTimePoint>
<MediaDuration>PT00H01M13S17205N30000F</MediaDuration>
</MediaTime>
<TemporalDecomposition>
<VideoSegment id="shot123_150_RKF">
<MediaTime>
<MediaTimePoint>T00:25:36:25059F30000</MediaTimePoint>
</MediaTime>
</VideoSegment>
</TemporalDecomposition>
</VideoSegment>
<VideoSegment id="shot123_151">
<MediaTime>
<MediaTimePoint>T00:26:13:19162F30000</MediaTimePoint>
<MediaDuration>PT00H00M04S17137N30000F</MediaDuration>
</MediaTime>
<TemporalDecomposition>
<VideoSegment id="shot123_151_NRKF_1">
<MediaTime>
<MediaTimePoint>T00:26:14:5178F30000</MediaTimePoint>
</MediaTime>
</VideoSegment>
<VideoSegment id="shot123_151_RKF">
<MediaTime>
<MediaTimePoint>T00:26:15:27230F30000</MediaTimePoint>
</MediaTime>
</VideoSegment>
<VideoSegment id="shot123_151_NRKF_2">
<MediaTime>
<MediaTimePoint>T00:26:16:14247F30000</MediaTimePoint>
</MediaTime>
</VideoSegment>
</TemporalDecomposition>
</VideoSegment>
<VideoSegment id="shot123_152">
<MediaTime>
<MediaTimePoint>T00:26:18:6299F30000</MediaTimePoint>
<MediaDuration>PT00H00M07S29239N30000F</MediaDuration>
</MediaTime>
<TemporalDecomposition>
<VideoSegment id="shot123_152_RKF">
<MediaTime>
<MediaTimePoint>T00:26:22:5418F30000</MediaTimePoint>
</MediaTime>
</VideoSegment>
</TemporalDecomposition>
</VideoSegment>
<VideoSegment id="shot123_153">
<MediaTime>
<MediaTimePoint>T00:26:26:5538F30000</MediaTimePoint>
<MediaDuration>PT00H00M59S4773N30000F</MediaDuration>
</MediaTime>
<TemporalDecomposition>
<VideoSegment id="shot123_153_NRKF_1">
<MediaTime>
<MediaTimePoint>T00:26:26:14547F30000</MediaTimePoint>
</MediaTime>
</VideoSegment>
<VideoSegment id="shot123_153_RKF">
<MediaTime>
<MediaTimePoint>T00:26:55:22424F30000</MediaTimePoint>
</MediaTime>
</VideoSegment>
<VideoSegment id="shot123_153_NRKF_2">
<MediaTime>
<MediaTimePoint>T00:26:56:1433F30000</MediaTimePoint>
</MediaTime>
</VideoSegment>
</TemporalDecomposition>
</VideoSegment>
<VideoSegment id="shot123_154">
<MediaTime>
<MediaTimePoint>T00:27:25:10311F30000</MediaTimePoint>
<MediaDuration>PT00H00M02S21081N30000F</MediaDuration>
</MediaTime>
<TemporalDecomposition>
<VideoSegment id="shot123_154_RKF">
<MediaTime>
<MediaTimePoint>T00:27:26:20351F30000</MediaTimePoint>
</MediaTime>
</VideoSegment>
</TemporalDecomposition>
</VideoSegment>
<VideoSegment id="shot123_155">
<MediaTime>
<MediaTimePoint>T00:27:28:1392F30000</MediaTimePoint>
<MediaDuration>PT00H00M02S23083N30000F</MediaDuration>
</MediaTime>
<TemporalDecomposition>
<VideoSegment id="shot123_155_NRKF_1">
<MediaTime>
<MediaTimePoint>T00:27:28:11402F30000</MediaTimePoint>
</MediaTime>
</VideoSegment>
<VideoSegment id="shot123_155_RKF">
<MediaTime>
<MediaTimePoint>T00:27:29:12433F30000</MediaTimePoint>
</MediaTime>
</VideoSegment>
<VideoSegment id="shot123_155_NRKF_2">
<MediaTime>
<MediaTimePoint>T00:27:29:22443F30000</MediaTimePoint>
</MediaTime>
</VideoSegment>
</TemporalDecomposition>
</VideoSegment>
<VideoSegment id="shot123_156">
<MediaTime>
<MediaTimePoint>T00:27:30:24475F30000</MediaTimePoint>
<MediaDuration>PT00H00M03S20110N30000F</MediaDuration>
</MediaTime>
<TemporalDecomposition>
<VideoSegment id="shot123_156_RKF">
<MediaTime>
<MediaTimePoint>T00:27:32:18529F30000</MediaTimePoint>
</MediaTime>
</VideoSegment>
</TemporalDecomposition>
</VideoSegment>
<VideoSegment id="shot123_157">
<MediaTime>
<MediaTimePoint>T00:27:34:14585F30000</MediaTimePoint>
<MediaDuration>PT00H00M06S11191N30000F</MediaDuration>
</MediaTime>
<TemporalDecomposition>
<VideoSegment id="shot123_157_NRKF_1">
<MediaTime>
<MediaTimePoint>T00:27:34:18589F30000</MediaTimePoint>
</MediaTime>
</VideoSegment>
<VideoSegment id="shot123_157_RKF">
<MediaTime>
<MediaTimePoint>T00:27:37:19680F30000</MediaTimePoint>
</MediaTime>
</VideoSegment>
<VideoSegment id="shot123_157_NRKF_2">
<MediaTime>
<MediaTimePoint>T00:27:37:23684F30000</MediaTimePoint>
</MediaTime>
</VideoSegment>
</TemporalDecomposition>
</VideoSegment>
<VideoSegment id="shot123_158">
<MediaTime>
<MediaTimePoint>T00:27:40:25776F30000</MediaTimePoint>
<MediaDuration>PT00H00M02S21081N30000F</MediaDuration>
</MediaTime>
<TemporalDecomposition>
<VideoSegment id="shot123_158_NRKF_1">
<MediaTime>
<MediaTimePoint>T00:27:41:21802F30000</MediaTimePoint>
</MediaTime>
</VideoSegment>
<VideoSegment id="shot123_158_RKF">
<MediaTime>
<MediaTimePoint>T00:27:42:5816F30000</MediaTimePoint>
</MediaTime>
</VideoSegment>
<VideoSegment id="shot123_158_NRKF_2">
<MediaTime>
<MediaTimePoint>T00:27:43:1842F30000</MediaTimePoint>
</MediaTime>
</VideoSegment>
</TemporalDecomposition>
</VideoSegment>
<VideoSegment id="shot123_159">
<MediaTime>
<MediaTimePoint>T00:27:43:16857F30000</MediaTimePoint>
<MediaDuration>PT00H00M02S29089N30000F</MediaDuration>
</MediaTime>
<TemporalDecomposition>
<VideoSegment id="shot123_159_NRKF_1">
<MediaTime>
<MediaTimePoint>T00:27:44:5876F30000</MediaTimePoint>
</MediaTime>
</VideoSegment>
<VideoSegment id="shot123_159_RKF">
<MediaTime>
<MediaTimePoint>T00:27:45:901F30000</MediaTimePoint>
</MediaTime>
</VideoSegment>
<VideoSegment id="shot123_159_NRKF_2">
<MediaTime>
<MediaTimePoint>T00:27:45:19920F30000</MediaTimePoint>
</MediaTime>
</VideoSegment>
</TemporalDecomposition>
</VideoSegment>
<VideoSegment id="shot123_160">
<MediaTime>
<MediaTimePoint>T00:27:46:15946F30000</MediaTimePoint>
<MediaDuration>PT00H00M02S25085N30000F</MediaDuration>
</MediaTime>
<TemporalDecomposition>
<VideoSegment id="shot123_160_NRKF_1">
<MediaTime>
<MediaTimePoint>T00:27:46:26957F30000</MediaTimePoint>
</MediaTime>
</VideoSegment>
<VideoSegment id="shot123_160_RKF">
<MediaTime>
<MediaTimePoint>T00:27:47:27988F30000</MediaTimePoint>
</MediaTime>
</VideoSegment>
<VideoSegment id="shot123_160_NRKF_2">
<MediaTime>
<MediaTimePoint>T00:27:48:8999F30000</MediaTimePoint>
</MediaTime>
</VideoSegment>
</TemporalDecomposition>
</VideoSegment>
<VideoSegment id="shot123_161">
<MediaTime>
<MediaTimePoint>T00:27:49:11031F30000</MediaTimePoint>
<MediaDuration>PT00H00M02S2062N30000F</MediaDuration>
</MediaTime>
<TemporalDecomposition>
<VideoSegment id="shot123_161_RKF">
<MediaTime>
<MediaTimePoint>T00:27:50:11061F30000</MediaTimePoint>
</MediaTime>
</VideoSegment>
</TemporalDecomposition>
</VideoSegment>
<VideoSegment id="shot123_162">
<MediaTime>
<MediaTimePoint>T00:27:51:13093F30000</MediaTimePoint>
<MediaDuration>PT00H00M02S8068N30000F</MediaDuration>
</MediaTime>
<TemporalDecomposition>
<VideoSegment id="shot123_162_RKF">
<MediaTime>
<MediaTimePoint>T00:27:52:16126F30000</MediaTimePoint>
</MediaTime>
</VideoSegment>
</TemporalDecomposition>
</VideoSegment>
<VideoSegment id="shot123_163">
<MediaTime>
<MediaTimePoint>T00:27:53:21161F30000</MediaTimePoint>
<MediaDuration>PT00H00M12S2362N30000F</MediaDuration>
</MediaTime>
<TemporalDecomposition>
<VideoSegment id="shot123_163_NRKF_1">
<MediaTime>
<MediaTimePoint>T00:27:54:18188F30000</MediaTimePoint>
</MediaTime>
</VideoSegment>
<VideoSegment id="shot123_163_RKF">
<MediaTime>
<MediaTimePoint>T00:27:59:21341F30000</MediaTimePoint>
</MediaTime>
</VideoSegment>
<VideoSegment id="shot123_163_NRKF_2">
<MediaTime>
<MediaTimePoint>T00:28:00:19369F30000</MediaTimePoint>
</MediaTime>
</VideoSegment>
</TemporalDecomposition>
</VideoSegment>
<VideoSegment id="shot123_164">
<MediaTime>
<MediaTimePoint>T00:28:05:23523F30000</MediaTimePoint>
<MediaDuration>PT00H00M02S14074N30000F</MediaDuration>
</MediaTime>
<TemporalDecomposition>
<VideoSegment id="shot123_164_NRKF_1">
<MediaTime>
<MediaTimePoint>T00:28:06:6536F30000</MediaTimePoint>
</MediaTime>
</VideoSegment>
<VideoSegment id="shot123_164_NRKF_2">
<MediaTime>
<MediaTimePoint>T00:28:06:25555F30000</MediaTimePoint>
</MediaTime>
</VideoSegment>
<VideoSegment id="shot123_164_RKF">
<MediaTime>
<MediaTimePoint>T00:28:06:29559F30000</MediaTimePoint>
</MediaTime>
</VideoSegment>
<VideoSegment id="shot123_164_NRKF_3">
<MediaTime>
<MediaTimePoint>T00:28:07:4564F30000</MediaTimePoint>
</MediaTime>
</VideoSegment>
<VideoSegment id="shot123_164_NRKF_4">
<MediaTime>
<MediaTimePoint>T00:28:07:12572F30000</MediaTimePoint>
</MediaTime>
</VideoSegment>
<VideoSegment id="shot123_164_NRKF_5">
<MediaTime>
<MediaTimePoint>T00:28:07:26586F30000</MediaTimePoint>
</MediaTime>
</VideoSegment>
</TemporalDecomposition>
</VideoSegment>
<VideoSegment id="shot123_165">
<MediaTime>
<MediaTimePoint>T00:28:08:7597F30000</MediaTimePoint>
<MediaDuration>PT00H00M02S10070N30000F</MediaDuration>
</MediaTime>
<TemporalDecomposition>
<VideoSegment id="shot123_165_RKF">
<MediaTime>
<MediaTimePoint>T00:28:09:11631F30000</MediaTimePoint>
</MediaTime>
</VideoSegment>
</TemporalDecomposition>
</VideoSegment>
<VideoSegment id="shot123_166">
<MediaTime>
<MediaTimePoint>T00:28:10:17667F30000</MediaTimePoint>
<MediaDuration>PT00H00M04S1121N30000F</MediaDuration>
</MediaTime>
<TemporalDecomposition>
<VideoSegment id="shot123_166_NRKF_1">
<MediaTime>
<MediaTimePoint>T00:28:11:13693F30000</MediaTimePoint>
</MediaTime>
</VideoSegment>
<VideoSegment id="shot123_166_RKF">
<MediaTime>
<MediaTimePoint>T00:28:12:17727F30000</MediaTimePoint>
</MediaTime>
</VideoSegment>
<VideoSegment id="shot123_166_NRKF_2">
<MediaTime>
<MediaTimePoint>T00:28:13:14754F30000</MediaTimePoint>
</MediaTime>
</VideoSegment>
</TemporalDecomposition>
</VideoSegment>
<VideoSegment id="shot123_167">
<MediaTime>
<MediaTimePoint>T00:28:14:18788F30000</MediaTimePoint>
<MediaDuration>PT00H00M02S15075N30000F</MediaDuration>
</MediaTime>
<TemporalDecomposition>
<VideoSegment id="shot123_167_RKF">
<MediaTime>
<MediaTimePoint>T00:28:15:25825F30000</MediaTimePoint>
</MediaTime>
</VideoSegment>
</TemporalDecomposition>
</VideoSegment>
<VideoSegment id="shot123_168">
<MediaTime>
<MediaTimePoint>T00:28:17:3863F30000</MediaTimePoint>
<MediaDuration>PT00H00M02S26086N30000F</MediaDuration>
</MediaTime>
<TemporalDecomposition>
<VideoSegment id="shot123_168_NRKF_1">
<MediaTime>
<MediaTimePoint>T00:28:17:22882F30000</MediaTimePoint>
</MediaTime>
</VideoSegment>
<VideoSegment id="shot123_168_RKF">
<MediaTime>
<MediaTimePoint>T00:28:18:15905F30000</MediaTimePoint>
</MediaTime>
</VideoSegment>
<VideoSegment id="shot123_168_NRKF_2">
<MediaTime>
<MediaTimePoint>T00:28:19:5925F30000</MediaTimePoint>
</MediaTime>
</VideoSegment>
</TemporalDecomposition>
</VideoSegment>
</TemporalDecomposition>
</Video>
</MultimediaContent>
</Description>
</Mpeg7>
