<?xml version="1.0" encoding="UTF-8"?>
<Mpeg7 xmlns="urn:mpeg:mpeg7:schema:2001" xmlns:mpeg7="urn:mpeg:mpeg7:schema:2001" xmlns:xsi="http://www.w3.org/2001/XMLSchema-instance">
<Description xsi:type="ContentEntityType">
<MultimediaContent xsi:type="VideoType">
<Video id="TRECVID2005_132">
<MediaLocator>
<MediaUri>20041130_220000_CNN_AARONBROWN_ENG.mpg</MediaUri>
</MediaLocator>
<MediaTime>
<MediaTimePoint>T00:00:00:0F30000</MediaTimePoint>
<MediaDuration>PT00H15M03S4067N30000F</MediaDuration>
</MediaTime>
<TemporalDecomposition gap="false" overlap="false">
<VideoSegment id="shot132_1">
<MediaTime>
<MediaTimePoint>T00:00:00:0F30000</MediaTimePoint>
<MediaDuration>PT00H00M08S26266N30000F</MediaDuration>
</MediaTime>
<TemporalDecomposition>
<VideoSegment id="shot132_1_RKF">
<MediaTime>
<MediaTimePoint>T00:00:04:12132F30000</MediaTimePoint>
</MediaTime>
</VideoSegment>
</TemporalDecomposition>
</VideoSegment>
<VideoSegment id="shot132_2">
<MediaTime>
<MediaTimePoint>T00:00:08:26266F30000</MediaTimePoint>
<MediaDuration>PT00H01M03S25914N30000F</MediaDuration>
</MediaTime>
<TemporalDecomposition>
<VideoSegment id="shot132_2_RKF">
<MediaTime>
<MediaTimePoint>T00:00:40:23222F30000</MediaTimePoint>
</MediaTime>
</VideoSegment>
</TemporalDecomposition>
</VideoSegment>
<VideoSegment id="shot132_3">
<MediaTime>
<MediaTimePoint>T00:01:12:22180F30000</MediaTimePoint>
<MediaDuration>PT00H00M24S13733N30000F</MediaDuration>
</MediaTime>
<TemporalDecomposition>
<VideoSegment id="shot132_3_NRKF_1">
<MediaTime>
<MediaTimePoint>T00:01:13:4192F30000</MediaTimePoint>
</MediaTime>
</VideoSegment>
<VideoSegment id="shot132_3_RKF">
<MediaTime>
<MediaTimePoint>T00:01:24:28546F30000</MediaTimePoint>
</MediaTime>
</VideoSegment>
<VideoSegment id="shot132_3_NRKF_2">
<MediaTime>
<MediaTimePoint>T00:01:25:11559F30000</MediaTimePoint>
</MediaTime>
</VideoSegment>
</TemporalDecomposition>
</VideoSegment>
<VideoSegment id="shot132_4">
<MediaTime>
<MediaTimePoint>T00:01:37:5913F30000</MediaTimePoint>
<MediaDuration>PT00H00M25S11761N30000F</MediaDuration>
</MediaTime>
<TemporalDecomposition>
<VideoSegment id="shot132_4_RKF">
<MediaTime>
<MediaTimePoint>T00:01:49:26293F30000</MediaTimePoint>
</MediaTime>
</VideoSegment>
</TemporalDecomposition>
</VideoSegment>
<VideoSegment id="shot132_5">
<MediaTime>
<MediaTimePoint>T00:02:02:17674F30000</MediaTimePoint>
<MediaDuration>PT00H00M19S5575N30000F</MediaDuration>
</MediaTime>
<TemporalDecomposition>
<VideoSegment id="shot132_5_RKF">
<MediaTime>
<MediaTimePoint>T00:02:12:4961F30000</MediaTimePoint>
</MediaTime>
</VideoSegment>
</TemporalDecomposition>
</VideoSegment>
<VideoSegment id="shot132_6">
<MediaTime>
<MediaTimePoint>T00:02:21:23249F30000</MediaTimePoint>
<MediaDuration>PT00H00M04S14134N30000F</MediaDuration>
</MediaTime>
<TemporalDecomposition>
<VideoSegment id="shot132_6_NRKF_1">
<MediaTime>
<MediaTimePoint>T00:02:22:22278F30000</MediaTimePoint>
</MediaTime>
</VideoSegment>
<VideoSegment id="shot132_6_RKF">
<MediaTime>
<MediaTimePoint>T00:02:23:29315F30000</MediaTimePoint>
</MediaTime>
</VideoSegment>
<VideoSegment id="shot132_6_NRKF_2">
<MediaTime>
<MediaTimePoint>T00:02:24:29345F30000</MediaTimePoint>
</MediaTime>
</VideoSegment>
</TemporalDecomposition>
</VideoSegment>
<VideoSegment id="shot132_7">
<MediaTime>
<MediaTimePoint>T00:02:26:7383F30000</MediaTimePoint>
<MediaDuration>PT00H00M05S22172N30000F</MediaDuration>
</MediaTime>
<TemporalDecomposition>
<VideoSegment id="shot132_7_NRKF_1">
<MediaTime>
<MediaTimePoint>T00:02:26:25401F30000</MediaTimePoint>
</MediaTime>
</VideoSegment>
<VideoSegment id="shot132_7_RKF">
<MediaTime>
<MediaTimePoint>T00:02:29:2468F30000</MediaTimePoint>
</MediaTime>
</VideoSegment>
<VideoSegment id="shot132_7_NRKF_2">
<MediaTime>
<MediaTimePoint>T00:02:29:21487F30000</MediaTimePoint>
</MediaTime>
</VideoSegment>
</TemporalDecomposition>
</VideoSegment>
<VideoSegment id="shot132_8">
<MediaTime>
<MediaTimePoint>T00:02:31:29555F30000</MediaTimePoint>
<MediaDuration>PT00H00M08S29269N30000F</MediaDuration>
</MediaTime>
<TemporalDecomposition>
<VideoSegment id="shot132_8_NRKF_1">
<MediaTime>
<MediaTimePoint>T00:02:32:5561F30000</MediaTimePoint>
</MediaTime>
</VideoSegment>
<VideoSegment id="shot132_8_NRKF_2">
<MediaTime>
<MediaTimePoint>T00:02:32:28584F30000</MediaTimePoint>
</MediaTime>
</VideoSegment>
<VideoSegment id="shot132_8_RKF">
<MediaTime>
<MediaTimePoint>T00:02:36:13689F30000</MediaTimePoint>
</MediaTime>
</VideoSegment>
<VideoSegment id="shot132_8_NRKF_3">
<MediaTime>
<MediaTimePoint>T00:02:37:6712F30000</MediaTimePoint>
</MediaTime>
</VideoSegment>
</TemporalDecomposition>
</VideoSegment>
<VideoSegment id="shot132_9">
<MediaTime>
<MediaTimePoint>T00:02:40:28824F30000</MediaTimePoint>
<MediaDuration>PT00H00M15S3453N30000F</MediaDuration>
</MediaTime>
<TemporalDecomposition>
<VideoSegment id="shot132_9_RKF">
<MediaTime>
<MediaTimePoint>T00:02:48:15050F30000</MediaTimePoint>
</MediaTime>
</VideoSegment>
</TemporalDecomposition>
</VideoSegment>
<VideoSegment id="shot132_10">
<MediaTime>
<MediaTimePoint>T00:02:56:2277F30000</MediaTimePoint>
<MediaDuration>PT00H00M02S20080N30000F</MediaDuration>
</MediaTime>
<TemporalDecomposition>
<VideoSegment id="shot132_10_NRKF_1">
<MediaTime>
<MediaTimePoint>T00:02:56:18293F30000</MediaTimePoint>
</MediaTime>
</VideoSegment>
<VideoSegment id="shot132_10_RKF">
<MediaTime>
<MediaTimePoint>T00:02:57:11316F30000</MediaTimePoint>
</MediaTime>
</VideoSegment>
<VideoSegment id="shot132_10_NRKF_2">
<MediaTime>
<MediaTimePoint>T00:02:57:28333F30000</MediaTimePoint>
</MediaTime>
</VideoSegment>
</TemporalDecomposition>
</VideoSegment>
<VideoSegment id="shot132_11">
<MediaTime>
<MediaTimePoint>T00:02:58:22357F30000</MediaTimePoint>
<MediaDuration>PT00H00M04S5125N30000F</MediaDuration>
</MediaTime>
<TemporalDecomposition>
<VideoSegment id="shot132_11_RKF">
<MediaTime>
<MediaTimePoint>T00:03:00:24419F30000</MediaTimePoint>
</MediaTime>
</VideoSegment>
</TemporalDecomposition>
</VideoSegment>
<VideoSegment id="shot132_12">
<MediaTime>
<MediaTimePoint>T00:03:02:27482F30000</MediaTimePoint>
<MediaDuration>PT00H00M33S990N30000F</MediaDuration>
</MediaTime>
<TemporalDecomposition>
<VideoSegment id="shot132_12_NRKF_1">
<MediaTime>
<MediaTimePoint>T00:03:03:7492F30000</MediaTimePoint>
</MediaTime>
</VideoSegment>
<VideoSegment id="shot132_12_RKF">
<MediaTime>
<MediaTimePoint>T00:03:19:11976F30000</MediaTimePoint>
</MediaTime>
</VideoSegment>
<VideoSegment id="shot132_12_NRKF_2">
<MediaTime>
<MediaTimePoint>T00:03:19:22987F30000</MediaTimePoint>
</MediaTime>
</VideoSegment>
</TemporalDecomposition>
</VideoSegment>
<VideoSegment id="shot132_13">
<MediaTime>
<MediaTimePoint>T00:03:35:28472F30000</MediaTimePoint>
<MediaDuration>PT00H00M05S4154N30000F</MediaDuration>
</MediaTime>
<TemporalDecomposition>
<VideoSegment id="shot132_13_RKF">
<MediaTime>
<MediaTimePoint>T00:03:38:14548F30000</MediaTimePoint>
</MediaTime>
</VideoSegment>
</TemporalDecomposition>
</VideoSegment>
<VideoSegment id="shot132_14">
<MediaTime>
<MediaTimePoint>T00:03:41:2626F30000</MediaTimePoint>
<MediaDuration>PT00H00M02S12072N30000F</MediaDuration>
</MediaTime>
<TemporalDecomposition>
<VideoSegment id="shot132_14_RKF">
<MediaTime>
<MediaTimePoint>T00:03:42:7661F30000</MediaTimePoint>
</MediaTime>
</VideoSegment>
</TemporalDecomposition>
</VideoSegment>
<VideoSegment id="shot132_15">
<MediaTime>
<MediaTimePoint>T00:03:43:14698F30000</MediaTimePoint>
<MediaDuration>PT00H00M02S27087N30000F</MediaDuration>
</MediaTime>
<TemporalDecomposition>
<VideoSegment id="shot132_15_RKF">
<MediaTime>
<MediaTimePoint>T00:03:44:27741F30000</MediaTimePoint>
</MediaTime>
</VideoSegment>
</TemporalDecomposition>
</VideoSegment>
<VideoSegment id="shot132_16">
<MediaTime>
<MediaTimePoint>T00:03:46:11785F30000</MediaTimePoint>
<MediaDuration>PT00H00M02S15075N30000F</MediaDuration>
</MediaTime>
<TemporalDecomposition>
<VideoSegment id="shot132_16_RKF">
<MediaTime>
<MediaTimePoint>T00:03:47:18822F30000</MediaTimePoint>
</MediaTime>
</VideoSegment>
</TemporalDecomposition>
</VideoSegment>
<VideoSegment id="shot132_17">
<MediaTime>
<MediaTimePoint>T00:03:48:26860F30000</MediaTimePoint>
<MediaDuration>PT00H00M26S4784N30000F</MediaDuration>
</MediaTime>
<TemporalDecomposition>
<VideoSegment id="shot132_17_RKF">
<MediaTime>
<MediaTimePoint>T00:04:01:28251F30000</MediaTimePoint>
</MediaTime>
</VideoSegment>
</TemporalDecomposition>
</VideoSegment>
<VideoSegment id="shot132_18">
<MediaTime>
<MediaTimePoint>T00:04:15:1644F30000</MediaTimePoint>
<MediaDuration>PT00H00M11S4334N30000F</MediaDuration>
</MediaTime>
<TemporalDecomposition>
<VideoSegment id="shot132_18_RKF">
<MediaTime>
<MediaTimePoint>T00:04:20:17810F30000</MediaTimePoint>
</MediaTime>
</VideoSegment>
</TemporalDecomposition>
</VideoSegment>
<VideoSegment id="shot132_19">
<MediaTime>
<MediaTimePoint>T00:04:26:5978F30000</MediaTimePoint>
<MediaDuration>PT00H00M02S3063N30000F</MediaDuration>
</MediaTime>
<TemporalDecomposition>
<VideoSegment id="shot132_19_RKF">
<MediaTime>
<MediaTimePoint>T00:04:27:7009F30000</MediaTimePoint>
</MediaTime>
</VideoSegment>
</TemporalDecomposition>
</VideoSegment>
<VideoSegment id="shot132_20">
<MediaTime>
<MediaTimePoint>T00:04:28:9041F30000</MediaTimePoint>
<MediaDuration>PT00H00M02S2062N30000F</MediaDuration>
</MediaTime>
<TemporalDecomposition>
<VideoSegment id="shot132_20_RKF">
<MediaTime>
<MediaTimePoint>T00:04:29:9071F30000</MediaTimePoint>
</MediaTime>
</VideoSegment>
</TemporalDecomposition>
</VideoSegment>
<VideoSegment id="shot132_21">
<MediaTime>
<MediaTimePoint>T00:04:30:11103F30000</MediaTimePoint>
<MediaDuration>PT00H00M03S5095N30000F</MediaDuration>
</MediaTime>
<TemporalDecomposition>
<VideoSegment id="shot132_21_RKF">
<MediaTime>
<MediaTimePoint>T00:04:31:28150F30000</MediaTimePoint>
</MediaTime>
</VideoSegment>
</TemporalDecomposition>
</VideoSegment>
<VideoSegment id="shot132_22">
<MediaTime>
<MediaTimePoint>T00:04:33:16198F30000</MediaTimePoint>
<MediaDuration>PT00H00M04S1121N30000F</MediaDuration>
</MediaTime>
<TemporalDecomposition>
<VideoSegment id="shot132_22_NRKF_1">
<MediaTime>
<MediaTimePoint>T00:04:34:11223F30000</MediaTimePoint>
</MediaTime>
</VideoSegment>
<VideoSegment id="shot132_22_RKF">
<MediaTime>
<MediaTimePoint>T00:04:35:16258F30000</MediaTimePoint>
</MediaTime>
</VideoSegment>
<VideoSegment id="shot132_22_NRKF_2">
<MediaTime>
<MediaTimePoint>T00:04:36:12284F30000</MediaTimePoint>
</MediaTime>
</VideoSegment>
</TemporalDecomposition>
</VideoSegment>
<VideoSegment id="shot132_23">
<MediaTime>
<MediaTimePoint>T00:04:37:17319F30000</MediaTimePoint>
<MediaDuration>PT00H00M14S10430N30000F</MediaDuration>
</MediaTime>
<TemporalDecomposition>
<VideoSegment id="shot132_23_RKF">
<MediaTime>
<MediaTimePoint>T00:04:44:21533F30000</MediaTimePoint>
</MediaTime>
</VideoSegment>
</TemporalDecomposition>
</VideoSegment>
<VideoSegment id="shot132_24">
<MediaTime>
<MediaTimePoint>T00:04:51:27749F30000</MediaTimePoint>
<MediaDuration>PT00H00M02S1061N30000F</MediaDuration>
</MediaTime>
<TemporalDecomposition>
<VideoSegment id="shot132_24_RKF">
<MediaTime>
<MediaTimePoint>T00:04:52:27779F30000</MediaTimePoint>
</MediaTime>
</VideoSegment>
</TemporalDecomposition>
</VideoSegment>
<VideoSegment id="shot132_25">
<MediaTime>
<MediaTimePoint>T00:04:53:28810F30000</MediaTimePoint>
<MediaDuration>PT00H00M06S19199N30000F</MediaDuration>
</MediaTime>
<TemporalDecomposition>
<VideoSegment id="shot132_25_RKF">
<MediaTime>
<MediaTimePoint>T00:04:57:7909F30000</MediaTimePoint>
</MediaTime>
</VideoSegment>
</TemporalDecomposition>
</VideoSegment>
<VideoSegment id="shot132_26">
<MediaTime>
<MediaTimePoint>T00:05:00:18009F30000</MediaTimePoint>
<MediaDuration>PT00H00M03S18108N30000F</MediaDuration>
</MediaTime>
<TemporalDecomposition>
<VideoSegment id="shot132_26_NRKF_1">
<MediaTime>
<MediaTimePoint>T00:05:01:12033F30000</MediaTimePoint>
</MediaTime>
</VideoSegment>
<VideoSegment id="shot132_26_RKF">
<MediaTime>
<MediaTimePoint>T00:05:02:11062F30000</MediaTimePoint>
</MediaTime>
</VideoSegment>
<VideoSegment id="shot132_26_NRKF_2">
<MediaTime>
<MediaTimePoint>T00:05:03:6087F30000</MediaTimePoint>
</MediaTime>
</VideoSegment>
</TemporalDecomposition>
</VideoSegment>
<VideoSegment id="shot132_27">
<MediaTime>
<MediaTimePoint>T00:05:04:6117F30000</MediaTimePoint>
<MediaDuration>PT00H00M05S11161N30000F</MediaDuration>
</MediaTime>
<TemporalDecomposition>
<VideoSegment id="shot132_27_RKF">
<MediaTime>
<MediaTimePoint>T00:05:06:26197F30000</MediaTimePoint>
</MediaTime>
</VideoSegment>
</TemporalDecomposition>
</VideoSegment>
<VideoSegment id="shot132_28">
<MediaTime>
<MediaTimePoint>T00:05:09:17278F30000</MediaTimePoint>
<MediaDuration>PT00H00M08S23263N30000F</MediaDuration>
</MediaTime>
<TemporalDecomposition>
<VideoSegment id="shot132_28_RKF">
<MediaTime>
<MediaTimePoint>T00:05:13:28409F30000</MediaTimePoint>
</MediaTime>
</VideoSegment>
</TemporalDecomposition>
</VideoSegment>
<VideoSegment id="shot132_29">
<MediaTime>
<MediaTimePoint>T00:05:18:10541F30000</MediaTimePoint>
<MediaDuration>PT00H00M04S11131N30000F</MediaDuration>
</MediaTime>
<TemporalDecomposition>
<VideoSegment id="shot132_29_RKF">
<MediaTime>
<MediaTimePoint>T00:05:20:15606F30000</MediaTimePoint>
</MediaTime>
</VideoSegment>
</TemporalDecomposition>
</VideoSegment>
<VideoSegment id="shot132_30">
<MediaTime>
<MediaTimePoint>T00:05:22:21672F30000</MediaTimePoint>
<MediaDuration>PT00H00M06S2182N30000F</MediaDuration>
</MediaTime>
<TemporalDecomposition>
<VideoSegment id="shot132_30_RKF">
<MediaTime>
<MediaTimePoint>T00:05:25:21762F30000</MediaTimePoint>
</MediaTime>
</VideoSegment>
</TemporalDecomposition>
</VideoSegment>
<VideoSegment id="shot132_31">
<MediaTime>
<MediaTimePoint>T00:05:28:23854F30000</MediaTimePoint>
<MediaDuration>PT00H00M05S8158N30000F</MediaDuration>
</MediaTime>
<TemporalDecomposition>
<VideoSegment id="shot132_31_RKF">
<MediaTime>
<MediaTimePoint>T00:05:31:11932F30000</MediaTimePoint>
</MediaTime>
</VideoSegment>
</TemporalDecomposition>
</VideoSegment>
<VideoSegment id="shot132_32">
<MediaTime>
<MediaTimePoint>T00:05:34:2012F30000</MediaTimePoint>
<MediaDuration>PT00H00M04S8128N30000F</MediaDuration>
</MediaTime>
<TemporalDecomposition>
<VideoSegment id="shot132_32_RKF">
<MediaTime>
<MediaTimePoint>T00:05:36:5075F30000</MediaTimePoint>
</MediaTime>
</VideoSegment>
</TemporalDecomposition>
</VideoSegment>
<VideoSegment id="shot132_33">
<MediaTime>
<MediaTimePoint>T00:05:38:10140F30000</MediaTimePoint>
<MediaDuration>PT00H00M09S12282N30000F</MediaDuration>
</MediaTime>
<TemporalDecomposition>
<VideoSegment id="shot132_33_RKF">
<MediaTime>
<MediaTimePoint>T00:05:43:280F30000</MediaTimePoint>
</MediaTime>
</VideoSegment>
</TemporalDecomposition>
</VideoSegment>
<VideoSegment id="shot132_34">
<MediaTime>
<MediaTimePoint>T00:05:47:22422F30000</MediaTimePoint>
<MediaDuration>PT00H00M04S11131N30000F</MediaDuration>
</MediaTime>
<TemporalDecomposition>
<VideoSegment id="shot132_34_RKF">
<MediaTime>
<MediaTimePoint>T00:05:49:27487F30000</MediaTimePoint>
</MediaTime>
</VideoSegment>
</TemporalDecomposition>
</VideoSegment>
<VideoSegment id="shot132_35">
<MediaTime>
<MediaTimePoint>T00:05:52:3553F30000</MediaTimePoint>
<MediaDuration>PT00H00M02S4064N30000F</MediaDuration>
</MediaTime>
<TemporalDecomposition>
<VideoSegment id="shot132_35_RKF">
<MediaTime>
<MediaTimePoint>T00:05:53:4584F30000</MediaTimePoint>
</MediaTime>
</VideoSegment>
</TemporalDecomposition>
</VideoSegment>
<VideoSegment id="shot132_36">
<MediaTime>
<MediaTimePoint>T00:05:54:7617F30000</MediaTimePoint>
<MediaDuration>PT00H00M04S15135N30000F</MediaDuration>
</MediaTime>
<TemporalDecomposition>
<VideoSegment id="shot132_36_RKF">
<MediaTime>
<MediaTimePoint>T00:05:56:14684F30000</MediaTimePoint>
</MediaTime>
</VideoSegment>
</TemporalDecomposition>
</VideoSegment>
<VideoSegment id="shot132_37">
<MediaTime>
<MediaTimePoint>T00:05:58:22752F30000</MediaTimePoint>
<MediaDuration>PT00H00M06S4184N30000F</MediaDuration>
</MediaTime>
<TemporalDecomposition>
<VideoSegment id="shot132_37_RKF">
<MediaTime>
<MediaTimePoint>T00:06:01:23843F30000</MediaTimePoint>
</MediaTime>
</VideoSegment>
</TemporalDecomposition>
</VideoSegment>
<VideoSegment id="shot132_38">
<MediaTime>
<MediaTimePoint>T00:06:04:26936F30000</MediaTimePoint>
<MediaDuration>PT00H00M25S17767N30000F</MediaDuration>
</MediaTime>
<TemporalDecomposition>
<VideoSegment id="shot132_38_RKF">
<MediaTime>
<MediaTimePoint>T00:06:17:20319F30000</MediaTimePoint>
</MediaTime>
</VideoSegment>
</TemporalDecomposition>
</VideoSegment>
<VideoSegment id="shot132_39">
<MediaTime>
<MediaTimePoint>T00:06:30:14703F30000</MediaTimePoint>
<MediaDuration>PT00H00M26S13793N30000F</MediaDuration>
</MediaTime>
<TemporalDecomposition>
<VideoSegment id="shot132_39_RKF">
<MediaTime>
<MediaTimePoint>T00:06:43:21099F30000</MediaTimePoint>
</MediaTime>
</VideoSegment>
</TemporalDecomposition>
</VideoSegment>
<VideoSegment id="shot132_40">
<MediaTime>
<MediaTimePoint>T00:06:56:28496F30000</MediaTimePoint>
<MediaDuration>PT00H00M42S8267N30000F</MediaDuration>
</MediaTime>
<TemporalDecomposition>
<VideoSegment id="shot132_40_RKF">
<MediaTime>
<MediaTimePoint>T00:07:18:2129F30000</MediaTimePoint>
</MediaTime>
</VideoSegment>
</TemporalDecomposition>
</VideoSegment>
<VideoSegment id="shot132_41">
<MediaTime>
<MediaTimePoint>T00:07:39:6763F30000</MediaTimePoint>
<MediaDuration>PT00H00M16S24504N30000F</MediaDuration>
</MediaTime>
<TemporalDecomposition>
<VideoSegment id="shot132_41_RKF">
<MediaTime>
<MediaTimePoint>T00:07:47:18014F30000</MediaTimePoint>
</MediaTime>
</VideoSegment>
</TemporalDecomposition>
</VideoSegment>
<VideoSegment id="shot132_42">
<MediaTime>
<MediaTimePoint>T00:07:56:1267F30000</MediaTimePoint>
<MediaDuration>PT00H00M06S18198N30000F</MediaDuration>
</MediaTime>
<TemporalDecomposition>
<VideoSegment id="shot132_42_RKF">
<MediaTime>
<MediaTimePoint>T00:07:59:9365F30000</MediaTimePoint>
</MediaTime>
</VideoSegment>
</TemporalDecomposition>
</VideoSegment>
<VideoSegment id="shot132_43">
<MediaTime>
<MediaTimePoint>T00:08:02:19465F30000</MediaTimePoint>
<MediaDuration>PT00H00M49S7476N30000F</MediaDuration>
</MediaTime>
<TemporalDecomposition>
<VideoSegment id="shot132_43_RKF">
<MediaTime>
<MediaTimePoint>T00:08:27:7202F30000</MediaTimePoint>
</MediaTime>
</VideoSegment>
</TemporalDecomposition>
</VideoSegment>
<VideoSegment id="shot132_44">
<MediaTime>
<MediaTimePoint>T00:08:51:26941F30000</MediaTimePoint>
<MediaDuration>PT00H00M24S25745N30000F</MediaDuration>
</MediaTime>
<TemporalDecomposition>
<VideoSegment id="shot132_44_RKF">
<MediaTime>
<MediaTimePoint>T00:09:04:9313F30000</MediaTimePoint>
</MediaTime>
</VideoSegment>
</TemporalDecomposition>
</VideoSegment>
<VideoSegment id="shot132_45">
<MediaTime>
<MediaTimePoint>T00:09:16:22686F30000</MediaTimePoint>
<MediaDuration>PT00H00M02S22082N30000F</MediaDuration>
</MediaTime>
<TemporalDecomposition>
<VideoSegment id="shot132_45_RKF">
<MediaTime>
<MediaTimePoint>T00:09:18:2726F30000</MediaTimePoint>
</MediaTime>
</VideoSegment>
</TemporalDecomposition>
</VideoSegment>
<VideoSegment id="shot132_46">
<MediaTime>
<MediaTimePoint>T00:09:19:14768F30000</MediaTimePoint>
<MediaDuration>PT00H00M03S3093N30000F</MediaDuration>
</MediaTime>
<TemporalDecomposition>
<VideoSegment id="shot132_46_RKF">
<MediaTime>
<MediaTimePoint>T00:09:21:814F30000</MediaTimePoint>
</MediaTime>
</VideoSegment>
</TemporalDecomposition>
</VideoSegment>
<VideoSegment id="shot132_47">
<MediaTime>
<MediaTimePoint>T00:09:22:17861F30000</MediaTimePoint>
<MediaDuration>PT00H00M07S5215N30000F</MediaDuration>
</MediaTime>
<TemporalDecomposition>
<VideoSegment id="shot132_47_NRKF_1">
<MediaTime>
<MediaTimePoint>T00:09:23:16890F30000</MediaTimePoint>
</MediaTime>
</VideoSegment>
<VideoSegment id="shot132_47_RKF">
<MediaTime>
<MediaTimePoint>T00:09:26:4968F30000</MediaTimePoint>
</MediaTime>
</VideoSegment>
<VideoSegment id="shot132_47_NRKF_2">
<MediaTime>
<MediaTimePoint>T00:09:27:4998F30000</MediaTimePoint>
</MediaTime>
</VideoSegment>
</TemporalDecomposition>
</VideoSegment>
<VideoSegment id="shot132_48">
<MediaTime>
<MediaTimePoint>T00:09:29:23076F30000</MediaTimePoint>
<MediaDuration>PT00H00M09S15285N30000F</MediaDuration>
</MediaTime>
<TemporalDecomposition>
<VideoSegment id="shot132_48_RKF">
<MediaTime>
<MediaTimePoint>T00:09:34:15218F30000</MediaTimePoint>
</MediaTime>
</VideoSegment>
</TemporalDecomposition>
</VideoSegment>
<VideoSegment id="shot132_49">
<MediaTime>
<MediaTimePoint>T00:09:39:8361F30000</MediaTimePoint>
<MediaDuration>PT00H00M06S19199N30000F</MediaDuration>
</MediaTime>
<TemporalDecomposition>
<VideoSegment id="shot132_49_RKF">
<MediaTime>
<MediaTimePoint>T00:09:42:17460F30000</MediaTimePoint>
</MediaTime>
</VideoSegment>
</TemporalDecomposition>
</VideoSegment>
<VideoSegment id="shot132_50">
<MediaTime>
<MediaTimePoint>T00:09:45:27560F30000</MediaTimePoint>
<MediaDuration>PT00H00M03S9099N30000F</MediaDuration>
</MediaTime>
<TemporalDecomposition>
<VideoSegment id="shot132_50_RKF">
<MediaTime>
<MediaTimePoint>T00:09:47:16609F30000</MediaTimePoint>
</MediaTime>
</VideoSegment>
</TemporalDecomposition>
</VideoSegment>
<VideoSegment id="shot132_51">
<MediaTime>
<MediaTimePoint>T00:09:49:6659F30000</MediaTimePoint>
<MediaDuration>PT00H00M07S10220N30000F</MediaDuration>
</MediaTime>
<TemporalDecomposition>
<VideoSegment id="shot132_51_RKF">
<MediaTime>
<MediaTimePoint>T00:09:52:25768F30000</MediaTimePoint>
</MediaTime>
</VideoSegment>
</TemporalDecomposition>
</VideoSegment>
<VideoSegment id="shot132_52">
<MediaTime>
<MediaTimePoint>T00:09:56:16879F30000</MediaTimePoint>
<MediaDuration>PT00H00M14S420N30000F</MediaDuration>
</MediaTime>
<TemporalDecomposition>
<VideoSegment id="shot132_52_RKF">
<MediaTime>
<MediaTimePoint>T00:10:03:16088F30000</MediaTimePoint>
</MediaTime>
</VideoSegment>
</TemporalDecomposition>
</VideoSegment>
<VideoSegment id="shot132_53">
<MediaTime>
<MediaTimePoint>T00:10:10:17299F30000</MediaTimePoint>
<MediaDuration>PT00H00M03S17107N30000F</MediaDuration>
</MediaTime>
<TemporalDecomposition>
<VideoSegment id="shot132_53_RKF">
<MediaTime>
<MediaTimePoint>T00:10:12:10352F30000</MediaTimePoint>
</MediaTime>
</VideoSegment>
</TemporalDecomposition>
</VideoSegment>
<VideoSegment id="shot132_54">
<MediaTime>
<MediaTimePoint>T00:10:14:4406F30000</MediaTimePoint>
<MediaDuration>PT00H00M05S6156N30000F</MediaDuration>
</MediaTime>
<TemporalDecomposition>
<VideoSegment id="shot132_54_RKF">
<MediaTime>
<MediaTimePoint>T00:10:16:21483F30000</MediaTimePoint>
</MediaTime>
</VideoSegment>
</TemporalDecomposition>
</VideoSegment>
<VideoSegment id="shot132_55">
<MediaTime>
<MediaTimePoint>T00:10:19:10562F30000</MediaTimePoint>
<MediaDuration>PT00H00M05S25175N30000F</MediaDuration>
</MediaTime>
<TemporalDecomposition>
<VideoSegment id="shot132_55_RKF">
<MediaTime>
<MediaTimePoint>T00:10:22:7649F30000</MediaTimePoint>
</MediaTime>
</VideoSegment>
</TemporalDecomposition>
</VideoSegment>
<VideoSegment id="shot132_56">
<MediaTime>
<MediaTimePoint>T00:10:25:5737F30000</MediaTimePoint>
<MediaDuration>PT00H00M02S14074N30000F</MediaDuration>
</MediaTime>
<TemporalDecomposition>
<VideoSegment id="shot132_56_RKF">
<MediaTime>
<MediaTimePoint>T00:10:26:11773F30000</MediaTimePoint>
</MediaTime>
</VideoSegment>
</TemporalDecomposition>
</VideoSegment>
<VideoSegment id="shot132_57">
<MediaTime>
<MediaTimePoint>T00:10:27:19811F30000</MediaTimePoint>
<MediaDuration>PT00H00M04S23143N30000F</MediaDuration>
</MediaTime>
<TemporalDecomposition>
<VideoSegment id="shot132_57_RKF">
<MediaTime>
<MediaTimePoint>T00:10:30:882F30000</MediaTimePoint>
</MediaTime>
</VideoSegment>
</TemporalDecomposition>
</VideoSegment>
<VideoSegment id="shot132_58">
<MediaTime>
<MediaTimePoint>T00:10:32:12954F30000</MediaTimePoint>
<MediaDuration>PT00H00M05S24174N30000F</MediaDuration>
</MediaTime>
<TemporalDecomposition>
<VideoSegment id="shot132_58_RKF">
<MediaTime>
<MediaTimePoint>T00:10:35:9040F30000</MediaTimePoint>
</MediaTime>
</VideoSegment>
</TemporalDecomposition>
</VideoSegment>
<VideoSegment id="shot132_59">
<MediaTime>
<MediaTimePoint>T00:10:38:7128F30000</MediaTimePoint>
<MediaDuration>PT00H00M03S13103N30000F</MediaDuration>
</MediaTime>
<TemporalDecomposition>
<VideoSegment id="shot132_59_RKF">
<MediaTime>
<MediaTimePoint>T00:10:39:28179F30000</MediaTimePoint>
</MediaTime>
</VideoSegment>
</TemporalDecomposition>
</VideoSegment>
<VideoSegment id="shot132_60">
<MediaTime>
<MediaTimePoint>T00:10:41:20231F30000</MediaTimePoint>
<MediaDuration>PT00H00M02S29089N30000F</MediaDuration>
</MediaTime>
<TemporalDecomposition>
<VideoSegment id="shot132_60_RKF">
<MediaTime>
<MediaTimePoint>T00:10:43:4275F30000</MediaTimePoint>
</MediaTime>
</VideoSegment>
</TemporalDecomposition>
</VideoSegment>
<VideoSegment id="shot132_61">
<MediaTime>
<MediaTimePoint>T00:10:44:19320F30000</MediaTimePoint>
<MediaDuration>PT00H00M05S1151N30000F</MediaDuration>
</MediaTime>
<TemporalDecomposition>
<VideoSegment id="shot132_61_RKF">
<MediaTime>
<MediaTimePoint>T00:10:47:4395F30000</MediaTimePoint>
</MediaTime>
</VideoSegment>
</TemporalDecomposition>
</VideoSegment>
<VideoSegment id="shot132_62">
<MediaTime>
<MediaTimePoint>T00:10:49:20471F30000</MediaTimePoint>
<MediaDuration>PT00H00M02S12072N30000F</MediaDuration>
</MediaTime>
<TemporalDecomposition>
<VideoSegment id="shot132_62_RKF">
<MediaTime>
<MediaTimePoint>T00:10:50:25506F30000</MediaTimePoint>
</MediaTime>
</VideoSegment>
</TemporalDecomposition>
</VideoSegment>
<VideoSegment id="shot132_63">
<MediaTime>
<MediaTimePoint>T00:10:52:2543F30000</MediaTimePoint>
<MediaDuration>PT00H00M07S24234N30000F</MediaDuration>
</MediaTime>
<TemporalDecomposition>
<VideoSegment id="shot132_63_NRKF_1">
<MediaTime>
<MediaTimePoint>T00:10:53:571F30000</MediaTimePoint>
</MediaTime>
</VideoSegment>
<VideoSegment id="shot132_63_RKF">
<MediaTime>
<MediaTimePoint>T00:10:55:28659F30000</MediaTimePoint>
</MediaTime>
</VideoSegment>
<VideoSegment id="shot132_63_NRKF_2">
<MediaTime>
<MediaTimePoint>T00:10:56:27688F30000</MediaTimePoint>
</MediaTime>
</VideoSegment>
</TemporalDecomposition>
</VideoSegment>
<VideoSegment id="shot132_64">
<MediaTime>
<MediaTimePoint>T00:10:59:26777F30000</MediaTimePoint>
<MediaDuration>PT00H00M05S1151N30000F</MediaDuration>
</MediaTime>
<TemporalDecomposition>
<VideoSegment id="shot132_64_RKF">
<MediaTime>
<MediaTimePoint>T00:11:02:11852F30000</MediaTimePoint>
</MediaTime>
</VideoSegment>
</TemporalDecomposition>
</VideoSegment>
<VideoSegment id="shot132_65">
<MediaTime>
<MediaTimePoint>T00:11:04:27928F30000</MediaTimePoint>
<MediaDuration>PT00H00M19S8578N30000F</MediaDuration>
</MediaTime>
<TemporalDecomposition>
<VideoSegment id="shot132_65_RKF">
<MediaTime>
<MediaTimePoint>T00:11:14:16216F30000</MediaTimePoint>
</MediaTime>
</VideoSegment>
</TemporalDecomposition>
</VideoSegment>
<VideoSegment id="shot132_66">
<MediaTime>
<MediaTimePoint>T00:11:24:6506F30000</MediaTimePoint>
<MediaDuration>PT00H00M25S20770N30000F</MediaDuration>
</MediaTime>
<TemporalDecomposition>
<VideoSegment id="shot132_66_RKF">
<MediaTime>
<MediaTimePoint>T00:11:37:890F30000</MediaTimePoint>
</MediaTime>
</VideoSegment>
</TemporalDecomposition>
</VideoSegment>
<VideoSegment id="shot132_67">
<MediaTime>
<MediaTimePoint>T00:11:49:27276F30000</MediaTimePoint>
<MediaDuration>PT00H00M04S18138N30000F</MediaDuration>
</MediaTime>
<TemporalDecomposition>
<VideoSegment id="shot132_67_RKF">
<MediaTime>
<MediaTimePoint>T00:11:52:5344F30000</MediaTimePoint>
</MediaTime>
</VideoSegment>
</TemporalDecomposition>
</VideoSegment>
<VideoSegment id="shot132_68">
<MediaTime>
<MediaTimePoint>T00:11:54:15414F30000</MediaTimePoint>
<MediaDuration>PT00H00M05S19169N30000F</MediaDuration>
</MediaTime>
<TemporalDecomposition>
<VideoSegment id="shot132_68_RKF">
<MediaTime>
<MediaTimePoint>T00:11:57:9498F30000</MediaTimePoint>
</MediaTime>
</VideoSegment>
</TemporalDecomposition>
</VideoSegment>
<VideoSegment id="shot132_69">
<MediaTime>
<MediaTimePoint>T00:12:00:4583F30000</MediaTimePoint>
<MediaDuration>PT00H00M07S22232N30000F</MediaDuration>
</MediaTime>
<TemporalDecomposition>
<VideoSegment id="shot132_69_RKF">
<MediaTime>
<MediaTimePoint>T00:12:03:29698F30000</MediaTimePoint>
</MediaTime>
</VideoSegment>
</TemporalDecomposition>
</VideoSegment>
<VideoSegment id="shot132_70">
<MediaTime>
<MediaTimePoint>T00:12:07:26815F30000</MediaTimePoint>
<MediaDuration>PT00H00M03S21111N30000F</MediaDuration>
</MediaTime>
<TemporalDecomposition>
<VideoSegment id="shot132_70_RKF">
<MediaTime>
<MediaTimePoint>T00:12:09:21870F30000</MediaTimePoint>
</MediaTime>
</VideoSegment>
</TemporalDecomposition>
</VideoSegment>
<VideoSegment id="shot132_71">
<MediaTime>
<MediaTimePoint>T00:12:11:17926F30000</MediaTimePoint>
<MediaDuration>PT00H00M05S2152N30000F</MediaDuration>
</MediaTime>
<TemporalDecomposition>
<VideoSegment id="shot132_71_RKF">
<MediaTime>
<MediaTimePoint>T00:12:14:3001F30000</MediaTimePoint>
</MediaTime>
</VideoSegment>
</TemporalDecomposition>
</VideoSegment>
<VideoSegment id="shot132_72">
<MediaTime>
<MediaTimePoint>T00:12:16:20078F30000</MediaTimePoint>
<MediaDuration>PT00H00M02S18078N30000F</MediaDuration>
</MediaTime>
<TemporalDecomposition>
<VideoSegment id="shot132_72_RKF">
<MediaTime>
<MediaTimePoint>T00:12:17:28116F30000</MediaTimePoint>
</MediaTime>
</VideoSegment>
</TemporalDecomposition>
</VideoSegment>
<VideoSegment id="shot132_73">
<MediaTime>
<MediaTimePoint>T00:12:19:8156F30000</MediaTimePoint>
<MediaDuration>PT00H00M02S29089N30000F</MediaDuration>
</MediaTime>
<TemporalDecomposition>
<VideoSegment id="shot132_73_RKF">
<MediaTime>
<MediaTimePoint>T00:12:20:22200F30000</MediaTimePoint>
</MediaTime>
</VideoSegment>
</TemporalDecomposition>
</VideoSegment>
<VideoSegment id="shot132_74">
<MediaTime>
<MediaTimePoint>T00:12:22:7245F30000</MediaTimePoint>
<MediaDuration>PT00H00M10S3303N30000F</MediaDuration>
</MediaTime>
<TemporalDecomposition>
<VideoSegment id="shot132_74_RKF">
<MediaTime>
<MediaTimePoint>T00:12:27:8396F30000</MediaTimePoint>
</MediaTime>
</VideoSegment>
</TemporalDecomposition>
</VideoSegment>
<VideoSegment id="shot132_75">
<MediaTime>
<MediaTimePoint>T00:12:32:10548F30000</MediaTimePoint>
<MediaDuration>PT00H00M06S2182N30000F</MediaDuration>
</MediaTime>
<TemporalDecomposition>
<VideoSegment id="shot132_75_RKF">
<MediaTime>
<MediaTimePoint>T00:12:35:10638F30000</MediaTimePoint>
</MediaTime>
</VideoSegment>
</TemporalDecomposition>
</VideoSegment>
<VideoSegment id="shot132_76">
<MediaTime>
<MediaTimePoint>T00:12:38:12730F30000</MediaTimePoint>
<MediaDuration>PT00H00M10S28328N30000F</MediaDuration>
</MediaTime>
<TemporalDecomposition>
<VideoSegment id="shot132_76_RKF">
<MediaTime>
<MediaTimePoint>T00:12:43:25893F30000</MediaTimePoint>
</MediaTime>
</VideoSegment>
</TemporalDecomposition>
</VideoSegment>
<VideoSegment id="shot132_77">
<MediaTime>
<MediaTimePoint>T00:12:49:11058F30000</MediaTimePoint>
<MediaDuration>PT00H00M03S19109N30000F</MediaDuration>
</MediaTime>
<TemporalDecomposition>
<VideoSegment id="shot132_77_NRKF_1">
<MediaTime>
<MediaTimePoint>T00:12:50:8085F30000</MediaTimePoint>
</MediaTime>
</VideoSegment>
<VideoSegment id="shot132_77_RKF">
<MediaTime>
<MediaTimePoint>T00:12:51:5112F30000</MediaTimePoint>
</MediaTime>
</VideoSegment>
<VideoSegment id="shot132_77_NRKF_2">
<MediaTime>
<MediaTimePoint>T00:12:52:3140F30000</MediaTimePoint>
</MediaTime>
</VideoSegment>
</TemporalDecomposition>
</VideoSegment>
<VideoSegment id="shot132_78">
<MediaTime>
<MediaTimePoint>T00:12:53:167F30000</MediaTimePoint>
<MediaDuration>PT00H00M04S6126N30000F</MediaDuration>
</MediaTime>
<TemporalDecomposition>
<VideoSegment id="shot132_78_RKF">
<MediaTime>
<MediaTimePoint>T00:12:55:2229F30000</MediaTimePoint>
</MediaTime>
</VideoSegment>
</TemporalDecomposition>
</VideoSegment>
<VideoSegment id="shot132_79">
<MediaTime>
<MediaTimePoint>T00:12:57:6293F30000</MediaTimePoint>
<MediaDuration>PT00H00M06S12192N30000F</MediaDuration>
</MediaTime>
<TemporalDecomposition>
<VideoSegment id="shot132_79_RKF">
<MediaTime>
<MediaTimePoint>T00:13:00:11388F30000</MediaTimePoint>
</MediaTime>
</VideoSegment>
</TemporalDecomposition>
</VideoSegment>
<VideoSegment id="shot132_80">
<MediaTime>
<MediaTimePoint>T00:13:03:18485F30000</MediaTimePoint>
<MediaDuration>PT00H00M08S7247N30000F</MediaDuration>
</MediaTime>
<TemporalDecomposition>
<VideoSegment id="shot132_80_RKF">
<MediaTime>
<MediaTimePoint>T00:13:07:21608F30000</MediaTimePoint>
</MediaTime>
</VideoSegment>
</TemporalDecomposition>
</VideoSegment>
<VideoSegment id="shot132_81">
<MediaTime>
<MediaTimePoint>T00:13:11:25732F30000</MediaTimePoint>
<MediaDuration>PT00H00M02S27087N30000F</MediaDuration>
</MediaTime>
<TemporalDecomposition>
<VideoSegment id="shot132_81_RKF">
<MediaTime>
<MediaTimePoint>T00:13:13:8775F30000</MediaTimePoint>
</MediaTime>
</VideoSegment>
</TemporalDecomposition>
</VideoSegment>
<VideoSegment id="shot132_82">
<MediaTime>
<MediaTimePoint>T00:13:14:22819F30000</MediaTimePoint>
<MediaDuration>PT00H00M04S8128N30000F</MediaDuration>
</MediaTime>
<TemporalDecomposition>
<VideoSegment id="shot132_82_NRKF_1">
<MediaTime>
<MediaTimePoint>T00:13:14:27824F30000</MediaTimePoint>
</MediaTime>
</VideoSegment>
<VideoSegment id="shot132_82_RKF">
<MediaTime>
<MediaTimePoint>T00:13:16:25882F30000</MediaTimePoint>
</MediaTime>
</VideoSegment>
<VideoSegment id="shot132_82_NRKF_2">
<MediaTime>
<MediaTimePoint>T00:13:17:1888F30000</MediaTimePoint>
</MediaTime>
</VideoSegment>
</TemporalDecomposition>
</VideoSegment>
<VideoSegment id="shot132_83">
<MediaTime>
<MediaTimePoint>T00:13:19:947F30000</MediaTimePoint>
<MediaDuration>PT00H00M14S11431N30000F</MediaDuration>
</MediaTime>
<TemporalDecomposition>
<VideoSegment id="shot132_83_RKF">
<MediaTime>
<MediaTimePoint>T00:13:26:6162F30000</MediaTimePoint>
</MediaTime>
</VideoSegment>
</TemporalDecomposition>
</VideoSegment>
<VideoSegment id="shot132_84">
<MediaTime>
<MediaTimePoint>T00:13:33:12378F30000</MediaTimePoint>
<MediaDuration>PT00H00M14S6426N30000F</MediaDuration>
</MediaTime>
<TemporalDecomposition>
<VideoSegment id="shot132_84_RKF">
<MediaTime>
<MediaTimePoint>T00:13:40:14590F30000</MediaTimePoint>
</MediaTime>
</VideoSegment>
</TemporalDecomposition>
</VideoSegment>
<VideoSegment id="shot132_85">
<MediaTime>
<MediaTimePoint>T00:13:47:18804F30000</MediaTimePoint>
<MediaDuration>PT00H00M04S5125N30000F</MediaDuration>
</MediaTime>
<TemporalDecomposition>
<VideoSegment id="shot132_85_RKF">
<MediaTime>
<MediaTimePoint>T00:13:49:20866F30000</MediaTimePoint>
</MediaTime>
</VideoSegment>
</TemporalDecomposition>
</VideoSegment>
<VideoSegment id="shot132_86">
<MediaTime>
<MediaTimePoint>T00:13:51:23929F30000</MediaTimePoint>
<MediaDuration>PT00H00M29S6876N30000F</MediaDuration>
</MediaTime>
<TemporalDecomposition>
<VideoSegment id="shot132_86_RKF">
<MediaTime>
<MediaTimePoint>T00:14:06:11366F30000</MediaTimePoint>
</MediaTime>
</VideoSegment>
</TemporalDecomposition>
</VideoSegment>
<VideoSegment id="shot132_87">
<MediaTime>
<MediaTimePoint>T00:14:21:805F30000</MediaTimePoint>
<MediaDuration>PT00H00M05S5155N30000F</MediaDuration>
</MediaTime>
<TemporalDecomposition>
<VideoSegment id="shot132_87_NRKF_1">
<MediaTime>
<MediaTimePoint>T00:14:21:28833F30000</MediaTimePoint>
</MediaTime>
</VideoSegment>
<VideoSegment id="shot132_87_RKF">
<MediaTime>
<MediaTimePoint>T00:14:23:17882F30000</MediaTimePoint>
</MediaTime>
</VideoSegment>
<VideoSegment id="shot132_87_NRKF_2">
<MediaTime>
<MediaTimePoint>T00:14:24:16911F30000</MediaTimePoint>
</MediaTime>
</VideoSegment>
</TemporalDecomposition>
</VideoSegment>
<VideoSegment id="shot132_88">
<MediaTime>
<MediaTimePoint>T00:14:26:5960F30000</MediaTimePoint>
<MediaDuration>PT00H00M05S2152N30000F</MediaDuration>
</MediaTime>
<TemporalDecomposition>
<VideoSegment id="shot132_88_NRKF_1">
<MediaTime>
<MediaTimePoint>T00:14:26:13968F30000</MediaTimePoint>
</MediaTime>
</VideoSegment>
<VideoSegment id="shot132_88_RKF">
<MediaTime>
<MediaTimePoint>T00:14:28:21035F30000</MediaTimePoint>
</MediaTime>
</VideoSegment>
<VideoSegment id="shot132_88_NRKF_2">
<MediaTime>
<MediaTimePoint>T00:14:29:44F30000</MediaTimePoint>
</MediaTime>
</VideoSegment>
</TemporalDecomposition>
</VideoSegment>
<VideoSegment id="shot132_89">
<MediaTime>
<MediaTimePoint>T00:14:31:8112F30000</MediaTimePoint>
<MediaDuration>PT00H00M08S5245N30000F</MediaDuration>
</MediaTime>
<TemporalDecomposition>
<VideoSegment id="shot132_89_RKF">
<MediaTime>
<MediaTimePoint>T00:14:35:10234F30000</MediaTimePoint>
</MediaTime>
</VideoSegment>
</TemporalDecomposition>
</VideoSegment>
<VideoSegment id="shot132_90">
<MediaTime>
<MediaTimePoint>T00:14:39:13357F30000</MediaTimePoint>
<MediaDuration>PT00H00M08S15255N30000F</MediaDuration>
</MediaTime>
<TemporalDecomposition>
<VideoSegment id="shot132_90_RKF">
<MediaTime>
<MediaTimePoint>T00:14:43:20484F30000</MediaTimePoint>
</MediaTime>
</VideoSegment>
</TemporalDecomposition>
</VideoSegment>
<VideoSegment id="shot132_91">
<MediaTime>
<MediaTimePoint>T00:14:47:28612F30000</MediaTimePoint>
<MediaDuration>PT00H00M03S7097N30000F</MediaDuration>
</MediaTime>
<TemporalDecomposition>
<VideoSegment id="shot132_91_RKF">
<MediaTime>
<MediaTimePoint>T00:14:49:16660F30000</MediaTimePoint>
</MediaTime>
</VideoSegment>
</TemporalDecomposition>
</VideoSegment>
<VideoSegment id="shot132_92">
<MediaTime>
<MediaTimePoint>T00:14:51:5709F30000</MediaTimePoint>
<MediaDuration>PT00H00M05S13163N30000F</MediaDuration>
</MediaTime>
<TemporalDecomposition>
<VideoSegment id="shot132_92_NRKF_1">
<MediaTime>
<MediaTimePoint>T00:14:51:25729F30000</MediaTimePoint>
</MediaTime>
</VideoSegment>
<VideoSegment id="shot132_92_RKF">
<MediaTime>
<MediaTimePoint>T00:14:53:26790F30000</MediaTimePoint>
</MediaTime>
</VideoSegment>
<VideoSegment id="shot132_92_NRKF_2">
<MediaTime>
<MediaTimePoint>T00:14:54:17811F30000</MediaTimePoint>
</MediaTime>
</VideoSegment>
</TemporalDecomposition>
</VideoSegment>
<VideoSegment id="shot132_93">
<MediaTime>
<MediaTimePoint>T00:14:56:18872F30000</MediaTimePoint>
<MediaDuration>PT00H00M02S8068N30000F</MediaDuration>
</MediaTime>
<TemporalDecomposition>
<VideoSegment id="shot132_93_RKF">
<MediaTime>
<MediaTimePoint>T00:14:57:21905F30000</MediaTimePoint>
</MediaTime>
</VideoSegment>
</TemporalDecomposition>
</VideoSegment>
<VideoSegment id="shot132_94">
<MediaTime>
<MediaTimePoint>T00:14:58:26940F30000</MediaTimePoint>
<MediaDuration>PT00H00M03S9099N30000F</MediaDuration>
</MediaTime>
<TemporalDecomposition>
<VideoSegment id="shot132_94_RKF">
<MediaTime>
<MediaTimePoint>T00:15:00:15989F30000</MediaTimePoint>
</MediaTime>
</VideoSegment>
</TemporalDecomposition>
</VideoSegment>
<VideoSegment id="shot132_95">
<MediaTime>
<MediaTimePoint>T00:15:02:6039F30000</MediaTimePoint>
<MediaDuration>PT00H00M00S28028N30000F</MediaDuration>
</MediaTime>
<TemporalDecomposition>
<VideoSegment id="shot132_95_RKF">
<MediaTime>
<MediaTimePoint>T00:15:02:19052F30000</MediaTimePoint>
</MediaTime>
</VideoSegment>
</TemporalDecomposition>
</VideoSegment>
</TemporalDecomposition>
</Video>
</MultimediaContent>
</Description>
</Mpeg7>
