<?xml version="1.0" encoding="UTF-8"?>
<Mpeg7 xmlns="urn:mpeg:mpeg7:schema:2001" xmlns:mpeg7="urn:mpeg:mpeg7:schema:2001" xmlns:xsi="http://www.w3.org/2001/XMLSchema-instance">
<Description xsi:type="ContentEntityType">
<MultimediaContent xsi:type="VideoType">
<Video id="TRECVID2005_135">
<MediaLocator>
<MediaUri>20041201_110000_MSNBC_MSNBCNEWS11_ENG.mpg</MediaUri>
</MediaLocator>
<MediaTime>
<MediaTimePoint>T00:00:00:0F30000</MediaTimePoint>
<MediaDuration>PT00H28M19S29949N30000F</MediaDuration>
</MediaTime>
<TemporalDecomposition gap="false" overlap="false">
<VideoSegment id="shot135_1">
<MediaTime>
<MediaTimePoint>T00:00:00:0F30000</MediaTimePoint>
<MediaDuration>PT00H00M03S2092N30000F</MediaDuration>
</MediaTime>
<TemporalDecomposition>
<VideoSegment id="shot135_1_NRKF_1">
<MediaTime>
<MediaTimePoint>T00:00:00:7007F30000</MediaTimePoint>
</MediaTime>
</VideoSegment>
<VideoSegment id="shot135_1_RKF">
<MediaTime>
<MediaTimePoint>T00:00:01:15045F30000</MediaTimePoint>
</MediaTime>
</VideoSegment>
<VideoSegment id="shot135_1_NRKF_2">
<MediaTime>
<MediaTimePoint>T00:00:01:23053F30000</MediaTimePoint>
</MediaTime>
</VideoSegment>
</TemporalDecomposition>
</VideoSegment>
<VideoSegment id="shot135_2">
<MediaTime>
<MediaTimePoint>T00:00:03:2092F30000</MediaTimePoint>
<MediaDuration>PT00H00M05S25175N30000F</MediaDuration>
</MediaTime>
<TemporalDecomposition>
<VideoSegment id="shot135_2_RKF">
<MediaTime>
<MediaTimePoint>T00:00:05:29179F30000</MediaTimePoint>
</MediaTime>
</VideoSegment>
</TemporalDecomposition>
</VideoSegment>
<VideoSegment id="shot135_3">
<MediaTime>
<MediaTimePoint>T00:00:08:27267F30000</MediaTimePoint>
<MediaDuration>PT00H00M05S9159N30000F</MediaDuration>
</MediaTime>
<TemporalDecomposition>
<VideoSegment id="shot135_3_RKF">
<MediaTime>
<MediaTimePoint>T00:00:11:16346F30000</MediaTimePoint>
</MediaTime>
</VideoSegment>
</TemporalDecomposition>
</VideoSegment>
<VideoSegment id="shot135_4">
<MediaTime>
<MediaTimePoint>T00:00:14:6426F30000</MediaTimePoint>
<MediaDuration>PT00H00M04S29149N30000F</MediaDuration>
</MediaTime>
<TemporalDecomposition>
<VideoSegment id="shot135_4_RKF">
<MediaTime>
<MediaTimePoint>T00:00:16:20500F30000</MediaTimePoint>
</MediaTime>
</VideoSegment>
</TemporalDecomposition>
</VideoSegment>
<VideoSegment id="shot135_5">
<MediaTime>
<MediaTimePoint>T00:00:19:5575F30000</MediaTimePoint>
<MediaDuration>PT00H00M27S13823N30000F</MediaDuration>
</MediaTime>
<TemporalDecomposition>
<VideoSegment id="shot135_5_RKF">
<MediaTime>
<MediaTimePoint>T00:00:32:26986F30000</MediaTimePoint>
</MediaTime>
</VideoSegment>
</TemporalDecomposition>
</VideoSegment>
<VideoSegment id="shot135_6">
<MediaTime>
<MediaTimePoint>T00:00:46:19398F30000</MediaTimePoint>
<MediaDuration>PT00H00M06S15195N30000F</MediaDuration>
</MediaTime>
<TemporalDecomposition>
<VideoSegment id="shot135_6_RKF">
<MediaTime>
<MediaTimePoint>T00:00:49:26495F30000</MediaTimePoint>
</MediaTime>
</VideoSegment>
</TemporalDecomposition>
</VideoSegment>
<VideoSegment id="shot135_7">
<MediaTime>
<MediaTimePoint>T00:00:53:4593F30000</MediaTimePoint>
<MediaDuration>PT00H00M06S4184N30000F</MediaDuration>
</MediaTime>
<TemporalDecomposition>
<VideoSegment id="shot135_7_RKF">
<MediaTime>
<MediaTimePoint>T00:00:56:5684F30000</MediaTimePoint>
</MediaTime>
</VideoSegment>
</TemporalDecomposition>
</VideoSegment>
<VideoSegment id="shot135_8">
<MediaTime>
<MediaTimePoint>T00:00:59:8777F30000</MediaTimePoint>
<MediaDuration>PT00H00M08S26266N30000F</MediaDuration>
</MediaTime>
<TemporalDecomposition>
<VideoSegment id="shot135_8_RKF">
<MediaTime>
<MediaTimePoint>T00:01:03:20909F30000</MediaTimePoint>
</MediaTime>
</VideoSegment>
</TemporalDecomposition>
</VideoSegment>
<VideoSegment id="shot135_9">
<MediaTime>
<MediaTimePoint>T00:01:08:5043F30000</MediaTimePoint>
<MediaDuration>PT00H00M02S6066N30000F</MediaDuration>
</MediaTime>
<TemporalDecomposition>
<VideoSegment id="shot135_9_RKF">
<MediaTime>
<MediaTimePoint>T00:01:09:7075F30000</MediaTimePoint>
</MediaTime>
</VideoSegment>
</TemporalDecomposition>
</VideoSegment>
<VideoSegment id="shot135_10">
<MediaTime>
<MediaTimePoint>T00:01:10:11109F30000</MediaTimePoint>
<MediaDuration>PT00H00M02S18078N30000F</MediaDuration>
</MediaTime>
<TemporalDecomposition>
<VideoSegment id="shot135_10_RKF">
<MediaTime>
<MediaTimePoint>T00:01:11:19147F30000</MediaTimePoint>
</MediaTime>
</VideoSegment>
</TemporalDecomposition>
</VideoSegment>
<VideoSegment id="shot135_11">
<MediaTime>
<MediaTimePoint>T00:01:12:29187F30000</MediaTimePoint>
<MediaDuration>PT00H00M02S29089N30000F</MediaDuration>
</MediaTime>
<TemporalDecomposition>
<VideoSegment id="shot135_11_RKF">
<MediaTime>
<MediaTimePoint>T00:01:14:13231F30000</MediaTimePoint>
</MediaTime>
</VideoSegment>
</TemporalDecomposition>
</VideoSegment>
<VideoSegment id="shot135_12">
<MediaTime>
<MediaTimePoint>T00:01:15:28276F30000</MediaTimePoint>
<MediaDuration>PT00H00M25S3753N30000F</MediaDuration>
</MediaTime>
<TemporalDecomposition>
<VideoSegment id="shot135_12_NRKF_1">
<MediaTime>
<MediaTimePoint>T00:01:16:25303F30000</MediaTimePoint>
</MediaTime>
</VideoSegment>
<VideoSegment id="shot135_12_RKF">
<MediaTime>
<MediaTimePoint>T00:01:28:14652F30000</MediaTimePoint>
</MediaTime>
</VideoSegment>
<VideoSegment id="shot135_12_NRKF_2">
<MediaTime>
<MediaTimePoint>T00:01:29:12680F30000</MediaTimePoint>
</MediaTime>
</VideoSegment>
</TemporalDecomposition>
</VideoSegment>
<VideoSegment id="shot135_13">
<MediaTime>
<MediaTimePoint>T00:01:41:2029F30000</MediaTimePoint>
<MediaDuration>PT00H00M05S13163N30000F</MediaDuration>
</MediaTime>
<TemporalDecomposition>
<VideoSegment id="shot135_13_RKF">
<MediaTime>
<MediaTimePoint>T00:01:43:23110F30000</MediaTimePoint>
</MediaTime>
</VideoSegment>
</TemporalDecomposition>
</VideoSegment>
<VideoSegment id="shot135_14">
<MediaTime>
<MediaTimePoint>T00:01:46:15192F30000</MediaTimePoint>
<MediaDuration>PT00H00M04S5125N30000F</MediaDuration>
</MediaTime>
<TemporalDecomposition>
<VideoSegment id="shot135_14_RKF">
<MediaTime>
<MediaTimePoint>T00:01:48:17254F30000</MediaTimePoint>
</MediaTime>
</VideoSegment>
</TemporalDecomposition>
</VideoSegment>
<VideoSegment id="shot135_15">
<MediaTime>
<MediaTimePoint>T00:01:50:20317F30000</MediaTimePoint>
<MediaDuration>PT00H00M19S20590N30000F</MediaDuration>
</MediaTime>
<TemporalDecomposition>
<VideoSegment id="shot135_15_RKF">
<MediaTime>
<MediaTimePoint>T00:02:00:14611F30000</MediaTimePoint>
</MediaTime>
</VideoSegment>
</TemporalDecomposition>
</VideoSegment>
<VideoSegment id="shot135_16">
<MediaTime>
<MediaTimePoint>T00:02:10:10907F30000</MediaTimePoint>
<MediaDuration>PT00H00M04S22142N30000F</MediaDuration>
</MediaTime>
<TemporalDecomposition>
<VideoSegment id="shot135_16_NRKF_1">
<MediaTime>
<MediaTimePoint>T00:02:11:6933F30000</MediaTimePoint>
</MediaTime>
</VideoSegment>
<VideoSegment id="shot135_16_RKF">
<MediaTime>
<MediaTimePoint>T00:02:12:20977F30000</MediaTimePoint>
</MediaTime>
</VideoSegment>
<VideoSegment id="shot135_16_NRKF_2">
<MediaTime>
<MediaTimePoint>T00:02:13:18004F30000</MediaTimePoint>
</MediaTime>
</VideoSegment>
</TemporalDecomposition>
</VideoSegment>
<VideoSegment id="shot135_17">
<MediaTime>
<MediaTimePoint>T00:02:15:3049F30000</MediaTimePoint>
<MediaDuration>PT00H00M02S4064N30000F</MediaDuration>
</MediaTime>
<TemporalDecomposition>
<VideoSegment id="shot135_17_RKF">
<MediaTime>
<MediaTimePoint>T00:02:16:4080F30000</MediaTimePoint>
</MediaTime>
</VideoSegment>
</TemporalDecomposition>
</VideoSegment>
<VideoSegment id="shot135_18">
<MediaTime>
<MediaTimePoint>T00:02:17:7113F30000</MediaTimePoint>
<MediaDuration>PT00H00M02S12072N30000F</MediaDuration>
</MediaTime>
<TemporalDecomposition>
<VideoSegment id="shot135_18_RKF">
<MediaTime>
<MediaTimePoint>T00:02:18:12148F30000</MediaTimePoint>
</MediaTime>
</VideoSegment>
</TemporalDecomposition>
</VideoSegment>
<VideoSegment id="shot135_19">
<MediaTime>
<MediaTimePoint>T00:02:19:19185F30000</MediaTimePoint>
<MediaDuration>PT00H00M23S22712N30000F</MediaDuration>
</MediaTime>
<TemporalDecomposition>
<VideoSegment id="shot135_19_RKF">
<MediaTime>
<MediaTimePoint>T00:02:31:14540F30000</MediaTimePoint>
</MediaTime>
</VideoSegment>
</TemporalDecomposition>
</VideoSegment>
<VideoSegment id="shot135_20">
<MediaTime>
<MediaTimePoint>T00:02:43:11897F30000</MediaTimePoint>
<MediaDuration>PT00H00M02S23083N30000F</MediaDuration>
</MediaTime>
<TemporalDecomposition>
<VideoSegment id="shot135_20_RKF">
<MediaTime>
<MediaTimePoint>T00:02:44:22938F30000</MediaTimePoint>
</MediaTime>
</VideoSegment>
</TemporalDecomposition>
</VideoSegment>
<VideoSegment id="shot135_21">
<MediaTime>
<MediaTimePoint>T00:02:46:4980F30000</MediaTimePoint>
<MediaDuration>PT00H00M02S9069N30000F</MediaDuration>
</MediaTime>
<TemporalDecomposition>
<VideoSegment id="shot135_21_RKF">
<MediaTime>
<MediaTimePoint>T00:02:47:9014F30000</MediaTimePoint>
</MediaTime>
</VideoSegment>
</TemporalDecomposition>
</VideoSegment>
<VideoSegment id="shot135_22">
<MediaTime>
<MediaTimePoint>T00:02:48:14049F30000</MediaTimePoint>
<MediaDuration>PT00H00M04S9129N30000F</MediaDuration>
</MediaTime>
<TemporalDecomposition>
<VideoSegment id="shot135_22_RKF">
<MediaTime>
<MediaTimePoint>T00:02:50:18113F30000</MediaTimePoint>
</MediaTime>
</VideoSegment>
</TemporalDecomposition>
</VideoSegment>
<VideoSegment id="shot135_23">
<MediaTime>
<MediaTimePoint>T00:02:52:23178F30000</MediaTimePoint>
<MediaDuration>PT00H00M03S12102N30000F</MediaDuration>
</MediaTime>
<TemporalDecomposition>
<VideoSegment id="shot135_23_RKF">
<MediaTime>
<MediaTimePoint>T00:02:54:13228F30000</MediaTimePoint>
</MediaTime>
</VideoSegment>
</TemporalDecomposition>
</VideoSegment>
<VideoSegment id="shot135_24">
<MediaTime>
<MediaTimePoint>T00:02:56:5280F30000</MediaTimePoint>
<MediaDuration>PT00H01M38S1939N30000F</MediaDuration>
</MediaTime>
<TemporalDecomposition>
<VideoSegment id="shot135_24_RKF">
<MediaTime>
<MediaTimePoint>T00:03:45:5749F30000</MediaTimePoint>
</MediaTime>
</VideoSegment>
</TemporalDecomposition>
</VideoSegment>
<VideoSegment id="shot135_25">
<MediaTime>
<MediaTimePoint>T00:04:34:7219F30000</MediaTimePoint>
<MediaDuration>PT00H00M03S12102N30000F</MediaDuration>
</MediaTime>
<TemporalDecomposition>
<VideoSegment id="shot135_25_RKF">
<MediaTime>
<MediaTimePoint>T00:04:35:27269F30000</MediaTimePoint>
</MediaTime>
</VideoSegment>
</TemporalDecomposition>
</VideoSegment>
<VideoSegment id="shot135_26">
<MediaTime>
<MediaTimePoint>T00:04:37:19321F30000</MediaTimePoint>
<MediaDuration>PT00H00M03S10100N30000F</MediaDuration>
</MediaTime>
<TemporalDecomposition>
<VideoSegment id="shot135_26_RKF">
<MediaTime>
<MediaTimePoint>T00:04:39:8370F30000</MediaTimePoint>
</MediaTime>
</VideoSegment>
</TemporalDecomposition>
</VideoSegment>
<VideoSegment id="shot135_27">
<MediaTime>
<MediaTimePoint>T00:04:40:29421F30000</MediaTimePoint>
<MediaDuration>PT00H00M02S20080N30000F</MediaDuration>
</MediaTime>
<TemporalDecomposition>
<VideoSegment id="shot135_27_RKF">
<MediaTime>
<MediaTimePoint>T00:04:42:8460F30000</MediaTimePoint>
</MediaTime>
</VideoSegment>
</TemporalDecomposition>
</VideoSegment>
<VideoSegment id="shot135_28">
<MediaTime>
<MediaTimePoint>T00:04:43:19501F30000</MediaTimePoint>
<MediaDuration>PT00H00M05S1151N30000F</MediaDuration>
</MediaTime>
<TemporalDecomposition>
<VideoSegment id="shot135_28_RKF">
<MediaTime>
<MediaTimePoint>T00:04:46:4576F30000</MediaTimePoint>
</MediaTime>
</VideoSegment>
</TemporalDecomposition>
</VideoSegment>
<VideoSegment id="shot135_29">
<MediaTime>
<MediaTimePoint>T00:04:48:20652F30000</MediaTimePoint>
<MediaDuration>PT00H00M37S3112N30000F</MediaDuration>
</MediaTime>
<TemporalDecomposition>
<VideoSegment id="shot135_29_RKF">
<MediaTime>
<MediaTimePoint>T00:05:07:6207F30000</MediaTimePoint>
</MediaTime>
</VideoSegment>
</TemporalDecomposition>
</VideoSegment>
<VideoSegment id="shot135_30">
<MediaTime>
<MediaTimePoint>T00:05:25:23764F30000</MediaTimePoint>
<MediaDuration>PT00H00M11S7337N30000F</MediaDuration>
</MediaTime>
<TemporalDecomposition>
<VideoSegment id="shot135_30_RKF">
<MediaTime>
<MediaTimePoint>T00:05:31:11932F30000</MediaTimePoint>
</MediaTime>
</VideoSegment>
</TemporalDecomposition>
</VideoSegment>
<VideoSegment id="shot135_31">
<MediaTime>
<MediaTimePoint>T00:05:37:1101F30000</MediaTimePoint>
<MediaDuration>PT00H00M34S18037N30000F</MediaDuration>
</MediaTime>
<TemporalDecomposition>
<VideoSegment id="shot135_31_RKF">
<MediaTime>
<MediaTimePoint>T00:05:54:9619F30000</MediaTimePoint>
</MediaTime>
</VideoSegment>
</TemporalDecomposition>
</VideoSegment>
<VideoSegment id="shot135_32">
<MediaTime>
<MediaTimePoint>T00:06:11:19138F30000</MediaTimePoint>
<MediaDuration>PT00H00M04S16136N30000F</MediaDuration>
</MediaTime>
<TemporalDecomposition>
<VideoSegment id="shot135_32_NRKF_1">
<MediaTime>
<MediaTimePoint>T00:06:12:16165F30000</MediaTimePoint>
</MediaTime>
</VideoSegment>
<VideoSegment id="shot135_32_RKF">
<MediaTime>
<MediaTimePoint>T00:06:13:26205F30000</MediaTimePoint>
</MediaTime>
</VideoSegment>
<VideoSegment id="shot135_32_NRKF_2">
<MediaTime>
<MediaTimePoint>T00:06:14:24233F30000</MediaTimePoint>
</MediaTime>
</VideoSegment>
</TemporalDecomposition>
</VideoSegment>
<VideoSegment id="shot135_33">
<MediaTime>
<MediaTimePoint>T00:06:16:5274F30000</MediaTimePoint>
<MediaDuration>PT00H00M05S12162N30000F</MediaDuration>
</MediaTime>
<TemporalDecomposition>
<VideoSegment id="shot135_33_RKF">
<MediaTime>
<MediaTimePoint>T00:06:18:25354F30000</MediaTimePoint>
</MediaTime>
</VideoSegment>
</TemporalDecomposition>
</VideoSegment>
<VideoSegment id="shot135_34">
<MediaTime>
<MediaTimePoint>T00:06:21:17436F30000</MediaTimePoint>
<MediaDuration>PT00H00M02S19079N30000F</MediaDuration>
</MediaTime>
<TemporalDecomposition>
<VideoSegment id="shot135_34_RKF">
<MediaTime>
<MediaTimePoint>T00:06:22:26475F30000</MediaTimePoint>
</MediaTime>
</VideoSegment>
</TemporalDecomposition>
</VideoSegment>
<VideoSegment id="shot135_35">
<MediaTime>
<MediaTimePoint>T00:06:24:6515F30000</MediaTimePoint>
<MediaDuration>PT00H01M27S19627N30000F</MediaDuration>
</MediaTime>
<TemporalDecomposition>
<VideoSegment id="shot135_35_RKF">
<MediaTime>
<MediaTimePoint>T00:07:08:828F30000</MediaTimePoint>
</MediaTime>
</VideoSegment>
</TemporalDecomposition>
</VideoSegment>
<VideoSegment id="shot135_36">
<MediaTime>
<MediaTimePoint>T00:07:51:26142F30000</MediaTimePoint>
<MediaDuration>PT00H00M03S28118N30000F</MediaDuration>
</MediaTime>
<TemporalDecomposition>
<VideoSegment id="shot135_36_RKF">
<MediaTime>
<MediaTimePoint>T00:07:53:24200F30000</MediaTimePoint>
</MediaTime>
</VideoSegment>
</TemporalDecomposition>
</VideoSegment>
<VideoSegment id="shot135_37">
<MediaTime>
<MediaTimePoint>T00:07:55:24260F30000</MediaTimePoint>
<MediaDuration>PT00H00M05S9159N30000F</MediaDuration>
</MediaTime>
<TemporalDecomposition>
<VideoSegment id="shot135_37_RKF">
<MediaTime>
<MediaTimePoint>T00:07:58:13339F30000</MediaTimePoint>
</MediaTime>
</VideoSegment>
</TemporalDecomposition>
</VideoSegment>
<VideoSegment id="shot135_38">
<MediaTime>
<MediaTimePoint>T00:08:01:3419F30000</MediaTimePoint>
<MediaDuration>PT00H01M10S17115N30000F</MediaDuration>
</MediaTime>
<TemporalDecomposition>
<VideoSegment id="shot135_38_RKF">
<MediaTime>
<MediaTimePoint>T00:08:36:11476F30000</MediaTimePoint>
</MediaTime>
</VideoSegment>
</TemporalDecomposition>
</VideoSegment>
<VideoSegment id="shot135_39">
<MediaTime>
<MediaTimePoint>T00:09:11:20534F30000</MediaTimePoint>
<MediaDuration>PT00H00M31S9939N30000F</MediaDuration>
</MediaTime>
<TemporalDecomposition>
<VideoSegment id="shot135_39_RKF">
<MediaTime>
<MediaTimePoint>T00:09:27:10003F30000</MediaTimePoint>
</MediaTime>
</VideoSegment>
</TemporalDecomposition>
</VideoSegment>
<VideoSegment id="shot135_40">
<MediaTime>
<MediaTimePoint>T00:09:43:473F30000</MediaTimePoint>
<MediaDuration>PT00H03M33S20404N30000F</MediaDuration>
</MediaTime>
<TemporalDecomposition>
<VideoSegment id="shot135_40_RKF">
<MediaTime>
<MediaTimePoint>T00:11:29:24674F30000</MediaTimePoint>
</MediaTime>
</VideoSegment>
</TemporalDecomposition>
</VideoSegment>
<VideoSegment id="shot135_41">
<MediaTime>
<MediaTimePoint>T00:13:16:20877F30000</MediaTimePoint>
<MediaDuration>PT00H00M05S9159N30000F</MediaDuration>
</MediaTime>
<TemporalDecomposition>
<VideoSegment id="shot135_41_RKF">
<MediaTime>
<MediaTimePoint>T00:13:19:9956F30000</MediaTimePoint>
</MediaTime>
</VideoSegment>
</TemporalDecomposition>
</VideoSegment>
<VideoSegment id="shot135_42">
<MediaTime>
<MediaTimePoint>T00:13:22:36F30000</MediaTimePoint>
<MediaDuration>PT00H00M30S10910N30000F</MediaDuration>
</MediaTime>
<TemporalDecomposition>
<VideoSegment id="shot135_42_RKF">
<MediaTime>
<MediaTimePoint>T00:13:37:4490F30000</MediaTimePoint>
</MediaTime>
</VideoSegment>
</TemporalDecomposition>
</VideoSegment>
<VideoSegment id="shot135_43">
<MediaTime>
<MediaTimePoint>T00:13:52:10946F30000</MediaTimePoint>
<MediaDuration>PT00H00M02S24084N30000F</MediaDuration>
</MediaTime>
<TemporalDecomposition>
<VideoSegment id="shot135_43_RKF">
<MediaTime>
<MediaTimePoint>T00:13:53:21987F30000</MediaTimePoint>
</MediaTime>
</VideoSegment>
</TemporalDecomposition>
</VideoSegment>
<VideoSegment id="shot135_44">
<MediaTime>
<MediaTimePoint>T00:13:55:5030F30000</MediaTimePoint>
<MediaDuration>PT00H00M45S24373N30000F</MediaDuration>
</MediaTime>
<TemporalDecomposition>
<VideoSegment id="shot135_44_RKF">
<MediaTime>
<MediaTimePoint>T00:14:18:1716F30000</MediaTimePoint>
</MediaTime>
</VideoSegment>
</TemporalDecomposition>
</VideoSegment>
<VideoSegment id="shot135_45">
<MediaTime>
<MediaTimePoint>T00:14:40:29403F30000</MediaTimePoint>
<MediaDuration>PT00H00M05S6156N30000F</MediaDuration>
</MediaTime>
<TemporalDecomposition>
<VideoSegment id="shot135_45_RKF">
<MediaTime>
<MediaTimePoint>T00:14:43:16480F30000</MediaTimePoint>
</MediaTime>
</VideoSegment>
</TemporalDecomposition>
</VideoSegment>
<VideoSegment id="shot135_46">
<MediaTime>
<MediaTimePoint>T00:14:46:5559F30000</MediaTimePoint>
<MediaDuration>PT00H00M42S23282N30000F</MediaDuration>
</MediaTime>
<TemporalDecomposition>
<VideoSegment id="shot135_46_RKF">
<MediaTime>
<MediaTimePoint>T00:15:07:16199F30000</MediaTimePoint>
</MediaTime>
</VideoSegment>
</TemporalDecomposition>
</VideoSegment>
<VideoSegment id="shot135_47">
<MediaTime>
<MediaTimePoint>T00:15:28:28841F30000</MediaTimePoint>
<MediaDuration>PT00H00M02S14074N30000F</MediaDuration>
</MediaTime>
<TemporalDecomposition>
<VideoSegment id="shot135_47_RKF">
<MediaTime>
<MediaTimePoint>T00:15:30:4877F30000</MediaTimePoint>
</MediaTime>
</VideoSegment>
</TemporalDecomposition>
</VideoSegment>
<VideoSegment id="shot135_48">
<MediaTime>
<MediaTimePoint>T00:15:31:12915F30000</MediaTimePoint>
<MediaDuration>PT00H00M04S19139N30000F</MediaDuration>
</MediaTime>
<TemporalDecomposition>
<VideoSegment id="shot135_48_RKF">
<MediaTime>
<MediaTimePoint>T00:15:33:21984F30000</MediaTimePoint>
</MediaTime>
</VideoSegment>
</TemporalDecomposition>
</VideoSegment>
<VideoSegment id="shot135_49">
<MediaTime>
<MediaTimePoint>T00:15:36:2054F30000</MediaTimePoint>
<MediaDuration>PT00H00M41S21250N30000F</MediaDuration>
</MediaTime>
<TemporalDecomposition>
<VideoSegment id="shot135_49_RKF">
<MediaTime>
<MediaTimePoint>T00:15:56:26678F30000</MediaTimePoint>
</MediaTime>
</VideoSegment>
</TemporalDecomposition>
</VideoSegment>
<VideoSegment id="shot135_50">
<MediaTime>
<MediaTimePoint>T00:16:17:23304F30000</MediaTimePoint>
<MediaDuration>PT00H00M09S4274N30000F</MediaDuration>
</MediaTime>
<TemporalDecomposition>
<VideoSegment id="shot135_50_RKF">
<MediaTime>
<MediaTimePoint>T00:16:22:9440F30000</MediaTimePoint>
</MediaTime>
</VideoSegment>
</TemporalDecomposition>
</VideoSegment>
<VideoSegment id="shot135_51">
<MediaTime>
<MediaTimePoint>T00:16:26:27578F30000</MediaTimePoint>
<MediaDuration>PT00H02M38S736N30000F</MediaDuration>
</MediaTime>
<TemporalDecomposition>
<VideoSegment id="shot135_51_RKF">
<MediaTime>
<MediaTimePoint>T00:17:45:26945F30000</MediaTimePoint>
</MediaTime>
</VideoSegment>
</TemporalDecomposition>
</VideoSegment>
<VideoSegment id="shot135_52">
<MediaTime>
<MediaTimePoint>T00:19:04:28314F30000</MediaTimePoint>
<MediaDuration>PT00H00M08S29269N30000F</MediaDuration>
</MediaTime>
<TemporalDecomposition>
<VideoSegment id="shot135_52_RKF">
<MediaTime>
<MediaTimePoint>T00:19:09:12448F30000</MediaTimePoint>
</MediaTime>
</VideoSegment>
</TemporalDecomposition>
</VideoSegment>
<VideoSegment id="shot135_53">
<MediaTime>
<MediaTimePoint>T00:19:13:27583F30000</MediaTimePoint>
<MediaDuration>PT00H00M22S24684N30000F</MediaDuration>
</MediaTime>
<TemporalDecomposition>
<VideoSegment id="shot135_53_RKF">
<MediaTime>
<MediaTimePoint>T00:19:25:8924F30000</MediaTimePoint>
</MediaTime>
</VideoSegment>
</TemporalDecomposition>
</VideoSegment>
<VideoSegment id="shot135_54">
<MediaTime>
<MediaTimePoint>T00:19:36:22267F30000</MediaTimePoint>
<MediaDuration>PT00H00M09S26296N30000F</MediaDuration>
</MediaTime>
<TemporalDecomposition>
<VideoSegment id="shot135_54_RKF">
<MediaTime>
<MediaTimePoint>T00:19:41:19414F30000</MediaTimePoint>
</MediaTime>
</VideoSegment>
</TemporalDecomposition>
</VideoSegment>
<VideoSegment id="shot135_55">
<MediaTime>
<MediaTimePoint>T00:19:46:18563F30000</MediaTimePoint>
<MediaDuration>PT00H00M28S2842N30000F</MediaDuration>
</MediaTime>
<TemporalDecomposition>
<VideoSegment id="shot135_55_RKF">
<MediaTime>
<MediaTimePoint>T00:20:00:18983F30000</MediaTimePoint>
</MediaTime>
</VideoSegment>
</TemporalDecomposition>
</VideoSegment>
<VideoSegment id="shot135_56">
<MediaTime>
<MediaTimePoint>T00:20:14:21405F30000</MediaTimePoint>
<MediaDuration>PT00H00M03S17107N30000F</MediaDuration>
</MediaTime>
<TemporalDecomposition>
<VideoSegment id="shot135_56_RKF">
<MediaTime>
<MediaTimePoint>T00:20:16:14458F30000</MediaTimePoint>
</MediaTime>
</VideoSegment>
</TemporalDecomposition>
</VideoSegment>
<VideoSegment id="shot135_57">
<MediaTime>
<MediaTimePoint>T00:20:18:8512F30000</MediaTimePoint>
<MediaDuration>PT00H00M03S15105N30000F</MediaDuration>
</MediaTime>
<TemporalDecomposition>
<VideoSegment id="shot135_57_RKF">
<MediaTime>
<MediaTimePoint>T00:20:20:564F30000</MediaTimePoint>
</MediaTime>
</VideoSegment>
</TemporalDecomposition>
</VideoSegment>
<VideoSegment id="shot135_58">
<MediaTime>
<MediaTimePoint>T00:20:21:23617F30000</MediaTimePoint>
<MediaDuration>PT00H00M03S6096N30000F</MediaDuration>
</MediaTime>
<TemporalDecomposition>
<VideoSegment id="shot135_58_RKF">
<MediaTime>
<MediaTimePoint>T00:20:23:10664F30000</MediaTimePoint>
</MediaTime>
</VideoSegment>
</TemporalDecomposition>
</VideoSegment>
<VideoSegment id="shot135_59">
<MediaTime>
<MediaTimePoint>T00:20:24:29713F30000</MediaTimePoint>
<MediaDuration>PT00H00M02S18078N30000F</MediaDuration>
</MediaTime>
<TemporalDecomposition>
<VideoSegment id="shot135_59_RKF">
<MediaTime>
<MediaTimePoint>T00:20:26:7751F30000</MediaTimePoint>
</MediaTime>
</VideoSegment>
</TemporalDecomposition>
</VideoSegment>
<VideoSegment id="shot135_60">
<MediaTime>
<MediaTimePoint>T00:20:27:17791F30000</MediaTimePoint>
<MediaDuration>PT00H00M38S21160N30000F</MediaDuration>
</MediaTime>
<TemporalDecomposition>
<VideoSegment id="shot135_60_RKF">
<MediaTime>
<MediaTimePoint>T00:20:46:27370F30000</MediaTimePoint>
</MediaTime>
</VideoSegment>
</TemporalDecomposition>
</VideoSegment>
<VideoSegment id="shot135_61">
<MediaTime>
<MediaTimePoint>T00:21:06:8951F30000</MediaTimePoint>
<MediaDuration>PT00H00M06S9189N30000F</MediaDuration>
</MediaTime>
<TemporalDecomposition>
<VideoSegment id="shot135_61_RKF">
<MediaTime>
<MediaTimePoint>T00:21:09:13045F30000</MediaTimePoint>
</MediaTime>
</VideoSegment>
</TemporalDecomposition>
</VideoSegment>
<VideoSegment id="shot135_62">
<MediaTime>
<MediaTimePoint>T00:21:12:18140F30000</MediaTimePoint>
<MediaDuration>PT00H00M05S25175N30000F</MediaDuration>
</MediaTime>
<TemporalDecomposition>
<VideoSegment id="shot135_62_RKF">
<MediaTime>
<MediaTimePoint>T00:21:15:15227F30000</MediaTimePoint>
</MediaTime>
</VideoSegment>
</TemporalDecomposition>
</VideoSegment>
<VideoSegment id="shot135_63">
<MediaTime>
<MediaTimePoint>T00:21:18:13315F30000</MediaTimePoint>
<MediaDuration>PT00H00M19S23593N30000F</MediaDuration>
</MediaTime>
<TemporalDecomposition>
<VideoSegment id="shot135_63_RKF">
<MediaTime>
<MediaTimePoint>T00:21:28:9611F30000</MediaTimePoint>
</MediaTime>
</VideoSegment>
</TemporalDecomposition>
</VideoSegment>
<VideoSegment id="shot135_64">
<MediaTime>
<MediaTimePoint>T00:21:38:6908F30000</MediaTimePoint>
<MediaDuration>PT00H00M07S24234N30000F</MediaDuration>
</MediaTime>
<TemporalDecomposition>
<VideoSegment id="shot135_64_RKF">
<MediaTime>
<MediaTimePoint>T00:21:42:3024F30000</MediaTimePoint>
</MediaTime>
</VideoSegment>
</TemporalDecomposition>
</VideoSegment>
<VideoSegment id="shot135_65">
<MediaTime>
<MediaTimePoint>T00:21:46:1142F30000</MediaTimePoint>
<MediaDuration>PT00H00M08S17257N30000F</MediaDuration>
</MediaTime>
<TemporalDecomposition>
<VideoSegment id="shot135_65_RKF">
<MediaTime>
<MediaTimePoint>T00:21:50:9270F30000</MediaTimePoint>
</MediaTime>
</VideoSegment>
</TemporalDecomposition>
</VideoSegment>
<VideoSegment id="shot135_66">
<MediaTime>
<MediaTimePoint>T00:21:54:18399F30000</MediaTimePoint>
<MediaDuration>PT00H01M03S13902N30000F</MediaDuration>
</MediaTime>
<TemporalDecomposition>
<VideoSegment id="shot135_66_RKF">
<MediaTime>
<MediaTimePoint>T00:22:26:9349F30000</MediaTimePoint>
</MediaTime>
</VideoSegment>
</TemporalDecomposition>
</VideoSegment>
<VideoSegment id="shot135_67">
<MediaTime>
<MediaTimePoint>T00:22:58:2301F30000</MediaTimePoint>
<MediaDuration>PT00H00M04S18138N30000F</MediaDuration>
</MediaTime>
<TemporalDecomposition>
<VideoSegment id="shot135_67_RKF">
<MediaTime>
<MediaTimePoint>T00:23:00:10369F30000</MediaTimePoint>
</MediaTime>
</VideoSegment>
</TemporalDecomposition>
</VideoSegment>
<VideoSegment id="shot135_68">
<MediaTime>
<MediaTimePoint>T00:23:02:20439F30000</MediaTimePoint>
<MediaDuration>PT00H00M04S29149N30000F</MediaDuration>
</MediaTime>
<TemporalDecomposition>
<VideoSegment id="shot135_68_RKF">
<MediaTime>
<MediaTimePoint>T00:23:05:4513F30000</MediaTimePoint>
</MediaTime>
</VideoSegment>
</TemporalDecomposition>
</VideoSegment>
<VideoSegment id="shot135_69">
<MediaTime>
<MediaTimePoint>T00:23:07:19588F30000</MediaTimePoint>
<MediaDuration>PT00H00M02S2062N30000F</MediaDuration>
</MediaTime>
<TemporalDecomposition>
<VideoSegment id="shot135_69_RKF">
<MediaTime>
<MediaTimePoint>T00:23:08:19618F30000</MediaTimePoint>
</MediaTime>
</VideoSegment>
</TemporalDecomposition>
</VideoSegment>
<VideoSegment id="shot135_70">
<MediaTime>
<MediaTimePoint>T00:23:09:21650F30000</MediaTimePoint>
<MediaDuration>PT00H00M03S21111N30000F</MediaDuration>
</MediaTime>
<TemporalDecomposition>
<VideoSegment id="shot135_70_RKF">
<MediaTime>
<MediaTimePoint>T00:23:11:16705F30000</MediaTimePoint>
</MediaTime>
</VideoSegment>
</TemporalDecomposition>
</VideoSegment>
<VideoSegment id="shot135_71">
<MediaTime>
<MediaTimePoint>T00:23:13:12761F30000</MediaTimePoint>
<MediaDuration>PT00H00M11S9339N30000F</MediaDuration>
</MediaTime>
<TemporalDecomposition>
<VideoSegment id="shot135_71_RKF">
<MediaTime>
<MediaTimePoint>T00:23:19:1930F30000</MediaTimePoint>
</MediaTime>
</VideoSegment>
</TemporalDecomposition>
</VideoSegment>
<VideoSegment id="shot135_72">
<MediaTime>
<MediaTimePoint>T00:23:24:22100F30000</MediaTimePoint>
<MediaDuration>PT00H00M04S19139N30000F</MediaDuration>
</MediaTime>
<TemporalDecomposition>
<VideoSegment id="shot135_72_RKF">
<MediaTime>
<MediaTimePoint>T00:23:27:1169F30000</MediaTimePoint>
</MediaTime>
</VideoSegment>
</TemporalDecomposition>
</VideoSegment>
<VideoSegment id="shot135_73">
<MediaTime>
<MediaTimePoint>T00:23:29:11239F30000</MediaTimePoint>
<MediaDuration>PT00H00M12S16376N30000F</MediaDuration>
</MediaTime>
<TemporalDecomposition>
<VideoSegment id="shot135_73_RKF">
<MediaTime>
<MediaTimePoint>T00:23:35:18426F30000</MediaTimePoint>
</MediaTime>
</VideoSegment>
</TemporalDecomposition>
</VideoSegment>
<VideoSegment id="shot135_74">
<MediaTime>
<MediaTimePoint>T00:23:41:27615F30000</MediaTimePoint>
<MediaDuration>PT00H02M15S16062N30000F</MediaDuration>
</MediaTime>
<TemporalDecomposition>
<VideoSegment id="shot135_74_RKF">
<MediaTime>
<MediaTimePoint>T00:24:49:19645F30000</MediaTimePoint>
</MediaTime>
</VideoSegment>
</TemporalDecomposition>
</VideoSegment>
<VideoSegment id="shot135_75">
<MediaTime>
<MediaTimePoint>T00:25:57:13677F30000</MediaTimePoint>
<MediaDuration>PT00H00M08S29269N30000F</MediaDuration>
</MediaTime>
<TemporalDecomposition>
<VideoSegment id="shot135_75_RKF">
<MediaTime>
<MediaTimePoint>T00:26:01:27811F30000</MediaTimePoint>
</MediaTime>
</VideoSegment>
</TemporalDecomposition>
</VideoSegment>
<VideoSegment id="shot135_76">
<MediaTime>
<MediaTimePoint>T00:26:06:12946F30000</MediaTimePoint>
<MediaDuration>PT00H00M24S7727N30000F</MediaDuration>
</MediaTime>
<TemporalDecomposition>
<VideoSegment id="shot135_76_NRKF_1">
<MediaTime>
<MediaTimePoint>T00:26:07:4968F30000</MediaTimePoint>
</MediaTime>
</VideoSegment>
<VideoSegment id="shot135_76_RKF">
<MediaTime>
<MediaTimePoint>T00:26:18:16309F30000</MediaTimePoint>
</MediaTime>
</VideoSegment>
<VideoSegment id="shot135_76_NRKF_2">
<MediaTime>
<MediaTimePoint>T00:26:19:8331F30000</MediaTimePoint>
</MediaTime>
</VideoSegment>
</TemporalDecomposition>
</VideoSegment>
<VideoSegment id="shot135_77">
<MediaTime>
<MediaTimePoint>T00:26:30:20673F30000</MediaTimePoint>
<MediaDuration>PT00H00M02S25085N30000F</MediaDuration>
</MediaTime>
<TemporalDecomposition>
<VideoSegment id="shot135_77_RKF">
<MediaTime>
<MediaTimePoint>T00:26:32:2715F30000</MediaTimePoint>
</MediaTime>
</VideoSegment>
</TemporalDecomposition>
</VideoSegment>
<VideoSegment id="shot135_78">
<MediaTime>
<MediaTimePoint>T00:26:33:15758F30000</MediaTimePoint>
<MediaDuration>PT00H00M02S28088N30000F</MediaDuration>
</MediaTime>
<TemporalDecomposition>
<VideoSegment id="shot135_78_RKF">
<MediaTime>
<MediaTimePoint>T00:26:34:28801F30000</MediaTimePoint>
</MediaTime>
</VideoSegment>
</TemporalDecomposition>
</VideoSegment>
<VideoSegment id="shot135_79">
<MediaTime>
<MediaTimePoint>T00:26:36:13846F30000</MediaTimePoint>
<MediaDuration>PT00H00M02S18078N30000F</MediaDuration>
</MediaTime>
<TemporalDecomposition>
<VideoSegment id="shot135_79_RKF">
<MediaTime>
<MediaTimePoint>T00:26:37:21884F30000</MediaTimePoint>
</MediaTime>
</VideoSegment>
</TemporalDecomposition>
</VideoSegment>
<VideoSegment id="shot135_80">
<MediaTime>
<MediaTimePoint>T00:26:39:1924F30000</MediaTimePoint>
<MediaDuration>PT00H00M03S6096N30000F</MediaDuration>
</MediaTime>
<TemporalDecomposition>
<VideoSegment id="shot135_80_RKF">
<MediaTime>
<MediaTimePoint>T00:26:40:18971F30000</MediaTimePoint>
</MediaTime>
</VideoSegment>
</TemporalDecomposition>
</VideoSegment>
<VideoSegment id="shot135_81">
<MediaTime>
<MediaTimePoint>T00:26:42:8020F30000</MediaTimePoint>
<MediaDuration>PT00H00M03S12102N30000F</MediaDuration>
</MediaTime>
<TemporalDecomposition>
<VideoSegment id="shot135_81_RKF">
<MediaTime>
<MediaTimePoint>T00:26:43:28070F30000</MediaTimePoint>
</MediaTime>
</VideoSegment>
</TemporalDecomposition>
</VideoSegment>
<VideoSegment id="shot135_82">
<MediaTime>
<MediaTimePoint>T00:26:45:20122F30000</MediaTimePoint>
<MediaDuration>PT00H00M04S12132N30000F</MediaDuration>
</MediaTime>
<TemporalDecomposition>
<VideoSegment id="shot135_82_RKF">
<MediaTime>
<MediaTimePoint>T00:26:47:25187F30000</MediaTimePoint>
</MediaTime>
</VideoSegment>
</TemporalDecomposition>
</VideoSegment>
<VideoSegment id="shot135_83">
<MediaTime>
<MediaTimePoint>T00:26:50:2254F30000</MediaTimePoint>
<MediaDuration>PT00H00M03S18108N30000F</MediaDuration>
</MediaTime>
<TemporalDecomposition>
<VideoSegment id="shot135_83_RKF">
<MediaTime>
<MediaTimePoint>T00:26:51:25307F30000</MediaTimePoint>
</MediaTime>
</VideoSegment>
</TemporalDecomposition>
</VideoSegment>
<VideoSegment id="shot135_84">
<MediaTime>
<MediaTimePoint>T00:26:53:20362F30000</MediaTimePoint>
<MediaDuration>PT00H00M02S7067N30000F</MediaDuration>
</MediaTime>
<TemporalDecomposition>
<VideoSegment id="shot135_84_RKF">
<MediaTime>
<MediaTimePoint>T00:26:54:23395F30000</MediaTimePoint>
</MediaTime>
</VideoSegment>
</TemporalDecomposition>
</VideoSegment>
<VideoSegment id="shot135_85">
<MediaTime>
<MediaTimePoint>T00:26:55:27429F30000</MediaTimePoint>
<MediaDuration>PT00H00M40S26225N30000F</MediaDuration>
</MediaTime>
<TemporalDecomposition>
<VideoSegment id="shot135_85_RKF">
<MediaTime>
<MediaTimePoint>T00:27:16:10041F30000</MediaTimePoint>
</MediaTime>
</VideoSegment>
</TemporalDecomposition>
</VideoSegment>
<VideoSegment id="shot135_86">
<MediaTime>
<MediaTimePoint>T00:27:36:23654F30000</MediaTimePoint>
<MediaDuration>PT00H00M02S23083N30000F</MediaDuration>
</MediaTime>
<TemporalDecomposition>
<VideoSegment id="shot135_86_RKF">
<MediaTime>
<MediaTimePoint>T00:27:38:4695F30000</MediaTimePoint>
</MediaTime>
</VideoSegment>
</TemporalDecomposition>
</VideoSegment>
<VideoSegment id="shot135_87">
<MediaTime>
<MediaTimePoint>T00:27:39:16737F30000</MediaTimePoint>
<MediaDuration>PT00H00M04S9129N30000F</MediaDuration>
</MediaTime>
<TemporalDecomposition>
<VideoSegment id="shot135_87_RKF">
<MediaTime>
<MediaTimePoint>T00:27:41:20801F30000</MediaTimePoint>
</MediaTime>
</VideoSegment>
</TemporalDecomposition>
</VideoSegment>
<VideoSegment id="shot135_88">
<MediaTime>
<MediaTimePoint>T00:27:43:25866F30000</MediaTimePoint>
<MediaDuration>PT00H00M06S3183N30000F</MediaDuration>
</MediaTime>
<TemporalDecomposition>
<VideoSegment id="shot135_88_RKF">
<MediaTime>
<MediaTimePoint>T00:27:46:26957F30000</MediaTimePoint>
</MediaTime>
</VideoSegment>
</TemporalDecomposition>
</VideoSegment>
<VideoSegment id="shot135_89">
<MediaTime>
<MediaTimePoint>T00:27:49:29049F30000</MediaTimePoint>
<MediaDuration>PT00H00M02S2062N30000F</MediaDuration>
</MediaTime>
<TemporalDecomposition>
<VideoSegment id="shot135_89_RKF">
<MediaTime>
<MediaTimePoint>T00:27:50:29079F30000</MediaTimePoint>
</MediaTime>
</VideoSegment>
</TemporalDecomposition>
</VideoSegment>
<VideoSegment id="shot135_90">
<MediaTime>
<MediaTimePoint>T00:27:52:1111F30000</MediaTimePoint>
<MediaDuration>PT00H00M19S13583N30000F</MediaDuration>
</MediaTime>
<TemporalDecomposition>
<VideoSegment id="shot135_90_RKF">
<MediaTime>
<MediaTimePoint>T00:28:01:22402F30000</MediaTimePoint>
</MediaTime>
</VideoSegment>
</TemporalDecomposition>
</VideoSegment>
<VideoSegment id="shot135_91">
<MediaTime>
<MediaTimePoint>T00:28:11:14694F30000</MediaTimePoint>
<MediaDuration>PT00H00M03S15105N30000F</MediaDuration>
</MediaTime>
<TemporalDecomposition>
<VideoSegment id="shot135_91_RKF">
<MediaTime>
<MediaTimePoint>T00:28:13:6746F30000</MediaTimePoint>
</MediaTime>
</VideoSegment>
</TemporalDecomposition>
</VideoSegment>
<VideoSegment id="shot135_92">
<MediaTime>
<MediaTimePoint>T00:28:14:29799F30000</MediaTimePoint>
<MediaDuration>PT00H00M05S150N30000F</MediaDuration>
</MediaTime>
<TemporalDecomposition>
<VideoSegment id="shot135_92_NRKF_1">
<MediaTime>
<MediaTimePoint>T00:28:15:16816F30000</MediaTimePoint>
</MediaTime>
</VideoSegment>
<VideoSegment id="shot135_92_NRKF_2">
<MediaTime>
<MediaTimePoint>T00:28:16:12842F30000</MediaTimePoint>
</MediaTime>
</VideoSegment>
<VideoSegment id="shot135_92_RKF">
<MediaTime>
<MediaTimePoint>T00:28:17:13873F30000</MediaTimePoint>
</MediaTime>
</VideoSegment>
<VideoSegment id="shot135_92_NRKF_3">
<MediaTime>
<MediaTimePoint>T00:28:18:10900F30000</MediaTimePoint>
</MediaTime>
</VideoSegment>
</TemporalDecomposition>
</VideoSegment>
</TemporalDecomposition>
</Video>
</MultimediaContent>
</Description>
</Mpeg7>
