<?xml version="1.0" encoding="UTF-8"?>
<Mpeg7 xmlns="urn:mpeg:mpeg7:schema:2001" xmlns:mpeg7="urn:mpeg:mpeg7:schema:2001" xmlns:xsi="http://www.w3.org/2001/XMLSchema-instance">
<Description xsi:type="ContentEntityType">
<MultimediaContent xsi:type="VideoType">
<Video id="TRECVID2005_146">
<MediaLocator>
<MediaUri>20041101_143000_LBC_LBCNAHAR_ARB.mpg</MediaUri>
</MediaLocator>
<MediaTime>
<MediaTimePoint>T00:00:00:0F30000</MediaTimePoint>
<MediaDuration>PT00H58M19S29895N30000F</MediaDuration>
</MediaTime>
<TemporalDecomposition gap="false" overlap="false">
<VideoSegment id="shot146_1">
<MediaTime>
<MediaTimePoint>T00:00:00:0F30000</MediaTimePoint>
<MediaDuration>PT00H00M02S6066N30000F</MediaDuration>
</MediaTime>
<TemporalDecomposition>
<VideoSegment id="shot146_1_RKF">
<MediaTime>
<MediaTimePoint>T00:00:01:2032F30000</MediaTimePoint>
</MediaTime>
</VideoSegment>
</TemporalDecomposition>
</VideoSegment>
<VideoSegment id="shot146_2">
<MediaTime>
<MediaTimePoint>T00:00:02:6066F30000</MediaTimePoint>
<MediaDuration>PT00H00M02S11071N30000F</MediaDuration>
</MediaTime>
<TemporalDecomposition>
<VideoSegment id="shot146_2_NRKF_1">
<MediaTime>
<MediaTimePoint>T00:00:02:21081F30000</MediaTimePoint>
</MediaTime>
</VideoSegment>
<VideoSegment id="shot146_2_RKF">
<MediaTime>
<MediaTimePoint>T00:00:03:11101F30000</MediaTimePoint>
</MediaTime>
</VideoSegment>
<VideoSegment id="shot146_2_NRKF_2">
<MediaTime>
<MediaTimePoint>T00:00:03:26116F30000</MediaTimePoint>
</MediaTime>
</VideoSegment>
</TemporalDecomposition>
</VideoSegment>
<VideoSegment id="shot146_3">
<MediaTime>
<MediaTimePoint>T00:00:04:17137F30000</MediaTimePoint>
<MediaDuration>PT00H00M02S5065N30000F</MediaDuration>
</MediaTime>
<TemporalDecomposition>
<VideoSegment id="shot146_3_NRKF_1">
<MediaTime>
<MediaTimePoint>T00:00:05:6156F30000</MediaTimePoint>
</MediaTime>
</VideoSegment>
<VideoSegment id="shot146_3_RKF">
<MediaTime>
<MediaTimePoint>T00:00:05:19169F30000</MediaTimePoint>
</MediaTime>
</VideoSegment>
<VideoSegment id="shot146_3_NRKF_2">
<MediaTime>
<MediaTimePoint>T00:00:06:8188F30000</MediaTimePoint>
</MediaTime>
</VideoSegment>
</TemporalDecomposition>
</VideoSegment>
<VideoSegment id="shot146_4">
<MediaTime>
<MediaTimePoint>T00:00:06:22202F30000</MediaTimePoint>
<MediaDuration>PT00H00M04S6126N30000F</MediaDuration>
</MediaTime>
<TemporalDecomposition>
<VideoSegment id="shot146_4_RKF">
<MediaTime>
<MediaTimePoint>T00:00:08:24264F30000</MediaTimePoint>
</MediaTime>
</VideoSegment>
</TemporalDecomposition>
</VideoSegment>
<VideoSegment id="shot146_5">
<MediaTime>
<MediaTimePoint>T00:00:10:28328F30000</MediaTimePoint>
<MediaDuration>PT00H00M02S22082N30000F</MediaDuration>
</MediaTime>
<TemporalDecomposition>
<VideoSegment id="shot146_5_NRKF_1">
<MediaTime>
<MediaTimePoint>T00:00:11:12342F30000</MediaTimePoint>
</MediaTime>
</VideoSegment>
<VideoSegment id="shot146_5_RKF">
<MediaTime>
<MediaTimePoint>T00:00:12:8368F30000</MediaTimePoint>
</MediaTime>
</VideoSegment>
<VideoSegment id="shot146_5_NRKF_2">
<MediaTime>
<MediaTimePoint>T00:00:12:23383F30000</MediaTimePoint>
</MediaTime>
</VideoSegment>
</TemporalDecomposition>
</VideoSegment>
<VideoSegment id="shot146_6">
<MediaTime>
<MediaTimePoint>T00:00:13:20410F30000</MediaTimePoint>
<MediaDuration>PT00H00M03S15105N30000F</MediaDuration>
</MediaTime>
<TemporalDecomposition>
<VideoSegment id="shot146_6_NRKF_1">
<MediaTime>
<MediaTimePoint>T00:00:14:6426F30000</MediaTimePoint>
</MediaTime>
</VideoSegment>
<VideoSegment id="shot146_6_RKF">
<MediaTime>
<MediaTimePoint>T00:00:15:12462F30000</MediaTimePoint>
</MediaTime>
</VideoSegment>
<VideoSegment id="shot146_6_NRKF_2">
<MediaTime>
<MediaTimePoint>T00:00:15:28478F30000</MediaTimePoint>
</MediaTime>
</VideoSegment>
</TemporalDecomposition>
</VideoSegment>
<VideoSegment id="shot146_7">
<MediaTime>
<MediaTimePoint>T00:00:17:5515F30000</MediaTimePoint>
<MediaDuration>PT00H00M03S1091N30000F</MediaDuration>
</MediaTime>
<TemporalDecomposition>
<VideoSegment id="shot146_7_NRKF_1">
<MediaTime>
<MediaTimePoint>T00:00:17:21531F30000</MediaTimePoint>
</MediaTime>
</VideoSegment>
<VideoSegment id="shot146_7_RKF">
<MediaTime>
<MediaTimePoint>T00:00:18:20560F30000</MediaTimePoint>
</MediaTime>
</VideoSegment>
<VideoSegment id="shot146_7_NRKF_2">
<MediaTime>
<MediaTimePoint>T00:00:19:7577F30000</MediaTimePoint>
</MediaTime>
</VideoSegment>
</TemporalDecomposition>
</VideoSegment>
<VideoSegment id="shot146_8">
<MediaTime>
<MediaTimePoint>T00:00:20:6606F30000</MediaTimePoint>
<MediaDuration>PT00H00M02S10070N30000F</MediaDuration>
</MediaTime>
<TemporalDecomposition>
<VideoSegment id="shot146_8_RKF">
<MediaTime>
<MediaTimePoint>T00:00:21:10640F30000</MediaTimePoint>
</MediaTime>
</VideoSegment>
</TemporalDecomposition>
</VideoSegment>
<VideoSegment id="shot146_9">
<MediaTime>
<MediaTimePoint>T00:00:22:16676F30000</MediaTimePoint>
<MediaDuration>PT00H00M03S5095N30000F</MediaDuration>
</MediaTime>
<TemporalDecomposition>
<VideoSegment id="shot146_9_NRKF_1">
<MediaTime>
<MediaTimePoint>T00:00:22:21681F30000</MediaTimePoint>
</MediaTime>
</VideoSegment>
<VideoSegment id="shot146_9_RKF">
<MediaTime>
<MediaTimePoint>T00:00:24:3723F30000</MediaTimePoint>
</MediaTime>
</VideoSegment>
<VideoSegment id="shot146_9_NRKF_2">
<MediaTime>
<MediaTimePoint>T00:00:24:9729F30000</MediaTimePoint>
</MediaTime>
</VideoSegment>
</TemporalDecomposition>
</VideoSegment>
<VideoSegment id="shot146_10">
<MediaTime>
<MediaTimePoint>T00:00:25:21771F30000</MediaTimePoint>
<MediaDuration>PT00H00M12S1361N30000F</MediaDuration>
</MediaTime>
<TemporalDecomposition>
<VideoSegment id="shot146_10_RKF">
<MediaTime>
<MediaTimePoint>T00:00:31:21951F30000</MediaTimePoint>
</MediaTime>
</VideoSegment>
</TemporalDecomposition>
</VideoSegment>
<VideoSegment id="shot146_11">
<MediaTime>
<MediaTimePoint>T00:00:37:23132F30000</MediaTimePoint>
<MediaDuration>PT00H00M02S9069N30000F</MediaDuration>
</MediaTime>
<TemporalDecomposition>
<VideoSegment id="shot146_11_NRKF_1">
<MediaTime>
<MediaTimePoint>T00:00:38:139F30000</MediaTimePoint>
</MediaTime>
</VideoSegment>
<VideoSegment id="shot146_11_NRKF_2">
<MediaTime>
<MediaTimePoint>T00:00:38:24163F30000</MediaTimePoint>
</MediaTime>
</VideoSegment>
<VideoSegment id="shot146_11_RKF">
<MediaTime>
<MediaTimePoint>T00:00:38:27166F30000</MediaTimePoint>
</MediaTime>
</VideoSegment>
<VideoSegment id="shot146_11_NRKF_3">
<MediaTime>
<MediaTimePoint>T00:00:39:21190F30000</MediaTimePoint>
</MediaTime>
</VideoSegment>
</TemporalDecomposition>
</VideoSegment>
<VideoSegment id="shot146_12">
<MediaTime>
<MediaTimePoint>T00:00:40:2201F30000</MediaTimePoint>
<MediaDuration>PT00H00M03S3093N30000F</MediaDuration>
</MediaTime>
<TemporalDecomposition>
<VideoSegment id="shot146_12_RKF">
<MediaTime>
<MediaTimePoint>T00:00:41:18247F30000</MediaTimePoint>
</MediaTime>
</VideoSegment>
</TemporalDecomposition>
</VideoSegment>
<VideoSegment id="shot146_13">
<MediaTime>
<MediaTimePoint>T00:00:43:5294F30000</MediaTimePoint>
<MediaDuration>PT00H00M03S1091N30000F</MediaDuration>
</MediaTime>
<TemporalDecomposition>
<VideoSegment id="shot146_13_NRKF_1">
<MediaTime>
<MediaTimePoint>T00:00:43:18307F30000</MediaTimePoint>
</MediaTime>
</VideoSegment>
<VideoSegment id="shot146_13_NRKF_2">
<MediaTime>
<MediaTimePoint>T00:00:44:9328F30000</MediaTimePoint>
</MediaTime>
</VideoSegment>
<VideoSegment id="shot146_13_RKF">
<MediaTime>
<MediaTimePoint>T00:00:44:20339F30000</MediaTimePoint>
</MediaTime>
</VideoSegment>
<VideoSegment id="shot146_13_NRKF_3">
<MediaTime>
<MediaTimePoint>T00:00:45:11360F30000</MediaTimePoint>
</MediaTime>
</VideoSegment>
</TemporalDecomposition>
</VideoSegment>
<VideoSegment id="shot146_14">
<MediaTime>
<MediaTimePoint>T00:00:46:6385F30000</MediaTimePoint>
<MediaDuration>PT00H00M03S16106N30000F</MediaDuration>
</MediaTime>
<TemporalDecomposition>
<VideoSegment id="shot146_14_RKF">
<MediaTime>
<MediaTimePoint>T00:00:47:28437F30000</MediaTimePoint>
</MediaTime>
</VideoSegment>
</TemporalDecomposition>
</VideoSegment>
<VideoSegment id="shot146_15">
<MediaTime>
<MediaTimePoint>T00:00:49:22491F30000</MediaTimePoint>
<MediaDuration>PT00H00M02S11071N30000F</MediaDuration>
</MediaTime>
<TemporalDecomposition>
<VideoSegment id="shot146_15_NRKF_1">
<MediaTime>
<MediaTimePoint>T00:00:50:7506F30000</MediaTimePoint>
</MediaTime>
</VideoSegment>
<VideoSegment id="shot146_15_RKF">
<MediaTime>
<MediaTimePoint>T00:00:50:27526F30000</MediaTimePoint>
</MediaTime>
</VideoSegment>
<VideoSegment id="shot146_15_NRKF_2">
<MediaTime>
<MediaTimePoint>T00:00:51:12541F30000</MediaTimePoint>
</MediaTime>
</VideoSegment>
</TemporalDecomposition>
</VideoSegment>
<VideoSegment id="shot146_16">
<MediaTime>
<MediaTimePoint>T00:00:52:3562F30000</MediaTimePoint>
<MediaDuration>PT00H00M04S21141N30000F</MediaDuration>
</MediaTime>
<TemporalDecomposition>
<VideoSegment id="shot146_16_RKF">
<MediaTime>
<MediaTimePoint>T00:00:54:13632F30000</MediaTimePoint>
</MediaTime>
</VideoSegment>
</TemporalDecomposition>
</VideoSegment>
<VideoSegment id="shot146_17">
<MediaTime>
<MediaTimePoint>T00:00:56:24703F30000</MediaTimePoint>
<MediaDuration>PT00H00M05S22172N30000F</MediaDuration>
</MediaTime>
<TemporalDecomposition>
<VideoSegment id="shot146_17_RKF">
<MediaTime>
<MediaTimePoint>T00:00:59:19788F30000</MediaTimePoint>
</MediaTime>
</VideoSegment>
</TemporalDecomposition>
</VideoSegment>
<VideoSegment id="shot146_18">
<MediaTime>
<MediaTimePoint>T00:01:02:16875F30000</MediaTimePoint>
<MediaDuration>PT00H00M02S9069N30000F</MediaDuration>
</MediaTime>
<TemporalDecomposition>
<VideoSegment id="shot146_18_RKF">
<MediaTime>
<MediaTimePoint>T00:01:03:20909F30000</MediaTimePoint>
</MediaTime>
</VideoSegment>
</TemporalDecomposition>
</VideoSegment>
<VideoSegment id="shot146_19">
<MediaTime>
<MediaTimePoint>T00:01:04:25944F30000</MediaTimePoint>
<MediaDuration>PT00H00M02S10070N30000F</MediaDuration>
</MediaTime>
<TemporalDecomposition>
<VideoSegment id="shot146_19_RKF">
<MediaTime>
<MediaTimePoint>T00:01:05:29978F30000</MediaTimePoint>
</MediaTime>
</VideoSegment>
</TemporalDecomposition>
</VideoSegment>
<VideoSegment id="shot146_20">
<MediaTime>
<MediaTimePoint>T00:01:07:6014F30000</MediaTimePoint>
<MediaDuration>PT00H00M06S12192N30000F</MediaDuration>
</MediaTime>
<TemporalDecomposition>
<VideoSegment id="shot146_20_RKF">
<MediaTime>
<MediaTimePoint>T00:01:10:11109F30000</MediaTimePoint>
</MediaTime>
</VideoSegment>
</TemporalDecomposition>
</VideoSegment>
<VideoSegment id="shot146_21">
<MediaTime>
<MediaTimePoint>T00:01:13:18206F30000</MediaTimePoint>
<MediaDuration>PT00H00M04S3123N30000F</MediaDuration>
</MediaTime>
<TemporalDecomposition>
<VideoSegment id="shot146_21_NRKF_1">
<MediaTime>
<MediaTimePoint>T00:01:14:8226F30000</MediaTimePoint>
</MediaTime>
</VideoSegment>
<VideoSegment id="shot146_21_RKF">
<MediaTime>
<MediaTimePoint>T00:01:15:19267F30000</MediaTimePoint>
</MediaTime>
</VideoSegment>
<VideoSegment id="shot146_21_NRKF_2">
<MediaTime>
<MediaTimePoint>T00:01:16:9287F30000</MediaTimePoint>
</MediaTime>
</VideoSegment>
</TemporalDecomposition>
</VideoSegment>
<VideoSegment id="shot146_22">
<MediaTime>
<MediaTimePoint>T00:01:17:21329F30000</MediaTimePoint>
<MediaDuration>PT00H00M08S12252N30000F</MediaDuration>
</MediaTime>
<TemporalDecomposition>
<VideoSegment id="shot146_22_RKF">
<MediaTime>
<MediaTimePoint>T00:01:21:26454F30000</MediaTimePoint>
</MediaTime>
</VideoSegment>
</TemporalDecomposition>
</VideoSegment>
<VideoSegment id="shot146_23">
<MediaTime>
<MediaTimePoint>T00:01:26:3581F30000</MediaTimePoint>
<MediaDuration>PT00H00M03S16106N30000F</MediaDuration>
</MediaTime>
<TemporalDecomposition>
<VideoSegment id="shot146_23_NRKF_1">
<MediaTime>
<MediaTimePoint>T00:01:26:8586F30000</MediaTimePoint>
</MediaTime>
</VideoSegment>
<VideoSegment id="shot146_23_NRKF_2">
<MediaTime>
<MediaTimePoint>T00:01:26:23601F30000</MediaTimePoint>
</MediaTime>
</VideoSegment>
<VideoSegment id="shot146_23_RKF">
<MediaTime>
<MediaTimePoint>T00:01:27:25633F30000</MediaTimePoint>
</MediaTime>
</VideoSegment>
<VideoSegment id="shot146_23_NRKF_3">
<MediaTime>
<MediaTimePoint>T00:01:28:11649F30000</MediaTimePoint>
</MediaTime>
</VideoSegment>
</TemporalDecomposition>
</VideoSegment>
<VideoSegment id="shot146_24">
<MediaTime>
<MediaTimePoint>T00:01:29:19687F30000</MediaTimePoint>
<MediaDuration>PT00H00M08S3243N30000F</MediaDuration>
</MediaTime>
<TemporalDecomposition>
<VideoSegment id="shot146_24_NRKF_1">
<MediaTime>
<MediaTimePoint>T00:01:30:6704F30000</MediaTimePoint>
</MediaTime>
</VideoSegment>
<VideoSegment id="shot146_24_RKF">
<MediaTime>
<MediaTimePoint>T00:01:33:20808F30000</MediaTimePoint>
</MediaTime>
</VideoSegment>
<VideoSegment id="shot146_24_NRKF_2">
<MediaTime>
<MediaTimePoint>T00:01:34:7825F30000</MediaTimePoint>
</MediaTime>
</VideoSegment>
</TemporalDecomposition>
</VideoSegment>
<VideoSegment id="shot146_25">
<MediaTime>
<MediaTimePoint>T00:01:37:22930F30000</MediaTimePoint>
<MediaDuration>PT00H00M04S8128N30000F</MediaDuration>
</MediaTime>
<TemporalDecomposition>
<VideoSegment id="shot146_25_NRKF_1">
<MediaTime>
<MediaTimePoint>T00:01:37:25933F30000</MediaTimePoint>
</MediaTime>
</VideoSegment>
<VideoSegment id="shot146_25_RKF">
<MediaTime>
<MediaTimePoint>T00:01:39:25993F30000</MediaTimePoint>
</MediaTime>
</VideoSegment>
<VideoSegment id="shot146_25_NRKF_2">
<MediaTime>
<MediaTimePoint>T00:01:39:29997F30000</MediaTimePoint>
</MediaTime>
</VideoSegment>
</TemporalDecomposition>
</VideoSegment>
<VideoSegment id="shot146_26">
<MediaTime>
<MediaTimePoint>T00:01:42:1058F30000</MediaTimePoint>
<MediaDuration>PT00H00M03S13103N30000F</MediaDuration>
</MediaTime>
<TemporalDecomposition>
<VideoSegment id="shot146_26_RKF">
<MediaTime>
<MediaTimePoint>T00:01:43:22109F30000</MediaTimePoint>
</MediaTime>
</VideoSegment>
</TemporalDecomposition>
</VideoSegment>
<VideoSegment id="shot146_27">
<MediaTime>
<MediaTimePoint>T00:01:45:14161F30000</MediaTimePoint>
<MediaDuration>PT00H00M13S13403N30000F</MediaDuration>
</MediaTime>
<TemporalDecomposition>
<VideoSegment id="shot146_27_RKF">
<MediaTime>
<MediaTimePoint>T00:01:52:5362F30000</MediaTimePoint>
</MediaTime>
</VideoSegment>
</TemporalDecomposition>
</VideoSegment>
<VideoSegment id="shot146_28">
<MediaTime>
<MediaTimePoint>T00:01:58:27564F30000</MediaTimePoint>
<MediaDuration>PT00H00M29S29899N30000F</MediaDuration>
</MediaTime>
<TemporalDecomposition>
<VideoSegment id="shot146_28_RKF">
<MediaTime>
<MediaTimePoint>T00:02:13:27013F30000</MediaTimePoint>
</MediaTime>
</VideoSegment>
</TemporalDecomposition>
</VideoSegment>
<VideoSegment id="shot146_29">
<MediaTime>
<MediaTimePoint>T00:02:28:27463F30000</MediaTimePoint>
<MediaDuration>PT00H02M26S14390N30000F</MediaDuration>
</MediaTime>
<TemporalDecomposition>
<VideoSegment id="shot146_29_RKF">
<MediaTime>
<MediaTimePoint>T00:03:42:3657F30000</MediaTimePoint>
</MediaTime>
</VideoSegment>
</TemporalDecomposition>
</VideoSegment>
<VideoSegment id="shot146_30">
<MediaTime>
<MediaTimePoint>T00:04:55:11853F30000</MediaTimePoint>
<MediaDuration>PT00H00M04S2122N30000F</MediaDuration>
</MediaTime>
<TemporalDecomposition>
<VideoSegment id="shot146_30_RKF">
<MediaTime>
<MediaTimePoint>T00:04:57:11913F30000</MediaTimePoint>
</MediaTime>
</VideoSegment>
</TemporalDecomposition>
</VideoSegment>
<VideoSegment id="shot146_31">
<MediaTime>
<MediaTimePoint>T00:04:59:13975F30000</MediaTimePoint>
<MediaDuration>PT00H00M02S25085N30000F</MediaDuration>
</MediaTime>
<TemporalDecomposition>
<VideoSegment id="shot146_31_RKF">
<MediaTime>
<MediaTimePoint>T00:05:00:26017F30000</MediaTimePoint>
</MediaTime>
</VideoSegment>
</TemporalDecomposition>
</VideoSegment>
<VideoSegment id="shot146_32">
<MediaTime>
<MediaTimePoint>T00:05:02:9060F30000</MediaTimePoint>
<MediaDuration>PT00H00M28S15855N30000F</MediaDuration>
</MediaTime>
<TemporalDecomposition>
<VideoSegment id="shot146_32_RKF">
<MediaTime>
<MediaTimePoint>T00:05:16:16487F30000</MediaTimePoint>
</MediaTime>
</VideoSegment>
</TemporalDecomposition>
</VideoSegment>
<VideoSegment id="shot146_33">
<MediaTime>
<MediaTimePoint>T00:05:30:24915F30000</MediaTimePoint>
<MediaDuration>PT00H00M51S9538N30000F</MediaDuration>
</MediaTime>
<TemporalDecomposition>
<VideoSegment id="shot146_33_RKF">
<MediaTime>
<MediaTimePoint>T00:05:56:13683F30000</MediaTimePoint>
</MediaTime>
</VideoSegment>
</TemporalDecomposition>
</VideoSegment>
<VideoSegment id="shot146_34">
<MediaTime>
<MediaTimePoint>T00:06:22:4453F30000</MediaTimePoint>
<MediaDuration>PT00H00M02S26086N30000F</MediaDuration>
</MediaTime>
<TemporalDecomposition>
<VideoSegment id="shot146_34_RKF">
<MediaTime>
<MediaTimePoint>T00:06:23:16495F30000</MediaTimePoint>
</MediaTime>
</VideoSegment>
</TemporalDecomposition>
</VideoSegment>
<VideoSegment id="shot146_35">
<MediaTime>
<MediaTimePoint>T00:06:25:539F30000</MediaTimePoint>
<MediaDuration>PT00H00M48S23462N30000F</MediaDuration>
</MediaTime>
<TemporalDecomposition>
<VideoSegment id="shot146_35_RKF">
<MediaTime>
<MediaTimePoint>T00:06:49:11269F30000</MediaTimePoint>
</MediaTime>
</VideoSegment>
</TemporalDecomposition>
</VideoSegment>
<VideoSegment id="shot146_36">
<MediaTime>
<MediaTimePoint>T00:07:13:24001F30000</MediaTimePoint>
<MediaDuration>PT00H00M03S1091N30000F</MediaDuration>
</MediaTime>
<TemporalDecomposition>
<VideoSegment id="shot146_36_RKF">
<MediaTime>
<MediaTimePoint>T00:07:15:9046F30000</MediaTimePoint>
</MediaTime>
</VideoSegment>
</TemporalDecomposition>
</VideoSegment>
<VideoSegment id="shot146_37">
<MediaTime>
<MediaTimePoint>T00:07:16:25092F30000</MediaTimePoint>
<MediaDuration>PT00H01M00S15814N30000F</MediaDuration>
</MediaTime>
<TemporalDecomposition>
<VideoSegment id="shot146_37_RKF">
<MediaTime>
<MediaTimePoint>T00:07:47:1998F30000</MediaTimePoint>
</MediaTime>
</VideoSegment>
</TemporalDecomposition>
</VideoSegment>
<VideoSegment id="shot146_38">
<MediaTime>
<MediaTimePoint>T00:08:17:10906F30000</MediaTimePoint>
<MediaDuration>PT00H00M23S16706N30000F</MediaDuration>
</MediaTime>
<TemporalDecomposition>
<VideoSegment id="shot146_38_RKF">
<MediaTime>
<MediaTimePoint>T00:08:29:3258F30000</MediaTimePoint>
</MediaTime>
</VideoSegment>
</TemporalDecomposition>
</VideoSegment>
<VideoSegment id="shot146_39">
<MediaTime>
<MediaTimePoint>T00:08:40:27612F30000</MediaTimePoint>
<MediaDuration>PT00H00M03S20110N30000F</MediaDuration>
</MediaTime>
<TemporalDecomposition>
<VideoSegment id="shot146_39_RKF">
<MediaTime>
<MediaTimePoint>T00:08:42:21666F30000</MediaTimePoint>
</MediaTime>
</VideoSegment>
</TemporalDecomposition>
</VideoSegment>
<VideoSegment id="shot146_40">
<MediaTime>
<MediaTimePoint>T00:08:44:17722F30000</MediaTimePoint>
<MediaDuration>PT00H00M02S14074N30000F</MediaDuration>
</MediaTime>
<TemporalDecomposition>
<VideoSegment id="shot146_40_RKF">
<MediaTime>
<MediaTimePoint>T00:08:45:23758F30000</MediaTimePoint>
</MediaTime>
</VideoSegment>
</TemporalDecomposition>
</VideoSegment>
<VideoSegment id="shot146_41">
<MediaTime>
<MediaTimePoint>T00:08:47:1796F30000</MediaTimePoint>
<MediaDuration>PT00H00M14S27447N30000F</MediaDuration>
</MediaTime>
<TemporalDecomposition>
<VideoSegment id="shot146_41_RKF">
<MediaTime>
<MediaTimePoint>T00:08:54:15019F30000</MediaTimePoint>
</MediaTime>
</VideoSegment>
</TemporalDecomposition>
</VideoSegment>
<VideoSegment id="shot146_42">
<MediaTime>
<MediaTimePoint>T00:09:01:29243F30000</MediaTimePoint>
<MediaDuration>PT00H00M32S9969N30000F</MediaDuration>
</MediaTime>
<TemporalDecomposition>
<VideoSegment id="shot146_42_NRKF_1">
<MediaTime>
<MediaTimePoint>T00:09:02:27271F30000</MediaTimePoint>
</MediaTime>
</VideoSegment>
<VideoSegment id="shot146_42_RKF">
<MediaTime>
<MediaTimePoint>T00:09:18:3727F30000</MediaTimePoint>
</MediaTime>
</VideoSegment>
<VideoSegment id="shot146_42_NRKF_2">
<MediaTime>
<MediaTimePoint>T00:09:19:1755F30000</MediaTimePoint>
</MediaTime>
</VideoSegment>
</TemporalDecomposition>
</VideoSegment>
<VideoSegment id="shot146_43">
<MediaTime>
<MediaTimePoint>T00:09:34:9212F30000</MediaTimePoint>
<MediaDuration>PT00H00M23S25715N30000F</MediaDuration>
</MediaTime>
<TemporalDecomposition>
<VideoSegment id="shot146_43_NRKF_1">
<MediaTime>
<MediaTimePoint>T00:09:35:2235F30000</MediaTimePoint>
</MediaTime>
</VideoSegment>
<VideoSegment id="shot146_43_RKF">
<MediaTime>
<MediaTimePoint>T00:09:46:6569F30000</MediaTimePoint>
</MediaTime>
</VideoSegment>
<VideoSegment id="shot146_43_NRKF_2">
<MediaTime>
<MediaTimePoint>T00:09:46:29592F30000</MediaTimePoint>
</MediaTime>
</VideoSegment>
</TemporalDecomposition>
</VideoSegment>
<VideoSegment id="shot146_44">
<MediaTime>
<MediaTimePoint>T00:09:58:4927F30000</MediaTimePoint>
<MediaDuration>PT00H00M38S15154N30000F</MediaDuration>
</MediaTime>
<TemporalDecomposition>
<VideoSegment id="shot146_44_RKF">
<MediaTime>
<MediaTimePoint>T00:10:17:11503F30000</MediaTimePoint>
</MediaTime>
</VideoSegment>
</TemporalDecomposition>
</VideoSegment>
<VideoSegment id="shot146_45">
<MediaTime>
<MediaTimePoint>T00:10:36:20081F30000</MediaTimePoint>
<MediaDuration>PT00H02M18S136N30000F</MediaDuration>
</MediaTime>
<TemporalDecomposition>
<VideoSegment id="shot146_45_RKF">
<MediaTime>
<MediaTimePoint>T00:11:45:19148F30000</MediaTimePoint>
</MediaTime>
</VideoSegment>
</TemporalDecomposition>
</VideoSegment>
<VideoSegment id="shot146_46">
<MediaTime>
<MediaTimePoint>T00:12:54:20217F30000</MediaTimePoint>
<MediaDuration>PT00H00M02S24084N30000F</MediaDuration>
</MediaTime>
<TemporalDecomposition>
<VideoSegment id="shot146_46_RKF">
<MediaTime>
<MediaTimePoint>T00:12:56:1258F30000</MediaTimePoint>
</MediaTime>
</VideoSegment>
</TemporalDecomposition>
</VideoSegment>
<VideoSegment id="shot146_47">
<MediaTime>
<MediaTimePoint>T00:12:57:14301F30000</MediaTimePoint>
<MediaDuration>PT00H00M30S23923N30000F</MediaDuration>
</MediaTime>
<TemporalDecomposition>
<VideoSegment id="shot146_47_RKF">
<MediaTime>
<MediaTimePoint>T00:13:12:25762F30000</MediaTimePoint>
</MediaTime>
</VideoSegment>
</TemporalDecomposition>
</VideoSegment>
<VideoSegment id="shot146_48">
<MediaTime>
<MediaTimePoint>T00:13:28:8224F30000</MediaTimePoint>
<MediaDuration>PT00H00M10S300N30000F</MediaDuration>
</MediaTime>
<TemporalDecomposition>
<VideoSegment id="shot146_48_RKF">
<MediaTime>
<MediaTimePoint>T00:13:33:7373F30000</MediaTimePoint>
</MediaTime>
</VideoSegment>
</TemporalDecomposition>
</VideoSegment>
<VideoSegment id="shot146_49">
<MediaTime>
<MediaTimePoint>T00:13:38:8524F30000</MediaTimePoint>
<MediaDuration>PT00H01M08S14052N30000F</MediaDuration>
</MediaTime>
<TemporalDecomposition>
<VideoSegment id="shot146_49_RKF">
<MediaTime>
<MediaTimePoint>T00:14:12:14549F30000</MediaTimePoint>
</MediaTime>
</VideoSegment>
</TemporalDecomposition>
</VideoSegment>
<VideoSegment id="shot146_50">
<MediaTime>
<MediaTimePoint>T00:14:46:22576F30000</MediaTimePoint>
<MediaDuration>PT00H00M27S26836N30000F</MediaDuration>
</MediaTime>
<TemporalDecomposition>
<VideoSegment id="shot146_50_RKF">
<MediaTime>
<MediaTimePoint>T00:15:00:19993F30000</MediaTimePoint>
</MediaTime>
</VideoSegment>
</TemporalDecomposition>
</VideoSegment>
<VideoSegment id="shot146_51">
<MediaTime>
<MediaTimePoint>T00:15:14:19412F30000</MediaTimePoint>
<MediaDuration>PT00H01M07S3011N30000F</MediaDuration>
</MediaTime>
<TemporalDecomposition>
<VideoSegment id="shot146_51_RKF">
<MediaTime>
<MediaTimePoint>T00:15:48:5417F30000</MediaTimePoint>
</MediaTime>
</VideoSegment>
</TemporalDecomposition>
</VideoSegment>
<VideoSegment id="shot146_52">
<MediaTime>
<MediaTimePoint>T00:16:21:22423F30000</MediaTimePoint>
<MediaDuration>PT00H00M04S5125N30000F</MediaDuration>
</MediaTime>
<TemporalDecomposition>
<VideoSegment id="shot146_52_RKF">
<MediaTime>
<MediaTimePoint>T00:16:23:24485F30000</MediaTimePoint>
</MediaTime>
</VideoSegment>
</TemporalDecomposition>
</VideoSegment>
<VideoSegment id="shot146_53">
<MediaTime>
<MediaTimePoint>T00:16:25:27548F30000</MediaTimePoint>
<MediaDuration>PT00H01M30S10708N30000F</MediaDuration>
</MediaTime>
<TemporalDecomposition>
<VideoSegment id="shot146_53_RKF">
<MediaTime>
<MediaTimePoint>T00:17:11:1901F30000</MediaTimePoint>
</MediaTime>
</VideoSegment>
</TemporalDecomposition>
</VideoSegment>
<VideoSegment id="shot146_54">
<MediaTime>
<MediaTimePoint>T00:17:56:8256F30000</MediaTimePoint>
<MediaDuration>PT00H00M02S13073N30000F</MediaDuration>
</MediaTime>
<TemporalDecomposition>
<VideoSegment id="shot146_54_RKF">
<MediaTime>
<MediaTimePoint>T00:17:57:14292F30000</MediaTimePoint>
</MediaTime>
</VideoSegment>
</TemporalDecomposition>
</VideoSegment>
<VideoSegment id="shot146_55">
<MediaTime>
<MediaTimePoint>T00:17:58:21329F30000</MediaTimePoint>
<MediaDuration>PT00H00M05S11161N30000F</MediaDuration>
</MediaTime>
<TemporalDecomposition>
<VideoSegment id="shot146_55_RKF">
<MediaTime>
<MediaTimePoint>T00:18:01:11409F30000</MediaTimePoint>
</MediaTime>
</VideoSegment>
</TemporalDecomposition>
</VideoSegment>
<VideoSegment id="shot146_56">
<MediaTime>
<MediaTimePoint>T00:18:04:2490F30000</MediaTimePoint>
<MediaDuration>PT00H00M49S27496N30000F</MediaDuration>
</MediaTime>
<TemporalDecomposition>
<VideoSegment id="shot146_56_RKF">
<MediaTime>
<MediaTimePoint>T00:18:29:237F30000</MediaTimePoint>
</MediaTime>
</VideoSegment>
</TemporalDecomposition>
</VideoSegment>
<VideoSegment id="shot146_57">
<MediaTime>
<MediaTimePoint>T00:18:53:29986F30000</MediaTimePoint>
<MediaDuration>PT00H00M23S21711N30000F</MediaDuration>
</MediaTime>
<TemporalDecomposition>
<VideoSegment id="shot146_57_RKF">
<MediaTime>
<MediaTimePoint>T00:19:05:25341F30000</MediaTimePoint>
</MediaTime>
</VideoSegment>
</TemporalDecomposition>
</VideoSegment>
<VideoSegment id="shot146_58">
<MediaTime>
<MediaTimePoint>T00:19:17:21697F30000</MediaTimePoint>
<MediaDuration>PT00H00M56S5684N30000F</MediaDuration>
</MediaTime>
<TemporalDecomposition>
<VideoSegment id="shot146_58_NRKF_1">
<MediaTime>
<MediaTimePoint>T00:19:18:12718F30000</MediaTimePoint>
</MediaTime>
</VideoSegment>
<VideoSegment id="shot146_58_RKF">
<MediaTime>
<MediaTimePoint>T00:19:45:23538F30000</MediaTimePoint>
</MediaTime>
</VideoSegment>
<VideoSegment id="shot146_58_NRKF_2">
<MediaTime>
<MediaTimePoint>T00:19:46:15560F30000</MediaTimePoint>
</MediaTime>
</VideoSegment>
</TemporalDecomposition>
</VideoSegment>
<VideoSegment id="shot146_59">
<MediaTime>
<MediaTimePoint>T00:20:13:27381F30000</MediaTimePoint>
<MediaDuration>PT00H00M06S2182N30000F</MediaDuration>
</MediaTime>
<TemporalDecomposition>
<VideoSegment id="shot146_59_NRKF_1">
<MediaTime>
<MediaTimePoint>T00:20:14:19403F30000</MediaTimePoint>
</MediaTime>
</VideoSegment>
<VideoSegment id="shot146_59_RKF">
<MediaTime>
<MediaTimePoint>T00:20:16:27471F30000</MediaTimePoint>
</MediaTime>
</VideoSegment>
<VideoSegment id="shot146_59_NRKF_2">
<MediaTime>
<MediaTimePoint>T00:20:17:20494F30000</MediaTimePoint>
</MediaTime>
</VideoSegment>
</TemporalDecomposition>
</VideoSegment>
<VideoSegment id="shot146_60">
<MediaTime>
<MediaTimePoint>T00:20:19:29563F30000</MediaTimePoint>
<MediaDuration>PT00H00M37S15124N30000F</MediaDuration>
</MediaTime>
<TemporalDecomposition>
<VideoSegment id="shot146_60_RKF">
<MediaTime>
<MediaTimePoint>T00:20:38:21124F30000</MediaTimePoint>
</MediaTime>
</VideoSegment>
</TemporalDecomposition>
</VideoSegment>
<VideoSegment id="shot146_61">
<MediaTime>
<MediaTimePoint>T00:20:57:14687F30000</MediaTimePoint>
<MediaDuration>PT00H00M04S22142N30000F</MediaDuration>
</MediaTime>
<TemporalDecomposition>
<VideoSegment id="shot146_61_RKF">
<MediaTime>
<MediaTimePoint>T00:20:59:24757F30000</MediaTimePoint>
</MediaTime>
</VideoSegment>
</TemporalDecomposition>
</VideoSegment>
<VideoSegment id="shot146_62">
<MediaTime>
<MediaTimePoint>T00:21:02:6829F30000</MediaTimePoint>
<MediaDuration>PT00H00M34S15034N30000F</MediaDuration>
</MediaTime>
<TemporalDecomposition>
<VideoSegment id="shot146_62_RKF">
<MediaTime>
<MediaTimePoint>T00:21:19:13345F30000</MediaTimePoint>
</MediaTime>
</VideoSegment>
</TemporalDecomposition>
</VideoSegment>
<VideoSegment id="shot146_63">
<MediaTime>
<MediaTimePoint>T00:21:36:21863F30000</MediaTimePoint>
<MediaDuration>PT00H00M18S27567N30000F</MediaDuration>
</MediaTime>
<TemporalDecomposition>
<VideoSegment id="shot146_63_RKF">
<MediaTime>
<MediaTimePoint>T00:21:46:5146F30000</MediaTimePoint>
</MediaTime>
</VideoSegment>
</TemporalDecomposition>
</VideoSegment>
<VideoSegment id="shot146_64">
<MediaTime>
<MediaTimePoint>T00:21:55:19430F30000</MediaTimePoint>
<MediaDuration>PT00H03M11S1726N30000F</MediaDuration>
</MediaTime>
<TemporalDecomposition>
<VideoSegment id="shot146_64_RKF">
<MediaTime>
<MediaTimePoint>T00:23:31:4292F30000</MediaTimePoint>
</MediaTime>
</VideoSegment>
</TemporalDecomposition>
</VideoSegment>
<VideoSegment id="shot146_65">
<MediaTime>
<MediaTimePoint>T00:25:06:21156F30000</MediaTimePoint>
<MediaDuration>PT00H00M02S22082N30000F</MediaDuration>
</MediaTime>
<TemporalDecomposition>
<VideoSegment id="shot146_65_RKF">
<MediaTime>
<MediaTimePoint>T00:25:08:1196F30000</MediaTimePoint>
</MediaTime>
</VideoSegment>
</TemporalDecomposition>
</VideoSegment>
<VideoSegment id="shot146_66">
<MediaTime>
<MediaTimePoint>T00:25:09:13238F30000</MediaTimePoint>
<MediaDuration>PT00H00M07S10220N30000F</MediaDuration>
</MediaTime>
<TemporalDecomposition>
<VideoSegment id="shot146_66_RKF">
<MediaTime>
<MediaTimePoint>T00:25:13:2347F30000</MediaTimePoint>
</MediaTime>
</VideoSegment>
</TemporalDecomposition>
</VideoSegment>
<VideoSegment id="shot146_67">
<MediaTime>
<MediaTimePoint>T00:25:16:23458F30000</MediaTimePoint>
<MediaDuration>PT00H00M03S17107N30000F</MediaDuration>
</MediaTime>
<TemporalDecomposition>
<VideoSegment id="shot146_67_RKF">
<MediaTime>
<MediaTimePoint>T00:25:18:16511F30000</MediaTimePoint>
</MediaTime>
</VideoSegment>
</TemporalDecomposition>
</VideoSegment>
<VideoSegment id="shot146_68">
<MediaTime>
<MediaTimePoint>T00:25:20:10565F30000</MediaTimePoint>
<MediaDuration>PT00H00M02S26086N30000F</MediaDuration>
</MediaTime>
<TemporalDecomposition>
<VideoSegment id="shot146_68_RKF">
<MediaTime>
<MediaTimePoint>T00:25:21:22607F30000</MediaTimePoint>
</MediaTime>
</VideoSegment>
</TemporalDecomposition>
</VideoSegment>
<VideoSegment id="shot146_69">
<MediaTime>
<MediaTimePoint>T00:25:23:6651F30000</MediaTimePoint>
<MediaDuration>PT00H00M44S29348N30000F</MediaDuration>
</MediaTime>
<TemporalDecomposition>
<VideoSegment id="shot146_69_RKF">
<MediaTime>
<MediaTimePoint>T00:25:45:20324F30000</MediaTimePoint>
</MediaTime>
</VideoSegment>
</TemporalDecomposition>
</VideoSegment>
<VideoSegment id="shot146_70">
<MediaTime>
<MediaTimePoint>T00:26:08:5999F30000</MediaTimePoint>
<MediaDuration>PT00H00M25S24774N30000F</MediaDuration>
</MediaTime>
<TemporalDecomposition>
<VideoSegment id="shot146_70_RKF">
<MediaTime>
<MediaTimePoint>T00:26:21:2385F30000</MediaTimePoint>
</MediaTime>
</VideoSegment>
</TemporalDecomposition>
</VideoSegment>
<VideoSegment id="shot146_71">
<MediaTime>
<MediaTimePoint>T00:26:34:773F30000</MediaTimePoint>
<MediaDuration>PT00H01M43S18105N30000F</MediaDuration>
</MediaTime>
<TemporalDecomposition>
<VideoSegment id="shot146_71_RKF">
<MediaTime>
<MediaTimePoint>T00:27:25:24325F30000</MediaTimePoint>
</MediaTime>
</VideoSegment>
</TemporalDecomposition>
</VideoSegment>
<VideoSegment id="shot146_72">
<MediaTime>
<MediaTimePoint>T00:28:17:18878F30000</MediaTimePoint>
<MediaDuration>PT00H00M11S24354N30000F</MediaDuration>
</MediaTime>
<TemporalDecomposition>
<VideoSegment id="shot146_72_RKF">
<MediaTime>
<MediaTimePoint>T00:28:23:15054F30000</MediaTimePoint>
</MediaTime>
</VideoSegment>
</TemporalDecomposition>
</VideoSegment>
<VideoSegment id="shot146_73">
<MediaTime>
<MediaTimePoint>T00:28:29:13232F30000</MediaTimePoint>
<MediaDuration>PT00H00M03S1091N30000F</MediaDuration>
</MediaTime>
<TemporalDecomposition>
<VideoSegment id="shot146_73_RKF">
<MediaTime>
<MediaTimePoint>T00:28:30:28277F30000</MediaTimePoint>
</MediaTime>
</VideoSegment>
</TemporalDecomposition>
</VideoSegment>
<VideoSegment id="shot146_74">
<MediaTime>
<MediaTimePoint>T00:28:32:14323F30000</MediaTimePoint>
<MediaDuration>PT00H00M09S17287N30000F</MediaDuration>
</MediaTime>
<TemporalDecomposition>
<VideoSegment id="shot146_74_RKF">
<MediaTime>
<MediaTimePoint>T00:28:37:7466F30000</MediaTimePoint>
</MediaTime>
</VideoSegment>
</TemporalDecomposition>
</VideoSegment>
<VideoSegment id="shot146_75">
<MediaTime>
<MediaTimePoint>T00:28:42:1610F30000</MediaTimePoint>
<MediaDuration>PT00H00M11S14344N30000F</MediaDuration>
</MediaTime>
<TemporalDecomposition>
<VideoSegment id="shot146_75_RKF">
<MediaTime>
<MediaTimePoint>T00:28:47:22781F30000</MediaTimePoint>
</MediaTime>
</VideoSegment>
</TemporalDecomposition>
</VideoSegment>
<VideoSegment id="shot146_76">
<MediaTime>
<MediaTimePoint>T00:28:53:15954F30000</MediaTimePoint>
<MediaDuration>PT00H00M04S27147N30000F</MediaDuration>
</MediaTime>
<TemporalDecomposition>
<VideoSegment id="shot146_76_RKF">
<MediaTime>
<MediaTimePoint>T00:28:55:29027F30000</MediaTimePoint>
</MediaTime>
</VideoSegment>
</TemporalDecomposition>
</VideoSegment>
<VideoSegment id="shot146_77">
<MediaTime>
<MediaTimePoint>T00:28:58:13101F30000</MediaTimePoint>
<MediaDuration>PT00H00M15S21471N30000F</MediaDuration>
</MediaTime>
<TemporalDecomposition>
<VideoSegment id="shot146_77_RKF">
<MediaTime>
<MediaTimePoint>T00:29:06:8336F30000</MediaTimePoint>
</MediaTime>
</VideoSegment>
</TemporalDecomposition>
</VideoSegment>
<VideoSegment id="shot146_78">
<MediaTime>
<MediaTimePoint>T00:29:14:4572F30000</MediaTimePoint>
<MediaDuration>PT00H00M03S25115N30000F</MediaDuration>
</MediaTime>
<TemporalDecomposition>
<VideoSegment id="shot146_78_RKF">
<MediaTime>
<MediaTimePoint>T00:29:16:1629F30000</MediaTimePoint>
</MediaTime>
</VideoSegment>
</TemporalDecomposition>
</VideoSegment>
<VideoSegment id="shot146_79">
<MediaTime>
<MediaTimePoint>T00:29:17:29687F30000</MediaTimePoint>
<MediaDuration>PT00H00M55S18667N30000F</MediaDuration>
</MediaTime>
<TemporalDecomposition>
<VideoSegment id="shot146_79_RKF">
<MediaTime>
<MediaTimePoint>T00:29:45:23520F30000</MediaTimePoint>
</MediaTime>
</VideoSegment>
</TemporalDecomposition>
</VideoSegment>
<VideoSegment id="shot146_80">
<MediaTime>
<MediaTimePoint>T00:30:13:18354F30000</MediaTimePoint>
<MediaDuration>PT00H00M13S24414N30000F</MediaDuration>
</MediaTime>
<TemporalDecomposition>
<VideoSegment id="shot146_80_RKF">
<MediaTime>
<MediaTimePoint>T00:30:20:14560F30000</MediaTimePoint>
</MediaTime>
</VideoSegment>
</TemporalDecomposition>
</VideoSegment>
<VideoSegment id="shot146_81">
<MediaTime>
<MediaTimePoint>T00:30:27:12768F30000</MediaTimePoint>
<MediaDuration>PT00H02M32S26582N30000F</MediaDuration>
</MediaTime>
<TemporalDecomposition>
<VideoSegment id="shot146_81_RKF">
<MediaTime>
<MediaTimePoint>T00:31:43:25058F30000</MediaTimePoint>
</MediaTime>
</VideoSegment>
</TemporalDecomposition>
</VideoSegment>
<VideoSegment id="shot146_82">
<MediaTime>
<MediaTimePoint>T00:33:00:9350F30000</MediaTimePoint>
<MediaDuration>PT00H00M03S18108N30000F</MediaDuration>
</MediaTime>
<TemporalDecomposition>
<VideoSegment id="shot146_82_RKF">
<MediaTime>
<MediaTimePoint>T00:33:02:2403F30000</MediaTimePoint>
</MediaTime>
</VideoSegment>
</TemporalDecomposition>
</VideoSegment>
<VideoSegment id="shot146_83">
<MediaTime>
<MediaTimePoint>T00:33:03:27458F30000</MediaTimePoint>
<MediaDuration>PT00H01M24S22540N30000F</MediaDuration>
</MediaTime>
<TemporalDecomposition>
<VideoSegment id="shot146_83_RKF">
<MediaTime>
<MediaTimePoint>T00:33:46:7727F30000</MediaTimePoint>
</MediaTime>
</VideoSegment>
</TemporalDecomposition>
</VideoSegment>
<VideoSegment id="shot146_84">
<MediaTime>
<MediaTimePoint>T00:34:28:19998F30000</MediaTimePoint>
<MediaDuration>PT00H00M02S5065N30000F</MediaDuration>
</MediaTime>
<TemporalDecomposition>
<VideoSegment id="shot146_84_RKF">
<MediaTime>
<MediaTimePoint>T00:34:29:22030F30000</MediaTimePoint>
</MediaTime>
</VideoSegment>
</TemporalDecomposition>
</VideoSegment>
<VideoSegment id="shot146_85">
<MediaTime>
<MediaTimePoint>T00:34:30:25063F30000</MediaTimePoint>
<MediaDuration>PT00H02M21S19245N30000F</MediaDuration>
</MediaTime>
<TemporalDecomposition>
<VideoSegment id="shot146_85_RKF">
<MediaTime>
<MediaTimePoint>T00:35:41:19185F30000</MediaTimePoint>
</MediaTime>
</VideoSegment>
</TemporalDecomposition>
</VideoSegment>
<VideoSegment id="shot146_86">
<MediaTime>
<MediaTimePoint>T00:36:52:14308F30000</MediaTimePoint>
<MediaDuration>PT00H00M09S8278N30000F</MediaDuration>
</MediaTime>
<TemporalDecomposition>
<VideoSegment id="shot146_86_RKF">
<MediaTime>
<MediaTimePoint>T00:36:57:2446F30000</MediaTimePoint>
</MediaTime>
</VideoSegment>
</TemporalDecomposition>
</VideoSegment>
<VideoSegment id="shot146_87">
<MediaTime>
<MediaTimePoint>T00:37:01:22586F30000</MediaTimePoint>
<MediaDuration>PT00H00M04S10130N30000F</MediaDuration>
</MediaTime>
<TemporalDecomposition>
<VideoSegment id="shot146_87_RKF">
<MediaTime>
<MediaTimePoint>T00:37:03:26650F30000</MediaTimePoint>
</MediaTime>
</VideoSegment>
</TemporalDecomposition>
</VideoSegment>
<VideoSegment id="shot146_88">
<MediaTime>
<MediaTimePoint>T00:37:06:2716F30000</MediaTimePoint>
<MediaDuration>PT00H00M02S2062N30000F</MediaDuration>
</MediaTime>
<TemporalDecomposition>
<VideoSegment id="shot146_88_RKF">
<MediaTime>
<MediaTimePoint>T00:37:07:2746F30000</MediaTimePoint>
</MediaTime>
</VideoSegment>
</TemporalDecomposition>
</VideoSegment>
<VideoSegment id="shot146_89">
<MediaTime>
<MediaTimePoint>T00:37:08:4778F30000</MediaTimePoint>
<MediaDuration>PT00H00M03S90N30000F</MediaDuration>
</MediaTime>
<TemporalDecomposition>
<VideoSegment id="shot146_89_RKF">
<MediaTime>
<MediaTimePoint>T00:37:09:18822F30000</MediaTimePoint>
</MediaTime>
</VideoSegment>
</TemporalDecomposition>
</VideoSegment>
<VideoSegment id="shot146_90">
<MediaTime>
<MediaTimePoint>T00:37:11:4868F30000</MediaTimePoint>
<MediaDuration>PT00H00M25S11761N30000F</MediaDuration>
</MediaTime>
<TemporalDecomposition>
<VideoSegment id="shot146_90_RKF">
<MediaTime>
<MediaTimePoint>T00:37:23:25248F30000</MediaTimePoint>
</MediaTime>
</VideoSegment>
</TemporalDecomposition>
</VideoSegment>
<VideoSegment id="shot146_91">
<MediaTime>
<MediaTimePoint>T00:37:36:16629F30000</MediaTimePoint>
<MediaDuration>PT00H00M17S7517N30000F</MediaDuration>
</MediaTime>
<TemporalDecomposition>
<VideoSegment id="shot146_91_RKF">
<MediaTime>
<MediaTimePoint>T00:37:45:4887F30000</MediaTimePoint>
</MediaTime>
</VideoSegment>
</TemporalDecomposition>
</VideoSegment>
<VideoSegment id="shot146_92">
<MediaTime>
<MediaTimePoint>T00:37:53:24146F30000</MediaTimePoint>
<MediaDuration>PT00H03M17S22927N30000F</MediaDuration>
</MediaTime>
<TemporalDecomposition>
<VideoSegment id="shot146_92_RKF">
<MediaTime>
<MediaTimePoint>T00:39:32:20109F30000</MediaTimePoint>
</MediaTime>
</VideoSegment>
</TemporalDecomposition>
</VideoSegment>
<VideoSegment id="shot146_93">
<MediaTime>
<MediaTimePoint>T00:41:11:17073F30000</MediaTimePoint>
<MediaDuration>PT00H02M19S19185N30000F</MediaDuration>
</MediaTime>
<TemporalDecomposition>
<VideoSegment id="shot146_93_NRKF_1">
<MediaTime>
<MediaTimePoint>T00:41:12:12098F30000</MediaTimePoint>
</MediaTime>
</VideoSegment>
<VideoSegment id="shot146_93_RKF">
<MediaTime>
<MediaTimePoint>T00:42:21:11165F30000</MediaTimePoint>
</MediaTime>
</VideoSegment>
<VideoSegment id="shot146_93_NRKF_2">
<MediaTime>
<MediaTimePoint>T00:42:22:6190F30000</MediaTimePoint>
</MediaTime>
</VideoSegment>
</TemporalDecomposition>
</VideoSegment>
<VideoSegment id="shot146_94">
<MediaTime>
<MediaTimePoint>T00:43:31:6258F30000</MediaTimePoint>
<MediaDuration>PT00H00M39S19188N30000F</MediaDuration>
</MediaTime>
<TemporalDecomposition>
<VideoSegment id="shot146_94_RKF">
<MediaTime>
<MediaTimePoint>T00:43:50:29851F30000</MediaTimePoint>
</MediaTime>
</VideoSegment>
</TemporalDecomposition>
</VideoSegment>
<VideoSegment id="shot146_95">
<MediaTime>
<MediaTimePoint>T00:44:10:25446F30000</MediaTimePoint>
<MediaDuration>PT00H00M02S6066N30000F</MediaDuration>
</MediaTime>
<TemporalDecomposition>
<VideoSegment id="shot146_95_RKF">
<MediaTime>
<MediaTimePoint>T00:44:11:27478F30000</MediaTimePoint>
</MediaTime>
</VideoSegment>
</TemporalDecomposition>
</VideoSegment>
<VideoSegment id="shot146_96">
<MediaTime>
<MediaTimePoint>T00:44:13:1512F30000</MediaTimePoint>
<MediaDuration>PT00H00M03S22112N30000F</MediaDuration>
</MediaTime>
<TemporalDecomposition>
<VideoSegment id="shot146_96_RKF">
<MediaTime>
<MediaTimePoint>T00:44:14:26567F30000</MediaTimePoint>
</MediaTime>
</VideoSegment>
</TemporalDecomposition>
</VideoSegment>
<VideoSegment id="shot146_97">
<MediaTime>
<MediaTimePoint>T00:44:16:23624F30000</MediaTimePoint>
<MediaDuration>PT00H00M14S13433N30000F</MediaDuration>
</MediaTime>
<TemporalDecomposition>
<VideoSegment id="shot146_97_RKF">
<MediaTime>
<MediaTimePoint>T00:44:23:29840F30000</MediaTimePoint>
</MediaTime>
</VideoSegment>
</TemporalDecomposition>
</VideoSegment>
<VideoSegment id="shot146_98">
<MediaTime>
<MediaTimePoint>T00:44:31:7057F30000</MediaTimePoint>
<MediaDuration>PT00H00M14S3423N30000F</MediaDuration>
</MediaTime>
<TemporalDecomposition>
<VideoSegment id="shot146_98_RKF">
<MediaTime>
<MediaTimePoint>T00:44:38:8268F30000</MediaTimePoint>
</MediaTime>
</VideoSegment>
</TemporalDecomposition>
</VideoSegment>
<VideoSegment id="shot146_99">
<MediaTime>
<MediaTimePoint>T00:44:45:10480F30000</MediaTimePoint>
<MediaDuration>PT00H00M06S10190N30000F</MediaDuration>
</MediaTime>
<TemporalDecomposition>
<VideoSegment id="shot146_99_RKF">
<MediaTime>
<MediaTimePoint>T00:44:48:14574F30000</MediaTimePoint>
</MediaTime>
</VideoSegment>
</TemporalDecomposition>
</VideoSegment>
<VideoSegment id="shot146_100">
<MediaTime>
<MediaTimePoint>T00:44:51:20670F30000</MediaTimePoint>
<MediaDuration>PT00H00M14S20440N30000F</MediaDuration>
</MediaTime>
<TemporalDecomposition>
<VideoSegment id="shot146_100_RKF">
<MediaTime>
<MediaTimePoint>T00:44:58:29889F30000</MediaTimePoint>
</MediaTime>
</VideoSegment>
</TemporalDecomposition>
</VideoSegment>
<VideoSegment id="shot146_101">
<MediaTime>
<MediaTimePoint>T00:45:06:11110F30000</MediaTimePoint>
<MediaDuration>PT00H00M07S23233N30000F</MediaDuration>
</MediaTime>
<TemporalDecomposition>
<VideoSegment id="shot146_101_RKF">
<MediaTime>
<MediaTimePoint>T00:45:10:7226F30000</MediaTimePoint>
</MediaTime>
</VideoSegment>
</TemporalDecomposition>
</VideoSegment>
<VideoSegment id="shot146_102">
<MediaTime>
<MediaTimePoint>T00:45:14:4343F30000</MediaTimePoint>
<MediaDuration>PT00H00M17S24534N30000F</MediaDuration>
</MediaTime>
<TemporalDecomposition>
<VideoSegment id="shot146_102_RKF">
<MediaTime>
<MediaTimePoint>T00:45:23:609F30000</MediaTimePoint>
</MediaTime>
</VideoSegment>
</TemporalDecomposition>
</VideoSegment>
<VideoSegment id="shot146_103">
<MediaTime>
<MediaTimePoint>T00:45:31:28877F30000</MediaTimePoint>
<MediaDuration>PT00H00M04S9129N30000F</MediaDuration>
</MediaTime>
<TemporalDecomposition>
<VideoSegment id="shot146_103_RKF">
<MediaTime>
<MediaTimePoint>T00:45:34:2941F30000</MediaTimePoint>
</MediaTime>
</VideoSegment>
</TemporalDecomposition>
</VideoSegment>
<VideoSegment id="shot146_104">
<MediaTime>
<MediaTimePoint>T00:45:36:8006F30000</MediaTimePoint>
<MediaDuration>PT00H00M08S12252N30000F</MediaDuration>
</MediaTime>
<TemporalDecomposition>
<VideoSegment id="shot146_104_RKF">
<MediaTime>
<MediaTimePoint>T00:45:40:13131F30000</MediaTimePoint>
</MediaTime>
</VideoSegment>
</TemporalDecomposition>
</VideoSegment>
<VideoSegment id="shot146_105">
<MediaTime>
<MediaTimePoint>T00:45:44:20258F30000</MediaTimePoint>
<MediaDuration>PT00H01M09S28096N30000F</MediaDuration>
</MediaTime>
<TemporalDecomposition>
<VideoSegment id="shot146_105_RKF">
<MediaTime>
<MediaTimePoint>T00:46:19:18305F30000</MediaTimePoint>
</MediaTime>
</VideoSegment>
</TemporalDecomposition>
</VideoSegment>
<VideoSegment id="shot146_106">
<MediaTime>
<MediaTimePoint>T00:46:54:18354F30000</MediaTimePoint>
<MediaDuration>PT00H00M02S12072N30000F</MediaDuration>
</MediaTime>
<TemporalDecomposition>
<VideoSegment id="shot146_106_RKF">
<MediaTime>
<MediaTimePoint>T00:46:55:23389F30000</MediaTimePoint>
</MediaTime>
</VideoSegment>
</TemporalDecomposition>
</VideoSegment>
<VideoSegment id="shot146_107">
<MediaTime>
<MediaTimePoint>T00:46:57:426F30000</MediaTimePoint>
<MediaDuration>PT00H01M52S6363N30000F</MediaDuration>
</MediaTime>
<TemporalDecomposition>
<VideoSegment id="shot146_107_RKF">
<MediaTime>
<MediaTimePoint>T00:47:53:3107F30000</MediaTimePoint>
</MediaTime>
</VideoSegment>
</TemporalDecomposition>
</VideoSegment>
<VideoSegment id="shot146_108">
<MediaTime>
<MediaTimePoint>T00:48:49:6789F30000</MediaTimePoint>
<MediaDuration>PT00H00M15S20470N30000F</MediaDuration>
</MediaTime>
<TemporalDecomposition>
<VideoSegment id="shot146_108_RKF">
<MediaTime>
<MediaTimePoint>T00:48:57:1023F30000</MediaTimePoint>
</MediaTime>
</VideoSegment>
</TemporalDecomposition>
</VideoSegment>
<VideoSegment id="shot146_109">
<MediaTime>
<MediaTimePoint>T00:49:04:27259F30000</MediaTimePoint>
<MediaDuration>PT00H00M49S15484N30000F</MediaDuration>
</MediaTime>
<TemporalDecomposition>
<VideoSegment id="shot146_109_RKF">
<MediaTime>
<MediaTimePoint>T00:49:29:19000F30000</MediaTimePoint>
</MediaTime>
</VideoSegment>
</TemporalDecomposition>
</VideoSegment>
<VideoSegment id="shot146_110">
<MediaTime>
<MediaTimePoint>T00:49:54:12743F30000</MediaTimePoint>
<MediaDuration>PT00H00M07S13223N30000F</MediaDuration>
</MediaTime>
<TemporalDecomposition>
<VideoSegment id="shot146_110_RKF">
<MediaTime>
<MediaTimePoint>T00:49:58:3854F30000</MediaTimePoint>
</MediaTime>
</VideoSegment>
</TemporalDecomposition>
</VideoSegment>
<VideoSegment id="shot146_111">
<MediaTime>
<MediaTimePoint>T00:50:01:25966F30000</MediaTimePoint>
<MediaDuration>PT00H00M07S12222N30000F</MediaDuration>
</MediaTime>
<TemporalDecomposition>
<VideoSegment id="shot146_111_RKF">
<MediaTime>
<MediaTimePoint>T00:50:05:16076F30000</MediaTimePoint>
</MediaTime>
</VideoSegment>
</TemporalDecomposition>
</VideoSegment>
<VideoSegment id="shot146_112">
<MediaTime>
<MediaTimePoint>T00:50:09:8188F30000</MediaTimePoint>
<MediaDuration>PT00H00M05S22172N30000F</MediaDuration>
</MediaTime>
<TemporalDecomposition>
<VideoSegment id="shot146_112_RKF">
<MediaTime>
<MediaTimePoint>T00:50:12:3273F30000</MediaTimePoint>
</MediaTime>
</VideoSegment>
</TemporalDecomposition>
</VideoSegment>
<VideoSegment id="shot146_113">
<MediaTime>
<MediaTimePoint>T00:50:15:360F30000</MediaTimePoint>
<MediaDuration>PT00H00M02S6066N30000F</MediaDuration>
</MediaTime>
<TemporalDecomposition>
<VideoSegment id="shot146_113_RKF">
<MediaTime>
<MediaTimePoint>T00:50:16:2392F30000</MediaTimePoint>
</MediaTime>
</VideoSegment>
</TemporalDecomposition>
</VideoSegment>
<VideoSegment id="shot146_114">
<MediaTime>
<MediaTimePoint>T00:50:17:6426F30000</MediaTimePoint>
<MediaDuration>PT00H00M18S23563N30000F</MediaDuration>
</MediaTime>
<TemporalDecomposition>
<VideoSegment id="shot146_114_RKF">
<MediaTime>
<MediaTimePoint>T00:50:26:17707F30000</MediaTimePoint>
</MediaTime>
</VideoSegment>
</TemporalDecomposition>
</VideoSegment>
<VideoSegment id="shot146_115">
<MediaTime>
<MediaTimePoint>T00:50:35:29989F30000</MediaTimePoint>
<MediaDuration>PT00H00M46S15394N30000F</MediaDuration>
</MediaTime>
<TemporalDecomposition>
<VideoSegment id="shot146_115_RKF">
<MediaTime>
<MediaTimePoint>T00:50:59:6685F30000</MediaTimePoint>
</MediaTime>
</VideoSegment>
</TemporalDecomposition>
</VideoSegment>
<VideoSegment id="shot146_116">
<MediaTime>
<MediaTimePoint>T00:51:22:15383F30000</MediaTimePoint>
<MediaDuration>PT00H00M02S24084N30000F</MediaDuration>
</MediaTime>
<TemporalDecomposition>
<VideoSegment id="shot146_116_RKF">
<MediaTime>
<MediaTimePoint>T00:51:23:26424F30000</MediaTimePoint>
</MediaTime>
</VideoSegment>
</TemporalDecomposition>
</VideoSegment>
<VideoSegment id="shot146_117">
<MediaTime>
<MediaTimePoint>T00:51:25:9467F30000</MediaTimePoint>
<MediaDuration>PT00H01M24S4522N30000F</MediaDuration>
</MediaTime>
<TemporalDecomposition>
<VideoSegment id="shot146_117_RKF">
<MediaTime>
<MediaTimePoint>T00:52:07:10727F30000</MediaTimePoint>
</MediaTime>
</VideoSegment>
</TemporalDecomposition>
</VideoSegment>
<VideoSegment id="shot146_118">
<MediaTime>
<MediaTimePoint>T00:52:49:13989F30000</MediaTimePoint>
<MediaDuration>PT00H00M09S6276N30000F</MediaDuration>
</MediaTime>
<TemporalDecomposition>
<VideoSegment id="shot146_118_RKF">
<MediaTime>
<MediaTimePoint>T00:52:54:1126F30000</MediaTimePoint>
</MediaTime>
</VideoSegment>
</TemporalDecomposition>
</VideoSegment>
<VideoSegment id="shot146_119">
<MediaTime>
<MediaTimePoint>T00:52:58:20265F30000</MediaTimePoint>
<MediaDuration>PT00H01M34S15833N30000F</MediaDuration>
</MediaTime>
<TemporalDecomposition>
<VideoSegment id="shot146_119_RKF">
<MediaTime>
<MediaTimePoint>T00:53:45:27681F30000</MediaTimePoint>
</MediaTime>
</VideoSegment>
</TemporalDecomposition>
</VideoSegment>
<VideoSegment id="shot146_120">
<MediaTime>
<MediaTimePoint>T00:54:33:6098F30000</MediaTimePoint>
<MediaDuration>PT00H00M21S14644N30000F</MediaDuration>
</MediaTime>
<TemporalDecomposition>
<VideoSegment id="shot146_120_RKF">
<MediaTime>
<MediaTimePoint>T00:54:43:27419F30000</MediaTimePoint>
</MediaTime>
</VideoSegment>
</TemporalDecomposition>
</VideoSegment>
<VideoSegment id="shot146_121">
<MediaTime>
<MediaTimePoint>T00:54:54:20742F30000</MediaTimePoint>
<MediaDuration>PT00H00M02S21081N30000F</MediaDuration>
</MediaTime>
<TemporalDecomposition>
<VideoSegment id="shot146_121_RKF">
<MediaTime>
<MediaTimePoint>T00:54:56:782F30000</MediaTimePoint>
</MediaTime>
</VideoSegment>
</TemporalDecomposition>
</VideoSegment>
<VideoSegment id="shot146_122">
<MediaTime>
<MediaTimePoint>T00:54:57:11823F30000</MediaTimePoint>
<MediaDuration>PT00H00M05S5155N30000F</MediaDuration>
</MediaTime>
<TemporalDecomposition>
<VideoSegment id="shot146_122_RKF">
<MediaTime>
<MediaTimePoint>T00:54:59:28900F30000</MediaTimePoint>
</MediaTime>
</VideoSegment>
</TemporalDecomposition>
</VideoSegment>
<VideoSegment id="shot146_123">
<MediaTime>
<MediaTimePoint>T00:55:02:16978F30000</MediaTimePoint>
<MediaDuration>PT00H00M28S15855N30000F</MediaDuration>
</MediaTime>
<TemporalDecomposition>
<VideoSegment id="shot146_123_RKF">
<MediaTime>
<MediaTimePoint>T00:55:16:24405F30000</MediaTimePoint>
</MediaTime>
</VideoSegment>
</TemporalDecomposition>
</VideoSegment>
<VideoSegment id="shot146_124">
<MediaTime>
<MediaTimePoint>T00:55:31:2833F30000</MediaTimePoint>
<MediaDuration>PT00H00M04S25145N30000F</MediaDuration>
</MediaTime>
<TemporalDecomposition>
<VideoSegment id="shot146_124_RKF">
<MediaTime>
<MediaTimePoint>T00:55:33:14905F30000</MediaTimePoint>
</MediaTime>
</VideoSegment>
</TemporalDecomposition>
</VideoSegment>
<VideoSegment id="shot146_125">
<MediaTime>
<MediaTimePoint>T00:55:35:27978F30000</MediaTimePoint>
<MediaDuration>PT00H00M02S14074N30000F</MediaDuration>
</MediaTime>
<TemporalDecomposition>
<VideoSegment id="shot146_125_RKF">
<MediaTime>
<MediaTimePoint>T00:55:37:4014F30000</MediaTimePoint>
</MediaTime>
</VideoSegment>
</TemporalDecomposition>
</VideoSegment>
<VideoSegment id="shot146_126">
<MediaTime>
<MediaTimePoint>T00:55:38:12052F30000</MediaTimePoint>
<MediaDuration>PT00H00M24S4724N30000F</MediaDuration>
</MediaTime>
<TemporalDecomposition>
<VideoSegment id="shot146_126_RKF">
<MediaTime>
<MediaTimePoint>T00:55:50:13413F30000</MediaTimePoint>
</MediaTime>
</VideoSegment>
</TemporalDecomposition>
</VideoSegment>
<VideoSegment id="shot146_127">
<MediaTime>
<MediaTimePoint>T00:56:02:16776F30000</MediaTimePoint>
<MediaDuration>PT00H00M05S19169N30000F</MediaDuration>
</MediaTime>
<TemporalDecomposition>
<VideoSegment id="shot146_127_RKF">
<MediaTime>
<MediaTimePoint>T00:56:05:10860F30000</MediaTimePoint>
</MediaTime>
</VideoSegment>
</TemporalDecomposition>
</VideoSegment>
<VideoSegment id="shot146_128">
<MediaTime>
<MediaTimePoint>T00:56:08:5945F30000</MediaTimePoint>
<MediaDuration>PT00H00M27S6816N30000F</MediaDuration>
</MediaTime>
<TemporalDecomposition>
<VideoSegment id="shot146_128_RKF">
<MediaTime>
<MediaTimePoint>T00:56:21:23352F30000</MediaTimePoint>
</MediaTime>
</VideoSegment>
</TemporalDecomposition>
</VideoSegment>
<VideoSegment id="shot146_129">
<MediaTime>
<MediaTimePoint>T00:56:35:12761F30000</MediaTimePoint>
<MediaDuration>PT00H00M16S6486N30000F</MediaDuration>
</MediaTime>
<TemporalDecomposition>
<VideoSegment id="shot146_129_RKF">
<MediaTime>
<MediaTimePoint>T00:56:43:15003F30000</MediaTimePoint>
</MediaTime>
</VideoSegment>
</TemporalDecomposition>
</VideoSegment>
<VideoSegment id="shot146_130">
<MediaTime>
<MediaTimePoint>T00:56:51:19247F30000</MediaTimePoint>
<MediaDuration>PT00H00M02S13073N30000F</MediaDuration>
</MediaTime>
<TemporalDecomposition>
<VideoSegment id="shot146_130_RKF">
<MediaTime>
<MediaTimePoint>T00:56:52:25283F30000</MediaTimePoint>
</MediaTime>
</VideoSegment>
</TemporalDecomposition>
</VideoSegment>
<VideoSegment id="shot146_131">
<MediaTime>
<MediaTimePoint>T00:56:54:2320F30000</MediaTimePoint>
<MediaDuration>PT00H00M41S16245N30000F</MediaDuration>
</MediaTime>
<TemporalDecomposition>
<VideoSegment id="shot146_131_RKF">
<MediaTime>
<MediaTimePoint>T00:57:14:24942F30000</MediaTimePoint>
</MediaTime>
</VideoSegment>
</TemporalDecomposition>
</VideoSegment>
<VideoSegment id="shot146_132">
<MediaTime>
<MediaTimePoint>T00:57:35:18565F30000</MediaTimePoint>
<MediaDuration>PT00H00M03S14104N30000F</MediaDuration>
</MediaTime>
<TemporalDecomposition>
<VideoSegment id="shot146_132_RKF">
<MediaTime>
<MediaTimePoint>T00:57:37:9616F30000</MediaTimePoint>
</MediaTime>
</VideoSegment>
</TemporalDecomposition>
</VideoSegment>
<VideoSegment id="shot146_133">
<MediaTime>
<MediaTimePoint>T00:57:39:2669F30000</MediaTimePoint>
<MediaDuration>PT00H00M02S9069N30000F</MediaDuration>
</MediaTime>
<TemporalDecomposition>
<VideoSegment id="shot146_133_RKF">
<MediaTime>
<MediaTimePoint>T00:57:40:6703F30000</MediaTimePoint>
</MediaTime>
</VideoSegment>
</TemporalDecomposition>
</VideoSegment>
<VideoSegment id="shot146_134">
<MediaTime>
<MediaTimePoint>T00:57:41:11738F30000</MediaTimePoint>
<MediaDuration>PT00H00M38S18157N30000F</MediaDuration>
</MediaTime>
<TemporalDecomposition>
<VideoSegment id="shot146_134_RKF">
<MediaTime>
<MediaTimePoint>T00:58:00:20316F30000</MediaTimePoint>
</MediaTime>
</VideoSegment>
</TemporalDecomposition>
</VideoSegment>
</TemporalDecomposition>
</Video>
</MultimediaContent>
</Description>
</Mpeg7>
