<?xml version="1.0" encoding="UTF-8"?>
<Mpeg7 xmlns="urn:mpeg:mpeg7:schema:2001" xmlns:mpeg7="urn:mpeg:mpeg7:schema:2001" xmlns:xsi="http://www.w3.org/2001/XMLSchema-instance">
<Description xsi:type="ContentEntityType">
<MultimediaContent xsi:type="VideoType">
<Video id="TRECVID2005_151">
<MediaLocator>
<MediaUri>20041101_230000_NBC_NBCPHILA23_ENG.mpg</MediaUri>
</MediaLocator>
<MediaTime>
<MediaTimePoint>T00:00:00:0F30000</MediaTimePoint>
<MediaDuration>PT00H28M19S29949N30000F</MediaDuration>
</MediaTime>
<TemporalDecomposition gap="false" overlap="false">
<VideoSegment id="shot151_1">
<MediaTime>
<MediaTimePoint>T00:00:00:0F30000</MediaTimePoint>
<MediaDuration>PT00H00M14S4424N30000F</MediaDuration>
</MediaTime>
<TemporalDecomposition>
<VideoSegment id="shot151_1_RKF">
<MediaTime>
<MediaTimePoint>T00:00:07:1211F30000</MediaTimePoint>
</MediaTime>
</VideoSegment>
</TemporalDecomposition>
</VideoSegment>
<VideoSegment id="shot151_2">
<MediaTime>
<MediaTimePoint>T00:00:14:4424F30000</MediaTimePoint>
<MediaDuration>PT00H00M08S7247N30000F</MediaDuration>
</MediaTime>
<TemporalDecomposition>
<VideoSegment id="shot151_2_RKF">
<MediaTime>
<MediaTimePoint>T00:00:18:7547F30000</MediaTimePoint>
</MediaTime>
</VideoSegment>
</TemporalDecomposition>
</VideoSegment>
<VideoSegment id="shot151_3">
<MediaTime>
<MediaTimePoint>T00:00:22:11671F30000</MediaTimePoint>
<MediaDuration>PT00H00M06S28208N30000F</MediaDuration>
</MediaTime>
<TemporalDecomposition>
<VideoSegment id="shot151_3_RKF">
<MediaTime>
<MediaTimePoint>T00:00:25:24774F30000</MediaTimePoint>
</MediaTime>
</VideoSegment>
</TemporalDecomposition>
</VideoSegment>
<VideoSegment id="shot151_4">
<MediaTime>
<MediaTimePoint>T00:00:29:9879F30000</MediaTimePoint>
<MediaDuration>PT00H00M09S10280N30000F</MediaDuration>
</MediaTime>
<TemporalDecomposition>
<VideoSegment id="shot151_4_NRKF_1">
<MediaTime>
<MediaTimePoint>T00:00:30:900F30000</MediaTimePoint>
</MediaTime>
</VideoSegment>
<VideoSegment id="shot151_4_RKF">
<MediaTime>
<MediaTimePoint>T00:00:33:29018F30000</MediaTimePoint>
</MediaTime>
</VideoSegment>
<VideoSegment id="shot151_4_NRKF_2">
<MediaTime>
<MediaTimePoint>T00:00:34:21040F30000</MediaTimePoint>
</MediaTime>
</VideoSegment>
</TemporalDecomposition>
</VideoSegment>
<VideoSegment id="shot151_5">
<MediaTime>
<MediaTimePoint>T00:00:38:20159F30000</MediaTimePoint>
<MediaDuration>PT00H00M17S6516N30000F</MediaDuration>
</MediaTime>
<TemporalDecomposition>
<VideoSegment id="shot151_5_RKF">
<MediaTime>
<MediaTimePoint>T00:00:47:7416F30000</MediaTimePoint>
</MediaTime>
</VideoSegment>
</TemporalDecomposition>
</VideoSegment>
<VideoSegment id="shot151_6">
<MediaTime>
<MediaTimePoint>T00:00:55:26675F30000</MediaTimePoint>
<MediaDuration>PT00H00M06S26206N30000F</MediaDuration>
</MediaTime>
<TemporalDecomposition>
<VideoSegment id="shot151_6_RKF">
<MediaTime>
<MediaTimePoint>T00:00:59:8777F30000</MediaTimePoint>
</MediaTime>
</VideoSegment>
</TemporalDecomposition>
</VideoSegment>
<VideoSegment id="shot151_7">
<MediaTime>
<MediaTimePoint>T00:01:02:22881F30000</MediaTimePoint>
<MediaDuration>PT00H00M06S25205N30000F</MediaDuration>
</MediaTime>
<TemporalDecomposition>
<VideoSegment id="shot151_7_RKF">
<MediaTime>
<MediaTimePoint>T00:01:06:4983F30000</MediaTimePoint>
</MediaTime>
</VideoSegment>
</TemporalDecomposition>
</VideoSegment>
<VideoSegment id="shot151_8">
<MediaTime>
<MediaTimePoint>T00:01:09:18086F30000</MediaTimePoint>
<MediaDuration>PT00H00M06S12192N30000F</MediaDuration>
</MediaTime>
<TemporalDecomposition>
<VideoSegment id="shot151_8_RKF">
<MediaTime>
<MediaTimePoint>T00:01:12:23181F30000</MediaTimePoint>
</MediaTime>
</VideoSegment>
</TemporalDecomposition>
</VideoSegment>
<VideoSegment id="shot151_9">
<MediaTime>
<MediaTimePoint>T00:01:16:278F30000</MediaTimePoint>
<MediaDuration>PT00H00M28S25865N30000F</MediaDuration>
</MediaTime>
<TemporalDecomposition>
<VideoSegment id="shot151_9_RKF">
<MediaTime>
<MediaTimePoint>T00:01:30:12710F30000</MediaTimePoint>
</MediaTime>
</VideoSegment>
</TemporalDecomposition>
</VideoSegment>
<VideoSegment id="shot151_10">
<MediaTime>
<MediaTimePoint>T00:01:44:26143F30000</MediaTimePoint>
<MediaDuration>PT00H00M05S24174N30000F</MediaDuration>
</MediaTime>
<TemporalDecomposition>
<VideoSegment id="shot151_10_RKF">
<MediaTime>
<MediaTimePoint>T00:01:47:22229F30000</MediaTimePoint>
</MediaTime>
</VideoSegment>
</TemporalDecomposition>
</VideoSegment>
<VideoSegment id="shot151_11">
<MediaTime>
<MediaTimePoint>T00:01:50:20317F30000</MediaTimePoint>
<MediaDuration>PT00H00M10S22322N30000F</MediaDuration>
</MediaTime>
<TemporalDecomposition>
<VideoSegment id="shot151_11_NRKF_1">
<MediaTime>
<MediaTimePoint>T00:01:50:25322F30000</MediaTimePoint>
</MediaTime>
</VideoSegment>
<VideoSegment id="shot151_11_RKF">
<MediaTime>
<MediaTimePoint>T00:01:56:477F30000</MediaTimePoint>
</MediaTime>
</VideoSegment>
<VideoSegment id="shot151_11_NRKF_2">
<MediaTime>
<MediaTimePoint>T00:01:56:6483F30000</MediaTimePoint>
</MediaTime>
</VideoSegment>
</TemporalDecomposition>
</VideoSegment>
<VideoSegment id="shot151_12">
<MediaTime>
<MediaTimePoint>T00:02:01:12639F30000</MediaTimePoint>
<MediaDuration>PT00H00M08S20260N30000F</MediaDuration>
</MediaTime>
<TemporalDecomposition>
<VideoSegment id="shot151_12_RKF">
<MediaTime>
<MediaTimePoint>T00:02:05:21768F30000</MediaTimePoint>
</MediaTime>
</VideoSegment>
</TemporalDecomposition>
</VideoSegment>
<VideoSegment id="shot151_13">
<MediaTime>
<MediaTimePoint>T00:02:10:2899F30000</MediaTimePoint>
<MediaDuration>PT00H00M06S16196N30000F</MediaDuration>
</MediaTime>
<TemporalDecomposition>
<VideoSegment id="shot151_13_RKF">
<MediaTime>
<MediaTimePoint>T00:02:13:9996F30000</MediaTimePoint>
</MediaTime>
</VideoSegment>
</TemporalDecomposition>
</VideoSegment>
<VideoSegment id="shot151_14">
<MediaTime>
<MediaTimePoint>T00:02:16:19095F30000</MediaTimePoint>
<MediaDuration>PT00H00M10S4304N30000F</MediaDuration>
</MediaTime>
<TemporalDecomposition>
<VideoSegment id="shot151_14_RKF">
<MediaTime>
<MediaTimePoint>T00:02:21:20246F30000</MediaTimePoint>
</MediaTime>
</VideoSegment>
</TemporalDecomposition>
</VideoSegment>
<VideoSegment id="shot151_15">
<MediaTime>
<MediaTimePoint>T00:02:26:23399F30000</MediaTimePoint>
<MediaDuration>PT00H00M08S16256N30000F</MediaDuration>
</MediaTime>
<TemporalDecomposition>
<VideoSegment id="shot151_15_RKF">
<MediaTime>
<MediaTimePoint>T00:02:31:526F30000</MediaTimePoint>
</MediaTime>
</VideoSegment>
</TemporalDecomposition>
</VideoSegment>
<VideoSegment id="shot151_16">
<MediaTime>
<MediaTimePoint>T00:02:35:9655F30000</MediaTimePoint>
<MediaDuration>PT00H00M15S12462N30000F</MediaDuration>
</MediaTime>
<TemporalDecomposition>
<VideoSegment id="shot151_16_RKF">
<MediaTime>
<MediaTimePoint>T00:02:42:29885F30000</MediaTimePoint>
</MediaTime>
</VideoSegment>
</TemporalDecomposition>
</VideoSegment>
<VideoSegment id="shot151_17">
<MediaTime>
<MediaTimePoint>T00:02:50:22117F30000</MediaTimePoint>
<MediaDuration>PT00H00M09S4274N30000F</MediaDuration>
</MediaTime>
<TemporalDecomposition>
<VideoSegment id="shot151_17_RKF">
<MediaTime>
<MediaTimePoint>T00:02:55:8253F30000</MediaTimePoint>
</MediaTime>
</VideoSegment>
</TemporalDecomposition>
</VideoSegment>
<VideoSegment id="shot151_18">
<MediaTime>
<MediaTimePoint>T00:02:59:26391F30000</MediaTimePoint>
<MediaDuration>PT00H00M16S10490N30000F</MediaDuration>
</MediaTime>
<TemporalDecomposition>
<VideoSegment id="shot151_18_RKF">
<MediaTime>
<MediaTimePoint>T00:03:08:635F30000</MediaTimePoint>
</MediaTime>
</VideoSegment>
</TemporalDecomposition>
</VideoSegment>
<VideoSegment id="shot151_19">
<MediaTime>
<MediaTimePoint>T00:03:16:6881F30000</MediaTimePoint>
<MediaDuration>PT00H00M20S11611N30000F</MediaDuration>
</MediaTime>
<TemporalDecomposition>
<VideoSegment id="shot151_19_RKF">
<MediaTime>
<MediaTimePoint>T00:03:26:12186F30000</MediaTimePoint>
</MediaTime>
</VideoSegment>
</TemporalDecomposition>
</VideoSegment>
<VideoSegment id="shot151_20">
<MediaTime>
<MediaTimePoint>T00:03:36:18492F30000</MediaTimePoint>
<MediaDuration>PT00H00M11S7337N30000F</MediaDuration>
</MediaTime>
<TemporalDecomposition>
<VideoSegment id="shot151_20_RKF">
<MediaTime>
<MediaTimePoint>T00:03:42:6660F30000</MediaTimePoint>
</MediaTime>
</VideoSegment>
</TemporalDecomposition>
</VideoSegment>
<VideoSegment id="shot151_21">
<MediaTime>
<MediaTimePoint>T00:03:47:25829F30000</MediaTimePoint>
<MediaDuration>PT00H00M04S12132N30000F</MediaDuration>
</MediaTime>
<TemporalDecomposition>
<VideoSegment id="shot151_21_RKF">
<MediaTime>
<MediaTimePoint>T00:03:50:894F30000</MediaTimePoint>
</MediaTime>
</VideoSegment>
</TemporalDecomposition>
</VideoSegment>
<VideoSegment id="shot151_22">
<MediaTime>
<MediaTimePoint>T00:03:52:7961F30000</MediaTimePoint>
<MediaDuration>PT00H00M03S1091N30000F</MediaDuration>
</MediaTime>
<TemporalDecomposition>
<VideoSegment id="shot151_22_NRKF_1">
<MediaTime>
<MediaTimePoint>T00:03:53:2986F30000</MediaTimePoint>
</MediaTime>
</VideoSegment>
<VideoSegment id="shot151_22_RKF">
<MediaTime>
<MediaTimePoint>T00:03:53:23006F30000</MediaTimePoint>
</MediaTime>
</VideoSegment>
<VideoSegment id="shot151_22_NRKF_2">
<MediaTime>
<MediaTimePoint>T00:03:54:18031F30000</MediaTimePoint>
</MediaTime>
</VideoSegment>
</TemporalDecomposition>
</VideoSegment>
<VideoSegment id="shot151_23">
<MediaTime>
<MediaTimePoint>T00:03:55:9052F30000</MediaTimePoint>
<MediaDuration>PT00H00M02S1061N30000F</MediaDuration>
</MediaTime>
<TemporalDecomposition>
<VideoSegment id="shot151_23_RKF">
<MediaTime>
<MediaTimePoint>T00:03:56:9082F30000</MediaTimePoint>
</MediaTime>
</VideoSegment>
</TemporalDecomposition>
</VideoSegment>
<VideoSegment id="shot151_24">
<MediaTime>
<MediaTimePoint>T00:03:57:10113F30000</MediaTimePoint>
<MediaDuration>PT00H00M02S29089N30000F</MediaDuration>
</MediaTime>
<TemporalDecomposition>
<VideoSegment id="shot151_24_RKF">
<MediaTime>
<MediaTimePoint>T00:03:58:24157F30000</MediaTimePoint>
</MediaTime>
</VideoSegment>
</TemporalDecomposition>
</VideoSegment>
<VideoSegment id="shot151_25">
<MediaTime>
<MediaTimePoint>T00:04:00:9202F30000</MediaTimePoint>
<MediaDuration>PT00H00M07S11221N30000F</MediaDuration>
</MediaTime>
<TemporalDecomposition>
<VideoSegment id="shot151_25_RKF">
<MediaTime>
<MediaTimePoint>T00:04:03:29312F30000</MediaTimePoint>
</MediaTime>
</VideoSegment>
</TemporalDecomposition>
</VideoSegment>
<VideoSegment id="shot151_26">
<MediaTime>
<MediaTimePoint>T00:04:07:20423F30000</MediaTimePoint>
<MediaDuration>PT00H00M04S8128N30000F</MediaDuration>
</MediaTime>
<TemporalDecomposition>
<VideoSegment id="shot151_26_RKF">
<MediaTime>
<MediaTimePoint>T00:04:09:23486F30000</MediaTimePoint>
</MediaTime>
</VideoSegment>
</TemporalDecomposition>
</VideoSegment>
<VideoSegment id="shot151_27">
<MediaTime>
<MediaTimePoint>T00:04:11:28551F30000</MediaTimePoint>
<MediaDuration>PT00H00M08S20260N30000F</MediaDuration>
</MediaTime>
<TemporalDecomposition>
<VideoSegment id="shot151_27_RKF">
<MediaTime>
<MediaTimePoint>T00:04:16:7680F30000</MediaTimePoint>
</MediaTime>
</VideoSegment>
</TemporalDecomposition>
</VideoSegment>
<VideoSegment id="shot151_28">
<MediaTime>
<MediaTimePoint>T00:04:20:18811F30000</MediaTimePoint>
<MediaDuration>PT00H00M02S21081N30000F</MediaDuration>
</MediaTime>
<TemporalDecomposition>
<VideoSegment id="shot151_28_RKF">
<MediaTime>
<MediaTimePoint>T00:04:21:28851F30000</MediaTimePoint>
</MediaTime>
</VideoSegment>
</TemporalDecomposition>
</VideoSegment>
<VideoSegment id="shot151_29">
<MediaTime>
<MediaTimePoint>T00:04:23:9892F30000</MediaTimePoint>
<MediaDuration>PT00H00M06S26206N30000F</MediaDuration>
</MediaTime>
<TemporalDecomposition>
<VideoSegment id="shot151_29_RKF">
<MediaTime>
<MediaTimePoint>T00:04:26:21994F30000</MediaTimePoint>
</MediaTime>
</VideoSegment>
</TemporalDecomposition>
</VideoSegment>
<VideoSegment id="shot151_30">
<MediaTime>
<MediaTimePoint>T00:04:30:6098F30000</MediaTimePoint>
<MediaDuration>PT00H00M02S6066N30000F</MediaDuration>
</MediaTime>
<TemporalDecomposition>
<VideoSegment id="shot151_30_RKF">
<MediaTime>
<MediaTimePoint>T00:04:31:8130F30000</MediaTimePoint>
</MediaTime>
</VideoSegment>
</TemporalDecomposition>
</VideoSegment>
<VideoSegment id="shot151_31">
<MediaTime>
<MediaTimePoint>T00:04:32:12164F30000</MediaTimePoint>
<MediaDuration>PT00H00M02S18078N30000F</MediaDuration>
</MediaTime>
<TemporalDecomposition>
<VideoSegment id="shot151_31_RKF">
<MediaTime>
<MediaTimePoint>T00:04:33:20202F30000</MediaTimePoint>
</MediaTime>
</VideoSegment>
</TemporalDecomposition>
</VideoSegment>
<VideoSegment id="shot151_32">
<MediaTime>
<MediaTimePoint>T00:04:35:242F30000</MediaTimePoint>
<MediaDuration>PT00H00M02S1061N30000F</MediaDuration>
</MediaTime>
<TemporalDecomposition>
<VideoSegment id="shot151_32_RKF">
<MediaTime>
<MediaTimePoint>T00:04:36:272F30000</MediaTimePoint>
</MediaTime>
</VideoSegment>
</TemporalDecomposition>
</VideoSegment>
<VideoSegment id="shot151_33">
<MediaTime>
<MediaTimePoint>T00:04:37:1303F30000</MediaTimePoint>
<MediaDuration>PT00H00M03S16106N30000F</MediaDuration>
</MediaTime>
<TemporalDecomposition>
<VideoSegment id="shot151_33_RKF">
<MediaTime>
<MediaTimePoint>T00:04:38:23355F30000</MediaTimePoint>
</MediaTime>
</VideoSegment>
</TemporalDecomposition>
</VideoSegment>
<VideoSegment id="shot151_34">
<MediaTime>
<MediaTimePoint>T00:04:40:17409F30000</MediaTimePoint>
<MediaDuration>PT00H00M03S90N30000F</MediaDuration>
</MediaTime>
<TemporalDecomposition>
<VideoSegment id="shot151_34_RKF">
<MediaTime>
<MediaTimePoint>T00:04:42:1453F30000</MediaTimePoint>
</MediaTime>
</VideoSegment>
</TemporalDecomposition>
</VideoSegment>
<VideoSegment id="shot151_35">
<MediaTime>
<MediaTimePoint>T00:04:43:17499F30000</MediaTimePoint>
<MediaDuration>PT00H00M10S11311N30000F</MediaDuration>
</MediaTime>
<TemporalDecomposition>
<VideoSegment id="shot151_35_RKF">
<MediaTime>
<MediaTimePoint>T00:04:48:22654F30000</MediaTimePoint>
</MediaTime>
</VideoSegment>
</TemporalDecomposition>
</VideoSegment>
<VideoSegment id="shot151_36">
<MediaTime>
<MediaTimePoint>T00:04:53:28810F30000</MediaTimePoint>
<MediaDuration>PT00H00M02S27087N30000F</MediaDuration>
</MediaTime>
<TemporalDecomposition>
<VideoSegment id="shot151_36_RKF">
<MediaTime>
<MediaTimePoint>T00:04:55:11853F30000</MediaTimePoint>
</MediaTime>
</VideoSegment>
</TemporalDecomposition>
</VideoSegment>
<VideoSegment id="shot151_37">
<MediaTime>
<MediaTimePoint>T00:04:56:25897F30000</MediaTimePoint>
<MediaDuration>PT00H00M09S14284N30000F</MediaDuration>
</MediaTime>
<TemporalDecomposition>
<VideoSegment id="shot151_37_RKF">
<MediaTime>
<MediaTimePoint>T00:05:01:17038F30000</MediaTimePoint>
</MediaTime>
</VideoSegment>
</TemporalDecomposition>
</VideoSegment>
<VideoSegment id="shot151_38">
<MediaTime>
<MediaTimePoint>T00:05:06:10181F30000</MediaTimePoint>
<MediaDuration>PT00H00M04S9129N30000F</MediaDuration>
</MediaTime>
<TemporalDecomposition>
<VideoSegment id="shot151_38_RKF">
<MediaTime>
<MediaTimePoint>T00:05:08:14245F30000</MediaTimePoint>
</MediaTime>
</VideoSegment>
</TemporalDecomposition>
</VideoSegment>
<VideoSegment id="shot151_39">
<MediaTime>
<MediaTimePoint>T00:05:10:19310F30000</MediaTimePoint>
<MediaDuration>PT00H00M05S3153N30000F</MediaDuration>
</MediaTime>
<TemporalDecomposition>
<VideoSegment id="shot151_39_RKF">
<MediaTime>
<MediaTimePoint>T00:05:13:5386F30000</MediaTimePoint>
</MediaTime>
</VideoSegment>
</TemporalDecomposition>
</VideoSegment>
<VideoSegment id="shot151_40">
<MediaTime>
<MediaTimePoint>T00:05:15:22463F30000</MediaTimePoint>
<MediaDuration>PT00H00M21S22652N30000F</MediaDuration>
</MediaTime>
<TemporalDecomposition>
<VideoSegment id="shot151_40_RKF">
<MediaTime>
<MediaTimePoint>T00:05:26:17788F30000</MediaTimePoint>
</MediaTime>
</VideoSegment>
</TemporalDecomposition>
</VideoSegment>
<VideoSegment id="shot151_41">
<MediaTime>
<MediaTimePoint>T00:05:37:15115F30000</MediaTimePoint>
<MediaDuration>PT00H00M07S23233N30000F</MediaDuration>
</MediaTime>
<TemporalDecomposition>
<VideoSegment id="shot151_41_RKF">
<MediaTime>
<MediaTimePoint>T00:05:41:11231F30000</MediaTimePoint>
</MediaTime>
</VideoSegment>
</TemporalDecomposition>
</VideoSegment>
<VideoSegment id="shot151_42">
<MediaTime>
<MediaTimePoint>T00:05:45:8348F30000</MediaTimePoint>
<MediaDuration>PT00H00M07S28238N30000F</MediaDuration>
</MediaTime>
<TemporalDecomposition>
<VideoSegment id="shot151_42_RKF">
<MediaTime>
<MediaTimePoint>T00:05:49:6466F30000</MediaTimePoint>
</MediaTime>
</VideoSegment>
</TemporalDecomposition>
</VideoSegment>
<VideoSegment id="shot151_43">
<MediaTime>
<MediaTimePoint>T00:05:53:6586F30000</MediaTimePoint>
<MediaDuration>PT00H00M29S5875N30000F</MediaDuration>
</MediaTime>
<TemporalDecomposition>
<VideoSegment id="shot151_43_RKF">
<MediaTime>
<MediaTimePoint>T00:06:07:24023F30000</MediaTimePoint>
</MediaTime>
</VideoSegment>
</TemporalDecomposition>
</VideoSegment>
<VideoSegment id="shot151_44">
<MediaTime>
<MediaTimePoint>T00:06:22:12461F30000</MediaTimePoint>
<MediaDuration>PT00H00M30S5905N30000F</MediaDuration>
</MediaTime>
<TemporalDecomposition>
<VideoSegment id="shot151_44_RKF">
<MediaTime>
<MediaTimePoint>T00:06:37:14913F30000</MediaTimePoint>
</MediaTime>
</VideoSegment>
</TemporalDecomposition>
</VideoSegment>
<VideoSegment id="shot151_45">
<MediaTime>
<MediaTimePoint>T00:06:52:18366F30000</MediaTimePoint>
<MediaDuration>PT00H00M02S15075N30000F</MediaDuration>
</MediaTime>
<TemporalDecomposition>
<VideoSegment id="shot151_45_NRKF_1">
<MediaTime>
<MediaTimePoint>T00:06:53:1379F30000</MediaTimePoint>
</MediaTime>
</VideoSegment>
<VideoSegment id="shot151_45_RKF">
<MediaTime>
<MediaTimePoint>T00:06:53:25403F30000</MediaTimePoint>
</MediaTime>
</VideoSegment>
<VideoSegment id="shot151_45_NRKF_2">
<MediaTime>
<MediaTimePoint>T00:06:54:9417F30000</MediaTimePoint>
</MediaTime>
</VideoSegment>
</TemporalDecomposition>
</VideoSegment>
<VideoSegment id="shot151_46">
<MediaTime>
<MediaTimePoint>T00:06:55:3441F30000</MediaTimePoint>
<MediaDuration>PT00H00M03S18108N30000F</MediaDuration>
</MediaTime>
<TemporalDecomposition>
<VideoSegment id="shot151_46_RKF">
<MediaTime>
<MediaTimePoint>T00:06:56:26494F30000</MediaTimePoint>
</MediaTime>
</VideoSegment>
</TemporalDecomposition>
</VideoSegment>
<VideoSegment id="shot151_47">
<MediaTime>
<MediaTimePoint>T00:06:58:21549F30000</MediaTimePoint>
<MediaDuration>PT00H00M05S150N30000F</MediaDuration>
</MediaTime>
<TemporalDecomposition>
<VideoSegment id="shot151_47_NRKF_1">
<MediaTime>
<MediaTimePoint>T00:06:59:17575F30000</MediaTimePoint>
</MediaTime>
</VideoSegment>
<VideoSegment id="shot151_47_RKF">
<MediaTime>
<MediaTimePoint>T00:07:01:5623F30000</MediaTimePoint>
</MediaTime>
</VideoSegment>
<VideoSegment id="shot151_47_NRKF_2">
<MediaTime>
<MediaTimePoint>T00:07:02:2650F30000</MediaTimePoint>
</MediaTime>
</VideoSegment>
</TemporalDecomposition>
</VideoSegment>
<VideoSegment id="shot151_48">
<MediaTime>
<MediaTimePoint>T00:07:03:21699F30000</MediaTimePoint>
<MediaDuration>PT00H00M02S16076N30000F</MediaDuration>
</MediaTime>
<TemporalDecomposition>
<VideoSegment id="shot151_48_RKF">
<MediaTime>
<MediaTimePoint>T00:07:04:28736F30000</MediaTimePoint>
</MediaTime>
</VideoSegment>
</TemporalDecomposition>
</VideoSegment>
<VideoSegment id="shot151_49">
<MediaTime>
<MediaTimePoint>T00:07:06:7775F30000</MediaTimePoint>
<MediaDuration>PT00H00M02S1061N30000F</MediaDuration>
</MediaTime>
<TemporalDecomposition>
<VideoSegment id="shot151_49_RKF">
<MediaTime>
<MediaTimePoint>T00:07:07:7805F30000</MediaTimePoint>
</MediaTime>
</VideoSegment>
</TemporalDecomposition>
</VideoSegment>
<VideoSegment id="shot151_50">
<MediaTime>
<MediaTimePoint>T00:07:08:8836F30000</MediaTimePoint>
<MediaDuration>PT00H00M02S8068N30000F</MediaDuration>
</MediaTime>
<TemporalDecomposition>
<VideoSegment id="shot151_50_RKF">
<MediaTime>
<MediaTimePoint>T00:07:09:11869F30000</MediaTimePoint>
</MediaTime>
</VideoSegment>
</TemporalDecomposition>
</VideoSegment>
<VideoSegment id="shot151_51">
<MediaTime>
<MediaTimePoint>T00:07:10:16904F30000</MediaTimePoint>
<MediaDuration>PT00H00M43S28317N30000F</MediaDuration>
</MediaTime>
<TemporalDecomposition>
<VideoSegment id="shot151_51_NRKF_1">
<MediaTime>
<MediaTimePoint>T00:07:10:23911F30000</MediaTimePoint>
</MediaTime>
</VideoSegment>
<VideoSegment id="shot151_51_RKF">
<MediaTime>
<MediaTimePoint>T00:07:32:15562F30000</MediaTimePoint>
</MediaTime>
</VideoSegment>
<VideoSegment id="shot151_51_NRKF_2">
<MediaTime>
<MediaTimePoint>T00:07:32:23570F30000</MediaTimePoint>
</MediaTime>
</VideoSegment>
</TemporalDecomposition>
</VideoSegment>
<VideoSegment id="shot151_52">
<MediaTime>
<MediaTimePoint>T00:07:54:15221F30000</MediaTimePoint>
<MediaDuration>PT00H00M06S18198N30000F</MediaDuration>
</MediaTime>
<TemporalDecomposition>
<VideoSegment id="shot151_52_RKF">
<MediaTime>
<MediaTimePoint>T00:07:57:23319F30000</MediaTimePoint>
</MediaTime>
</VideoSegment>
</TemporalDecomposition>
</VideoSegment>
<VideoSegment id="shot151_53">
<MediaTime>
<MediaTimePoint>T00:08:01:3419F30000</MediaTimePoint>
<MediaDuration>PT00H00M04S27147N30000F</MediaDuration>
</MediaTime>
<TemporalDecomposition>
<VideoSegment id="shot151_53_RKF">
<MediaTime>
<MediaTimePoint>T00:08:03:16492F30000</MediaTimePoint>
</MediaTime>
</VideoSegment>
</TemporalDecomposition>
</VideoSegment>
<VideoSegment id="shot151_54">
<MediaTime>
<MediaTimePoint>T00:08:06:566F30000</MediaTimePoint>
<MediaDuration>PT00H00M03S20110N30000F</MediaDuration>
</MediaTime>
<TemporalDecomposition>
<VideoSegment id="shot151_54_RKF">
<MediaTime>
<MediaTimePoint>T00:08:07:24620F30000</MediaTimePoint>
</MediaTime>
</VideoSegment>
</TemporalDecomposition>
</VideoSegment>
<VideoSegment id="shot151_55">
<MediaTime>
<MediaTimePoint>T00:08:09:20676F30000</MediaTimePoint>
<MediaDuration>PT00H00M12S15375N30000F</MediaDuration>
</MediaTime>
<TemporalDecomposition>
<VideoSegment id="shot151_55_RKF">
<MediaTime>
<MediaTimePoint>T00:08:15:27863F30000</MediaTimePoint>
</MediaTime>
</VideoSegment>
</TemporalDecomposition>
</VideoSegment>
<VideoSegment id="shot151_56">
<MediaTime>
<MediaTimePoint>T00:08:22:6051F30000</MediaTimePoint>
<MediaDuration>PT00H00M17S510N30000F</MediaDuration>
</MediaTime>
<TemporalDecomposition>
<VideoSegment id="shot151_56_RKF">
<MediaTime>
<MediaTimePoint>T00:08:30:20305F30000</MediaTimePoint>
</MediaTime>
</VideoSegment>
</TemporalDecomposition>
</VideoSegment>
<VideoSegment id="shot151_57">
<MediaTime>
<MediaTimePoint>T00:08:39:6561F30000</MediaTimePoint>
<MediaDuration>PT00H00M02S6066N30000F</MediaDuration>
</MediaTime>
<TemporalDecomposition>
<VideoSegment id="shot151_57_NRKF_1">
<MediaTime>
<MediaTimePoint>T00:08:39:17572F30000</MediaTimePoint>
</MediaTime>
</VideoSegment>
<VideoSegment id="shot151_57_RKF">
<MediaTime>
<MediaTimePoint>T00:08:40:8593F30000</MediaTimePoint>
</MediaTime>
</VideoSegment>
<VideoSegment id="shot151_57_NRKF_2">
<MediaTime>
<MediaTimePoint>T00:08:40:20605F30000</MediaTimePoint>
</MediaTime>
</VideoSegment>
</TemporalDecomposition>
</VideoSegment>
<VideoSegment id="shot151_58">
<MediaTime>
<MediaTimePoint>T00:08:41:12627F30000</MediaTimePoint>
<MediaDuration>PT00H00M04S8128N30000F</MediaDuration>
</MediaTime>
<TemporalDecomposition>
<VideoSegment id="shot151_58_RKF">
<MediaTime>
<MediaTimePoint>T00:08:43:15690F30000</MediaTimePoint>
</MediaTime>
</VideoSegment>
</TemporalDecomposition>
</VideoSegment>
<VideoSegment id="shot151_59">
<MediaTime>
<MediaTimePoint>T00:08:45:20755F30000</MediaTimePoint>
<MediaDuration>PT00H00M03S8098N30000F</MediaDuration>
</MediaTime>
<TemporalDecomposition>
<VideoSegment id="shot151_59_RKF">
<MediaTime>
<MediaTimePoint>T00:08:47:8803F30000</MediaTimePoint>
</MediaTime>
</VideoSegment>
</TemporalDecomposition>
</VideoSegment>
<VideoSegment id="shot151_60">
<MediaTime>
<MediaTimePoint>T00:08:48:28853F30000</MediaTimePoint>
<MediaDuration>PT00H00M06S22202N30000F</MediaDuration>
</MediaTime>
<TemporalDecomposition>
<VideoSegment id="shot151_60_RKF">
<MediaTime>
<MediaTimePoint>T00:08:52:8953F30000</MediaTimePoint>
</MediaTime>
</VideoSegment>
</TemporalDecomposition>
</VideoSegment>
<VideoSegment id="shot151_61">
<MediaTime>
<MediaTimePoint>T00:08:55:21055F30000</MediaTimePoint>
<MediaDuration>PT00H00M06S13193N30000F</MediaDuration>
</MediaTime>
<TemporalDecomposition>
<VideoSegment id="shot151_61_RKF">
<MediaTime>
<MediaTimePoint>T00:08:58:27151F30000</MediaTimePoint>
</MediaTime>
</VideoSegment>
</TemporalDecomposition>
</VideoSegment>
<VideoSegment id="shot151_62">
<MediaTime>
<MediaTimePoint>T00:09:02:4248F30000</MediaTimePoint>
<MediaDuration>PT00H00M02S16076N30000F</MediaDuration>
</MediaTime>
<TemporalDecomposition>
<VideoSegment id="shot151_62_RKF">
<MediaTime>
<MediaTimePoint>T00:09:03:11285F30000</MediaTimePoint>
</MediaTime>
</VideoSegment>
</TemporalDecomposition>
</VideoSegment>
<VideoSegment id="shot151_63">
<MediaTime>
<MediaTimePoint>T00:09:04:20324F30000</MediaTimePoint>
<MediaDuration>PT00H00M18S10550N30000F</MediaDuration>
</MediaTime>
<TemporalDecomposition>
<VideoSegment id="shot151_63_NRKF_1">
<MediaTime>
<MediaTimePoint>T00:09:05:4338F30000</MediaTimePoint>
</MediaTime>
</VideoSegment>
<VideoSegment id="shot151_63_RKF">
<MediaTime>
<MediaTimePoint>T00:09:13:24598F30000</MediaTimePoint>
</MediaTime>
</VideoSegment>
<VideoSegment id="shot151_63_NRKF_2">
<MediaTime>
<MediaTimePoint>T00:09:14:9613F30000</MediaTimePoint>
</MediaTime>
</VideoSegment>
</TemporalDecomposition>
</VideoSegment>
<VideoSegment id="shot151_64">
<MediaTime>
<MediaTimePoint>T00:09:23:874F30000</MediaTimePoint>
<MediaDuration>PT00H00M03S12102N30000F</MediaDuration>
</MediaTime>
<TemporalDecomposition>
<VideoSegment id="shot151_64_NRKF_1">
<MediaTime>
<MediaTimePoint>T00:09:23:24898F30000</MediaTimePoint>
</MediaTime>
</VideoSegment>
<VideoSegment id="shot151_64_RKF">
<MediaTime>
<MediaTimePoint>T00:09:24:20924F30000</MediaTimePoint>
</MediaTime>
</VideoSegment>
<VideoSegment id="shot151_64_NRKF_2">
<MediaTime>
<MediaTimePoint>T00:09:25:15949F30000</MediaTimePoint>
</MediaTime>
</VideoSegment>
</TemporalDecomposition>
</VideoSegment>
<VideoSegment id="shot151_65">
<MediaTime>
<MediaTimePoint>T00:09:26:12976F30000</MediaTimePoint>
<MediaDuration>PT00H00M08S18258N30000F</MediaDuration>
</MediaTime>
<TemporalDecomposition>
<VideoSegment id="shot151_65_RKF">
<MediaTime>
<MediaTimePoint>T00:09:30:21104F30000</MediaTimePoint>
</MediaTime>
</VideoSegment>
</TemporalDecomposition>
</VideoSegment>
<VideoSegment id="shot151_66">
<MediaTime>
<MediaTimePoint>T00:09:35:1234F30000</MediaTimePoint>
<MediaDuration>PT00H00M02S9069N30000F</MediaDuration>
</MediaTime>
<TemporalDecomposition>
<VideoSegment id="shot151_66_RKF">
<MediaTime>
<MediaTimePoint>T00:09:36:5268F30000</MediaTimePoint>
</MediaTime>
</VideoSegment>
</TemporalDecomposition>
</VideoSegment>
<VideoSegment id="shot151_67">
<MediaTime>
<MediaTimePoint>T00:09:37:10303F30000</MediaTimePoint>
<MediaDuration>PT00H00M02S16076N30000F</MediaDuration>
</MediaTime>
<TemporalDecomposition>
<VideoSegment id="shot151_67_RKF">
<MediaTime>
<MediaTimePoint>T00:09:38:17340F30000</MediaTimePoint>
</MediaTime>
</VideoSegment>
</TemporalDecomposition>
</VideoSegment>
<VideoSegment id="shot151_68">
<MediaTime>
<MediaTimePoint>T00:09:39:26379F30000</MediaTimePoint>
<MediaDuration>PT00H00M02S10070N30000F</MediaDuration>
</MediaTime>
<TemporalDecomposition>
<VideoSegment id="shot151_68_RKF">
<MediaTime>
<MediaTimePoint>T00:09:41:413F30000</MediaTimePoint>
</MediaTime>
</VideoSegment>
</TemporalDecomposition>
</VideoSegment>
<VideoSegment id="shot151_69">
<MediaTime>
<MediaTimePoint>T00:09:42:6449F30000</MediaTimePoint>
<MediaDuration>PT00H00M04S9129N30000F</MediaDuration>
</MediaTime>
<TemporalDecomposition>
<VideoSegment id="shot151_69_RKF">
<MediaTime>
<MediaTimePoint>T00:09:44:10513F30000</MediaTimePoint>
</MediaTime>
</VideoSegment>
</TemporalDecomposition>
</VideoSegment>
<VideoSegment id="shot151_70">
<MediaTime>
<MediaTimePoint>T00:09:46:15578F30000</MediaTimePoint>
<MediaDuration>PT00H00M02S16076N30000F</MediaDuration>
</MediaTime>
<TemporalDecomposition>
<VideoSegment id="shot151_70_RKF">
<MediaTime>
<MediaTimePoint>T00:09:47:22615F30000</MediaTimePoint>
</MediaTime>
</VideoSegment>
</TemporalDecomposition>
</VideoSegment>
<VideoSegment id="shot151_71">
<MediaTime>
<MediaTimePoint>T00:09:49:1654F30000</MediaTimePoint>
<MediaDuration>PT00H00M03S2092N30000F</MediaDuration>
</MediaTime>
<TemporalDecomposition>
<VideoSegment id="shot151_71_RKF">
<MediaTime>
<MediaTimePoint>T00:09:50:16699F30000</MediaTimePoint>
</MediaTime>
</VideoSegment>
</TemporalDecomposition>
</VideoSegment>
<VideoSegment id="shot151_72">
<MediaTime>
<MediaTimePoint>T00:09:52:3746F30000</MediaTimePoint>
<MediaDuration>PT00H00M02S21081N30000F</MediaDuration>
</MediaTime>
<TemporalDecomposition>
<VideoSegment id="shot151_72_NRKF_1">
<MediaTime>
<MediaTimePoint>T00:09:52:5748F30000</MediaTimePoint>
</MediaTime>
</VideoSegment>
<VideoSegment id="shot151_72_RKF">
<MediaTime>
<MediaTimePoint>T00:09:53:13786F30000</MediaTimePoint>
</MediaTime>
</VideoSegment>
<VideoSegment id="shot151_72_NRKF_2">
<MediaTime>
<MediaTimePoint>T00:09:53:16789F30000</MediaTimePoint>
</MediaTime>
</VideoSegment>
</TemporalDecomposition>
</VideoSegment>
<VideoSegment id="shot151_73">
<MediaTime>
<MediaTimePoint>T00:09:54:24827F30000</MediaTimePoint>
<MediaDuration>PT00H00M17S1511N30000F</MediaDuration>
</MediaTime>
<TemporalDecomposition>
<VideoSegment id="shot151_73_RKF">
<MediaTime>
<MediaTimePoint>T00:10:03:10082F30000</MediaTimePoint>
</MediaTime>
</VideoSegment>
</TemporalDecomposition>
</VideoSegment>
<VideoSegment id="shot151_74">
<MediaTime>
<MediaTimePoint>T00:10:11:26338F30000</MediaTimePoint>
<MediaDuration>PT00H00M09S20290N30000F</MediaDuration>
</MediaTime>
<TemporalDecomposition>
<VideoSegment id="shot151_74_RKF">
<MediaTime>
<MediaTimePoint>T00:10:16:20482F30000</MediaTimePoint>
</MediaTime>
</VideoSegment>
</TemporalDecomposition>
</VideoSegment>
<VideoSegment id="shot151_75">
<MediaTime>
<MediaTimePoint>T00:10:21:16628F30000</MediaTimePoint>
<MediaDuration>PT00H00M05S5155N30000F</MediaDuration>
</MediaTime>
<TemporalDecomposition>
<VideoSegment id="shot151_75_RKF">
<MediaTime>
<MediaTimePoint>T00:10:24:3705F30000</MediaTimePoint>
</MediaTime>
</VideoSegment>
</TemporalDecomposition>
</VideoSegment>
<VideoSegment id="shot151_76">
<MediaTime>
<MediaTimePoint>T00:10:26:21783F30000</MediaTimePoint>
<MediaDuration>PT00H00M03S13103N30000F</MediaDuration>
</MediaTime>
<TemporalDecomposition>
<VideoSegment id="shot151_76_RKF">
<MediaTime>
<MediaTimePoint>T00:10:28:12834F30000</MediaTimePoint>
</MediaTime>
</VideoSegment>
</TemporalDecomposition>
</VideoSegment>
<VideoSegment id="shot151_77">
<MediaTime>
<MediaTimePoint>T00:10:30:4886F30000</MediaTimePoint>
<MediaDuration>PT00H00M06S11191N30000F</MediaDuration>
</MediaTime>
<TemporalDecomposition>
<VideoSegment id="shot151_77_RKF">
<MediaTime>
<MediaTimePoint>T00:10:33:9981F30000</MediaTimePoint>
</MediaTime>
</VideoSegment>
</TemporalDecomposition>
</VideoSegment>
<VideoSegment id="shot151_78">
<MediaTime>
<MediaTimePoint>T00:10:36:16077F30000</MediaTimePoint>
<MediaDuration>PT00H00M06S18198N30000F</MediaDuration>
</MediaTime>
<TemporalDecomposition>
<VideoSegment id="shot151_78_NRKF_1">
<MediaTime>
<MediaTimePoint>T00:10:37:3094F30000</MediaTimePoint>
</MediaTime>
</VideoSegment>
<VideoSegment id="shot151_78_RKF">
<MediaTime>
<MediaTimePoint>T00:10:39:24175F30000</MediaTimePoint>
</MediaTime>
</VideoSegment>
<VideoSegment id="shot151_78_NRKF_2">
<MediaTime>
<MediaTimePoint>T00:10:40:12193F30000</MediaTimePoint>
</MediaTime>
</VideoSegment>
</TemporalDecomposition>
</VideoSegment>
<VideoSegment id="shot151_79">
<MediaTime>
<MediaTimePoint>T00:10:43:4275F30000</MediaTimePoint>
<MediaDuration>PT00H00M02S5065N30000F</MediaDuration>
</MediaTime>
<TemporalDecomposition>
<VideoSegment id="shot151_79_RKF">
<MediaTime>
<MediaTimePoint>T00:10:44:6307F30000</MediaTimePoint>
</MediaTime>
</VideoSegment>
</TemporalDecomposition>
</VideoSegment>
<VideoSegment id="shot151_80">
<MediaTime>
<MediaTimePoint>T00:10:45:9340F30000</MediaTimePoint>
<MediaDuration>PT00H00M13S25415N30000F</MediaDuration>
</MediaTime>
<TemporalDecomposition>
<VideoSegment id="shot151_80_NRKF_1">
<MediaTime>
<MediaTimePoint>T00:10:46:4365F30000</MediaTimePoint>
</MediaTime>
</VideoSegment>
<VideoSegment id="shot151_80_RKF">
<MediaTime>
<MediaTimePoint>T00:10:52:6547F30000</MediaTimePoint>
</MediaTime>
</VideoSegment>
<VideoSegment id="shot151_80_NRKF_2">
<MediaTime>
<MediaTimePoint>T00:10:53:1572F30000</MediaTimePoint>
</MediaTime>
</VideoSegment>
</TemporalDecomposition>
</VideoSegment>
<VideoSegment id="shot151_81">
<MediaTime>
<MediaTimePoint>T00:10:59:4755F30000</MediaTimePoint>
<MediaDuration>PT00H00M03S12102N30000F</MediaDuration>
</MediaTime>
<TemporalDecomposition>
<VideoSegment id="shot151_81_NRKF_1">
<MediaTime>
<MediaTimePoint>T00:10:59:27778F30000</MediaTimePoint>
</MediaTime>
</VideoSegment>
<VideoSegment id="shot151_81_RKF">
<MediaTime>
<MediaTimePoint>T00:11:00:24805F30000</MediaTimePoint>
</MediaTime>
</VideoSegment>
<VideoSegment id="shot151_81_NRKF_2">
<MediaTime>
<MediaTimePoint>T00:11:01:18829F30000</MediaTimePoint>
</MediaTime>
</VideoSegment>
</TemporalDecomposition>
</VideoSegment>
<VideoSegment id="shot151_82">
<MediaTime>
<MediaTimePoint>T00:11:02:16857F30000</MediaTimePoint>
<MediaDuration>PT00H00M04S7127N30000F</MediaDuration>
</MediaTime>
<TemporalDecomposition>
<VideoSegment id="shot151_82_NRKF_1">
<MediaTime>
<MediaTimePoint>T00:11:03:5876F30000</MediaTimePoint>
</MediaTime>
</VideoSegment>
<VideoSegment id="shot151_82_RKF">
<MediaTime>
<MediaTimePoint>T00:11:04:19920F30000</MediaTimePoint>
</MediaTime>
</VideoSegment>
<VideoSegment id="shot151_82_NRKF_2">
<MediaTime>
<MediaTimePoint>T00:11:05:8939F30000</MediaTimePoint>
</MediaTime>
</VideoSegment>
</TemporalDecomposition>
</VideoSegment>
<VideoSegment id="shot151_83">
<MediaTime>
<MediaTimePoint>T00:11:06:23984F30000</MediaTimePoint>
<MediaDuration>PT00H00M05S12162N30000F</MediaDuration>
</MediaTime>
<TemporalDecomposition>
<VideoSegment id="shot151_83_RKF">
<MediaTime>
<MediaTimePoint>T00:11:09:14064F30000</MediaTimePoint>
</MediaTime>
</VideoSegment>
</TemporalDecomposition>
</VideoSegment>
<VideoSegment id="shot151_84">
<MediaTime>
<MediaTimePoint>T00:11:12:6146F30000</MediaTimePoint>
<MediaDuration>PT00H00M18S2542N30000F</MediaDuration>
</MediaTime>
<TemporalDecomposition>
<VideoSegment id="shot151_84_RKF">
<MediaTime>
<MediaTimePoint>T00:11:21:6416F30000</MediaTimePoint>
</MediaTime>
</VideoSegment>
</TemporalDecomposition>
</VideoSegment>
<VideoSegment id="shot151_85">
<MediaTime>
<MediaTimePoint>T00:11:30:8688F30000</MediaTimePoint>
<MediaDuration>PT00H00M02S15075N30000F</MediaDuration>
</MediaTime>
<TemporalDecomposition>
<VideoSegment id="shot151_85_RKF">
<MediaTime>
<MediaTimePoint>T00:11:31:15725F30000</MediaTimePoint>
</MediaTime>
</VideoSegment>
</TemporalDecomposition>
</VideoSegment>
<VideoSegment id="shot151_86">
<MediaTime>
<MediaTimePoint>T00:11:32:23763F30000</MediaTimePoint>
<MediaDuration>PT00H00M02S24084N30000F</MediaDuration>
</MediaTime>
<TemporalDecomposition>
<VideoSegment id="shot151_86_RKF">
<MediaTime>
<MediaTimePoint>T00:11:34:4804F30000</MediaTimePoint>
</MediaTime>
</VideoSegment>
</TemporalDecomposition>
</VideoSegment>
<VideoSegment id="shot151_87">
<MediaTime>
<MediaTimePoint>T00:11:35:17847F30000</MediaTimePoint>
<MediaDuration>PT00H00M09S6276N30000F</MediaDuration>
</MediaTime>
<TemporalDecomposition>
<VideoSegment id="shot151_87_RKF">
<MediaTime>
<MediaTimePoint>T00:11:40:4984F30000</MediaTimePoint>
</MediaTime>
</VideoSegment>
</TemporalDecomposition>
</VideoSegment>
<VideoSegment id="shot151_88">
<MediaTime>
<MediaTimePoint>T00:11:44:24123F30000</MediaTimePoint>
<MediaDuration>PT00H00M02S11071N30000F</MediaDuration>
</MediaTime>
<TemporalDecomposition>
<VideoSegment id="shot151_88_RKF">
<MediaTime>
<MediaTimePoint>T00:11:45:29158F30000</MediaTimePoint>
</MediaTime>
</VideoSegment>
</TemporalDecomposition>
</VideoSegment>
<VideoSegment id="shot151_89">
<MediaTime>
<MediaTimePoint>T00:11:47:5194F30000</MediaTimePoint>
<MediaDuration>PT00H00M07S22232N30000F</MediaDuration>
</MediaTime>
<TemporalDecomposition>
<VideoSegment id="shot151_89_RKF">
<MediaTime>
<MediaTimePoint>T00:11:51:309F30000</MediaTimePoint>
</MediaTime>
</VideoSegment>
</TemporalDecomposition>
</VideoSegment>
<VideoSegment id="shot151_90">
<MediaTime>
<MediaTimePoint>T00:11:54:27426F30000</MediaTimePoint>
<MediaDuration>PT00H00M25S8758N30000F</MediaDuration>
</MediaTime>
<TemporalDecomposition>
<VideoSegment id="shot151_90_RKF">
<MediaTime>
<MediaTimePoint>T00:12:07:15804F30000</MediaTimePoint>
</MediaTime>
</VideoSegment>
</TemporalDecomposition>
</VideoSegment>
<VideoSegment id="shot151_91">
<MediaTime>
<MediaTimePoint>T00:12:20:6184F30000</MediaTimePoint>
<MediaDuration>PT00H00M11S7337N30000F</MediaDuration>
</MediaTime>
<TemporalDecomposition>
<VideoSegment id="shot151_91_RKF">
<MediaTime>
<MediaTimePoint>T00:12:25:24352F30000</MediaTimePoint>
</MediaTime>
</VideoSegment>
</TemporalDecomposition>
</VideoSegment>
<VideoSegment id="shot151_92">
<MediaTime>
<MediaTimePoint>T00:12:31:13521F30000</MediaTimePoint>
<MediaDuration>PT00H00M06S12192N30000F</MediaDuration>
</MediaTime>
<TemporalDecomposition>
<VideoSegment id="shot151_92_RKF">
<MediaTime>
<MediaTimePoint>T00:12:34:18616F30000</MediaTimePoint>
</MediaTime>
</VideoSegment>
</TemporalDecomposition>
</VideoSegment>
<VideoSegment id="shot151_93">
<MediaTime>
<MediaTimePoint>T00:12:37:25713F30000</MediaTimePoint>
<MediaDuration>PT00H00M03S20110N30000F</MediaDuration>
</MediaTime>
<TemporalDecomposition>
<VideoSegment id="shot151_93_RKF">
<MediaTime>
<MediaTimePoint>T00:12:39:19767F30000</MediaTimePoint>
</MediaTime>
</VideoSegment>
</TemporalDecomposition>
</VideoSegment>
<VideoSegment id="shot151_94">
<MediaTime>
<MediaTimePoint>T00:12:41:15823F30000</MediaTimePoint>
<MediaDuration>PT00H00M04S14134N30000F</MediaDuration>
</MediaTime>
<TemporalDecomposition>
<VideoSegment id="shot151_94_NRKF_1">
<MediaTime>
<MediaTimePoint>T00:12:42:2840F30000</MediaTimePoint>
</MediaTime>
</VideoSegment>
<VideoSegment id="shot151_94_NRKF_2">
<MediaTime>
<MediaTimePoint>T00:12:42:28866F30000</MediaTimePoint>
</MediaTime>
</VideoSegment>
<VideoSegment id="shot151_94_RKF">
<MediaTime>
<MediaTimePoint>T00:12:43:21889F30000</MediaTimePoint>
</MediaTime>
</VideoSegment>
<VideoSegment id="shot151_94_NRKF_3">
<MediaTime>
<MediaTimePoint>T00:12:44:17915F30000</MediaTimePoint>
</MediaTime>
</VideoSegment>
</TemporalDecomposition>
</VideoSegment>
<VideoSegment id="shot151_95">
<MediaTime>
<MediaTimePoint>T00:12:45:29957F30000</MediaTimePoint>
<MediaDuration>PT00H00M03S2092N30000F</MediaDuration>
</MediaTime>
<TemporalDecomposition>
<VideoSegment id="shot151_95_NRKF_1">
<MediaTime>
<MediaTimePoint>T00:12:46:17975F30000</MediaTimePoint>
</MediaTime>
</VideoSegment>
<VideoSegment id="shot151_95_RKF">
<MediaTime>
<MediaTimePoint>T00:12:47:15002F30000</MediaTimePoint>
</MediaTime>
</VideoSegment>
<VideoSegment id="shot151_95_NRKF_2">
<MediaTime>
<MediaTimePoint>T00:12:47:16003F30000</MediaTimePoint>
</MediaTime>
</VideoSegment>
<VideoSegment id="shot151_95_NRKF_3">
<MediaTime>
<MediaTimePoint>T00:12:48:13030F30000</MediaTimePoint>
</MediaTime>
</VideoSegment>
</TemporalDecomposition>
</VideoSegment>
<VideoSegment id="shot151_96">
<MediaTime>
<MediaTimePoint>T00:12:49:2049F30000</MediaTimePoint>
<MediaDuration>PT00H00M05S5155N30000F</MediaDuration>
</MediaTime>
<TemporalDecomposition>
<VideoSegment id="shot151_96_RKF">
<MediaTime>
<MediaTimePoint>T00:12:51:19126F30000</MediaTimePoint>
</MediaTime>
</VideoSegment>
</TemporalDecomposition>
</VideoSegment>
<VideoSegment id="shot151_97">
<MediaTime>
<MediaTimePoint>T00:12:54:7204F30000</MediaTimePoint>
<MediaDuration>PT00H00M02S9069N30000F</MediaDuration>
</MediaTime>
<TemporalDecomposition>
<VideoSegment id="shot151_97_NRKF_1">
<MediaTime>
<MediaTimePoint>T00:12:54:13210F30000</MediaTimePoint>
</MediaTime>
</VideoSegment>
<VideoSegment id="shot151_97_RKF">
<MediaTime>
<MediaTimePoint>T00:12:55:11238F30000</MediaTimePoint>
</MediaTime>
</VideoSegment>
<VideoSegment id="shot151_97_NRKF_2">
<MediaTime>
<MediaTimePoint>T00:12:55:18245F30000</MediaTimePoint>
</MediaTime>
</VideoSegment>
</TemporalDecomposition>
</VideoSegment>
<VideoSegment id="shot151_98">
<MediaTime>
<MediaTimePoint>T00:12:56:16273F30000</MediaTimePoint>
<MediaDuration>PT00H00M27S4814N30000F</MediaDuration>
</MediaTime>
<TemporalDecomposition>
<VideoSegment id="shot151_98_NRKF_1">
<MediaTime>
<MediaTimePoint>T00:12:57:2289F30000</MediaTimePoint>
</MediaTime>
</VideoSegment>
<VideoSegment id="shot151_98_RKF">
<MediaTime>
<MediaTimePoint>T00:13:10:2679F30000</MediaTimePoint>
</MediaTime>
</VideoSegment>
<VideoSegment id="shot151_98_NRKF_2">
<MediaTime>
<MediaTimePoint>T00:13:10:19696F30000</MediaTimePoint>
</MediaTime>
</VideoSegment>
</TemporalDecomposition>
</VideoSegment>
<VideoSegment id="shot151_99">
<MediaTime>
<MediaTimePoint>T00:13:23:21087F30000</MediaTimePoint>
<MediaDuration>PT00H00M03S23113N30000F</MediaDuration>
</MediaTime>
<TemporalDecomposition>
<VideoSegment id="shot151_99_RKF">
<MediaTime>
<MediaTimePoint>T00:13:25:17143F30000</MediaTimePoint>
</MediaTime>
</VideoSegment>
</TemporalDecomposition>
</VideoSegment>
<VideoSegment id="shot151_100">
<MediaTime>
<MediaTimePoint>T00:13:27:14200F30000</MediaTimePoint>
<MediaDuration>PT00H00M06S15195N30000F</MediaDuration>
</MediaTime>
<TemporalDecomposition>
<VideoSegment id="shot151_100_NRKF_1">
<MediaTime>
<MediaTimePoint>T00:13:27:15201F30000</MediaTimePoint>
</MediaTime>
</VideoSegment>
<VideoSegment id="shot151_100_RKF">
<MediaTime>
<MediaTimePoint>T00:13:30:21297F30000</MediaTimePoint>
</MediaTime>
</VideoSegment>
<VideoSegment id="shot151_100_NRKF_2">
<MediaTime>
<MediaTimePoint>T00:13:30:22298F30000</MediaTimePoint>
</MediaTime>
</VideoSegment>
</TemporalDecomposition>
</VideoSegment>
<VideoSegment id="shot151_101">
<MediaTime>
<MediaTimePoint>T00:13:33:29395F30000</MediaTimePoint>
<MediaDuration>PT00H00M02S10070N30000F</MediaDuration>
</MediaTime>
<TemporalDecomposition>
<VideoSegment id="shot151_101_RKF">
<MediaTime>
<MediaTimePoint>T00:13:35:3429F30000</MediaTimePoint>
</MediaTime>
</VideoSegment>
</TemporalDecomposition>
</VideoSegment>
<VideoSegment id="shot151_102">
<MediaTime>
<MediaTimePoint>T00:13:36:9465F30000</MediaTimePoint>
<MediaDuration>PT00H00M04S14134N30000F</MediaDuration>
</MediaTime>
<TemporalDecomposition>
<VideoSegment id="shot151_102_NRKF_1">
<MediaTime>
<MediaTimePoint>T00:13:36:11467F30000</MediaTimePoint>
</MediaTime>
</VideoSegment>
<VideoSegment id="shot151_102_NRKF_2">
<MediaTime>
<MediaTimePoint>T00:13:36:15471F30000</MediaTimePoint>
</MediaTime>
</VideoSegment>
<VideoSegment id="shot151_102_RKF">
<MediaTime>
<MediaTimePoint>T00:13:38:15531F30000</MediaTimePoint>
</MediaTime>
</VideoSegment>
<VideoSegment id="shot151_102_NRKF_3">
<MediaTime>
<MediaTimePoint>T00:13:38:20536F30000</MediaTimePoint>
</MediaTime>
</VideoSegment>
</TemporalDecomposition>
</VideoSegment>
<VideoSegment id="shot151_103">
<MediaTime>
<MediaTimePoint>T00:13:40:23599F30000</MediaTimePoint>
<MediaDuration>PT00H00M06S24204N30000F</MediaDuration>
</MediaTime>
<TemporalDecomposition>
<VideoSegment id="shot151_103_RKF">
<MediaTime>
<MediaTimePoint>T00:13:44:4700F30000</MediaTimePoint>
</MediaTime>
</VideoSegment>
</TemporalDecomposition>
</VideoSegment>
<VideoSegment id="shot151_104">
<MediaTime>
<MediaTimePoint>T00:13:47:17803F30000</MediaTimePoint>
<MediaDuration>PT00H00M03S14104N30000F</MediaDuration>
</MediaTime>
<TemporalDecomposition>
<VideoSegment id="shot151_104_RKF">
<MediaTime>
<MediaTimePoint>T00:13:49:8854F30000</MediaTimePoint>
</MediaTime>
</VideoSegment>
</TemporalDecomposition>
</VideoSegment>
<VideoSegment id="shot151_105">
<MediaTime>
<MediaTimePoint>T00:13:51:1907F30000</MediaTimePoint>
<MediaDuration>PT00H00M06S16196N30000F</MediaDuration>
</MediaTime>
<TemporalDecomposition>
<VideoSegment id="shot151_105_RKF">
<MediaTime>
<MediaTimePoint>T00:13:54:9004F30000</MediaTimePoint>
</MediaTime>
</VideoSegment>
</TemporalDecomposition>
</VideoSegment>
<VideoSegment id="shot151_106">
<MediaTime>
<MediaTimePoint>T00:13:57:18103F30000</MediaTimePoint>
<MediaDuration>PT00H00M07S21231N30000F</MediaDuration>
</MediaTime>
<TemporalDecomposition>
<VideoSegment id="shot151_106_RKF">
<MediaTime>
<MediaTimePoint>T00:14:01:13218F30000</MediaTimePoint>
</MediaTime>
</VideoSegment>
</TemporalDecomposition>
</VideoSegment>
<VideoSegment id="shot151_107">
<MediaTime>
<MediaTimePoint>T00:14:05:9334F30000</MediaTimePoint>
<MediaDuration>PT00H00M08S8248N30000F</MediaDuration>
</MediaTime>
<TemporalDecomposition>
<VideoSegment id="shot151_107_NRKF_1">
<MediaTime>
<MediaTimePoint>T00:14:05:24349F30000</MediaTimePoint>
</MediaTime>
</VideoSegment>
<VideoSegment id="shot151_107_RKF">
<MediaTime>
<MediaTimePoint>T00:14:09:12457F30000</MediaTimePoint>
</MediaTime>
</VideoSegment>
<VideoSegment id="shot151_107_NRKF_2">
<MediaTime>
<MediaTimePoint>T00:14:09:28473F30000</MediaTimePoint>
</MediaTime>
</VideoSegment>
</TemporalDecomposition>
</VideoSegment>
<VideoSegment id="shot151_108">
<MediaTime>
<MediaTimePoint>T00:14:13:17582F30000</MediaTimePoint>
<MediaDuration>PT00H00M02S9069N30000F</MediaDuration>
</MediaTime>
<TemporalDecomposition>
<VideoSegment id="shot151_108_RKF">
<MediaTime>
<MediaTimePoint>T00:14:14:21616F30000</MediaTimePoint>
</MediaTime>
</VideoSegment>
</TemporalDecomposition>
</VideoSegment>
<VideoSegment id="shot151_109">
<MediaTime>
<MediaTimePoint>T00:14:15:26651F30000</MediaTimePoint>
<MediaDuration>PT00H00M03S5095N30000F</MediaDuration>
</MediaTime>
<TemporalDecomposition>
<VideoSegment id="shot151_109_NRKF_1">
<MediaTime>
<MediaTimePoint>T00:14:16:12667F30000</MediaTimePoint>
</MediaTime>
</VideoSegment>
<VideoSegment id="shot151_109_RKF">
<MediaTime>
<MediaTimePoint>T00:14:17:13698F30000</MediaTimePoint>
</MediaTime>
</VideoSegment>
<VideoSegment id="shot151_109_NRKF_2">
<MediaTime>
<MediaTimePoint>T00:14:17:29714F30000</MediaTimePoint>
</MediaTime>
</VideoSegment>
</TemporalDecomposition>
</VideoSegment>
<VideoSegment id="shot151_110">
<MediaTime>
<MediaTimePoint>T00:14:19:1746F30000</MediaTimePoint>
<MediaDuration>PT00H00M04S29149N30000F</MediaDuration>
</MediaTime>
<TemporalDecomposition>
<VideoSegment id="shot151_110_NRKF_1">
<MediaTime>
<MediaTimePoint>T00:14:20:775F30000</MediaTimePoint>
</MediaTime>
</VideoSegment>
<VideoSegment id="shot151_110_RKF">
<MediaTime>
<MediaTimePoint>T00:14:21:15820F30000</MediaTimePoint>
</MediaTime>
</VideoSegment>
<VideoSegment id="shot151_110_NRKF_2">
<MediaTime>
<MediaTimePoint>T00:14:22:15850F30000</MediaTimePoint>
</MediaTime>
</VideoSegment>
</TemporalDecomposition>
</VideoSegment>
<VideoSegment id="shot151_111">
<MediaTime>
<MediaTimePoint>T00:14:24:895F30000</MediaTimePoint>
<MediaDuration>PT00H00M02S4064N30000F</MediaDuration>
</MediaTime>
<TemporalDecomposition>
<VideoSegment id="shot151_111_RKF">
<MediaTime>
<MediaTimePoint>T00:14:25:1926F30000</MediaTimePoint>
</MediaTime>
</VideoSegment>
</TemporalDecomposition>
</VideoSegment>
<VideoSegment id="shot151_112">
<MediaTime>
<MediaTimePoint>T00:14:26:4959F30000</MediaTimePoint>
<MediaDuration>PT00H00M07S5215N30000F</MediaDuration>
</MediaTime>
<TemporalDecomposition>
<VideoSegment id="shot151_112_NRKF_1">
<MediaTime>
<MediaTimePoint>T00:14:26:26981F30000</MediaTimePoint>
</MediaTime>
</VideoSegment>
<VideoSegment id="shot151_112_RKF">
<MediaTime>
<MediaTimePoint>T00:14:29:22066F30000</MediaTimePoint>
</MediaTime>
</VideoSegment>
<VideoSegment id="shot151_112_NRKF_2">
<MediaTime>
<MediaTimePoint>T00:14:30:14088F30000</MediaTimePoint>
</MediaTime>
</VideoSegment>
</TemporalDecomposition>
</VideoSegment>
<VideoSegment id="shot151_113">
<MediaTime>
<MediaTimePoint>T00:14:33:10174F30000</MediaTimePoint>
<MediaDuration>PT00H00M49S469N30000F</MediaDuration>
</MediaTime>
<TemporalDecomposition>
<VideoSegment id="shot151_113_RKF">
<MediaTime>
<MediaTimePoint>T00:14:57:24908F30000</MediaTimePoint>
</MediaTime>
</VideoSegment>
</TemporalDecomposition>
</VideoSegment>
<VideoSegment id="shot151_114">
<MediaTime>
<MediaTimePoint>T00:15:22:10643F30000</MediaTimePoint>
<MediaDuration>PT00H00M05S10160N30000F</MediaDuration>
</MediaTime>
<TemporalDecomposition>
<VideoSegment id="shot151_114_RKF">
<MediaTime>
<MediaTimePoint>T00:15:24:29722F30000</MediaTimePoint>
</MediaTime>
</VideoSegment>
</TemporalDecomposition>
</VideoSegment>
<VideoSegment id="shot151_115">
<MediaTime>
<MediaTimePoint>T00:15:27:20803F30000</MediaTimePoint>
<MediaDuration>PT00H00M09S13283N30000F</MediaDuration>
</MediaTime>
<TemporalDecomposition>
<VideoSegment id="shot151_115_RKF">
<MediaTime>
<MediaTimePoint>T00:15:32:11944F30000</MediaTimePoint>
</MediaTime>
</VideoSegment>
</TemporalDecomposition>
</VideoSegment>
<VideoSegment id="shot151_116">
<MediaTime>
<MediaTimePoint>T00:15:37:4086F30000</MediaTimePoint>
<MediaDuration>PT00H00M02S15075N30000F</MediaDuration>
</MediaTime>
<TemporalDecomposition>
<VideoSegment id="shot151_116_RKF">
<MediaTime>
<MediaTimePoint>T00:15:38:11123F30000</MediaTimePoint>
</MediaTime>
</VideoSegment>
</TemporalDecomposition>
</VideoSegment>
<VideoSegment id="shot151_117">
<MediaTime>
<MediaTimePoint>T00:15:39:19161F30000</MediaTimePoint>
<MediaDuration>PT00H00M04S5125N30000F</MediaDuration>
</MediaTime>
<TemporalDecomposition>
<VideoSegment id="shot151_117_RKF">
<MediaTime>
<MediaTimePoint>T00:15:41:21223F30000</MediaTimePoint>
</MediaTime>
</VideoSegment>
</TemporalDecomposition>
</VideoSegment>
<VideoSegment id="shot151_118">
<MediaTime>
<MediaTimePoint>T00:15:43:24286F30000</MediaTimePoint>
<MediaDuration>PT00H00M03S23113N30000F</MediaDuration>
</MediaTime>
<TemporalDecomposition>
<VideoSegment id="shot151_118_RKF">
<MediaTime>
<MediaTimePoint>T00:15:45:20342F30000</MediaTimePoint>
</MediaTime>
</VideoSegment>
</TemporalDecomposition>
</VideoSegment>
<VideoSegment id="shot151_119">
<MediaTime>
<MediaTimePoint>T00:15:47:17399F30000</MediaTimePoint>
<MediaDuration>PT00H00M07S12222N30000F</MediaDuration>
</MediaTime>
<TemporalDecomposition>
<VideoSegment id="shot151_119_RKF">
<MediaTime>
<MediaTimePoint>T00:15:51:7509F30000</MediaTimePoint>
</MediaTime>
</VideoSegment>
</TemporalDecomposition>
</VideoSegment>
<VideoSegment id="shot151_120">
<MediaTime>
<MediaTimePoint>T00:15:54:29621F30000</MediaTimePoint>
<MediaDuration>PT00H00M10S21321N30000F</MediaDuration>
</MediaTime>
<TemporalDecomposition>
<VideoSegment id="shot151_120_NRKF_1">
<MediaTime>
<MediaTimePoint>T00:15:55:27649F30000</MediaTimePoint>
</MediaTime>
</VideoSegment>
<VideoSegment id="shot151_120_RKF">
<MediaTime>
<MediaTimePoint>T00:16:00:9781F30000</MediaTimePoint>
</MediaTime>
</VideoSegment>
<VideoSegment id="shot151_120_NRKF_2">
<MediaTime>
<MediaTimePoint>T00:16:01:8810F30000</MediaTimePoint>
</MediaTime>
</VideoSegment>
</TemporalDecomposition>
</VideoSegment>
<VideoSegment id="shot151_121">
<MediaTime>
<MediaTimePoint>T00:16:05:20942F30000</MediaTimePoint>
<MediaDuration>PT00H00M08S15255N30000F</MediaDuration>
</MediaTime>
<TemporalDecomposition>
<VideoSegment id="shot151_121_NRKF_1">
<MediaTime>
<MediaTimePoint>T00:16:06:952F30000</MediaTimePoint>
</MediaTime>
</VideoSegment>
<VideoSegment id="shot151_121_RKF">
<MediaTime>
<MediaTimePoint>T00:16:09:28069F30000</MediaTimePoint>
</MediaTime>
</VideoSegment>
<VideoSegment id="shot151_121_NRKF_2">
<MediaTime>
<MediaTimePoint>T00:16:10:8079F30000</MediaTimePoint>
</MediaTime>
</VideoSegment>
</TemporalDecomposition>
</VideoSegment>
<VideoSegment id="shot151_122">
<MediaTime>
<MediaTimePoint>T00:16:14:6197F30000</MediaTimePoint>
<MediaDuration>PT00H00M02S13073N30000F</MediaDuration>
</MediaTime>
<TemporalDecomposition>
<VideoSegment id="shot151_122_RKF">
<MediaTime>
<MediaTimePoint>T00:16:15:12233F30000</MediaTimePoint>
</MediaTime>
</VideoSegment>
</TemporalDecomposition>
</VideoSegment>
<VideoSegment id="shot151_123">
<MediaTime>
<MediaTimePoint>T00:16:16:19270F30000</MediaTimePoint>
<MediaDuration>PT00H00M02S3063N30000F</MediaDuration>
</MediaTime>
<TemporalDecomposition>
<VideoSegment id="shot151_123_RKF">
<MediaTime>
<MediaTimePoint>T00:16:17:20301F30000</MediaTimePoint>
</MediaTime>
</VideoSegment>
</TemporalDecomposition>
</VideoSegment>
<VideoSegment id="shot151_124">
<MediaTime>
<MediaTimePoint>T00:16:18:22333F30000</MediaTimePoint>
<MediaDuration>PT00H00M02S10070N30000F</MediaDuration>
</MediaTime>
<TemporalDecomposition>
<VideoSegment id="shot151_124_RKF">
<MediaTime>
<MediaTimePoint>T00:16:19:26367F30000</MediaTimePoint>
</MediaTime>
</VideoSegment>
</TemporalDecomposition>
</VideoSegment>
<VideoSegment id="shot151_125">
<MediaTime>
<MediaTimePoint>T00:16:21:2403F30000</MediaTimePoint>
<MediaDuration>PT00H00M02S5065N30000F</MediaDuration>
</MediaTime>
<TemporalDecomposition>
<VideoSegment id="shot151_125_NRKF_1">
<MediaTime>
<MediaTimePoint>T00:16:21:20421F30000</MediaTimePoint>
</MediaTime>
</VideoSegment>
<VideoSegment id="shot151_125_RKF">
<MediaTime>
<MediaTimePoint>T00:16:22:4435F30000</MediaTimePoint>
</MediaTime>
</VideoSegment>
<VideoSegment id="shot151_125_NRKF_2">
<MediaTime>
<MediaTimePoint>T00:16:22:23454F30000</MediaTimePoint>
</MediaTime>
</VideoSegment>
</TemporalDecomposition>
</VideoSegment>
<VideoSegment id="shot151_126">
<MediaTime>
<MediaTimePoint>T00:16:23:7468F30000</MediaTimePoint>
<MediaDuration>PT00H00M03S9099N30000F</MediaDuration>
</MediaTime>
<TemporalDecomposition>
<VideoSegment id="shot151_126_RKF">
<MediaTime>
<MediaTimePoint>T00:16:24:26517F30000</MediaTimePoint>
</MediaTime>
</VideoSegment>
</TemporalDecomposition>
</VideoSegment>
<VideoSegment id="shot151_127">
<MediaTime>
<MediaTimePoint>T00:16:26:16567F30000</MediaTimePoint>
<MediaDuration>PT00H00M03S27117N30000F</MediaDuration>
</MediaTime>
<TemporalDecomposition>
<VideoSegment id="shot151_127_NRKF_1">
<MediaTime>
<MediaTimePoint>T00:16:27:13594F30000</MediaTimePoint>
</MediaTime>
</VideoSegment>
<VideoSegment id="shot151_127_RKF">
<MediaTime>
<MediaTimePoint>T00:16:28:14625F30000</MediaTimePoint>
</MediaTime>
</VideoSegment>
<VideoSegment id="shot151_127_NRKF_2">
<MediaTime>
<MediaTimePoint>T00:16:29:11652F30000</MediaTimePoint>
</MediaTime>
</VideoSegment>
</TemporalDecomposition>
</VideoSegment>
<VideoSegment id="shot151_128">
<MediaTime>
<MediaTimePoint>T00:16:30:13684F30000</MediaTimePoint>
<MediaDuration>PT00H00M03S6096N30000F</MediaDuration>
</MediaTime>
<TemporalDecomposition>
<VideoSegment id="shot151_128_RKF">
<MediaTime>
<MediaTimePoint>T00:16:32:731F30000</MediaTimePoint>
</MediaTime>
</VideoSegment>
</TemporalDecomposition>
</VideoSegment>
<VideoSegment id="shot151_129">
<MediaTime>
<MediaTimePoint>T00:16:33:19780F30000</MediaTimePoint>
<MediaDuration>PT00H00M07S10220N30000F</MediaDuration>
</MediaTime>
<TemporalDecomposition>
<VideoSegment id="shot151_129_NRKF_1">
<MediaTime>
<MediaTimePoint>T00:16:34:9800F30000</MediaTimePoint>
</MediaTime>
</VideoSegment>
<VideoSegment id="shot151_129_RKF">
<MediaTime>
<MediaTimePoint>T00:16:37:8889F30000</MediaTimePoint>
</MediaTime>
</VideoSegment>
<VideoSegment id="shot151_129_NRKF_2">
<MediaTime>
<MediaTimePoint>T00:16:37:29910F30000</MediaTimePoint>
</MediaTime>
</VideoSegment>
</TemporalDecomposition>
</VideoSegment>
<VideoSegment id="shot151_130">
<MediaTime>
<MediaTimePoint>T00:16:41:0F30000</MediaTimePoint>
<MediaDuration>PT00H00M05S24174N30000F</MediaDuration>
</MediaTime>
<TemporalDecomposition>
<VideoSegment id="shot151_130_RKF">
<MediaTime>
<MediaTimePoint>T00:16:43:26086F30000</MediaTimePoint>
</MediaTime>
</VideoSegment>
</TemporalDecomposition>
</VideoSegment>
<VideoSegment id="shot151_131">
<MediaTime>
<MediaTimePoint>T00:16:46:24174F30000</MediaTimePoint>
<MediaDuration>PT00H00M38S28167N30000F</MediaDuration>
</MediaTime>
<TemporalDecomposition>
<VideoSegment id="shot151_131_NRKF_1">
<MediaTime>
<MediaTimePoint>T00:16:47:22202F30000</MediaTimePoint>
</MediaTime>
</VideoSegment>
<VideoSegment id="shot151_131_RKF">
<MediaTime>
<MediaTimePoint>T00:17:06:7757F30000</MediaTimePoint>
</MediaTime>
</VideoSegment>
<VideoSegment id="shot151_131_NRKF_2">
<MediaTime>
<MediaTimePoint>T00:17:07:5785F30000</MediaTimePoint>
</MediaTime>
</VideoSegment>
</TemporalDecomposition>
</VideoSegment>
<VideoSegment id="shot151_132">
<MediaTime>
<MediaTimePoint>T00:17:25:22341F30000</MediaTimePoint>
<MediaDuration>PT00H00M22S5665N30000F</MediaDuration>
</MediaTime>
<TemporalDecomposition>
<VideoSegment id="shot151_132_RKF">
<MediaTime>
<MediaTimePoint>T00:17:36:24673F30000</MediaTimePoint>
</MediaTime>
</VideoSegment>
</TemporalDecomposition>
</VideoSegment>
<VideoSegment id="shot151_133">
<MediaTime>
<MediaTimePoint>T00:17:47:28006F30000</MediaTimePoint>
<MediaDuration>PT00H00M04S24144N30000F</MediaDuration>
</MediaTime>
<TemporalDecomposition>
<VideoSegment id="shot151_133_RKF">
<MediaTime>
<MediaTimePoint>T00:17:50:9077F30000</MediaTimePoint>
</MediaTime>
</VideoSegment>
</TemporalDecomposition>
</VideoSegment>
<VideoSegment id="shot151_134">
<MediaTime>
<MediaTimePoint>T00:17:52:22150F30000</MediaTimePoint>
<MediaDuration>PT00H00M02S16076N30000F</MediaDuration>
</MediaTime>
<TemporalDecomposition>
<VideoSegment id="shot151_134_RKF">
<MediaTime>
<MediaTimePoint>T00:17:53:29187F30000</MediaTimePoint>
</MediaTime>
</VideoSegment>
</TemporalDecomposition>
</VideoSegment>
<VideoSegment id="shot151_135">
<MediaTime>
<MediaTimePoint>T00:17:55:8226F30000</MediaTimePoint>
<MediaDuration>PT00H00M11S13343N30000F</MediaDuration>
</MediaTime>
<TemporalDecomposition>
<VideoSegment id="shot151_135_RKF">
<MediaTime>
<MediaTimePoint>T00:18:00:29397F30000</MediaTimePoint>
</MediaTime>
</VideoSegment>
</TemporalDecomposition>
</VideoSegment>
<VideoSegment id="shot151_136">
<MediaTime>
<MediaTimePoint>T00:18:06:21569F30000</MediaTimePoint>
<MediaDuration>PT00H00M05S2152N30000F</MediaDuration>
</MediaTime>
<TemporalDecomposition>
<VideoSegment id="shot151_136_NRKF_1">
<MediaTime>
<MediaTimePoint>T00:18:07:16594F30000</MediaTimePoint>
</MediaTime>
</VideoSegment>
<VideoSegment id="shot151_136_RKF">
<MediaTime>
<MediaTimePoint>T00:18:09:6644F30000</MediaTimePoint>
</MediaTime>
</VideoSegment>
<VideoSegment id="shot151_136_NRKF_2">
<MediaTime>
<MediaTimePoint>T00:18:10:2670F30000</MediaTimePoint>
</MediaTime>
</VideoSegment>
</TemporalDecomposition>
</VideoSegment>
<VideoSegment id="shot151_137">
<MediaTime>
<MediaTimePoint>T00:18:11:23721F30000</MediaTimePoint>
<MediaDuration>PT00H00M09S20290N30000F</MediaDuration>
</MediaTime>
<TemporalDecomposition>
<VideoSegment id="shot151_137_RKF">
<MediaTime>
<MediaTimePoint>T00:18:16:17865F30000</MediaTimePoint>
</MediaTime>
</VideoSegment>
</TemporalDecomposition>
</VideoSegment>
<VideoSegment id="shot151_138">
<MediaTime>
<MediaTimePoint>T00:18:21:14011F30000</MediaTimePoint>
<MediaDuration>PT00H00M06S19199N30000F</MediaDuration>
</MediaTime>
<TemporalDecomposition>
<VideoSegment id="shot151_138_RKF">
<MediaTime>
<MediaTimePoint>T00:18:24:23110F30000</MediaTimePoint>
</MediaTime>
</VideoSegment>
</TemporalDecomposition>
</VideoSegment>
<VideoSegment id="shot151_139">
<MediaTime>
<MediaTimePoint>T00:18:28:3210F30000</MediaTimePoint>
<MediaDuration>PT00H00M02S29089N30000F</MediaDuration>
</MediaTime>
<TemporalDecomposition>
<VideoSegment id="shot151_139_RKF">
<MediaTime>
<MediaTimePoint>T00:18:29:17254F30000</MediaTimePoint>
</MediaTime>
</VideoSegment>
</TemporalDecomposition>
</VideoSegment>
<VideoSegment id="shot151_140">
<MediaTime>
<MediaTimePoint>T00:18:31:2299F30000</MediaTimePoint>
<MediaDuration>PT00H00M08S13253N30000F</MediaDuration>
</MediaTime>
<TemporalDecomposition>
<VideoSegment id="shot151_140_RKF">
<MediaTime>
<MediaTimePoint>T00:18:35:8425F30000</MediaTimePoint>
</MediaTime>
</VideoSegment>
</TemporalDecomposition>
</VideoSegment>
<VideoSegment id="shot151_141">
<MediaTime>
<MediaTimePoint>T00:18:39:15552F30000</MediaTimePoint>
<MediaDuration>PT00H00M04S10130N30000F</MediaDuration>
</MediaTime>
<TemporalDecomposition>
<VideoSegment id="shot151_141_NRKF_1">
<MediaTime>
<MediaTimePoint>T00:18:40:14581F30000</MediaTimePoint>
</MediaTime>
</VideoSegment>
<VideoSegment id="shot151_141_RKF">
<MediaTime>
<MediaTimePoint>T00:18:41:19616F30000</MediaTimePoint>
</MediaTime>
</VideoSegment>
<VideoSegment id="shot151_141_NRKF_2">
<MediaTime>
<MediaTimePoint>T00:18:42:19646F30000</MediaTimePoint>
</MediaTime>
</VideoSegment>
</TemporalDecomposition>
</VideoSegment>
<VideoSegment id="shot151_142">
<MediaTime>
<MediaTimePoint>T00:18:43:25682F30000</MediaTimePoint>
<MediaDuration>PT00H00M06S6186N30000F</MediaDuration>
</MediaTime>
<TemporalDecomposition>
<VideoSegment id="shot151_142_RKF">
<MediaTime>
<MediaTimePoint>T00:18:46:27774F30000</MediaTimePoint>
</MediaTime>
</VideoSegment>
</TemporalDecomposition>
</VideoSegment>
<VideoSegment id="shot151_143">
<MediaTime>
<MediaTimePoint>T00:18:50:1868F30000</MediaTimePoint>
<MediaDuration>PT00H00M09S19289N30000F</MediaDuration>
</MediaTime>
<TemporalDecomposition>
<VideoSegment id="shot151_143_NRKF_1">
<MediaTime>
<MediaTimePoint>T00:18:50:13880F30000</MediaTimePoint>
</MediaTime>
</VideoSegment>
<VideoSegment id="shot151_143_RKF">
<MediaTime>
<MediaTimePoint>T00:18:54:26012F30000</MediaTimePoint>
</MediaTime>
</VideoSegment>
<VideoSegment id="shot151_143_NRKF_2">
<MediaTime>
<MediaTimePoint>T00:18:55:8024F30000</MediaTimePoint>
</MediaTime>
</VideoSegment>
</TemporalDecomposition>
</VideoSegment>
<VideoSegment id="shot151_144">
<MediaTime>
<MediaTimePoint>T00:18:59:21157F30000</MediaTimePoint>
<MediaDuration>PT00H00M03S1091N30000F</MediaDuration>
</MediaTime>
<TemporalDecomposition>
<VideoSegment id="shot151_144_RKF">
<MediaTime>
<MediaTimePoint>T00:19:01:6202F30000</MediaTimePoint>
</MediaTime>
</VideoSegment>
</TemporalDecomposition>
</VideoSegment>
<VideoSegment id="shot151_145">
<MediaTime>
<MediaTimePoint>T00:19:02:22248F30000</MediaTimePoint>
<MediaDuration>PT00H00M03S29119N30000F</MediaDuration>
</MediaTime>
<TemporalDecomposition>
<VideoSegment id="shot151_145_RKF">
<MediaTime>
<MediaTimePoint>T00:19:04:21307F30000</MediaTimePoint>
</MediaTime>
</VideoSegment>
</TemporalDecomposition>
</VideoSegment>
<VideoSegment id="shot151_146">
<MediaTime>
<MediaTimePoint>T00:19:06:21367F30000</MediaTimePoint>
<MediaDuration>PT00H00M04S2122N30000F</MediaDuration>
</MediaTime>
<TemporalDecomposition>
<VideoSegment id="shot151_146_RKF">
<MediaTime>
<MediaTimePoint>T00:19:08:21427F30000</MediaTimePoint>
</MediaTime>
</VideoSegment>
</TemporalDecomposition>
</VideoSegment>
<VideoSegment id="shot151_147">
<MediaTime>
<MediaTimePoint>T00:19:10:23489F30000</MediaTimePoint>
<MediaDuration>PT00H00M04S15135N30000F</MediaDuration>
</MediaTime>
<TemporalDecomposition>
<VideoSegment id="shot151_147_RKF">
<MediaTime>
<MediaTimePoint>T00:19:13:556F30000</MediaTimePoint>
</MediaTime>
</VideoSegment>
</TemporalDecomposition>
</VideoSegment>
<VideoSegment id="shot151_148">
<MediaTime>
<MediaTimePoint>T00:19:15:8624F30000</MediaTimePoint>
<MediaDuration>PT00H00M03S9099N30000F</MediaDuration>
</MediaTime>
<TemporalDecomposition>
<VideoSegment id="shot151_148_RKF">
<MediaTime>
<MediaTimePoint>T00:19:16:27673F30000</MediaTimePoint>
</MediaTime>
</VideoSegment>
</TemporalDecomposition>
</VideoSegment>
<VideoSegment id="shot151_149">
<MediaTime>
<MediaTimePoint>T00:19:18:17723F30000</MediaTimePoint>
<MediaDuration>PT00H00M02S21081N30000F</MediaDuration>
</MediaTime>
<TemporalDecomposition>
<VideoSegment id="shot151_149_RKF">
<MediaTime>
<MediaTimePoint>T00:19:19:27763F30000</MediaTimePoint>
</MediaTime>
</VideoSegment>
</TemporalDecomposition>
</VideoSegment>
<VideoSegment id="shot151_150">
<MediaTime>
<MediaTimePoint>T00:19:21:8804F30000</MediaTimePoint>
<MediaDuration>PT00H00M13S17407N30000F</MediaDuration>
</MediaTime>
<TemporalDecomposition>
<VideoSegment id="shot151_150_RKF">
<MediaTime>
<MediaTimePoint>T00:19:28:2007F30000</MediaTimePoint>
</MediaTime>
</VideoSegment>
</TemporalDecomposition>
</VideoSegment>
<VideoSegment id="shot151_151">
<MediaTime>
<MediaTimePoint>T00:19:34:26211F30000</MediaTimePoint>
<MediaDuration>PT00H00M07S17227N30000F</MediaDuration>
</MediaTime>
<TemporalDecomposition>
<VideoSegment id="shot151_151_RKF">
<MediaTime>
<MediaTimePoint>T00:19:38:19324F30000</MediaTimePoint>
</MediaTime>
</VideoSegment>
</TemporalDecomposition>
</VideoSegment>
<VideoSegment id="shot151_152">
<MediaTime>
<MediaTimePoint>T00:19:42:13438F30000</MediaTimePoint>
<MediaDuration>PT00H00M04S13133N30000F</MediaDuration>
</MediaTime>
<TemporalDecomposition>
<VideoSegment id="shot151_152_RKF">
<MediaTime>
<MediaTimePoint>T00:19:44:19504F30000</MediaTimePoint>
</MediaTime>
</VideoSegment>
</TemporalDecomposition>
</VideoSegment>
<VideoSegment id="shot151_153">
<MediaTime>
<MediaTimePoint>T00:19:46:26571F30000</MediaTimePoint>
<MediaDuration>PT00H00M06S3183N30000F</MediaDuration>
</MediaTime>
<TemporalDecomposition>
<VideoSegment id="shot151_153_NRKF_1">
<MediaTime>
<MediaTimePoint>T00:19:47:18593F30000</MediaTimePoint>
</MediaTime>
</VideoSegment>
<VideoSegment id="shot151_153_RKF">
<MediaTime>
<MediaTimePoint>T00:19:49:27662F30000</MediaTimePoint>
</MediaTime>
</VideoSegment>
<VideoSegment id="shot151_153_NRKF_2">
<MediaTime>
<MediaTimePoint>T00:19:50:20685F30000</MediaTimePoint>
</MediaTime>
</VideoSegment>
</TemporalDecomposition>
</VideoSegment>
<VideoSegment id="shot151_154">
<MediaTime>
<MediaTimePoint>T00:19:52:29754F30000</MediaTimePoint>
<MediaDuration>PT00H00M04S13133N30000F</MediaDuration>
</MediaTime>
<TemporalDecomposition>
<VideoSegment id="shot151_154_RKF">
<MediaTime>
<MediaTimePoint>T00:19:55:5820F30000</MediaTimePoint>
</MediaTime>
</VideoSegment>
</TemporalDecomposition>
</VideoSegment>
<VideoSegment id="shot151_155">
<MediaTime>
<MediaTimePoint>T00:19:57:12887F30000</MediaTimePoint>
<MediaDuration>PT00H00M02S18078N30000F</MediaDuration>
</MediaTime>
<TemporalDecomposition>
<VideoSegment id="shot151_155_RKF">
<MediaTime>
<MediaTimePoint>T00:19:58:20925F30000</MediaTimePoint>
</MediaTime>
</VideoSegment>
</TemporalDecomposition>
</VideoSegment>
<VideoSegment id="shot151_156">
<MediaTime>
<MediaTimePoint>T00:20:00:965F30000</MediaTimePoint>
<MediaDuration>PT00H00M07S5215N30000F</MediaDuration>
</MediaTime>
<TemporalDecomposition>
<VideoSegment id="shot151_156_RKF">
<MediaTime>
<MediaTimePoint>T00:20:03:18072F30000</MediaTimePoint>
</MediaTime>
</VideoSegment>
</TemporalDecomposition>
</VideoSegment>
<VideoSegment id="shot151_157">
<MediaTime>
<MediaTimePoint>T00:20:07:6180F30000</MediaTimePoint>
<MediaDuration>PT00H00M03S25115N30000F</MediaDuration>
</MediaTime>
<TemporalDecomposition>
<VideoSegment id="shot151_157_RKF">
<MediaTime>
<MediaTimePoint>T00:20:09:3237F30000</MediaTimePoint>
</MediaTime>
</VideoSegment>
</TemporalDecomposition>
</VideoSegment>
<VideoSegment id="shot151_158">
<MediaTime>
<MediaTimePoint>T00:20:11:1295F30000</MediaTimePoint>
<MediaDuration>PT00H00M08S27267N30000F</MediaDuration>
</MediaTime>
<TemporalDecomposition>
<VideoSegment id="shot151_158_RKF">
<MediaTime>
<MediaTimePoint>T00:20:15:14428F30000</MediaTimePoint>
</MediaTime>
</VideoSegment>
</TemporalDecomposition>
</VideoSegment>
<VideoSegment id="shot151_159">
<MediaTime>
<MediaTimePoint>T00:20:19:28562F30000</MediaTimePoint>
<MediaDuration>PT00H00M04S17137N30000F</MediaDuration>
</MediaTime>
<TemporalDecomposition>
<VideoSegment id="shot151_159_NRKF_1">
<MediaTime>
<MediaTimePoint>T00:20:20:25589F30000</MediaTimePoint>
</MediaTime>
</VideoSegment>
<VideoSegment id="shot151_159_RKF">
<MediaTime>
<MediaTimePoint>T00:20:22:6630F30000</MediaTimePoint>
</MediaTime>
</VideoSegment>
<VideoSegment id="shot151_159_NRKF_2">
<MediaTime>
<MediaTimePoint>T00:20:23:4658F30000</MediaTimePoint>
</MediaTime>
</VideoSegment>
</TemporalDecomposition>
</VideoSegment>
<VideoSegment id="shot151_160">
<MediaTime>
<MediaTimePoint>T00:20:24:15699F30000</MediaTimePoint>
<MediaDuration>PT00H00M03S22112N30000F</MediaDuration>
</MediaTime>
<TemporalDecomposition>
<VideoSegment id="shot151_160_RKF">
<MediaTime>
<MediaTimePoint>T00:20:26:10754F30000</MediaTimePoint>
</MediaTime>
</VideoSegment>
</TemporalDecomposition>
</VideoSegment>
<VideoSegment id="shot151_161">
<MediaTime>
<MediaTimePoint>T00:20:28:7811F30000</MediaTimePoint>
<MediaDuration>PT00H00M02S11071N30000F</MediaDuration>
</MediaTime>
<TemporalDecomposition>
<VideoSegment id="shot151_161_NRKF_1">
<MediaTime>
<MediaTimePoint>T00:20:28:22826F30000</MediaTimePoint>
</MediaTime>
</VideoSegment>
<VideoSegment id="shot151_161_RKF">
<MediaTime>
<MediaTimePoint>T00:20:29:12846F30000</MediaTimePoint>
</MediaTime>
</VideoSegment>
<VideoSegment id="shot151_161_NRKF_2">
<MediaTime>
<MediaTimePoint>T00:20:29:28862F30000</MediaTimePoint>
</MediaTime>
</VideoSegment>
</TemporalDecomposition>
</VideoSegment>
<VideoSegment id="shot151_162">
<MediaTime>
<MediaTimePoint>T00:20:30:18882F30000</MediaTimePoint>
<MediaDuration>PT00H00M04S4124N30000F</MediaDuration>
</MediaTime>
<TemporalDecomposition>
<VideoSegment id="shot151_162_NRKF_1">
<MediaTime>
<MediaTimePoint>T00:20:31:15909F30000</MediaTimePoint>
</MediaTime>
</VideoSegment>
<VideoSegment id="shot151_162_RKF">
<MediaTime>
<MediaTimePoint>T00:20:32:19943F30000</MediaTimePoint>
</MediaTime>
</VideoSegment>
<VideoSegment id="shot151_162_NRKF_2">
<MediaTime>
<MediaTimePoint>T00:20:33:17971F30000</MediaTimePoint>
</MediaTime>
</VideoSegment>
</TemporalDecomposition>
</VideoSegment>
<VideoSegment id="shot151_163">
<MediaTime>
<MediaTimePoint>T00:20:34:23006F30000</MediaTimePoint>
<MediaDuration>PT00H00M21S27657N30000F</MediaDuration>
</MediaTime>
<TemporalDecomposition>
<VideoSegment id="shot151_163_RKF">
<MediaTime>
<MediaTimePoint>T00:20:45:21334F30000</MediaTimePoint>
</MediaTime>
</VideoSegment>
</TemporalDecomposition>
</VideoSegment>
<VideoSegment id="shot151_164">
<MediaTime>
<MediaTimePoint>T00:20:56:20663F30000</MediaTimePoint>
<MediaDuration>PT00H00M03S12102N30000F</MediaDuration>
</MediaTime>
<TemporalDecomposition>
<VideoSegment id="shot151_164_RKF">
<MediaTime>
<MediaTimePoint>T00:20:58:10713F30000</MediaTimePoint>
</MediaTime>
</VideoSegment>
</TemporalDecomposition>
</VideoSegment>
<VideoSegment id="shot151_165">
<MediaTime>
<MediaTimePoint>T00:21:00:2765F30000</MediaTimePoint>
<MediaDuration>PT00H00M41S24253N30000F</MediaDuration>
</MediaTime>
<TemporalDecomposition>
<VideoSegment id="shot151_165_RKF">
<MediaTime>
<MediaTimePoint>T00:21:20:29391F30000</MediaTimePoint>
</MediaTime>
</VideoSegment>
</TemporalDecomposition>
</VideoSegment>
<VideoSegment id="shot151_166">
<MediaTime>
<MediaTimePoint>T00:21:41:27018F30000</MediaTimePoint>
<MediaDuration>PT00H00M05S7157N30000F</MediaDuration>
</MediaTime>
<TemporalDecomposition>
<VideoSegment id="shot151_166_RKF">
<MediaTime>
<MediaTimePoint>T00:21:44:15096F30000</MediaTimePoint>
</MediaTime>
</VideoSegment>
</TemporalDecomposition>
</VideoSegment>
<VideoSegment id="shot151_167">
<MediaTime>
<MediaTimePoint>T00:21:47:4175F30000</MediaTimePoint>
<MediaDuration>PT00H00M08S6246N30000F</MediaDuration>
</MediaTime>
<TemporalDecomposition>
<VideoSegment id="shot151_167_RKF">
<MediaTime>
<MediaTimePoint>T00:21:51:6297F30000</MediaTimePoint>
</MediaTime>
</VideoSegment>
</TemporalDecomposition>
</VideoSegment>
<VideoSegment id="shot151_168">
<MediaTime>
<MediaTimePoint>T00:21:55:10421F30000</MediaTimePoint>
<MediaDuration>PT00H00M22S5665N30000F</MediaDuration>
</MediaTime>
<TemporalDecomposition>
<VideoSegment id="shot151_168_RKF">
<MediaTime>
<MediaTimePoint>T00:22:06:12753F30000</MediaTimePoint>
</MediaTime>
</VideoSegment>
</TemporalDecomposition>
</VideoSegment>
<VideoSegment id="shot151_169">
<MediaTime>
<MediaTimePoint>T00:22:17:16086F30000</MediaTimePoint>
<MediaDuration>PT00H00M09S12282N30000F</MediaDuration>
</MediaTime>
<TemporalDecomposition>
<VideoSegment id="shot151_169_RKF">
<MediaTime>
<MediaTimePoint>T00:22:22:6226F30000</MediaTimePoint>
</MediaTime>
</VideoSegment>
</TemporalDecomposition>
</VideoSegment>
<VideoSegment id="shot151_170">
<MediaTime>
<MediaTimePoint>T00:22:26:28368F30000</MediaTimePoint>
<MediaDuration>PT00H00M10S5305N30000F</MediaDuration>
</MediaTime>
<TemporalDecomposition>
<VideoSegment id="shot151_170_RKF">
<MediaTime>
<MediaTimePoint>T00:22:32:520F30000</MediaTimePoint>
</MediaTime>
</VideoSegment>
</TemporalDecomposition>
</VideoSegment>
<VideoSegment id="shot151_171">
<MediaTime>
<MediaTimePoint>T00:22:37:3673F30000</MediaTimePoint>
<MediaDuration>PT00H00M13S17407N30000F</MediaDuration>
</MediaTime>
<TemporalDecomposition>
<VideoSegment id="shot151_171_RKF">
<MediaTime>
<MediaTimePoint>T00:22:43:26876F30000</MediaTimePoint>
</MediaTime>
</VideoSegment>
</TemporalDecomposition>
</VideoSegment>
<VideoSegment id="shot151_172">
<MediaTime>
<MediaTimePoint>T00:22:50:21080F30000</MediaTimePoint>
<MediaDuration>PT00H00M03S13103N30000F</MediaDuration>
</MediaTime>
<TemporalDecomposition>
<VideoSegment id="shot151_172_NRKF_1">
<MediaTime>
<MediaTimePoint>T00:22:51:9098F30000</MediaTimePoint>
</MediaTime>
</VideoSegment>
<VideoSegment id="shot151_172_RKF">
<MediaTime>
<MediaTimePoint>T00:22:52:12131F30000</MediaTimePoint>
</MediaTime>
</VideoSegment>
<VideoSegment id="shot151_172_NRKF_2">
<MediaTime>
<MediaTimePoint>T00:22:53:1150F30000</MediaTimePoint>
</MediaTime>
</VideoSegment>
</TemporalDecomposition>
</VideoSegment>
<VideoSegment id="shot151_173">
<MediaTime>
<MediaTimePoint>T00:22:54:4183F30000</MediaTimePoint>
<MediaDuration>PT00H00M05S18168N30000F</MediaDuration>
</MediaTime>
<TemporalDecomposition>
<VideoSegment id="shot151_173_RKF">
<MediaTime>
<MediaTimePoint>T00:22:56:27266F30000</MediaTimePoint>
</MediaTime>
</VideoSegment>
</TemporalDecomposition>
</VideoSegment>
<VideoSegment id="shot151_174">
<MediaTime>
<MediaTimePoint>T00:22:59:22351F30000</MediaTimePoint>
<MediaDuration>PT00H00M06S13193N30000F</MediaDuration>
</MediaTime>
<TemporalDecomposition>
<VideoSegment id="shot151_174_RKF">
<MediaTime>
<MediaTimePoint>T00:23:02:28447F30000</MediaTimePoint>
</MediaTime>
</VideoSegment>
</TemporalDecomposition>
</VideoSegment>
<VideoSegment id="shot151_175">
<MediaTime>
<MediaTimePoint>T00:23:06:5544F30000</MediaTimePoint>
<MediaDuration>PT00H00M14S16436N30000F</MediaDuration>
</MediaTime>
<TemporalDecomposition>
<VideoSegment id="shot151_175_RKF">
<MediaTime>
<MediaTimePoint>T00:23:13:12761F30000</MediaTimePoint>
</MediaTime>
</VideoSegment>
</TemporalDecomposition>
</VideoSegment>
<VideoSegment id="shot151_176">
<MediaTime>
<MediaTimePoint>T00:23:20:21980F30000</MediaTimePoint>
<MediaDuration>PT00H00M02S7067N30000F</MediaDuration>
</MediaTime>
<TemporalDecomposition>
<VideoSegment id="shot151_176_RKF">
<MediaTime>
<MediaTimePoint>T00:23:21:25013F30000</MediaTimePoint>
</MediaTime>
</VideoSegment>
</TemporalDecomposition>
</VideoSegment>
<VideoSegment id="shot151_177">
<MediaTime>
<MediaTimePoint>T00:23:22:29047F30000</MediaTimePoint>
<MediaDuration>PT00H00M06S3183N30000F</MediaDuration>
</MediaTime>
<TemporalDecomposition>
<VideoSegment id="shot151_177_RKF">
<MediaTime>
<MediaTimePoint>T00:23:26:138F30000</MediaTimePoint>
</MediaTime>
</VideoSegment>
</TemporalDecomposition>
</VideoSegment>
<VideoSegment id="shot151_178">
<MediaTime>
<MediaTimePoint>T00:23:29:2230F30000</MediaTimePoint>
<MediaDuration>PT00H00M11S20350N30000F</MediaDuration>
</MediaTime>
<TemporalDecomposition>
<VideoSegment id="shot151_178_RKF">
<MediaTime>
<MediaTimePoint>T00:23:34:26404F30000</MediaTimePoint>
</MediaTime>
</VideoSegment>
</TemporalDecomposition>
</VideoSegment>
<VideoSegment id="shot151_179">
<MediaTime>
<MediaTimePoint>T00:23:40:22580F30000</MediaTimePoint>
<MediaDuration>PT00H00M12S2362N30000F</MediaDuration>
</MediaTime>
<TemporalDecomposition>
<VideoSegment id="shot151_179_RKF">
<MediaTime>
<MediaTimePoint>T00:23:46:22760F30000</MediaTimePoint>
</MediaTime>
</VideoSegment>
</TemporalDecomposition>
</VideoSegment>
<VideoSegment id="shot151_180">
<MediaTime>
<MediaTimePoint>T00:23:52:24942F30000</MediaTimePoint>
<MediaDuration>PT00H00M02S25085N30000F</MediaDuration>
</MediaTime>
<TemporalDecomposition>
<VideoSegment id="shot151_180_RKF">
<MediaTime>
<MediaTimePoint>T00:23:54:6984F30000</MediaTimePoint>
</MediaTime>
</VideoSegment>
</TemporalDecomposition>
</VideoSegment>
<VideoSegment id="shot151_181">
<MediaTime>
<MediaTimePoint>T00:23:55:20027F30000</MediaTimePoint>
<MediaDuration>PT00H00M02S9069N30000F</MediaDuration>
</MediaTime>
<TemporalDecomposition>
<VideoSegment id="shot151_181_RKF">
<MediaTime>
<MediaTimePoint>T00:23:56:24061F30000</MediaTimePoint>
</MediaTime>
</VideoSegment>
</TemporalDecomposition>
</VideoSegment>
<VideoSegment id="shot151_182">
<MediaTime>
<MediaTimePoint>T00:23:57:29096F30000</MediaTimePoint>
<MediaDuration>PT00H00M02S19079N30000F</MediaDuration>
</MediaTime>
<TemporalDecomposition>
<VideoSegment id="shot151_182_RKF">
<MediaTime>
<MediaTimePoint>T00:23:59:8135F30000</MediaTimePoint>
</MediaTime>
</VideoSegment>
</TemporalDecomposition>
</VideoSegment>
<VideoSegment id="shot151_183">
<MediaTime>
<MediaTimePoint>T00:24:00:18175F30000</MediaTimePoint>
<MediaDuration>PT00H00M03S22112N30000F</MediaDuration>
</MediaTime>
<TemporalDecomposition>
<VideoSegment id="shot151_183_RKF">
<MediaTime>
<MediaTimePoint>T00:24:02:13230F30000</MediaTimePoint>
</MediaTime>
</VideoSegment>
</TemporalDecomposition>
</VideoSegment>
<VideoSegment id="shot151_184">
<MediaTime>
<MediaTimePoint>T00:24:04:10287F30000</MediaTimePoint>
<MediaDuration>PT00H00M04S10130N30000F</MediaDuration>
</MediaTime>
<TemporalDecomposition>
<VideoSegment id="shot151_184_RKF">
<MediaTime>
<MediaTimePoint>T00:24:06:14351F30000</MediaTimePoint>
</MediaTime>
</VideoSegment>
</TemporalDecomposition>
</VideoSegment>
<VideoSegment id="shot151_185">
<MediaTime>
<MediaTimePoint>T00:24:08:20417F30000</MediaTimePoint>
<MediaDuration>PT00H00M04S3123N30000F</MediaDuration>
</MediaTime>
<TemporalDecomposition>
<VideoSegment id="shot151_185_RKF">
<MediaTime>
<MediaTimePoint>T00:24:10:21478F30000</MediaTimePoint>
</MediaTime>
</VideoSegment>
</TemporalDecomposition>
</VideoSegment>
<VideoSegment id="shot151_186">
<MediaTime>
<MediaTimePoint>T00:24:12:23540F30000</MediaTimePoint>
<MediaDuration>PT00H00M04S11131N30000F</MediaDuration>
</MediaTime>
<TemporalDecomposition>
<VideoSegment id="shot151_186_RKF">
<MediaTime>
<MediaTimePoint>T00:24:14:28605F30000</MediaTimePoint>
</MediaTime>
</VideoSegment>
</TemporalDecomposition>
</VideoSegment>
<VideoSegment id="shot151_187">
<MediaTime>
<MediaTimePoint>T00:24:17:4671F30000</MediaTimePoint>
<MediaDuration>PT00H00M10S24324N30000F</MediaDuration>
</MediaTime>
<TemporalDecomposition>
<VideoSegment id="shot151_187_RKF">
<MediaTime>
<MediaTimePoint>T00:24:22:15832F30000</MediaTimePoint>
</MediaTime>
</VideoSegment>
</TemporalDecomposition>
</VideoSegment>
<VideoSegment id="shot151_188">
<MediaTime>
<MediaTimePoint>T00:24:27:28995F30000</MediaTimePoint>
<MediaDuration>PT00H00M05S1151N30000F</MediaDuration>
</MediaTime>
<TemporalDecomposition>
<VideoSegment id="shot151_188_RKF">
<MediaTime>
<MediaTimePoint>T00:24:30:14070F30000</MediaTimePoint>
</MediaTime>
</VideoSegment>
</TemporalDecomposition>
</VideoSegment>
<VideoSegment id="shot151_189">
<MediaTime>
<MediaTimePoint>T00:24:33:146F30000</MediaTimePoint>
<MediaDuration>PT00H00M05S28178N30000F</MediaDuration>
</MediaTime>
<TemporalDecomposition>
<VideoSegment id="shot151_189_RKF">
<MediaTime>
<MediaTimePoint>T00:24:35:28234F30000</MediaTimePoint>
</MediaTime>
</VideoSegment>
</TemporalDecomposition>
</VideoSegment>
<VideoSegment id="shot151_190">
<MediaTime>
<MediaTimePoint>T00:24:38:28324F30000</MediaTimePoint>
<MediaDuration>PT00H00M04S29149N30000F</MediaDuration>
</MediaTime>
<TemporalDecomposition>
<VideoSegment id="shot151_190_NRKF_1">
<MediaTime>
<MediaTimePoint>T00:24:39:26352F30000</MediaTimePoint>
</MediaTime>
</VideoSegment>
<VideoSegment id="shot151_190_RKF">
<MediaTime>
<MediaTimePoint>T00:24:41:12398F30000</MediaTimePoint>
</MediaTime>
</VideoSegment>
<VideoSegment id="shot151_190_NRKF_2">
<MediaTime>
<MediaTimePoint>T00:24:42:11427F30000</MediaTimePoint>
</MediaTime>
</VideoSegment>
</TemporalDecomposition>
</VideoSegment>
<VideoSegment id="shot151_191">
<MediaTime>
<MediaTimePoint>T00:24:43:27473F30000</MediaTimePoint>
<MediaDuration>PT00H00M03S8098N30000F</MediaDuration>
</MediaTime>
<TemporalDecomposition>
<VideoSegment id="shot151_191_RKF">
<MediaTime>
<MediaTimePoint>T00:24:45:15521F30000</MediaTimePoint>
</MediaTime>
</VideoSegment>
</TemporalDecomposition>
</VideoSegment>
<VideoSegment id="shot151_192">
<MediaTime>
<MediaTimePoint>T00:24:47:5571F30000</MediaTimePoint>
<MediaDuration>PT00H00M02S22082N30000F</MediaDuration>
</MediaTime>
<TemporalDecomposition>
<VideoSegment id="shot151_192_RKF">
<MediaTime>
<MediaTimePoint>T00:24:48:15611F30000</MediaTimePoint>
</MediaTime>
</VideoSegment>
</TemporalDecomposition>
</VideoSegment>
<VideoSegment id="shot151_193">
<MediaTime>
<MediaTimePoint>T00:24:49:27653F30000</MediaTimePoint>
<MediaDuration>PT00H00M05S16166N30000F</MediaDuration>
</MediaTime>
<TemporalDecomposition>
<VideoSegment id="shot151_193_RKF">
<MediaTime>
<MediaTimePoint>T00:24:52:19735F30000</MediaTimePoint>
</MediaTime>
</VideoSegment>
</TemporalDecomposition>
</VideoSegment>
<VideoSegment id="shot151_194">
<MediaTime>
<MediaTimePoint>T00:24:55:13819F30000</MediaTimePoint>
<MediaDuration>PT00H00M05S22172N30000F</MediaDuration>
</MediaTime>
<TemporalDecomposition>
<VideoSegment id="shot151_194_NRKF_1">
<MediaTime>
<MediaTimePoint>T00:24:55:15821F30000</MediaTimePoint>
</MediaTime>
</VideoSegment>
<VideoSegment id="shot151_194_RKF">
<MediaTime>
<MediaTimePoint>T00:24:58:8904F30000</MediaTimePoint>
</MediaTime>
</VideoSegment>
<VideoSegment id="shot151_194_NRKF_2">
<MediaTime>
<MediaTimePoint>T00:24:58:11907F30000</MediaTimePoint>
</MediaTime>
</VideoSegment>
</TemporalDecomposition>
</VideoSegment>
<VideoSegment id="shot151_195">
<MediaTime>
<MediaTimePoint>T00:25:01:5991F30000</MediaTimePoint>
<MediaDuration>PT00H00M02S18078N30000F</MediaDuration>
</MediaTime>
<TemporalDecomposition>
<VideoSegment id="shot151_195_RKF">
<MediaTime>
<MediaTimePoint>T00:25:02:14029F30000</MediaTimePoint>
</MediaTime>
</VideoSegment>
</TemporalDecomposition>
</VideoSegment>
<VideoSegment id="shot151_196">
<MediaTime>
<MediaTimePoint>T00:25:03:24069F30000</MediaTimePoint>
<MediaDuration>PT00H00M04S2122N30000F</MediaDuration>
</MediaTime>
<TemporalDecomposition>
<VideoSegment id="shot151_196_RKF">
<MediaTime>
<MediaTimePoint>T00:25:05:24129F30000</MediaTimePoint>
</MediaTime>
</VideoSegment>
</TemporalDecomposition>
</VideoSegment>
<VideoSegment id="shot151_197">
<MediaTime>
<MediaTimePoint>T00:25:07:26191F30000</MediaTimePoint>
<MediaDuration>PT00H00M04S120N30000F</MediaDuration>
</MediaTime>
<TemporalDecomposition>
<VideoSegment id="shot151_197_RKF">
<MediaTime>
<MediaTimePoint>T00:25:09:25250F30000</MediaTimePoint>
</MediaTime>
</VideoSegment>
</TemporalDecomposition>
</VideoSegment>
<VideoSegment id="shot151_198">
<MediaTime>
<MediaTimePoint>T00:25:11:26311F30000</MediaTimePoint>
<MediaDuration>PT00H00M18S21561N30000F</MediaDuration>
</MediaTime>
<TemporalDecomposition>
<VideoSegment id="shot151_198_RKF">
<MediaTime>
<MediaTimePoint>T00:25:21:6591F30000</MediaTimePoint>
</MediaTime>
</VideoSegment>
</TemporalDecomposition>
</VideoSegment>
<VideoSegment id="shot151_199">
<MediaTime>
<MediaTimePoint>T00:25:30:17872F30000</MediaTimePoint>
<MediaDuration>PT00H00M09S10280N30000F</MediaDuration>
</MediaTime>
<TemporalDecomposition>
<VideoSegment id="shot151_199_RKF">
<MediaTime>
<MediaTimePoint>T00:25:35:7011F30000</MediaTimePoint>
</MediaTime>
</VideoSegment>
</TemporalDecomposition>
</VideoSegment>
<VideoSegment id="shot151_200">
<MediaTime>
<MediaTimePoint>T00:25:39:28152F30000</MediaTimePoint>
<MediaDuration>PT00H00M24S25745N30000F</MediaDuration>
</MediaTime>
<TemporalDecomposition>
<VideoSegment id="shot151_200_RKF">
<MediaTime>
<MediaTimePoint>T00:25:52:10524F30000</MediaTimePoint>
</MediaTime>
</VideoSegment>
</TemporalDecomposition>
</VideoSegment>
<VideoSegment id="shot151_201">
<MediaTime>
<MediaTimePoint>T00:26:04:23897F30000</MediaTimePoint>
<MediaDuration>PT00H00M04S17137N30000F</MediaDuration>
</MediaTime>
<TemporalDecomposition>
<VideoSegment id="shot151_201_RKF">
<MediaTime>
<MediaTimePoint>T00:26:07:1965F30000</MediaTimePoint>
</MediaTime>
</VideoSegment>
</TemporalDecomposition>
</VideoSegment>
<VideoSegment id="shot151_202">
<MediaTime>
<MediaTimePoint>T00:26:09:11034F30000</MediaTimePoint>
<MediaDuration>PT00H00M09S9279N30000F</MediaDuration>
</MediaTime>
<TemporalDecomposition>
<VideoSegment id="shot151_202_RKF">
<MediaTime>
<MediaTimePoint>T00:26:14:173F30000</MediaTimePoint>
</MediaTime>
</VideoSegment>
</TemporalDecomposition>
</VideoSegment>
<VideoSegment id="shot151_203">
<MediaTime>
<MediaTimePoint>T00:26:18:20313F30000</MediaTimePoint>
<MediaDuration>PT00H00M15S450N30000F</MediaDuration>
</MediaTime>
<TemporalDecomposition>
<VideoSegment id="shot151_203_RKF">
<MediaTime>
<MediaTimePoint>T00:26:26:4537F30000</MediaTimePoint>
</MediaTime>
</VideoSegment>
</TemporalDecomposition>
</VideoSegment>
<VideoSegment id="shot151_204">
<MediaTime>
<MediaTimePoint>T00:26:33:20763F30000</MediaTimePoint>
<MediaDuration>PT00H00M14S420N30000F</MediaDuration>
</MediaTime>
<TemporalDecomposition>
<VideoSegment id="shot151_204_RKF">
<MediaTime>
<MediaTimePoint>T00:26:40:19972F30000</MediaTimePoint>
</MediaTime>
</VideoSegment>
</TemporalDecomposition>
</VideoSegment>
<VideoSegment id="shot151_205">
<MediaTime>
<MediaTimePoint>T00:26:47:21183F30000</MediaTimePoint>
<MediaDuration>PT00H00M33S23012N30000F</MediaDuration>
</MediaTime>
<TemporalDecomposition>
<VideoSegment id="shot151_205_NRKF_1">
<MediaTime>
<MediaTimePoint>T00:26:48:2194F30000</MediaTimePoint>
</MediaTime>
</VideoSegment>
<VideoSegment id="shot151_205_RKF">
<MediaTime>
<MediaTimePoint>T00:27:04:16688F30000</MediaTimePoint>
</MediaTime>
</VideoSegment>
<VideoSegment id="shot151_205_NRKF_2">
<MediaTime>
<MediaTimePoint>T00:27:04:28700F30000</MediaTimePoint>
</MediaTime>
</VideoSegment>
</TemporalDecomposition>
</VideoSegment>
<VideoSegment id="shot151_206">
<MediaTime>
<MediaTimePoint>T00:27:21:14195F30000</MediaTimePoint>
<MediaDuration>PT00H00M12S14374N30000F</MediaDuration>
</MediaTime>
<TemporalDecomposition>
<VideoSegment id="shot151_206_RKF">
<MediaTime>
<MediaTimePoint>T00:27:27:20381F30000</MediaTimePoint>
</MediaTime>
</VideoSegment>
</TemporalDecomposition>
</VideoSegment>
<VideoSegment id="shot151_207">
<MediaTime>
<MediaTimePoint>T00:27:33:28569F30000</MediaTimePoint>
<MediaDuration>PT00H00M03S10100N30000F</MediaDuration>
</MediaTime>
<TemporalDecomposition>
<VideoSegment id="shot151_207_RKF">
<MediaTime>
<MediaTimePoint>T00:27:35:17618F30000</MediaTimePoint>
</MediaTime>
</VideoSegment>
</TemporalDecomposition>
</VideoSegment>
<VideoSegment id="shot151_208">
<MediaTime>
<MediaTimePoint>T00:27:37:8669F30000</MediaTimePoint>
<MediaDuration>PT00H00M10S25325N30000F</MediaDuration>
</MediaTime>
<TemporalDecomposition>
<VideoSegment id="shot151_208_RKF">
<MediaTime>
<MediaTimePoint>T00:27:42:20831F30000</MediaTimePoint>
</MediaTime>
</VideoSegment>
</TemporalDecomposition>
</VideoSegment>
<VideoSegment id="shot151_209">
<MediaTime>
<MediaTimePoint>T00:27:48:3994F30000</MediaTimePoint>
<MediaDuration>PT00H00M09S9279N30000F</MediaDuration>
</MediaTime>
<TemporalDecomposition>
<VideoSegment id="shot151_209_RKF">
<MediaTime>
<MediaTimePoint>T00:27:52:23133F30000</MediaTimePoint>
</MediaTime>
</VideoSegment>
</TemporalDecomposition>
</VideoSegment>
<VideoSegment id="shot151_210">
<MediaTime>
<MediaTimePoint>T00:27:57:13273F30000</MediaTimePoint>
<MediaDuration>PT00H00M10S18318N30000F</MediaDuration>
</MediaTime>
<TemporalDecomposition>
<VideoSegment id="shot151_210_RKF">
<MediaTime>
<MediaTimePoint>T00:28:02:21431F30000</MediaTimePoint>
</MediaTime>
</VideoSegment>
</TemporalDecomposition>
</VideoSegment>
<VideoSegment id="shot151_211">
<MediaTime>
<MediaTimePoint>T00:28:08:1591F30000</MediaTimePoint>
<MediaDuration>PT00H00M05S8158N30000F</MediaDuration>
</MediaTime>
<TemporalDecomposition>
<VideoSegment id="shot151_211_RKF">
<MediaTime>
<MediaTimePoint>T00:28:10:19669F30000</MediaTimePoint>
</MediaTime>
</VideoSegment>
</TemporalDecomposition>
</VideoSegment>
<VideoSegment id="shot151_212">
<MediaTime>
<MediaTimePoint>T00:28:13:9749F30000</MediaTimePoint>
<MediaDuration>PT00H00M05S9159N30000F</MediaDuration>
</MediaTime>
<TemporalDecomposition>
<VideoSegment id="shot151_212_RKF">
<MediaTime>
<MediaTimePoint>T00:28:15:28828F30000</MediaTimePoint>
</MediaTime>
</VideoSegment>
</TemporalDecomposition>
</VideoSegment>
<VideoSegment id="shot151_213">
<MediaTime>
<MediaTimePoint>T00:28:18:18908F30000</MediaTimePoint>
<MediaDuration>PT00H00M01S11041N30000F</MediaDuration>
</MediaTime>
<TemporalDecomposition>
<VideoSegment id="shot151_213_RKF">
<MediaTime>
<MediaTimePoint>T00:28:19:8928F30000</MediaTimePoint>
</MediaTime>
</VideoSegment>
</TemporalDecomposition>
</VideoSegment>
</TemporalDecomposition>
</Video>
</MultimediaContent>
</Description>
</Mpeg7>
