<?xml version="1.0" encoding="UTF-8"?>
<Mpeg7 xmlns="urn:mpeg:mpeg7:schema:2001" xmlns:mpeg7="urn:mpeg:mpeg7:schema:2001" xmlns:xsi="http://www.w3.org/2001/XMLSchema-instance">
<Description xsi:type="ContentEntityType">
<MultimediaContent xsi:type="VideoType">
<Video id="TRECVID2005_154">
<MediaLocator>
<MediaUri>20041102_150101_CNN_LIVEFROM_ENG.mpg</MediaUri>
</MediaLocator>
<MediaTime>
<MediaTimePoint>T00:00:00:0F30000</MediaTimePoint>
<MediaDuration>PT00H27M18S29120N30000F</MediaDuration>
</MediaTime>
<TemporalDecomposition gap="false" overlap="false">
<VideoSegment id="shot154_1">
<MediaTime>
<MediaTimePoint>T00:00:00:0F30000</MediaTimePoint>
<MediaDuration>PT00H00M03S13103N30000F</MediaDuration>
</MediaTime>
<TemporalDecomposition>
<VideoSegment id="shot154_1_NRKF_1">
<MediaTime>
<MediaTimePoint>T00:00:00:25025F30000</MediaTimePoint>
</MediaTime>
</VideoSegment>
<VideoSegment id="shot154_1_RKF">
<MediaTime>
<MediaTimePoint>T00:00:01:21051F30000</MediaTimePoint>
</MediaTime>
</VideoSegment>
<VideoSegment id="shot154_1_NRKF_2">
<MediaTime>
<MediaTimePoint>T00:00:02:16076F30000</MediaTimePoint>
</MediaTime>
</VideoSegment>
</TemporalDecomposition>
</VideoSegment>
<VideoSegment id="shot154_2">
<MediaTime>
<MediaTimePoint>T00:00:03:13103F30000</MediaTimePoint>
<MediaDuration>PT00H00M02S13073N30000F</MediaDuration>
</MediaTime>
<TemporalDecomposition>
<VideoSegment id="shot154_2_NRKF_1">
<MediaTime>
<MediaTimePoint>T00:00:03:29119F30000</MediaTimePoint>
</MediaTime>
</VideoSegment>
<VideoSegment id="shot154_2_RKF">
<MediaTime>
<MediaTimePoint>T00:00:04:19139F30000</MediaTimePoint>
</MediaTime>
</VideoSegment>
<VideoSegment id="shot154_2_NRKF_2">
<MediaTime>
<MediaTimePoint>T00:00:05:6156F30000</MediaTimePoint>
</MediaTime>
</VideoSegment>
</TemporalDecomposition>
</VideoSegment>
<VideoSegment id="shot154_3">
<MediaTime>
<MediaTimePoint>T00:00:05:26176F30000</MediaTimePoint>
<MediaDuration>PT00H00M06S8188N30000F</MediaDuration>
</MediaTime>
<TemporalDecomposition>
<VideoSegment id="shot154_3_RKF">
<MediaTime>
<MediaTimePoint>T00:00:08:29269F30000</MediaTimePoint>
</MediaTime>
</VideoSegment>
</TemporalDecomposition>
</VideoSegment>
<VideoSegment id="shot154_4">
<MediaTime>
<MediaTimePoint>T00:00:12:4364F30000</MediaTimePoint>
<MediaDuration>PT00H00M05S29179N30000F</MediaDuration>
</MediaTime>
<TemporalDecomposition>
<VideoSegment id="shot154_4_NRKF_1">
<MediaTime>
<MediaTimePoint>T00:00:12:5365F30000</MediaTimePoint>
</MediaTime>
</VideoSegment>
<VideoSegment id="shot154_4_NRKF_2">
<MediaTime>
<MediaTimePoint>T00:00:12:11371F30000</MediaTimePoint>
</MediaTime>
</VideoSegment>
<VideoSegment id="shot154_4_RKF">
<MediaTime>
<MediaTimePoint>T00:00:15:3453F30000</MediaTimePoint>
</MediaTime>
</VideoSegment>
<VideoSegment id="shot154_4_NRKF_3">
<MediaTime>
<MediaTimePoint>T00:00:15:9459F30000</MediaTimePoint>
</MediaTime>
</VideoSegment>
</TemporalDecomposition>
</VideoSegment>
<VideoSegment id="shot154_5">
<MediaTime>
<MediaTimePoint>T00:00:18:3543F30000</MediaTimePoint>
<MediaDuration>PT00H00M15S25475N30000F</MediaDuration>
</MediaTime>
<TemporalDecomposition>
<VideoSegment id="shot154_5_RKF">
<MediaTime>
<MediaTimePoint>T00:00:26:780F30000</MediaTimePoint>
</MediaTime>
</VideoSegment>
</TemporalDecomposition>
</VideoSegment>
<VideoSegment id="shot154_6">
<MediaTime>
<MediaTimePoint>T00:00:33:29018F30000</MediaTimePoint>
<MediaDuration>PT00H00M13S14404N30000F</MediaDuration>
</MediaTime>
<TemporalDecomposition>
<VideoSegment id="shot154_6_RKF">
<MediaTime>
<MediaTimePoint>T00:00:40:20219F30000</MediaTimePoint>
</MediaTime>
</VideoSegment>
</TemporalDecomposition>
</VideoSegment>
<VideoSegment id="shot154_7">
<MediaTime>
<MediaTimePoint>T00:00:47:13422F30000</MediaTimePoint>
<MediaDuration>PT00H00M08S6246N30000F</MediaDuration>
</MediaTime>
<TemporalDecomposition>
<VideoSegment id="shot154_7_RKF">
<MediaTime>
<MediaTimePoint>T00:00:51:15544F30000</MediaTimePoint>
</MediaTime>
</VideoSegment>
</TemporalDecomposition>
</VideoSegment>
<VideoSegment id="shot154_8">
<MediaTime>
<MediaTimePoint>T00:00:55:19668F30000</MediaTimePoint>
<MediaDuration>PT00H00M39S28197N30000F</MediaDuration>
</MediaTime>
<TemporalDecomposition>
<VideoSegment id="shot154_8_RKF">
<MediaTime>
<MediaTimePoint>T00:01:15:18266F30000</MediaTimePoint>
</MediaTime>
</VideoSegment>
</TemporalDecomposition>
</VideoSegment>
<VideoSegment id="shot154_9">
<MediaTime>
<MediaTimePoint>T00:01:35:17865F30000</MediaTimePoint>
<MediaDuration>PT00H00M04S15135N30000F</MediaDuration>
</MediaTime>
<TemporalDecomposition>
<VideoSegment id="shot154_9_RKF">
<MediaTime>
<MediaTimePoint>T00:01:37:24932F30000</MediaTimePoint>
</MediaTime>
</VideoSegment>
</TemporalDecomposition>
</VideoSegment>
<VideoSegment id="shot154_10">
<MediaTime>
<MediaTimePoint>T00:01:40:3000F30000</MediaTimePoint>
<MediaDuration>PT00H00M05S16166N30000F</MediaDuration>
</MediaTime>
<TemporalDecomposition>
<VideoSegment id="shot154_10_NRKF_1">
<MediaTime>
<MediaTimePoint>T00:01:40:26023F30000</MediaTimePoint>
</MediaTime>
</VideoSegment>
<VideoSegment id="shot154_10_RKF">
<MediaTime>
<MediaTimePoint>T00:01:42:25082F30000</MediaTimePoint>
</MediaTime>
</VideoSegment>
<VideoSegment id="shot154_10_NRKF_2">
<MediaTime>
<MediaTimePoint>T00:01:43:19106F30000</MediaTimePoint>
</MediaTime>
</VideoSegment>
</TemporalDecomposition>
</VideoSegment>
<VideoSegment id="shot154_11">
<MediaTime>
<MediaTimePoint>T00:01:45:19166F30000</MediaTimePoint>
<MediaDuration>PT00H00M03S27117N30000F</MediaDuration>
</MediaTime>
<TemporalDecomposition>
<VideoSegment id="shot154_11_RKF">
<MediaTime>
<MediaTimePoint>T00:01:47:17224F30000</MediaTimePoint>
</MediaTime>
</VideoSegment>
</TemporalDecomposition>
</VideoSegment>
<VideoSegment id="shot154_12">
<MediaTime>
<MediaTimePoint>T00:01:49:16283F30000</MediaTimePoint>
<MediaDuration>PT00H00M03S1091N30000F</MediaDuration>
</MediaTime>
<TemporalDecomposition>
<VideoSegment id="shot154_12_RKF">
<MediaTime>
<MediaTimePoint>T00:01:51:1328F30000</MediaTimePoint>
</MediaTime>
</VideoSegment>
</TemporalDecomposition>
</VideoSegment>
<VideoSegment id="shot154_13">
<MediaTime>
<MediaTimePoint>T00:01:52:17374F30000</MediaTimePoint>
<MediaDuration>PT00H00M12S2362N30000F</MediaDuration>
</MediaTime>
<TemporalDecomposition>
<VideoSegment id="shot154_13_RKF">
<MediaTime>
<MediaTimePoint>T00:01:58:17554F30000</MediaTimePoint>
</MediaTime>
</VideoSegment>
</TemporalDecomposition>
</VideoSegment>
<VideoSegment id="shot154_14">
<MediaTime>
<MediaTimePoint>T00:02:04:19736F30000</MediaTimePoint>
<MediaDuration>PT00H00M03S13103N30000F</MediaDuration>
</MediaTime>
<TemporalDecomposition>
<VideoSegment id="shot154_14_RKF">
<MediaTime>
<MediaTimePoint>T00:02:06:10787F30000</MediaTimePoint>
</MediaTime>
</VideoSegment>
</TemporalDecomposition>
</VideoSegment>
<VideoSegment id="shot154_15">
<MediaTime>
<MediaTimePoint>T00:02:08:2839F30000</MediaTimePoint>
<MediaDuration>PT00H00M04S19139N30000F</MediaDuration>
</MediaTime>
<TemporalDecomposition>
<VideoSegment id="shot154_15_RKF">
<MediaTime>
<MediaTimePoint>T00:02:10:11908F30000</MediaTimePoint>
</MediaTime>
</VideoSegment>
</TemporalDecomposition>
</VideoSegment>
<VideoSegment id="shot154_16">
<MediaTime>
<MediaTimePoint>T00:02:12:21978F30000</MediaTimePoint>
<MediaDuration>PT00H00M04S10130N30000F</MediaDuration>
</MediaTime>
<TemporalDecomposition>
<VideoSegment id="shot154_16_RKF">
<MediaTime>
<MediaTimePoint>T00:02:14:26042F30000</MediaTimePoint>
</MediaTime>
</VideoSegment>
</TemporalDecomposition>
</VideoSegment>
<VideoSegment id="shot154_17">
<MediaTime>
<MediaTimePoint>T00:02:17:2108F30000</MediaTimePoint>
<MediaDuration>PT00H00M02S22082N30000F</MediaDuration>
</MediaTime>
<TemporalDecomposition>
<VideoSegment id="shot154_17_RKF">
<MediaTime>
<MediaTimePoint>T00:02:18:12148F30000</MediaTimePoint>
</MediaTime>
</VideoSegment>
</TemporalDecomposition>
</VideoSegment>
<VideoSegment id="shot154_18">
<MediaTime>
<MediaTimePoint>T00:02:19:24190F30000</MediaTimePoint>
<MediaDuration>PT00H00M05S10160N30000F</MediaDuration>
</MediaTime>
<TemporalDecomposition>
<VideoSegment id="shot154_18_RKF">
<MediaTime>
<MediaTimePoint>T00:02:22:13269F30000</MediaTimePoint>
</MediaTime>
</VideoSegment>
</TemporalDecomposition>
</VideoSegment>
<VideoSegment id="shot154_19">
<MediaTime>
<MediaTimePoint>T00:02:25:4350F30000</MediaTimePoint>
<MediaDuration>PT00H00M03S21111N30000F</MediaDuration>
</MediaTime>
<TemporalDecomposition>
<VideoSegment id="shot154_19_RKF">
<MediaTime>
<MediaTimePoint>T00:02:26:29405F30000</MediaTimePoint>
</MediaTime>
</VideoSegment>
</TemporalDecomposition>
</VideoSegment>
<VideoSegment id="shot154_20">
<MediaTime>
<MediaTimePoint>T00:02:28:25461F30000</MediaTimePoint>
<MediaDuration>PT00H00M04S120N30000F</MediaDuration>
</MediaTime>
<TemporalDecomposition>
<VideoSegment id="shot154_20_RKF">
<MediaTime>
<MediaTimePoint>T00:02:30:24520F30000</MediaTimePoint>
</MediaTime>
</VideoSegment>
</TemporalDecomposition>
</VideoSegment>
<VideoSegment id="shot154_21">
<MediaTime>
<MediaTimePoint>T00:02:32:25581F30000</MediaTimePoint>
<MediaDuration>PT00H00M16S22502N30000F</MediaDuration>
</MediaTime>
<TemporalDecomposition>
<VideoSegment id="shot154_21_RKF">
<MediaTime>
<MediaTimePoint>T00:02:41:5831F30000</MediaTimePoint>
</MediaTime>
</VideoSegment>
</TemporalDecomposition>
</VideoSegment>
<VideoSegment id="shot154_22">
<MediaTime>
<MediaTimePoint>T00:02:49:18083F30000</MediaTimePoint>
<MediaDuration>PT00H00M10S21321N30000F</MediaDuration>
</MediaTime>
<TemporalDecomposition>
<VideoSegment id="shot154_22_RKF">
<MediaTime>
<MediaTimePoint>T00:02:54:28243F30000</MediaTimePoint>
</MediaTime>
</VideoSegment>
</TemporalDecomposition>
</VideoSegment>
<VideoSegment id="shot154_23">
<MediaTime>
<MediaTimePoint>T00:03:00:9404F30000</MediaTimePoint>
<MediaDuration>PT00H00M02S24084N30000F</MediaDuration>
</MediaTime>
<TemporalDecomposition>
<VideoSegment id="shot154_23_RKF">
<MediaTime>
<MediaTimePoint>T00:03:01:20445F30000</MediaTimePoint>
</MediaTime>
</VideoSegment>
</TemporalDecomposition>
</VideoSegment>
<VideoSegment id="shot154_24">
<MediaTime>
<MediaTimePoint>T00:03:03:3488F30000</MediaTimePoint>
<MediaDuration>PT00H00M19S18588N30000F</MediaDuration>
</MediaTime>
<TemporalDecomposition>
<VideoSegment id="shot154_24_RKF">
<MediaTime>
<MediaTimePoint>T00:03:12:26781F30000</MediaTimePoint>
</MediaTime>
</VideoSegment>
</TemporalDecomposition>
</VideoSegment>
<VideoSegment id="shot154_25">
<MediaTime>
<MediaTimePoint>T00:03:22:22076F30000</MediaTimePoint>
<MediaDuration>PT00H00M47S20429N30000F</MediaDuration>
</MediaTime>
<TemporalDecomposition>
<VideoSegment id="shot154_25_RKF">
<MediaTime>
<MediaTimePoint>T00:03:46:16790F30000</MediaTimePoint>
</MediaTime>
</VideoSegment>
</TemporalDecomposition>
</VideoSegment>
<VideoSegment id="shot154_26">
<MediaTime>
<MediaTimePoint>T00:04:10:12505F30000</MediaTimePoint>
<MediaDuration>PT00H00M17S510N30000F</MediaDuration>
</MediaTime>
<TemporalDecomposition>
<VideoSegment id="shot154_26_RKF">
<MediaTime>
<MediaTimePoint>T00:04:18:26759F30000</MediaTimePoint>
</MediaTime>
</VideoSegment>
</TemporalDecomposition>
</VideoSegment>
<VideoSegment id="shot154_27">
<MediaTime>
<MediaTimePoint>T00:04:27:13015F30000</MediaTimePoint>
<MediaDuration>PT00H00M17S15525N30000F</MediaDuration>
</MediaTime>
<TemporalDecomposition>
<VideoSegment id="shot154_27_RKF">
<MediaTime>
<MediaTimePoint>T00:04:36:5277F30000</MediaTimePoint>
</MediaTime>
</VideoSegment>
</TemporalDecomposition>
</VideoSegment>
<VideoSegment id="shot154_28">
<MediaTime>
<MediaTimePoint>T00:04:44:28540F30000</MediaTimePoint>
<MediaDuration>PT00H00M09S3273N30000F</MediaDuration>
</MediaTime>
<TemporalDecomposition>
<VideoSegment id="shot154_28_RKF">
<MediaTime>
<MediaTimePoint>T00:04:49:14676F30000</MediaTimePoint>
</MediaTime>
</VideoSegment>
</TemporalDecomposition>
</VideoSegment>
<VideoSegment id="shot154_29">
<MediaTime>
<MediaTimePoint>T00:04:54:1813F30000</MediaTimePoint>
<MediaDuration>PT00H02M05S1748N30000F</MediaDuration>
</MediaTime>
<TemporalDecomposition>
<VideoSegment id="shot154_29_RKF">
<MediaTime>
<MediaTimePoint>T00:05:56:16686F30000</MediaTimePoint>
</MediaTime>
</VideoSegment>
</TemporalDecomposition>
</VideoSegment>
<VideoSegment id="shot154_30">
<MediaTime>
<MediaTimePoint>T00:06:59:3561F30000</MediaTimePoint>
<MediaDuration>PT00H00M19S20590N30000F</MediaDuration>
</MediaTime>
<TemporalDecomposition>
<VideoSegment id="shot154_30_RKF">
<MediaTime>
<MediaTimePoint>T00:07:08:27855F30000</MediaTimePoint>
</MediaTime>
</VideoSegment>
</TemporalDecomposition>
</VideoSegment>
<VideoSegment id="shot154_31">
<MediaTime>
<MediaTimePoint>T00:07:18:24151F30000</MediaTimePoint>
<MediaDuration>PT00H00M19S12582N30000F</MediaDuration>
</MediaTime>
<TemporalDecomposition>
<VideoSegment id="shot154_31_RKF">
<MediaTime>
<MediaTimePoint>T00:07:28:14441F30000</MediaTimePoint>
</MediaTime>
</VideoSegment>
</TemporalDecomposition>
</VideoSegment>
<VideoSegment id="shot154_32">
<MediaTime>
<MediaTimePoint>T00:07:38:6733F30000</MediaTimePoint>
<MediaDuration>PT00H00M05S18168N30000F</MediaDuration>
</MediaTime>
<TemporalDecomposition>
<VideoSegment id="shot154_32_RKF">
<MediaTime>
<MediaTimePoint>T00:07:40:29816F30000</MediaTimePoint>
</MediaTime>
</VideoSegment>
</TemporalDecomposition>
</VideoSegment>
<VideoSegment id="shot154_33">
<MediaTime>
<MediaTimePoint>T00:07:43:24901F30000</MediaTimePoint>
<MediaDuration>PT00H00M07S4214N30000F</MediaDuration>
</MediaTime>
<TemporalDecomposition>
<VideoSegment id="shot154_33_RKF">
<MediaTime>
<MediaTimePoint>T00:07:47:11007F30000</MediaTimePoint>
</MediaTime>
</VideoSegment>
</TemporalDecomposition>
</VideoSegment>
<VideoSegment id="shot154_34">
<MediaTime>
<MediaTimePoint>T00:07:50:29115F30000</MediaTimePoint>
<MediaDuration>PT00H00M22S28688N30000F</MediaDuration>
</MediaTime>
<TemporalDecomposition>
<VideoSegment id="shot154_34_RKF">
<MediaTime>
<MediaTimePoint>T00:08:02:12458F30000</MediaTimePoint>
</MediaTime>
</VideoSegment>
</TemporalDecomposition>
</VideoSegment>
<VideoSegment id="shot154_35">
<MediaTime>
<MediaTimePoint>T00:08:13:27803F30000</MediaTimePoint>
<MediaDuration>PT00H00M07S7217N30000F</MediaDuration>
</MediaTime>
<TemporalDecomposition>
<VideoSegment id="shot154_35_RKF">
<MediaTime>
<MediaTimePoint>T00:08:17:15911F30000</MediaTimePoint>
</MediaTime>
</VideoSegment>
</TemporalDecomposition>
</VideoSegment>
<VideoSegment id="shot154_36">
<MediaTime>
<MediaTimePoint>T00:08:21:5020F30000</MediaTimePoint>
<MediaDuration>PT00H00M14S12432N30000F</MediaDuration>
</MediaTime>
<TemporalDecomposition>
<VideoSegment id="shot154_36_RKF">
<MediaTime>
<MediaTimePoint>T00:08:28:10235F30000</MediaTimePoint>
</MediaTime>
</VideoSegment>
</TemporalDecomposition>
</VideoSegment>
<VideoSegment id="shot154_37">
<MediaTime>
<MediaTimePoint>T00:08:35:17452F30000</MediaTimePoint>
<MediaDuration>PT00H00M04S20140N30000F</MediaDuration>
</MediaTime>
<TemporalDecomposition>
<VideoSegment id="shot154_37_RKF">
<MediaTime>
<MediaTimePoint>T00:08:37:26521F30000</MediaTimePoint>
</MediaTime>
</VideoSegment>
</TemporalDecomposition>
</VideoSegment>
<VideoSegment id="shot154_38">
<MediaTime>
<MediaTimePoint>T00:08:40:7592F30000</MediaTimePoint>
<MediaDuration>PT00H00M02S21081N30000F</MediaDuration>
</MediaTime>
<TemporalDecomposition>
<VideoSegment id="shot154_38_RKF">
<MediaTime>
<MediaTimePoint>T00:08:41:17632F30000</MediaTimePoint>
</MediaTime>
</VideoSegment>
</TemporalDecomposition>
</VideoSegment>
<VideoSegment id="shot154_39">
<MediaTime>
<MediaTimePoint>T00:08:42:28673F30000</MediaTimePoint>
<MediaDuration>PT00H00M05S10160N30000F</MediaDuration>
</MediaTime>
<TemporalDecomposition>
<VideoSegment id="shot154_39_RKF">
<MediaTime>
<MediaTimePoint>T00:08:45:17752F30000</MediaTimePoint>
</MediaTime>
</VideoSegment>
</TemporalDecomposition>
</VideoSegment>
<VideoSegment id="shot154_40">
<MediaTime>
<MediaTimePoint>T00:08:48:8833F30000</MediaTimePoint>
<MediaDuration>PT00H00M09S28298N30000F</MediaDuration>
</MediaTime>
<TemporalDecomposition>
<VideoSegment id="shot154_40_RKF">
<MediaTime>
<MediaTimePoint>T00:08:53:6981F30000</MediaTimePoint>
</MediaTime>
</VideoSegment>
</TemporalDecomposition>
</VideoSegment>
<VideoSegment id="shot154_41">
<MediaTime>
<MediaTimePoint>T00:08:58:7131F30000</MediaTimePoint>
<MediaDuration>PT00H00M14S2422N30000F</MediaDuration>
</MediaTime>
<TemporalDecomposition>
<VideoSegment id="shot154_41_RKF">
<MediaTime>
<MediaTimePoint>T00:09:05:7341F30000</MediaTimePoint>
</MediaTime>
</VideoSegment>
</TemporalDecomposition>
</VideoSegment>
<VideoSegment id="shot154_42">
<MediaTime>
<MediaTimePoint>T00:09:12:9553F30000</MediaTimePoint>
<MediaDuration>PT00H00M03S10100N30000F</MediaDuration>
</MediaTime>
<TemporalDecomposition>
<VideoSegment id="shot154_42_RKF">
<MediaTime>
<MediaTimePoint>T00:09:13:28602F30000</MediaTimePoint>
</MediaTime>
</VideoSegment>
</TemporalDecomposition>
</VideoSegment>
<VideoSegment id="shot154_43">
<MediaTime>
<MediaTimePoint>T00:09:15:19653F30000</MediaTimePoint>
<MediaDuration>PT00H00M09S13283N30000F</MediaDuration>
</MediaTime>
<TemporalDecomposition>
<VideoSegment id="shot154_43_RKF">
<MediaTime>
<MediaTimePoint>T00:09:20:10794F30000</MediaTimePoint>
</MediaTime>
</VideoSegment>
</TemporalDecomposition>
</VideoSegment>
<VideoSegment id="shot154_44">
<MediaTime>
<MediaTimePoint>T00:09:25:2936F30000</MediaTimePoint>
<MediaDuration>PT00H00M30S25925N30000F</MediaDuration>
</MediaTime>
<TemporalDecomposition>
<VideoSegment id="shot154_44_RKF">
<MediaTime>
<MediaTimePoint>T00:09:40:15398F30000</MediaTimePoint>
</MediaTime>
</VideoSegment>
</TemporalDecomposition>
</VideoSegment>
<VideoSegment id="shot154_45">
<MediaTime>
<MediaTimePoint>T00:09:55:28861F30000</MediaTimePoint>
<MediaDuration>PT00H00M04S4124N30000F</MediaDuration>
</MediaTime>
<TemporalDecomposition>
<VideoSegment id="shot154_45_RKF">
<MediaTime>
<MediaTimePoint>T00:09:57:29922F30000</MediaTimePoint>
</MediaTime>
</VideoSegment>
</TemporalDecomposition>
</VideoSegment>
<VideoSegment id="shot154_46">
<MediaTime>
<MediaTimePoint>T00:10:00:2985F30000</MediaTimePoint>
<MediaDuration>PT00H00M13S28418N30000F</MediaDuration>
</MediaTime>
<TemporalDecomposition>
<VideoSegment id="shot154_46_RKF">
<MediaTime>
<MediaTimePoint>T00:10:07:1193F30000</MediaTimePoint>
</MediaTime>
</VideoSegment>
</TemporalDecomposition>
</VideoSegment>
<VideoSegment id="shot154_47">
<MediaTime>
<MediaTimePoint>T00:10:14:1403F30000</MediaTimePoint>
<MediaDuration>PT00H00M19S26596N30000F</MediaDuration>
</MediaTime>
<TemporalDecomposition>
<VideoSegment id="shot154_47_RKF">
<MediaTime>
<MediaTimePoint>T00:10:23:28700F30000</MediaTimePoint>
</MediaTime>
</VideoSegment>
</TemporalDecomposition>
</VideoSegment>
<VideoSegment id="shot154_48">
<MediaTime>
<MediaTimePoint>T00:10:33:27999F30000</MediaTimePoint>
<MediaDuration>PT00H00M14S24444N30000F</MediaDuration>
</MediaTime>
<TemporalDecomposition>
<VideoSegment id="shot154_48_RKF">
<MediaTime>
<MediaTimePoint>T00:10:41:9220F30000</MediaTimePoint>
</MediaTime>
</VideoSegment>
</TemporalDecomposition>
</VideoSegment>
<VideoSegment id="shot154_49">
<MediaTime>
<MediaTimePoint>T00:10:48:22443F30000</MediaTimePoint>
<MediaDuration>PT00H00M07S12222N30000F</MediaDuration>
</MediaTime>
<TemporalDecomposition>
<VideoSegment id="shot154_49_RKF">
<MediaTime>
<MediaTimePoint>T00:10:52:12553F30000</MediaTimePoint>
</MediaTime>
</VideoSegment>
</TemporalDecomposition>
</VideoSegment>
<VideoSegment id="shot154_50">
<MediaTime>
<MediaTimePoint>T00:10:56:4665F30000</MediaTimePoint>
<MediaDuration>PT00H00M12S17377N30000F</MediaDuration>
</MediaTime>
<TemporalDecomposition>
<VideoSegment id="shot154_50_RKF">
<MediaTime>
<MediaTimePoint>T00:11:02:12853F30000</MediaTimePoint>
</MediaTime>
</VideoSegment>
</TemporalDecomposition>
</VideoSegment>
<VideoSegment id="shot154_51">
<MediaTime>
<MediaTimePoint>T00:11:08:22042F30000</MediaTimePoint>
<MediaDuration>PT00H00M20S20620N30000F</MediaDuration>
</MediaTime>
<TemporalDecomposition>
<VideoSegment id="shot154_51_RKF">
<MediaTime>
<MediaTimePoint>T00:11:19:1351F30000</MediaTimePoint>
</MediaTime>
</VideoSegment>
</TemporalDecomposition>
</VideoSegment>
<VideoSegment id="shot154_52">
<MediaTime>
<MediaTimePoint>T00:11:29:12662F30000</MediaTimePoint>
<MediaDuration>PT00H00M17S22532N30000F</MediaDuration>
</MediaTime>
<TemporalDecomposition>
<VideoSegment id="shot154_52_RKF">
<MediaTime>
<MediaTimePoint>T00:11:38:7927F30000</MediaTimePoint>
</MediaTime>
</VideoSegment>
</TemporalDecomposition>
</VideoSegment>
<VideoSegment id="shot154_53">
<MediaTime>
<MediaTimePoint>T00:11:47:5194F30000</MediaTimePoint>
<MediaDuration>PT00H00M09S14284N30000F</MediaDuration>
</MediaTime>
<TemporalDecomposition>
<VideoSegment id="shot154_53_RKF">
<MediaTime>
<MediaTimePoint>T00:11:51:26335F30000</MediaTimePoint>
</MediaTime>
</VideoSegment>
</TemporalDecomposition>
</VideoSegment>
<VideoSegment id="shot154_54">
<MediaTime>
<MediaTimePoint>T00:11:56:19478F30000</MediaTimePoint>
<MediaDuration>PT00H00M32S1961N30000F</MediaDuration>
</MediaTime>
<TemporalDecomposition>
<VideoSegment id="shot154_54_RKF">
<MediaTime>
<MediaTimePoint>T00:12:12:19958F30000</MediaTimePoint>
</MediaTime>
</VideoSegment>
</TemporalDecomposition>
</VideoSegment>
<VideoSegment id="shot154_55">
<MediaTime>
<MediaTimePoint>T00:12:28:21439F30000</MediaTimePoint>
<MediaDuration>PT00H00M09S4274N30000F</MediaDuration>
</MediaTime>
<TemporalDecomposition>
<VideoSegment id="shot154_55_RKF">
<MediaTime>
<MediaTimePoint>T00:12:33:7575F30000</MediaTimePoint>
</MediaTime>
</VideoSegment>
</TemporalDecomposition>
</VideoSegment>
<VideoSegment id="shot154_56">
<MediaTime>
<MediaTimePoint>T00:12:37:25713F30000</MediaTimePoint>
<MediaDuration>PT00H00M13S10400N30000F</MediaDuration>
</MediaTime>
<TemporalDecomposition>
<VideoSegment id="shot154_56_RKF">
<MediaTime>
<MediaTimePoint>T00:12:44:14912F30000</MediaTimePoint>
</MediaTime>
</VideoSegment>
</TemporalDecomposition>
</VideoSegment>
<VideoSegment id="shot154_57">
<MediaTime>
<MediaTimePoint>T00:12:51:6113F30000</MediaTimePoint>
<MediaDuration>PT00H00M07S10220N30000F</MediaDuration>
</MediaTime>
<TemporalDecomposition>
<VideoSegment id="shot154_57_RKF">
<MediaTime>
<MediaTimePoint>T00:12:54:25222F30000</MediaTimePoint>
</MediaTime>
</VideoSegment>
</TemporalDecomposition>
</VideoSegment>
<VideoSegment id="shot154_58">
<MediaTime>
<MediaTimePoint>T00:12:58:16333F30000</MediaTimePoint>
<MediaDuration>PT00H00M04S18138N30000F</MediaDuration>
</MediaTime>
<TemporalDecomposition>
<VideoSegment id="shot154_58_RKF">
<MediaTime>
<MediaTimePoint>T00:13:00:24401F30000</MediaTimePoint>
</MediaTime>
</VideoSegment>
</TemporalDecomposition>
</VideoSegment>
<VideoSegment id="shot154_59">
<MediaTime>
<MediaTimePoint>T00:13:03:4471F30000</MediaTimePoint>
<MediaDuration>PT00H00M09S17287N30000F</MediaDuration>
</MediaTime>
<TemporalDecomposition>
<VideoSegment id="shot154_59_RKF">
<MediaTime>
<MediaTimePoint>T00:13:07:27614F30000</MediaTimePoint>
</MediaTime>
</VideoSegment>
</TemporalDecomposition>
</VideoSegment>
<VideoSegment id="shot154_60">
<MediaTime>
<MediaTimePoint>T00:13:12:21758F30000</MediaTimePoint>
<MediaDuration>PT00H00M08S7247N30000F</MediaDuration>
</MediaTime>
<TemporalDecomposition>
<VideoSegment id="shot154_60_NRKF_1">
<MediaTime>
<MediaTimePoint>T00:13:13:4771F30000</MediaTimePoint>
</MediaTime>
</VideoSegment>
<VideoSegment id="shot154_60_RKF">
<MediaTime>
<MediaTimePoint>T00:13:16:24881F30000</MediaTimePoint>
</MediaTime>
</VideoSegment>
<VideoSegment id="shot154_60_NRKF_2">
<MediaTime>
<MediaTimePoint>T00:13:17:8895F30000</MediaTimePoint>
</MediaTime>
</VideoSegment>
</TemporalDecomposition>
</VideoSegment>
<VideoSegment id="shot154_61">
<MediaTime>
<MediaTimePoint>T00:13:20:29005F30000</MediaTimePoint>
<MediaDuration>PT00H00M20S21621N30000F</MediaDuration>
</MediaTime>
<TemporalDecomposition>
<VideoSegment id="shot154_61_NRKF_1">
<MediaTime>
<MediaTimePoint>T00:13:21:6012F30000</MediaTimePoint>
</MediaTime>
</VideoSegment>
<VideoSegment id="shot154_61_RKF">
<MediaTime>
<MediaTimePoint>T00:13:31:9315F30000</MediaTimePoint>
</MediaTime>
</VideoSegment>
<VideoSegment id="shot154_61_NRKF_2">
<MediaTime>
<MediaTimePoint>T00:13:31:16322F30000</MediaTimePoint>
</MediaTime>
</VideoSegment>
</TemporalDecomposition>
</VideoSegment>
<VideoSegment id="shot154_62">
<MediaTime>
<MediaTimePoint>T00:13:41:20626F30000</MediaTimePoint>
<MediaDuration>PT00H00M02S24084N30000F</MediaDuration>
</MediaTime>
<TemporalDecomposition>
<VideoSegment id="shot154_62_NRKF_1">
<MediaTime>
<MediaTimePoint>T00:13:42:6642F30000</MediaTimePoint>
</MediaTime>
</VideoSegment>
<VideoSegment id="shot154_62_RKF">
<MediaTime>
<MediaTimePoint>T00:13:43:1667F30000</MediaTimePoint>
</MediaTime>
</VideoSegment>
<VideoSegment id="shot154_62_NRKF_2">
<MediaTime>
<MediaTimePoint>T00:13:43:6672F30000</MediaTimePoint>
</MediaTime>
</VideoSegment>
<VideoSegment id="shot154_62_NRKF_3">
<MediaTime>
<MediaTimePoint>T00:13:44:1697F30000</MediaTimePoint>
</MediaTime>
</VideoSegment>
</TemporalDecomposition>
</VideoSegment>
<VideoSegment id="shot154_63">
<MediaTime>
<MediaTimePoint>T00:13:44:14710F30000</MediaTimePoint>
<MediaDuration>PT00H00M02S27087N30000F</MediaDuration>
</MediaTime>
<TemporalDecomposition>
<VideoSegment id="shot154_63_NRKF_1">
<MediaTime>
<MediaTimePoint>T00:13:44:29725F30000</MediaTimePoint>
</MediaTime>
</VideoSegment>
<VideoSegment id="shot154_63_RKF">
<MediaTime>
<MediaTimePoint>T00:13:45:27753F30000</MediaTimePoint>
</MediaTime>
</VideoSegment>
<VideoSegment id="shot154_63_NRKF_2">
<MediaTime>
<MediaTimePoint>T00:13:46:12768F30000</MediaTimePoint>
</MediaTime>
</VideoSegment>
</TemporalDecomposition>
</VideoSegment>
<VideoSegment id="shot154_64">
<MediaTime>
<MediaTimePoint>T00:13:47:11797F30000</MediaTimePoint>
<MediaDuration>PT00H00M03S1091N30000F</MediaDuration>
</MediaTime>
<TemporalDecomposition>
<VideoSegment id="shot154_64_NRKF_1">
<MediaTime>
<MediaTimePoint>T00:13:47:29815F30000</MediaTimePoint>
</MediaTime>
</VideoSegment>
<VideoSegment id="shot154_64_RKF">
<MediaTime>
<MediaTimePoint>T00:13:48:26842F30000</MediaTimePoint>
</MediaTime>
</VideoSegment>
<VideoSegment id="shot154_64_NRKF_2">
<MediaTime>
<MediaTimePoint>T00:13:49:15861F30000</MediaTimePoint>
</MediaTime>
</VideoSegment>
</TemporalDecomposition>
</VideoSegment>
<VideoSegment id="shot154_65">
<MediaTime>
<MediaTimePoint>T00:13:50:12888F30000</MediaTimePoint>
<MediaDuration>PT00H00M03S14104N30000F</MediaDuration>
</MediaTime>
<TemporalDecomposition>
<VideoSegment id="shot154_65_NRKF_1">
<MediaTime>
<MediaTimePoint>T00:13:51:3909F30000</MediaTimePoint>
</MediaTime>
</VideoSegment>
<VideoSegment id="shot154_65_RKF">
<MediaTime>
<MediaTimePoint>T00:13:52:3939F30000</MediaTimePoint>
</MediaTime>
</VideoSegment>
<VideoSegment id="shot154_65_NRKF_2">
<MediaTime>
<MediaTimePoint>T00:13:52:25961F30000</MediaTimePoint>
</MediaTime>
</VideoSegment>
</TemporalDecomposition>
</VideoSegment>
<VideoSegment id="shot154_66">
<MediaTime>
<MediaTimePoint>T00:13:53:26992F30000</MediaTimePoint>
<MediaDuration>PT00H00M02S26086N30000F</MediaDuration>
</MediaTime>
<TemporalDecomposition>
<VideoSegment id="shot154_66_RKF">
<MediaTime>
<MediaTimePoint>T00:13:55:9034F30000</MediaTimePoint>
</MediaTime>
</VideoSegment>
</TemporalDecomposition>
</VideoSegment>
<VideoSegment id="shot154_67">
<MediaTime>
<MediaTimePoint>T00:13:56:23078F30000</MediaTimePoint>
<MediaDuration>PT00H00M02S11071N30000F</MediaDuration>
</MediaTime>
<TemporalDecomposition>
<VideoSegment id="shot154_67_RKF">
<MediaTime>
<MediaTimePoint>T00:13:57:28113F30000</MediaTimePoint>
</MediaTime>
</VideoSegment>
</TemporalDecomposition>
</VideoSegment>
<VideoSegment id="shot154_68">
<MediaTime>
<MediaTimePoint>T00:13:59:4149F30000</MediaTimePoint>
<MediaDuration>PT00H00M03S90N30000F</MediaDuration>
</MediaTime>
<TemporalDecomposition>
<VideoSegment id="shot154_68_RKF">
<MediaTime>
<MediaTimePoint>T00:14:00:18193F30000</MediaTimePoint>
</MediaTime>
</VideoSegment>
</TemporalDecomposition>
</VideoSegment>
<VideoSegment id="shot154_69">
<MediaTime>
<MediaTimePoint>T00:14:02:4239F30000</MediaTimePoint>
<MediaDuration>PT00H00M04S3123N30000F</MediaDuration>
</MediaTime>
<TemporalDecomposition>
<VideoSegment id="shot154_69_NRKF_1">
<MediaTime>
<MediaTimePoint>T00:14:02:17252F30000</MediaTimePoint>
</MediaTime>
</VideoSegment>
<VideoSegment id="shot154_69_RKF">
<MediaTime>
<MediaTimePoint>T00:14:04:5300F30000</MediaTimePoint>
</MediaTime>
</VideoSegment>
<VideoSegment id="shot154_69_NRKF_2">
<MediaTime>
<MediaTimePoint>T00:14:04:19314F30000</MediaTimePoint>
</MediaTime>
</VideoSegment>
</TemporalDecomposition>
</VideoSegment>
<VideoSegment id="shot154_70">
<MediaTime>
<MediaTimePoint>T00:14:06:7362F30000</MediaTimePoint>
<MediaDuration>PT00H00M05S18168N30000F</MediaDuration>
</MediaTime>
<TemporalDecomposition>
<VideoSegment id="shot154_70_NRKF_1">
<MediaTime>
<MediaTimePoint>T00:14:06:17372F30000</MediaTimePoint>
</MediaTime>
</VideoSegment>
<VideoSegment id="shot154_70_NRKF_2">
<MediaTime>
<MediaTimePoint>T00:14:07:12397F30000</MediaTimePoint>
</MediaTime>
</VideoSegment>
<VideoSegment id="shot154_70_RKF">
<MediaTime>
<MediaTimePoint>T00:14:09:445F30000</MediaTimePoint>
</MediaTime>
</VideoSegment>
<VideoSegment id="shot154_70_NRKF_3">
<MediaTime>
<MediaTimePoint>T00:14:09:25470F30000</MediaTimePoint>
</MediaTime>
</VideoSegment>
</TemporalDecomposition>
</VideoSegment>
<VideoSegment id="shot154_71">
<MediaTime>
<MediaTimePoint>T00:14:11:25530F30000</MediaTimePoint>
<MediaDuration>PT00H00M06S3183N30000F</MediaDuration>
</MediaTime>
<TemporalDecomposition>
<VideoSegment id="shot154_71_NRKF_1">
<MediaTime>
<MediaTimePoint>T00:14:12:14549F30000</MediaTimePoint>
</MediaTime>
</VideoSegment>
<VideoSegment id="shot154_71_RKF">
<MediaTime>
<MediaTimePoint>T00:14:14:26621F30000</MediaTimePoint>
</MediaTime>
</VideoSegment>
<VideoSegment id="shot154_71_NRKF_2">
<MediaTime>
<MediaTimePoint>T00:14:15:16641F30000</MediaTimePoint>
</MediaTime>
</VideoSegment>
</TemporalDecomposition>
</VideoSegment>
<VideoSegment id="shot154_72">
<MediaTime>
<MediaTimePoint>T00:14:17:28713F30000</MediaTimePoint>
<MediaDuration>PT00H00M02S19079N30000F</MediaDuration>
</MediaTime>
<TemporalDecomposition>
<VideoSegment id="shot154_72_RKF">
<MediaTime>
<MediaTimePoint>T00:14:19:7752F30000</MediaTimePoint>
</MediaTime>
</VideoSegment>
</TemporalDecomposition>
</VideoSegment>
<VideoSegment id="shot154_73">
<MediaTime>
<MediaTimePoint>T00:14:20:17792F30000</MediaTimePoint>
<MediaDuration>PT00H00M04S19139N30000F</MediaDuration>
</MediaTime>
<TemporalDecomposition>
<VideoSegment id="shot154_73_RKF">
<MediaTime>
<MediaTimePoint>T00:14:22:26861F30000</MediaTimePoint>
</MediaTime>
</VideoSegment>
</TemporalDecomposition>
</VideoSegment>
<VideoSegment id="shot154_74">
<MediaTime>
<MediaTimePoint>T00:14:25:6931F30000</MediaTimePoint>
<MediaDuration>PT00H00M07S12222N30000F</MediaDuration>
</MediaTime>
<TemporalDecomposition>
<VideoSegment id="shot154_74_RKF">
<MediaTime>
<MediaTimePoint>T00:14:28:27041F30000</MediaTimePoint>
</MediaTime>
</VideoSegment>
</TemporalDecomposition>
</VideoSegment>
<VideoSegment id="shot154_75">
<MediaTime>
<MediaTimePoint>T00:14:32:19153F30000</MediaTimePoint>
<MediaDuration>PT00H00M02S16076N30000F</MediaDuration>
</MediaTime>
<TemporalDecomposition>
<VideoSegment id="shot154_75_RKF">
<MediaTime>
<MediaTimePoint>T00:14:33:26190F30000</MediaTimePoint>
</MediaTime>
</VideoSegment>
</TemporalDecomposition>
</VideoSegment>
<VideoSegment id="shot154_76">
<MediaTime>
<MediaTimePoint>T00:14:35:5229F30000</MediaTimePoint>
<MediaDuration>PT00H00M09S8278N30000F</MediaDuration>
</MediaTime>
<TemporalDecomposition>
<VideoSegment id="shot154_76_RKF">
<MediaTime>
<MediaTimePoint>T00:14:39:23367F30000</MediaTimePoint>
</MediaTime>
</VideoSegment>
</TemporalDecomposition>
</VideoSegment>
<VideoSegment id="shot154_77">
<MediaTime>
<MediaTimePoint>T00:14:44:13507F30000</MediaTimePoint>
<MediaDuration>PT00H00M02S21081N30000F</MediaDuration>
</MediaTime>
<TemporalDecomposition>
<VideoSegment id="shot154_77_NRKF_1">
<MediaTime>
<MediaTimePoint>T00:14:44:28522F30000</MediaTimePoint>
</MediaTime>
</VideoSegment>
<VideoSegment id="shot154_77_RKF">
<MediaTime>
<MediaTimePoint>T00:14:45:23547F30000</MediaTimePoint>
</MediaTime>
</VideoSegment>
<VideoSegment id="shot154_77_NRKF_2">
<MediaTime>
<MediaTimePoint>T00:14:46:9563F30000</MediaTimePoint>
</MediaTime>
</VideoSegment>
</TemporalDecomposition>
</VideoSegment>
<VideoSegment id="shot154_78">
<MediaTime>
<MediaTimePoint>T00:14:47:4588F30000</MediaTimePoint>
<MediaDuration>PT00H00M02S10070N30000F</MediaDuration>
</MediaTime>
<TemporalDecomposition>
<VideoSegment id="shot154_78_RKF">
<MediaTime>
<MediaTimePoint>T00:14:48:8622F30000</MediaTimePoint>
</MediaTime>
</VideoSegment>
</TemporalDecomposition>
</VideoSegment>
<VideoSegment id="shot154_79">
<MediaTime>
<MediaTimePoint>T00:14:49:14658F30000</MediaTimePoint>
<MediaDuration>PT00H00M03S23113N30000F</MediaDuration>
</MediaTime>
<TemporalDecomposition>
<VideoSegment id="shot154_79_RKF">
<MediaTime>
<MediaTimePoint>T00:14:51:10714F30000</MediaTimePoint>
</MediaTime>
</VideoSegment>
</TemporalDecomposition>
</VideoSegment>
<VideoSegment id="shot154_80">
<MediaTime>
<MediaTimePoint>T00:14:53:7771F30000</MediaTimePoint>
<MediaDuration>PT00H00M03S13103N30000F</MediaDuration>
</MediaTime>
<TemporalDecomposition>
<VideoSegment id="shot154_80_NRKF_1">
<MediaTime>
<MediaTimePoint>T00:14:53:28792F30000</MediaTimePoint>
</MediaTime>
</VideoSegment>
<VideoSegment id="shot154_80_NRKF_2">
<MediaTime>
<MediaTimePoint>T00:14:54:24818F30000</MediaTimePoint>
</MediaTime>
</VideoSegment>
<VideoSegment id="shot154_80_RKF">
<MediaTime>
<MediaTimePoint>T00:14:54:28822F30000</MediaTimePoint>
</MediaTime>
</VideoSegment>
<VideoSegment id="shot154_80_NRKF_3">
<MediaTime>
<MediaTimePoint>T00:14:55:24848F30000</MediaTimePoint>
</MediaTime>
</VideoSegment>
</TemporalDecomposition>
</VideoSegment>
<VideoSegment id="shot154_81">
<MediaTime>
<MediaTimePoint>T00:14:56:20874F30000</MediaTimePoint>
<MediaDuration>PT00H00M05S8158N30000F</MediaDuration>
</MediaTime>
<TemporalDecomposition>
<VideoSegment id="shot154_81_RKF">
<MediaTime>
<MediaTimePoint>T00:14:59:8952F30000</MediaTimePoint>
</MediaTime>
</VideoSegment>
</TemporalDecomposition>
</VideoSegment>
<VideoSegment id="shot154_82">
<MediaTime>
<MediaTimePoint>T00:15:01:29032F30000</MediaTimePoint>
<MediaDuration>PT00H00M03S13103N30000F</MediaDuration>
</MediaTime>
<TemporalDecomposition>
<VideoSegment id="shot154_82_RKF">
<MediaTime>
<MediaTimePoint>T00:15:03:20083F30000</MediaTimePoint>
</MediaTime>
</VideoSegment>
</TemporalDecomposition>
</VideoSegment>
<VideoSegment id="shot154_83">
<MediaTime>
<MediaTimePoint>T00:15:05:12135F30000</MediaTimePoint>
<MediaDuration>PT00H00M03S1091N30000F</MediaDuration>
</MediaTime>
<TemporalDecomposition>
<VideoSegment id="shot154_83_NRKF_1">
<MediaTime>
<MediaTimePoint>T00:15:05:20143F30000</MediaTimePoint>
</MediaTime>
</VideoSegment>
<VideoSegment id="shot154_83_RKF">
<MediaTime>
<MediaTimePoint>T00:15:06:27180F30000</MediaTimePoint>
</MediaTime>
</VideoSegment>
<VideoSegment id="shot154_83_NRKF_2">
<MediaTime>
<MediaTimePoint>T00:15:07:5188F30000</MediaTimePoint>
</MediaTime>
</VideoSegment>
</TemporalDecomposition>
</VideoSegment>
<VideoSegment id="shot154_84">
<MediaTime>
<MediaTimePoint>T00:15:08:13226F30000</MediaTimePoint>
<MediaDuration>PT00H00M03S7097N30000F</MediaDuration>
</MediaTime>
<TemporalDecomposition>
<VideoSegment id="shot154_84_RKF">
<MediaTime>
<MediaTimePoint>T00:15:10:1274F30000</MediaTimePoint>
</MediaTime>
</VideoSegment>
</TemporalDecomposition>
</VideoSegment>
<VideoSegment id="shot154_85">
<MediaTime>
<MediaTimePoint>T00:15:11:20323F30000</MediaTimePoint>
<MediaDuration>PT00H00M04S15135N30000F</MediaDuration>
</MediaTime>
<TemporalDecomposition>
<VideoSegment id="shot154_85_NRKF_1">
<MediaTime>
<MediaTimePoint>T00:15:11:23326F30000</MediaTimePoint>
</MediaTime>
</VideoSegment>
<VideoSegment id="shot154_85_RKF">
<MediaTime>
<MediaTimePoint>T00:15:13:27390F30000</MediaTimePoint>
</MediaTime>
</VideoSegment>
<VideoSegment id="shot154_85_NRKF_2">
<MediaTime>
<MediaTimePoint>T00:15:14:1394F30000</MediaTimePoint>
</MediaTime>
</VideoSegment>
</TemporalDecomposition>
</VideoSegment>
<VideoSegment id="shot154_86">
<MediaTime>
<MediaTimePoint>T00:15:16:5458F30000</MediaTimePoint>
<MediaDuration>PT00H00M02S3063N30000F</MediaDuration>
</MediaTime>
<TemporalDecomposition>
<VideoSegment id="shot154_86_RKF">
<MediaTime>
<MediaTimePoint>T00:15:17:6489F30000</MediaTimePoint>
</MediaTime>
</VideoSegment>
</TemporalDecomposition>
</VideoSegment>
<VideoSegment id="shot154_87">
<MediaTime>
<MediaTimePoint>T00:15:18:8521F30000</MediaTimePoint>
<MediaDuration>PT00H00M06S21201N30000F</MediaDuration>
</MediaTime>
<TemporalDecomposition>
<VideoSegment id="shot154_87_RKF">
<MediaTime>
<MediaTimePoint>T00:15:21:18621F30000</MediaTimePoint>
</MediaTime>
</VideoSegment>
</TemporalDecomposition>
</VideoSegment>
<VideoSegment id="shot154_88">
<MediaTime>
<MediaTimePoint>T00:15:24:29722F30000</MediaTimePoint>
<MediaDuration>PT00H00M03S1091N30000F</MediaDuration>
</MediaTime>
<TemporalDecomposition>
<VideoSegment id="shot154_88_NRKF_1">
<MediaTime>
<MediaTimePoint>T00:15:25:21744F30000</MediaTimePoint>
</MediaTime>
</VideoSegment>
<VideoSegment id="shot154_88_RKF">
<MediaTime>
<MediaTimePoint>T00:15:26:14767F30000</MediaTimePoint>
</MediaTime>
</VideoSegment>
<VideoSegment id="shot154_88_NRKF_2">
<MediaTime>
<MediaTimePoint>T00:15:27:7790F30000</MediaTimePoint>
</MediaTime>
</VideoSegment>
</TemporalDecomposition>
</VideoSegment>
<VideoSegment id="shot154_89">
<MediaTime>
<MediaTimePoint>T00:15:28:813F30000</MediaTimePoint>
<MediaDuration>PT00H00M03S21111N30000F</MediaDuration>
</MediaTime>
<TemporalDecomposition>
<VideoSegment id="shot154_89_RKF">
<MediaTime>
<MediaTimePoint>T00:15:29:25868F30000</MediaTimePoint>
</MediaTime>
</VideoSegment>
</TemporalDecomposition>
</VideoSegment>
<VideoSegment id="shot154_90">
<MediaTime>
<MediaTimePoint>T00:15:31:21924F30000</MediaTimePoint>
<MediaDuration>PT00H00M04S9129N30000F</MediaDuration>
</MediaTime>
<TemporalDecomposition>
<VideoSegment id="shot154_90_RKF">
<MediaTime>
<MediaTimePoint>T00:15:33:25988F30000</MediaTimePoint>
</MediaTime>
</VideoSegment>
</TemporalDecomposition>
</VideoSegment>
<VideoSegment id="shot154_91">
<MediaTime>
<MediaTimePoint>T00:15:36:1053F30000</MediaTimePoint>
<MediaDuration>PT00H00M02S6066N30000F</MediaDuration>
</MediaTime>
<TemporalDecomposition>
<VideoSegment id="shot154_91_NRKF_1">
<MediaTime>
<MediaTimePoint>T00:15:36:18070F30000</MediaTimePoint>
</MediaTime>
</VideoSegment>
<VideoSegment id="shot154_91_RKF">
<MediaTime>
<MediaTimePoint>T00:15:37:3085F30000</MediaTimePoint>
</MediaTime>
</VideoSegment>
<VideoSegment id="shot154_91_NRKF_2">
<MediaTime>
<MediaTimePoint>T00:15:37:21103F30000</MediaTimePoint>
</MediaTime>
</VideoSegment>
</TemporalDecomposition>
</VideoSegment>
<VideoSegment id="shot154_92">
<MediaTime>
<MediaTimePoint>T00:15:38:7119F30000</MediaTimePoint>
<MediaDuration>PT00H00M03S13103N30000F</MediaDuration>
</MediaTime>
<TemporalDecomposition>
<VideoSegment id="shot154_92_RKF">
<MediaTime>
<MediaTimePoint>T00:15:39:28170F30000</MediaTimePoint>
</MediaTime>
</VideoSegment>
</TemporalDecomposition>
</VideoSegment>
<VideoSegment id="shot154_93">
<MediaTime>
<MediaTimePoint>T00:15:41:20222F30000</MediaTimePoint>
<MediaDuration>PT00H00M02S10070N30000F</MediaDuration>
</MediaTime>
<TemporalDecomposition>
<VideoSegment id="shot154_93_NRKF_1">
<MediaTime>
<MediaTimePoint>T00:15:41:28230F30000</MediaTimePoint>
</MediaTime>
</VideoSegment>
<VideoSegment id="shot154_93_NRKF_2">
<MediaTime>
<MediaTimePoint>T00:15:42:15247F30000</MediaTimePoint>
</MediaTime>
</VideoSegment>
<VideoSegment id="shot154_93_RKF">
<MediaTime>
<MediaTimePoint>T00:15:42:24256F30000</MediaTimePoint>
</MediaTime>
</VideoSegment>
<VideoSegment id="shot154_93_NRKF_3">
<MediaTime>
<MediaTimePoint>T00:15:42:29261F30000</MediaTimePoint>
</MediaTime>
</VideoSegment>
<VideoSegment id="shot154_93_NRKF_4">
<MediaTime>
<MediaTimePoint>T00:15:43:10272F30000</MediaTimePoint>
</MediaTime>
</VideoSegment>
<VideoSegment id="shot154_93_NRKF_5">
<MediaTime>
<MediaTimePoint>T00:15:43:22284F30000</MediaTimePoint>
</MediaTime>
</VideoSegment>
</TemporalDecomposition>
</VideoSegment>
<VideoSegment id="shot154_94">
<MediaTime>
<MediaTimePoint>T00:15:44:292F30000</MediaTimePoint>
<MediaDuration>PT00H00M02S9069N30000F</MediaDuration>
</MediaTime>
<TemporalDecomposition>
<VideoSegment id="shot154_94_NRKF_1">
<MediaTime>
<MediaTimePoint>T00:15:44:5297F30000</MediaTimePoint>
</MediaTime>
</VideoSegment>
<VideoSegment id="shot154_94_NRKF_2">
<MediaTime>
<MediaTimePoint>T00:15:44:17309F30000</MediaTimePoint>
</MediaTime>
</VideoSegment>
<VideoSegment id="shot154_94_NRKF_3">
<MediaTime>
<MediaTimePoint>T00:15:44:29321F30000</MediaTimePoint>
</MediaTime>
</VideoSegment>
<VideoSegment id="shot154_94_RKF">
<MediaTime>
<MediaTimePoint>T00:15:45:4326F30000</MediaTimePoint>
</MediaTime>
</VideoSegment>
<VideoSegment id="shot154_94_NRKF_4">
<MediaTime>
<MediaTimePoint>T00:15:45:10332F30000</MediaTimePoint>
</MediaTime>
</VideoSegment>
<VideoSegment id="shot154_94_NRKF_5">
<MediaTime>
<MediaTimePoint>T00:15:45:27349F30000</MediaTimePoint>
</MediaTime>
</VideoSegment>
</TemporalDecomposition>
</VideoSegment>
<VideoSegment id="shot154_95">
<MediaTime>
<MediaTimePoint>T00:15:46:9361F30000</MediaTimePoint>
<MediaDuration>PT00H00M02S22082N30000F</MediaDuration>
</MediaTime>
<TemporalDecomposition>
<VideoSegment id="shot154_95_NRKF_1">
<MediaTime>
<MediaTimePoint>T00:15:46:24376F30000</MediaTimePoint>
</MediaTime>
</VideoSegment>
<VideoSegment id="shot154_95_NRKF_2">
<MediaTime>
<MediaTimePoint>T00:15:47:11393F30000</MediaTimePoint>
</MediaTime>
</VideoSegment>
<VideoSegment id="shot154_95_RKF">
<MediaTime>
<MediaTimePoint>T00:15:47:19401F30000</MediaTimePoint>
</MediaTime>
</VideoSegment>
<VideoSegment id="shot154_95_NRKF_3">
<MediaTime>
<MediaTimePoint>T00:15:48:7419F30000</MediaTimePoint>
</MediaTime>
</VideoSegment>
</TemporalDecomposition>
</VideoSegment>
<VideoSegment id="shot154_96">
<MediaTime>
<MediaTimePoint>T00:15:49:1443F30000</MediaTimePoint>
<MediaDuration>PT00H00M02S3063N30000F</MediaDuration>
</MediaTime>
<TemporalDecomposition>
<VideoSegment id="shot154_96_NRKF_1">
<MediaTime>
<MediaTimePoint>T00:15:49:3445F30000</MediaTimePoint>
</MediaTime>
</VideoSegment>
<VideoSegment id="shot154_96_NRKF_2">
<MediaTime>
<MediaTimePoint>T00:15:49:8450F30000</MediaTimePoint>
</MediaTime>
</VideoSegment>
<VideoSegment id="shot154_96_NRKF_3">
<MediaTime>
<MediaTimePoint>T00:15:49:21463F30000</MediaTimePoint>
</MediaTime>
</VideoSegment>
<VideoSegment id="shot154_96_RKF">
<MediaTime>
<MediaTimePoint>T00:15:50:2474F30000</MediaTimePoint>
</MediaTime>
</VideoSegment>
<VideoSegment id="shot154_96_NRKF_4">
<MediaTime>
<MediaTimePoint>T00:15:50:14486F30000</MediaTimePoint>
</MediaTime>
</VideoSegment>
<VideoSegment id="shot154_96_NRKF_5">
<MediaTime>
<MediaTimePoint>T00:15:50:27499F30000</MediaTimePoint>
</MediaTime>
</VideoSegment>
<VideoSegment id="shot154_96_NRKF_6">
<MediaTime>
<MediaTimePoint>T00:15:51:1503F30000</MediaTimePoint>
</MediaTime>
</VideoSegment>
</TemporalDecomposition>
</VideoSegment>
<VideoSegment id="shot154_97">
<MediaTime>
<MediaTimePoint>T00:15:51:4506F30000</MediaTimePoint>
<MediaDuration>PT00H00M02S5065N30000F</MediaDuration>
</MediaTime>
<TemporalDecomposition>
<VideoSegment id="shot154_97_NRKF_1">
<MediaTime>
<MediaTimePoint>T00:15:51:5507F30000</MediaTimePoint>
</MediaTime>
</VideoSegment>
<VideoSegment id="shot154_97_NRKF_2">
<MediaTime>
<MediaTimePoint>T00:15:51:15517F30000</MediaTimePoint>
</MediaTime>
</VideoSegment>
<VideoSegment id="shot154_97_NRKF_3">
<MediaTime>
<MediaTimePoint>T00:15:52:2534F30000</MediaTimePoint>
</MediaTime>
</VideoSegment>
<VideoSegment id="shot154_97_RKF">
<MediaTime>
<MediaTimePoint>T00:15:52:6538F30000</MediaTimePoint>
</MediaTime>
</VideoSegment>
<VideoSegment id="shot154_97_NRKF_4">
<MediaTime>
<MediaTimePoint>T00:15:52:25557F30000</MediaTimePoint>
</MediaTime>
</VideoSegment>
</TemporalDecomposition>
</VideoSegment>
<VideoSegment id="shot154_98">
<MediaTime>
<MediaTimePoint>T00:15:53:9571F30000</MediaTimePoint>
<MediaDuration>PT00H00M02S22082N30000F</MediaDuration>
</MediaTime>
<TemporalDecomposition>
<VideoSegment id="shot154_98_NRKF_1">
<MediaTime>
<MediaTimePoint>T00:15:53:22584F30000</MediaTimePoint>
</MediaTime>
</VideoSegment>
<VideoSegment id="shot154_98_NRKF_2">
<MediaTime>
<MediaTimePoint>T00:15:54:14606F30000</MediaTimePoint>
</MediaTime>
</VideoSegment>
<VideoSegment id="shot154_98_RKF">
<MediaTime>
<MediaTimePoint>T00:15:54:19611F30000</MediaTimePoint>
</MediaTime>
</VideoSegment>
<VideoSegment id="shot154_98_NRKF_3">
<MediaTime>
<MediaTimePoint>T00:15:54:27619F30000</MediaTimePoint>
</MediaTime>
</VideoSegment>
<VideoSegment id="shot154_98_NRKF_4">
<MediaTime>
<MediaTimePoint>T00:15:55:16638F30000</MediaTimePoint>
</MediaTime>
</VideoSegment>
</TemporalDecomposition>
</VideoSegment>
<VideoSegment id="shot154_99">
<MediaTime>
<MediaTimePoint>T00:15:56:1653F30000</MediaTimePoint>
<MediaDuration>PT00H00M04S13133N30000F</MediaDuration>
</MediaTime>
<TemporalDecomposition>
<VideoSegment id="shot154_99_NRKF_1">
<MediaTime>
<MediaTimePoint>T00:15:56:4656F30000</MediaTimePoint>
</MediaTime>
</VideoSegment>
<VideoSegment id="shot154_99_NRKF_2">
<MediaTime>
<MediaTimePoint>T00:15:56:12664F30000</MediaTimePoint>
</MediaTime>
</VideoSegment>
<VideoSegment id="shot154_99_NRKF_3">
<MediaTime>
<MediaTimePoint>T00:15:57:1683F30000</MediaTimePoint>
</MediaTime>
</VideoSegment>
<VideoSegment id="shot154_99_NRKF_4">
<MediaTime>
<MediaTimePoint>T00:15:57:19701F30000</MediaTimePoint>
</MediaTime>
</VideoSegment>
<VideoSegment id="shot154_99_RKF">
<MediaTime>
<MediaTimePoint>T00:15:58:7719F30000</MediaTimePoint>
</MediaTime>
</VideoSegment>
<VideoSegment id="shot154_99_NRKF_5">
<MediaTime>
<MediaTimePoint>T00:15:59:3745F30000</MediaTimePoint>
</MediaTime>
</VideoSegment>
</TemporalDecomposition>
</VideoSegment>
<VideoSegment id="shot154_100">
<MediaTime>
<MediaTimePoint>T00:16:00:14786F30000</MediaTimePoint>
<MediaDuration>PT00H00M02S3063N30000F</MediaDuration>
</MediaTime>
<TemporalDecomposition>
<VideoSegment id="shot154_100_NRKF_1">
<MediaTime>
<MediaTimePoint>T00:16:00:25797F30000</MediaTimePoint>
</MediaTime>
</VideoSegment>
<VideoSegment id="shot154_100_RKF">
<MediaTime>
<MediaTimePoint>T00:16:01:15817F30000</MediaTimePoint>
</MediaTime>
</VideoSegment>
<VideoSegment id="shot154_100_NRKF_2">
<MediaTime>
<MediaTimePoint>T00:16:01:16818F30000</MediaTimePoint>
</MediaTime>
</VideoSegment>
<VideoSegment id="shot154_100_NRKF_3">
<MediaTime>
<MediaTimePoint>T00:16:02:6838F30000</MediaTimePoint>
</MediaTime>
</VideoSegment>
</TemporalDecomposition>
</VideoSegment>
<VideoSegment id="shot154_101">
<MediaTime>
<MediaTimePoint>T00:16:02:17849F30000</MediaTimePoint>
<MediaDuration>PT00H00M02S23083N30000F</MediaDuration>
</MediaTime>
<TemporalDecomposition>
<VideoSegment id="shot154_101_NRKF_1">
<MediaTime>
<MediaTimePoint>T00:16:03:12874F30000</MediaTimePoint>
</MediaTime>
</VideoSegment>
<VideoSegment id="shot154_101_RKF">
<MediaTime>
<MediaTimePoint>T00:16:03:28890F30000</MediaTimePoint>
</MediaTime>
</VideoSegment>
<VideoSegment id="shot154_101_NRKF_2">
<MediaTime>
<MediaTimePoint>T00:16:04:23915F30000</MediaTimePoint>
</MediaTime>
</VideoSegment>
</TemporalDecomposition>
</VideoSegment>
<VideoSegment id="shot154_102">
<MediaTime>
<MediaTimePoint>T00:16:05:10932F30000</MediaTimePoint>
<MediaDuration>PT00H00M02S9069N30000F</MediaDuration>
</MediaTime>
<TemporalDecomposition>
<VideoSegment id="shot154_102_NRKF_1">
<MediaTime>
<MediaTimePoint>T00:16:05:27949F30000</MediaTimePoint>
</MediaTime>
</VideoSegment>
<VideoSegment id="shot154_102_RKF">
<MediaTime>
<MediaTimePoint>T00:16:06:14966F30000</MediaTimePoint>
</MediaTime>
</VideoSegment>
<VideoSegment id="shot154_102_NRKF_2">
<MediaTime>
<MediaTimePoint>T00:16:06:23975F30000</MediaTimePoint>
</MediaTime>
</VideoSegment>
<VideoSegment id="shot154_102_NRKF_3">
<MediaTime>
<MediaTimePoint>T00:16:07:10992F30000</MediaTimePoint>
</MediaTime>
</VideoSegment>
</TemporalDecomposition>
</VideoSegment>
<VideoSegment id="shot154_103">
<MediaTime>
<MediaTimePoint>T00:16:07:20001F30000</MediaTimePoint>
<MediaDuration>PT00H00M02S9069N30000F</MediaDuration>
</MediaTime>
<TemporalDecomposition>
<VideoSegment id="shot154_103_NRKF_1">
<MediaTime>
<MediaTimePoint>T00:16:07:28009F30000</MediaTimePoint>
</MediaTime>
</VideoSegment>
<VideoSegment id="shot154_103_RKF">
<MediaTime>
<MediaTimePoint>T00:16:08:24035F30000</MediaTimePoint>
</MediaTime>
</VideoSegment>
<VideoSegment id="shot154_103_NRKF_2">
<MediaTime>
<MediaTimePoint>T00:16:08:27038F30000</MediaTimePoint>
</MediaTime>
</VideoSegment>
<VideoSegment id="shot154_103_NRKF_3">
<MediaTime>
<MediaTimePoint>T00:16:09:23064F30000</MediaTimePoint>
</MediaTime>
</VideoSegment>
</TemporalDecomposition>
</VideoSegment>
<VideoSegment id="shot154_104">
<MediaTime>
<MediaTimePoint>T00:16:09:29070F30000</MediaTimePoint>
<MediaDuration>PT00H00M02S23083N30000F</MediaDuration>
</MediaTime>
<TemporalDecomposition>
<VideoSegment id="shot154_104_NRKF_1">
<MediaTime>
<MediaTimePoint>T00:16:10:20091F30000</MediaTimePoint>
</MediaTime>
</VideoSegment>
<VideoSegment id="shot154_104_RKF">
<MediaTime>
<MediaTimePoint>T00:16:11:10111F30000</MediaTimePoint>
</MediaTime>
</VideoSegment>
<VideoSegment id="shot154_104_NRKF_2">
<MediaTime>
<MediaTimePoint>T00:16:11:15116F30000</MediaTimePoint>
</MediaTime>
</VideoSegment>
<VideoSegment id="shot154_104_NRKF_3">
<MediaTime>
<MediaTimePoint>T00:16:12:5136F30000</MediaTimePoint>
</MediaTime>
</VideoSegment>
</TemporalDecomposition>
</VideoSegment>
<VideoSegment id="shot154_105">
<MediaTime>
<MediaTimePoint>T00:16:12:22153F30000</MediaTimePoint>
<MediaDuration>PT00H00M04S18138N30000F</MediaDuration>
</MediaTime>
<TemporalDecomposition>
<VideoSegment id="shot154_105_NRKF_1">
<MediaTime>
<MediaTimePoint>T00:16:12:23154F30000</MediaTimePoint>
</MediaTime>
</VideoSegment>
<VideoSegment id="shot154_105_NRKF_2">
<MediaTime>
<MediaTimePoint>T00:16:12:26157F30000</MediaTimePoint>
</MediaTime>
</VideoSegment>
<VideoSegment id="shot154_105_NRKF_3">
<MediaTime>
<MediaTimePoint>T00:16:12:29160F30000</MediaTimePoint>
</MediaTime>
</VideoSegment>
<VideoSegment id="shot154_105_NRKF_4">
<MediaTime>
<MediaTimePoint>T00:16:13:5166F30000</MediaTimePoint>
</MediaTime>
</VideoSegment>
<VideoSegment id="shot154_105_RKF">
<MediaTime>
<MediaTimePoint>T00:16:15:221F30000</MediaTimePoint>
</MediaTime>
</VideoSegment>
<VideoSegment id="shot154_105_NRKF_5">
<MediaTime>
<MediaTimePoint>T00:16:15:10231F30000</MediaTimePoint>
</MediaTime>
</VideoSegment>
</TemporalDecomposition>
</VideoSegment>
<VideoSegment id="shot154_106">
<MediaTime>
<MediaTimePoint>T00:16:17:10291F30000</MediaTimePoint>
<MediaDuration>PT00H00M08S9249N30000F</MediaDuration>
</MediaTime>
<TemporalDecomposition>
<VideoSegment id="shot154_106_RKF">
<MediaTime>
<MediaTimePoint>T00:16:21:14415F30000</MediaTimePoint>
</MediaTime>
</VideoSegment>
</TemporalDecomposition>
</VideoSegment>
<VideoSegment id="shot154_107">
<MediaTime>
<MediaTimePoint>T00:16:25:19540F30000</MediaTimePoint>
<MediaDuration>PT00H00M22S8668N30000F</MediaDuration>
</MediaTime>
<TemporalDecomposition>
<VideoSegment id="shot154_107_RKF">
<MediaTime>
<MediaTimePoint>T00:16:36:22873F30000</MediaTimePoint>
</MediaTime>
</VideoSegment>
</TemporalDecomposition>
</VideoSegment>
<VideoSegment id="shot154_108">
<MediaTime>
<MediaTimePoint>T00:16:47:28208F30000</MediaTimePoint>
<MediaDuration>PT00H00M18S540N30000F</MediaDuration>
</MediaTime>
<TemporalDecomposition>
<VideoSegment id="shot154_108_RKF">
<MediaTime>
<MediaTimePoint>T00:16:56:27477F30000</MediaTimePoint>
</MediaTime>
</VideoSegment>
</TemporalDecomposition>
</VideoSegment>
<VideoSegment id="shot154_109">
<MediaTime>
<MediaTimePoint>T00:17:05:28748F30000</MediaTimePoint>
<MediaDuration>PT00H00M19S12582N30000F</MediaDuration>
</MediaTime>
<TemporalDecomposition>
<VideoSegment id="shot154_109_RKF">
<MediaTime>
<MediaTimePoint>T00:17:15:19038F30000</MediaTimePoint>
</MediaTime>
</VideoSegment>
</TemporalDecomposition>
</VideoSegment>
<VideoSegment id="shot154_110">
<MediaTime>
<MediaTimePoint>T00:17:25:11330F30000</MediaTimePoint>
<MediaDuration>PT00H00M06S20200N30000F</MediaDuration>
</MediaTime>
<TemporalDecomposition>
<VideoSegment id="shot154_110_RKF">
<MediaTime>
<MediaTimePoint>T00:17:28:20429F30000</MediaTimePoint>
</MediaTime>
</VideoSegment>
</TemporalDecomposition>
</VideoSegment>
<VideoSegment id="shot154_111">
<MediaTime>
<MediaTimePoint>T00:17:32:1530F30000</MediaTimePoint>
<MediaDuration>PT00H00M08S11251N30000F</MediaDuration>
</MediaTime>
<TemporalDecomposition>
<VideoSegment id="shot154_111_RKF">
<MediaTime>
<MediaTimePoint>T00:17:36:6655F30000</MediaTimePoint>
</MediaTime>
</VideoSegment>
</TemporalDecomposition>
</VideoSegment>
<VideoSegment id="shot154_112">
<MediaTime>
<MediaTimePoint>T00:17:40:12781F30000</MediaTimePoint>
<MediaDuration>PT00H00M04S29149N30000F</MediaDuration>
</MediaTime>
<TemporalDecomposition>
<VideoSegment id="shot154_112_RKF">
<MediaTime>
<MediaTimePoint>T00:17:42:26855F30000</MediaTimePoint>
</MediaTime>
</VideoSegment>
</TemporalDecomposition>
</VideoSegment>
<VideoSegment id="shot154_113">
<MediaTime>
<MediaTimePoint>T00:17:45:11930F30000</MediaTimePoint>
<MediaDuration>PT00H00M20S15615N30000F</MediaDuration>
</MediaTime>
<TemporalDecomposition>
<VideoSegment id="shot154_113_RKF">
<MediaTime>
<MediaTimePoint>T00:17:55:19237F30000</MediaTimePoint>
</MediaTime>
</VideoSegment>
</TemporalDecomposition>
</VideoSegment>
<VideoSegment id="shot154_114">
<MediaTime>
<MediaTimePoint>T00:18:05:27545F30000</MediaTimePoint>
<MediaDuration>PT00H00M02S1061N30000F</MediaDuration>
</MediaTime>
<TemporalDecomposition>
<VideoSegment id="shot154_114_RKF">
<MediaTime>
<MediaTimePoint>T00:18:06:27575F30000</MediaTimePoint>
</MediaTime>
</VideoSegment>
</TemporalDecomposition>
</VideoSegment>
<VideoSegment id="shot154_115">
<MediaTime>
<MediaTimePoint>T00:18:07:28606F30000</MediaTimePoint>
<MediaDuration>PT00H00M14S14434N30000F</MediaDuration>
</MediaTime>
<TemporalDecomposition>
<VideoSegment id="shot154_115_RKF">
<MediaTime>
<MediaTimePoint>T00:18:15:4822F30000</MediaTimePoint>
</MediaTime>
</VideoSegment>
</TemporalDecomposition>
</VideoSegment>
<VideoSegment id="shot154_116">
<MediaTime>
<MediaTimePoint>T00:18:22:13040F30000</MediaTimePoint>
<MediaDuration>PT00H00M04S1121N30000F</MediaDuration>
</MediaTime>
<TemporalDecomposition>
<VideoSegment id="shot154_116_RKF">
<MediaTime>
<MediaTimePoint>T00:18:24:13100F30000</MediaTimePoint>
</MediaTime>
</VideoSegment>
</TemporalDecomposition>
</VideoSegment>
<VideoSegment id="shot154_117">
<MediaTime>
<MediaTimePoint>T00:18:26:14161F30000</MediaTimePoint>
<MediaDuration>PT00H00M04S19139N30000F</MediaDuration>
</MediaTime>
<TemporalDecomposition>
<VideoSegment id="shot154_117_RKF">
<MediaTime>
<MediaTimePoint>T00:18:28:23230F30000</MediaTimePoint>
</MediaTime>
</VideoSegment>
</TemporalDecomposition>
</VideoSegment>
<VideoSegment id="shot154_118">
<MediaTime>
<MediaTimePoint>T00:18:31:3300F30000</MediaTimePoint>
<MediaDuration>PT00H00M03S18108N30000F</MediaDuration>
</MediaTime>
<TemporalDecomposition>
<VideoSegment id="shot154_118_RKF">
<MediaTime>
<MediaTimePoint>T00:18:32:26353F30000</MediaTimePoint>
</MediaTime>
</VideoSegment>
</TemporalDecomposition>
</VideoSegment>
<VideoSegment id="shot154_119">
<MediaTime>
<MediaTimePoint>T00:18:34:21408F30000</MediaTimePoint>
<MediaDuration>PT00H00M04S10130N30000F</MediaDuration>
</MediaTime>
<TemporalDecomposition>
<VideoSegment id="shot154_119_RKF">
<MediaTime>
<MediaTimePoint>T00:18:36:25472F30000</MediaTimePoint>
</MediaTime>
</VideoSegment>
</TemporalDecomposition>
</VideoSegment>
<VideoSegment id="shot154_120">
<MediaTime>
<MediaTimePoint>T00:18:39:1538F30000</MediaTimePoint>
<MediaDuration>PT00H00M35S13062N30000F</MediaDuration>
</MediaTime>
<TemporalDecomposition>
<VideoSegment id="shot154_120_RKF">
<MediaTime>
<MediaTimePoint>T00:18:56:22068F30000</MediaTimePoint>
</MediaTime>
</VideoSegment>
</TemporalDecomposition>
</VideoSegment>
<VideoSegment id="shot154_121">
<MediaTime>
<MediaTimePoint>T00:19:14:14600F30000</MediaTimePoint>
<MediaDuration>PT00H00M13S9399N30000F</MediaDuration>
</MediaTime>
<TemporalDecomposition>
<VideoSegment id="shot154_121_RKF">
<MediaTime>
<MediaTimePoint>T00:19:21:3799F30000</MediaTimePoint>
</MediaTime>
</VideoSegment>
</TemporalDecomposition>
</VideoSegment>
<VideoSegment id="shot154_122">
<MediaTime>
<MediaTimePoint>T00:19:27:23999F30000</MediaTimePoint>
<MediaDuration>PT00H00M29S5875N30000F</MediaDuration>
</MediaTime>
<TemporalDecomposition>
<VideoSegment id="shot154_122_RKF">
<MediaTime>
<MediaTimePoint>T00:19:42:11436F30000</MediaTimePoint>
</MediaTime>
</VideoSegment>
</TemporalDecomposition>
</VideoSegment>
<VideoSegment id="shot154_123">
<MediaTime>
<MediaTimePoint>T00:19:56:29874F30000</MediaTimePoint>
<MediaDuration>PT00H00M08S12252N30000F</MediaDuration>
</MediaTime>
<TemporalDecomposition>
<VideoSegment id="shot154_123_RKF">
<MediaTime>
<MediaTimePoint>T00:20:01:4999F30000</MediaTimePoint>
</MediaTime>
</VideoSegment>
</TemporalDecomposition>
</VideoSegment>
<VideoSegment id="shot154_124">
<MediaTime>
<MediaTimePoint>T00:20:05:12126F30000</MediaTimePoint>
<MediaDuration>PT00H00M40S13212N30000F</MediaDuration>
</MediaTime>
<TemporalDecomposition>
<VideoSegment id="shot154_124_RKF">
<MediaTime>
<MediaTimePoint>T00:20:25:17731F30000</MediaTimePoint>
</MediaTime>
</VideoSegment>
</TemporalDecomposition>
</VideoSegment>
<VideoSegment id="shot154_125">
<MediaTime>
<MediaTimePoint>T00:20:45:25338F30000</MediaTimePoint>
<MediaDuration>PT00H00M07S3213N30000F</MediaDuration>
</MediaTime>
<TemporalDecomposition>
<VideoSegment id="shot154_125_RKF">
<MediaTime>
<MediaTimePoint>T00:20:49:11444F30000</MediaTimePoint>
</MediaTime>
</VideoSegment>
</TemporalDecomposition>
</VideoSegment>
<VideoSegment id="shot154_126">
<MediaTime>
<MediaTimePoint>T00:20:52:28551F30000</MediaTimePoint>
<MediaDuration>PT00H00M06S23203N30000F</MediaDuration>
</MediaTime>
<TemporalDecomposition>
<VideoSegment id="shot154_126_RKF">
<MediaTime>
<MediaTimePoint>T00:20:56:9652F30000</MediaTimePoint>
</MediaTime>
</VideoSegment>
</TemporalDecomposition>
</VideoSegment>
<VideoSegment id="shot154_127">
<MediaTime>
<MediaTimePoint>T00:20:59:21754F30000</MediaTimePoint>
<MediaDuration>PT00H00M02S14074N30000F</MediaDuration>
</MediaTime>
<TemporalDecomposition>
<VideoSegment id="shot154_127_RKF">
<MediaTime>
<MediaTimePoint>T00:21:00:27790F30000</MediaTimePoint>
</MediaTime>
</VideoSegment>
</TemporalDecomposition>
</VideoSegment>
<VideoSegment id="shot154_128">
<MediaTime>
<MediaTimePoint>T00:21:02:5828F30000</MediaTimePoint>
<MediaDuration>PT00H00M08S27267N30000F</MediaDuration>
</MediaTime>
<TemporalDecomposition>
<VideoSegment id="shot154_128_NRKF_1">
<MediaTime>
<MediaTimePoint>T00:21:03:4857F30000</MediaTimePoint>
</MediaTime>
</VideoSegment>
<VideoSegment id="shot154_128_RKF">
<MediaTime>
<MediaTimePoint>T00:21:06:18961F30000</MediaTimePoint>
</MediaTime>
</VideoSegment>
<VideoSegment id="shot154_128_NRKF_2">
<MediaTime>
<MediaTimePoint>T00:21:07:17990F30000</MediaTimePoint>
</MediaTime>
</VideoSegment>
</TemporalDecomposition>
</VideoSegment>
<VideoSegment id="shot154_129">
<MediaTime>
<MediaTimePoint>T00:21:11:3095F30000</MediaTimePoint>
<MediaDuration>PT00H00M17S10520N30000F</MediaDuration>
</MediaTime>
<TemporalDecomposition>
<VideoSegment id="shot154_129_NRKF_1">
<MediaTime>
<MediaTimePoint>T00:21:11:18110F30000</MediaTimePoint>
</MediaTime>
</VideoSegment>
<VideoSegment id="shot154_129_RKF">
<MediaTime>
<MediaTimePoint>T00:21:19:22354F30000</MediaTimePoint>
</MediaTime>
</VideoSegment>
<VideoSegment id="shot154_129_NRKF_2">
<MediaTime>
<MediaTimePoint>T00:21:20:8370F30000</MediaTimePoint>
</MediaTime>
</VideoSegment>
</TemporalDecomposition>
</VideoSegment>
<VideoSegment id="shot154_130">
<MediaTime>
<MediaTimePoint>T00:21:28:13615F30000</MediaTimePoint>
<MediaDuration>PT00H00M02S28088N30000F</MediaDuration>
</MediaTime>
<TemporalDecomposition>
<VideoSegment id="shot154_130_RKF">
<MediaTime>
<MediaTimePoint>T00:21:29:26658F30000</MediaTimePoint>
</MediaTime>
</VideoSegment>
</TemporalDecomposition>
</VideoSegment>
<VideoSegment id="shot154_131">
<MediaTime>
<MediaTimePoint>T00:21:31:11703F30000</MediaTimePoint>
<MediaDuration>PT00H00M03S19109N30000F</MediaDuration>
</MediaTime>
<TemporalDecomposition>
<VideoSegment id="shot154_131_RKF">
<MediaTime>
<MediaTimePoint>T00:21:33:5757F30000</MediaTimePoint>
</MediaTime>
</VideoSegment>
</TemporalDecomposition>
</VideoSegment>
<VideoSegment id="shot154_132">
<MediaTime>
<MediaTimePoint>T00:21:35:812F30000</MediaTimePoint>
<MediaDuration>PT00H00M04S5125N30000F</MediaDuration>
</MediaTime>
<TemporalDecomposition>
<VideoSegment id="shot154_132_NRKF_1">
<MediaTime>
<MediaTimePoint>T00:21:35:27839F30000</MediaTimePoint>
</MediaTime>
</VideoSegment>
<VideoSegment id="shot154_132_RKF">
<MediaTime>
<MediaTimePoint>T00:21:37:2874F30000</MediaTimePoint>
</MediaTime>
</VideoSegment>
<VideoSegment id="shot154_132_NRKF_2">
<MediaTime>
<MediaTimePoint>T00:21:37:29901F30000</MediaTimePoint>
</MediaTime>
</VideoSegment>
</TemporalDecomposition>
</VideoSegment>
<VideoSegment id="shot154_133">
<MediaTime>
<MediaTimePoint>T00:21:39:5937F30000</MediaTimePoint>
<MediaDuration>PT00H00M02S10070N30000F</MediaDuration>
</MediaTime>
<TemporalDecomposition>
<VideoSegment id="shot154_133_NRKF_1">
<MediaTime>
<MediaTimePoint>T00:21:39:18950F30000</MediaTimePoint>
</MediaTime>
</VideoSegment>
<VideoSegment id="shot154_133_RKF">
<MediaTime>
<MediaTimePoint>T00:21:40:9971F30000</MediaTimePoint>
</MediaTime>
</VideoSegment>
<VideoSegment id="shot154_133_NRKF_2">
<MediaTime>
<MediaTimePoint>T00:21:40:10972F30000</MediaTimePoint>
</MediaTime>
</VideoSegment>
<VideoSegment id="shot154_133_NRKF_3">
<MediaTime>
<MediaTimePoint>T00:21:41:2994F30000</MediaTimePoint>
</MediaTime>
</VideoSegment>
</TemporalDecomposition>
</VideoSegment>
<VideoSegment id="shot154_134">
<MediaTime>
<MediaTimePoint>T00:21:41:16007F30000</MediaTimePoint>
<MediaDuration>PT00H00M02S13073N30000F</MediaDuration>
</MediaTime>
<TemporalDecomposition>
<VideoSegment id="shot154_134_NRKF_1">
<MediaTime>
<MediaTimePoint>T00:21:42:13034F30000</MediaTimePoint>
</MediaTime>
</VideoSegment>
<VideoSegment id="shot154_134_RKF">
<MediaTime>
<MediaTimePoint>T00:21:42:22043F30000</MediaTimePoint>
</MediaTime>
</VideoSegment>
<VideoSegment id="shot154_134_NRKF_2">
<MediaTime>
<MediaTimePoint>T00:21:43:19070F30000</MediaTimePoint>
</MediaTime>
</VideoSegment>
</TemporalDecomposition>
</VideoSegment>
<VideoSegment id="shot154_135">
<MediaTime>
<MediaTimePoint>T00:21:43:29080F30000</MediaTimePoint>
<MediaDuration>PT00H00M02S18078N30000F</MediaDuration>
</MediaTime>
<TemporalDecomposition>
<VideoSegment id="shot154_135_NRKF_1">
<MediaTime>
<MediaTimePoint>T00:21:44:11092F30000</MediaTimePoint>
</MediaTime>
</VideoSegment>
<VideoSegment id="shot154_135_NRKF_2">
<MediaTime>
<MediaTimePoint>T00:21:45:6117F30000</MediaTimePoint>
</MediaTime>
</VideoSegment>
<VideoSegment id="shot154_135_RKF">
<MediaTime>
<MediaTimePoint>T00:21:45:7118F30000</MediaTimePoint>
</MediaTime>
</VideoSegment>
<VideoSegment id="shot154_135_NRKF_3">
<MediaTime>
<MediaTimePoint>T00:21:46:2143F30000</MediaTimePoint>
</MediaTime>
</VideoSegment>
</TemporalDecomposition>
</VideoSegment>
<VideoSegment id="shot154_136">
<MediaTime>
<MediaTimePoint>T00:21:46:17158F30000</MediaTimePoint>
<MediaDuration>PT00H00M03S4094N30000F</MediaDuration>
</MediaTime>
<TemporalDecomposition>
<VideoSegment id="shot154_136_NRKF_1">
<MediaTime>
<MediaTimePoint>T00:21:47:4175F30000</MediaTimePoint>
</MediaTime>
</VideoSegment>
<VideoSegment id="shot154_136_RKF">
<MediaTime>
<MediaTimePoint>T00:21:48:3204F30000</MediaTimePoint>
</MediaTime>
</VideoSegment>
<VideoSegment id="shot154_136_NRKF_2">
<MediaTime>
<MediaTimePoint>T00:21:48:21222F30000</MediaTimePoint>
</MediaTime>
</VideoSegment>
</TemporalDecomposition>
</VideoSegment>
<VideoSegment id="shot154_137">
<MediaTime>
<MediaTimePoint>T00:21:49:21252F30000</MediaTimePoint>
<MediaDuration>PT00H00M03S21111N30000F</MediaDuration>
</MediaTime>
<TemporalDecomposition>
<VideoSegment id="shot154_137_RKF">
<MediaTime>
<MediaTimePoint>T00:21:51:16307F30000</MediaTimePoint>
</MediaTime>
</VideoSegment>
</TemporalDecomposition>
</VideoSegment>
<VideoSegment id="shot154_138">
<MediaTime>
<MediaTimePoint>T00:21:53:12363F30000</MediaTimePoint>
<MediaDuration>PT00H00M03S6096N30000F</MediaDuration>
</MediaTime>
<TemporalDecomposition>
<VideoSegment id="shot154_138_NRKF_1">
<MediaTime>
<MediaTimePoint>T00:21:54:8389F30000</MediaTimePoint>
</MediaTime>
</VideoSegment>
<VideoSegment id="shot154_138_RKF">
<MediaTime>
<MediaTimePoint>T00:21:54:29410F30000</MediaTimePoint>
</MediaTime>
</VideoSegment>
<VideoSegment id="shot154_138_NRKF_2">
<MediaTime>
<MediaTimePoint>T00:21:55:26437F30000</MediaTimePoint>
</MediaTime>
</VideoSegment>
</TemporalDecomposition>
</VideoSegment>
<VideoSegment id="shot154_139">
<MediaTime>
<MediaTimePoint>T00:21:56:18459F30000</MediaTimePoint>
<MediaDuration>PT00H00M02S19079N30000F</MediaDuration>
</MediaTime>
<TemporalDecomposition>
<VideoSegment id="shot154_139_RKF">
<MediaTime>
<MediaTimePoint>T00:21:57:27498F30000</MediaTimePoint>
</MediaTime>
</VideoSegment>
</TemporalDecomposition>
</VideoSegment>
<VideoSegment id="shot154_140">
<MediaTime>
<MediaTimePoint>T00:21:59:7538F30000</MediaTimePoint>
<MediaDuration>PT00H00M03S7097N30000F</MediaDuration>
</MediaTime>
<TemporalDecomposition>
<VideoSegment id="shot154_140_NRKF_1">
<MediaTime>
<MediaTimePoint>T00:21:59:25556F30000</MediaTimePoint>
</MediaTime>
</VideoSegment>
<VideoSegment id="shot154_140_NRKF_2">
<MediaTime>
<MediaTimePoint>T00:22:00:19580F30000</MediaTimePoint>
</MediaTime>
</VideoSegment>
<VideoSegment id="shot154_140_RKF">
<MediaTime>
<MediaTimePoint>T00:22:00:25586F30000</MediaTimePoint>
</MediaTime>
</VideoSegment>
<VideoSegment id="shot154_140_NRKF_3">
<MediaTime>
<MediaTimePoint>T00:22:01:19610F30000</MediaTimePoint>
</MediaTime>
</VideoSegment>
</TemporalDecomposition>
</VideoSegment>
<VideoSegment id="shot154_141">
<MediaTime>
<MediaTimePoint>T00:22:02:14635F30000</MediaTimePoint>
<MediaDuration>PT00H00M03S18108N30000F</MediaDuration>
</MediaTime>
<TemporalDecomposition>
<VideoSegment id="shot154_141_NRKF_1">
<MediaTime>
<MediaTimePoint>T00:22:02:16637F30000</MediaTimePoint>
</MediaTime>
</VideoSegment>
<VideoSegment id="shot154_141_NRKF_2">
<MediaTime>
<MediaTimePoint>T00:22:02:21642F30000</MediaTimePoint>
</MediaTime>
</VideoSegment>
<VideoSegment id="shot154_141_NRKF_3">
<MediaTime>
<MediaTimePoint>T00:22:03:14665F30000</MediaTimePoint>
</MediaTime>
</VideoSegment>
<VideoSegment id="shot154_141_RKF">
<MediaTime>
<MediaTimePoint>T00:22:04:7688F30000</MediaTimePoint>
</MediaTime>
</VideoSegment>
<VideoSegment id="shot154_141_NRKF_4">
<MediaTime>
<MediaTimePoint>T00:22:05:3714F30000</MediaTimePoint>
</MediaTime>
</VideoSegment>
</TemporalDecomposition>
</VideoSegment>
<VideoSegment id="shot154_142">
<MediaTime>
<MediaTimePoint>T00:22:06:2743F30000</MediaTimePoint>
<MediaDuration>PT00H00M02S28088N30000F</MediaDuration>
</MediaTime>
<TemporalDecomposition>
<VideoSegment id="shot154_142_NRKF_1">
<MediaTime>
<MediaTimePoint>T00:22:06:5746F30000</MediaTimePoint>
</MediaTime>
</VideoSegment>
<VideoSegment id="shot154_142_NRKF_2">
<MediaTime>
<MediaTimePoint>T00:22:06:14755F30000</MediaTimePoint>
</MediaTime>
</VideoSegment>
<VideoSegment id="shot154_142_RKF">
<MediaTime>
<MediaTimePoint>T00:22:07:15786F30000</MediaTimePoint>
</MediaTime>
</VideoSegment>
<VideoSegment id="shot154_142_NRKF_3">
<MediaTime>
<MediaTimePoint>T00:22:07:24795F30000</MediaTimePoint>
</MediaTime>
</VideoSegment>
</TemporalDecomposition>
</VideoSegment>
<VideoSegment id="shot154_143">
<MediaTime>
<MediaTimePoint>T00:22:09:831F30000</MediaTimePoint>
<MediaDuration>PT00H00M06S16196N30000F</MediaDuration>
</MediaTime>
<TemporalDecomposition>
<VideoSegment id="shot154_143_NRKF_1">
<MediaTime>
<MediaTimePoint>T00:22:09:24855F30000</MediaTimePoint>
</MediaTime>
</VideoSegment>
<VideoSegment id="shot154_143_RKF">
<MediaTime>
<MediaTimePoint>T00:22:12:7928F30000</MediaTimePoint>
</MediaTime>
</VideoSegment>
<VideoSegment id="shot154_143_NRKF_2">
<MediaTime>
<MediaTimePoint>T00:22:13:2953F30000</MediaTimePoint>
</MediaTime>
</VideoSegment>
</TemporalDecomposition>
</VideoSegment>
<VideoSegment id="shot154_144">
<MediaTime>
<MediaTimePoint>T00:22:15:17027F30000</MediaTimePoint>
<MediaDuration>PT00H00M08S6246N30000F</MediaDuration>
</MediaTime>
<TemporalDecomposition>
<VideoSegment id="shot154_144_RKF">
<MediaTime>
<MediaTimePoint>T00:22:19:19149F30000</MediaTimePoint>
</MediaTime>
</VideoSegment>
</TemporalDecomposition>
</VideoSegment>
<VideoSegment id="shot154_145">
<MediaTime>
<MediaTimePoint>T00:22:23:23273F30000</MediaTimePoint>
<MediaDuration>PT00H00M03S22112N30000F</MediaDuration>
</MediaTime>
<TemporalDecomposition>
<VideoSegment id="shot154_145_RKF">
<MediaTime>
<MediaTimePoint>T00:22:25:18328F30000</MediaTimePoint>
</MediaTime>
</VideoSegment>
</TemporalDecomposition>
</VideoSegment>
<VideoSegment id="shot154_146">
<MediaTime>
<MediaTimePoint>T00:22:27:15385F30000</MediaTimePoint>
<MediaDuration>PT00H00M06S19199N30000F</MediaDuration>
</MediaTime>
<TemporalDecomposition>
<VideoSegment id="shot154_146_NRKF_1">
<MediaTime>
<MediaTimePoint>T00:22:28:12412F30000</MediaTimePoint>
</MediaTime>
</VideoSegment>
<VideoSegment id="shot154_146_RKF">
<MediaTime>
<MediaTimePoint>T00:22:30:24484F30000</MediaTimePoint>
</MediaTime>
</VideoSegment>
<VideoSegment id="shot154_146_NRKF_2">
<MediaTime>
<MediaTimePoint>T00:22:31:21511F30000</MediaTimePoint>
</MediaTime>
</VideoSegment>
</TemporalDecomposition>
</VideoSegment>
<VideoSegment id="shot154_147">
<MediaTime>
<MediaTimePoint>T00:22:34:4584F30000</MediaTimePoint>
<MediaDuration>PT00H00M04S21141N30000F</MediaDuration>
</MediaTime>
<TemporalDecomposition>
<VideoSegment id="shot154_147_RKF">
<MediaTime>
<MediaTimePoint>T00:22:36:14654F30000</MediaTimePoint>
</MediaTime>
</VideoSegment>
</TemporalDecomposition>
</VideoSegment>
<VideoSegment id="shot154_148">
<MediaTime>
<MediaTimePoint>T00:22:38:25725F30000</MediaTimePoint>
<MediaDuration>PT00H00M20S8608N30000F</MediaDuration>
</MediaTime>
<TemporalDecomposition>
<VideoSegment id="shot154_148_RKF">
<MediaTime>
<MediaTimePoint>T00:22:48:29028F30000</MediaTimePoint>
</MediaTime>
</VideoSegment>
</TemporalDecomposition>
</VideoSegment>
<VideoSegment id="shot154_149">
<MediaTime>
<MediaTimePoint>T00:22:59:4333F30000</MediaTimePoint>
<MediaDuration>PT00H00M03S1091N30000F</MediaDuration>
</MediaTime>
<TemporalDecomposition>
<VideoSegment id="shot154_149_RKF">
<MediaTime>
<MediaTimePoint>T00:23:00:19378F30000</MediaTimePoint>
</MediaTime>
</VideoSegment>
</TemporalDecomposition>
</VideoSegment>
<VideoSegment id="shot154_150">
<MediaTime>
<MediaTimePoint>T00:23:02:5424F30000</MediaTimePoint>
<MediaDuration>PT00H00M07S1211N30000F</MediaDuration>
</MediaTime>
<TemporalDecomposition>
<VideoSegment id="shot154_150_RKF">
<MediaTime>
<MediaTimePoint>T00:23:05:20529F30000</MediaTimePoint>
</MediaTime>
</VideoSegment>
</TemporalDecomposition>
</VideoSegment>
<VideoSegment id="shot154_151">
<MediaTime>
<MediaTimePoint>T00:23:09:6635F30000</MediaTimePoint>
<MediaDuration>PT00H00M02S17077N30000F</MediaDuration>
</MediaTime>
<TemporalDecomposition>
<VideoSegment id="shot154_151_RKF">
<MediaTime>
<MediaTimePoint>T00:23:10:14673F30000</MediaTimePoint>
</MediaTime>
</VideoSegment>
</TemporalDecomposition>
</VideoSegment>
<VideoSegment id="shot154_152">
<MediaTime>
<MediaTimePoint>T00:23:11:23712F30000</MediaTimePoint>
<MediaDuration>PT00H00M02S9069N30000F</MediaDuration>
</MediaTime>
<TemporalDecomposition>
<VideoSegment id="shot154_152_NRKF_1">
<MediaTime>
<MediaTimePoint>T00:23:11:24713F30000</MediaTimePoint>
</MediaTime>
</VideoSegment>
<VideoSegment id="shot154_152_NRKF_2">
<MediaTime>
<MediaTimePoint>T00:23:12:3722F30000</MediaTimePoint>
</MediaTime>
</VideoSegment>
<VideoSegment id="shot154_152_RKF">
<MediaTime>
<MediaTimePoint>T00:23:12:27746F30000</MediaTimePoint>
</MediaTime>
</VideoSegment>
<VideoSegment id="shot154_152_NRKF_3">
<MediaTime>
<MediaTimePoint>T00:23:13:6755F30000</MediaTimePoint>
</MediaTime>
</VideoSegment>
</TemporalDecomposition>
</VideoSegment>
<VideoSegment id="shot154_153">
<MediaTime>
<MediaTimePoint>T00:23:14:2781F30000</MediaTimePoint>
<MediaDuration>PT00H00M08S2242N30000F</MediaDuration>
</MediaTime>
<TemporalDecomposition>
<VideoSegment id="shot154_153_NRKF_1">
<MediaTime>
<MediaTimePoint>T00:23:14:25804F30000</MediaTimePoint>
</MediaTime>
</VideoSegment>
<VideoSegment id="shot154_153_RKF">
<MediaTime>
<MediaTimePoint>T00:23:18:2901F30000</MediaTimePoint>
</MediaTime>
</VideoSegment>
<VideoSegment id="shot154_153_NRKF_2">
<MediaTime>
<MediaTimePoint>T00:23:18:26925F30000</MediaTimePoint>
</MediaTime>
</VideoSegment>
</TemporalDecomposition>
</VideoSegment>
<VideoSegment id="shot154_154">
<MediaTime>
<MediaTimePoint>T00:23:22:5023F30000</MediaTimePoint>
<MediaDuration>PT00H00M10S5305N30000F</MediaDuration>
</MediaTime>
<TemporalDecomposition>
<VideoSegment id="shot154_154_RKF">
<MediaTime>
<MediaTimePoint>T00:23:27:7175F30000</MediaTimePoint>
</MediaTime>
</VideoSegment>
</TemporalDecomposition>
</VideoSegment>
<VideoSegment id="shot154_155">
<MediaTime>
<MediaTimePoint>T00:23:32:10328F30000</MediaTimePoint>
<MediaDuration>PT00H00M13S7397N30000F</MediaDuration>
</MediaTime>
<TemporalDecomposition>
<VideoSegment id="shot154_155_RKF">
<MediaTime>
<MediaTimePoint>T00:23:38:28526F30000</MediaTimePoint>
</MediaTime>
</VideoSegment>
</TemporalDecomposition>
</VideoSegment>
<VideoSegment id="shot154_156">
<MediaTime>
<MediaTimePoint>T00:23:45:17725F30000</MediaTimePoint>
<MediaDuration>PT00H00M04S23143N30000F</MediaDuration>
</MediaTime>
<TemporalDecomposition>
<VideoSegment id="shot154_156_RKF">
<MediaTime>
<MediaTimePoint>T00:23:47:28796F30000</MediaTimePoint>
</MediaTime>
</VideoSegment>
</TemporalDecomposition>
</VideoSegment>
<VideoSegment id="shot154_157">
<MediaTime>
<MediaTimePoint>T00:23:50:10868F30000</MediaTimePoint>
<MediaDuration>PT00H00M03S23113N30000F</MediaDuration>
</MediaTime>
<TemporalDecomposition>
<VideoSegment id="shot154_157_NRKF_1">
<MediaTime>
<MediaTimePoint>T00:23:51:4892F30000</MediaTimePoint>
</MediaTime>
</VideoSegment>
<VideoSegment id="shot154_157_RKF">
<MediaTime>
<MediaTimePoint>T00:23:52:6924F30000</MediaTimePoint>
</MediaTime>
</VideoSegment>
<VideoSegment id="shot154_157_NRKF_2">
<MediaTime>
<MediaTimePoint>T00:23:53:1949F30000</MediaTimePoint>
</MediaTime>
</VideoSegment>
</TemporalDecomposition>
</VideoSegment>
<VideoSegment id="shot154_158">
<MediaTime>
<MediaTimePoint>T00:23:54:3981F30000</MediaTimePoint>
<MediaDuration>PT00H00M06S6186N30000F</MediaDuration>
</MediaTime>
<TemporalDecomposition>
<VideoSegment id="shot154_158_NRKF_1">
<MediaTime>
<MediaTimePoint>T00:23:55:3010F30000</MediaTimePoint>
</MediaTime>
</VideoSegment>
<VideoSegment id="shot154_158_RKF">
<MediaTime>
<MediaTimePoint>T00:23:57:6073F30000</MediaTimePoint>
</MediaTime>
</VideoSegment>
<VideoSegment id="shot154_158_NRKF_2">
<MediaTime>
<MediaTimePoint>T00:23:58:6103F30000</MediaTimePoint>
</MediaTime>
</VideoSegment>
</TemporalDecomposition>
</VideoSegment>
<VideoSegment id="shot154_159">
<MediaTime>
<MediaTimePoint>T00:24:00:10167F30000</MediaTimePoint>
<MediaDuration>PT00H00M09S15285N30000F</MediaDuration>
</MediaTime>
<TemporalDecomposition>
<VideoSegment id="shot154_159_RKF">
<MediaTime>
<MediaTimePoint>T00:24:05:2309F30000</MediaTimePoint>
</MediaTime>
</VideoSegment>
</TemporalDecomposition>
</VideoSegment>
<VideoSegment id="shot154_160">
<MediaTime>
<MediaTimePoint>T00:24:09:25452F30000</MediaTimePoint>
<MediaDuration>PT00H00M02S14074N30000F</MediaDuration>
</MediaTime>
<TemporalDecomposition>
<VideoSegment id="shot154_160_NRKF_1">
<MediaTime>
<MediaTimePoint>T00:24:10:8465F30000</MediaTimePoint>
</MediaTime>
</VideoSegment>
<VideoSegment id="shot154_160_RKF">
<MediaTime>
<MediaTimePoint>T00:24:11:1488F30000</MediaTimePoint>
</MediaTime>
</VideoSegment>
<VideoSegment id="shot154_160_NRKF_2">
<MediaTime>
<MediaTimePoint>T00:24:11:15502F30000</MediaTimePoint>
</MediaTime>
</VideoSegment>
</TemporalDecomposition>
</VideoSegment>
<VideoSegment id="shot154_161">
<MediaTime>
<MediaTimePoint>T00:24:12:9526F30000</MediaTimePoint>
<MediaDuration>PT00H00M04S16136N30000F</MediaDuration>
</MediaTime>
<TemporalDecomposition>
<VideoSegment id="shot154_161_NRKF_1">
<MediaTime>
<MediaTimePoint>T00:24:13:1548F30000</MediaTimePoint>
</MediaTime>
</VideoSegment>
<VideoSegment id="shot154_161_RKF">
<MediaTime>
<MediaTimePoint>T00:24:14:16593F30000</MediaTimePoint>
</MediaTime>
</VideoSegment>
<VideoSegment id="shot154_161_NRKF_2">
<MediaTime>
<MediaTimePoint>T00:24:15:9616F30000</MediaTimePoint>
</MediaTime>
</VideoSegment>
</TemporalDecomposition>
</VideoSegment>
<VideoSegment id="shot154_162">
<MediaTime>
<MediaTimePoint>T00:24:16:25662F30000</MediaTimePoint>
<MediaDuration>PT00H00M08S13253N30000F</MediaDuration>
</MediaTime>
<TemporalDecomposition>
<VideoSegment id="shot154_162_RKF">
<MediaTime>
<MediaTimePoint>T00:24:21:1788F30000</MediaTimePoint>
</MediaTime>
</VideoSegment>
</TemporalDecomposition>
</VideoSegment>
<VideoSegment id="shot154_163">
<MediaTime>
<MediaTimePoint>T00:24:25:8915F30000</MediaTimePoint>
<MediaDuration>PT00H00M03S14104N30000F</MediaDuration>
</MediaTime>
<TemporalDecomposition>
<VideoSegment id="shot154_163_NRKF_1">
<MediaTime>
<MediaTimePoint>T00:24:26:1938F30000</MediaTimePoint>
</MediaTime>
</VideoSegment>
<VideoSegment id="shot154_163_RKF">
<MediaTime>
<MediaTimePoint>T00:24:26:29966F30000</MediaTimePoint>
</MediaTime>
</VideoSegment>
<VideoSegment id="shot154_163_NRKF_2">
<MediaTime>
<MediaTimePoint>T00:24:27:23990F30000</MediaTimePoint>
</MediaTime>
</VideoSegment>
</TemporalDecomposition>
</VideoSegment>
<VideoSegment id="shot154_164">
<MediaTime>
<MediaTimePoint>T00:24:28:23019F30000</MediaTimePoint>
<MediaDuration>PT00H00M02S4064N30000F</MediaDuration>
</MediaTime>
<TemporalDecomposition>
<VideoSegment id="shot154_164_RKF">
<MediaTime>
<MediaTimePoint>T00:24:29:24050F30000</MediaTimePoint>
</MediaTime>
</VideoSegment>
</TemporalDecomposition>
</VideoSegment>
<VideoSegment id="shot154_165">
<MediaTime>
<MediaTimePoint>T00:24:30:27083F30000</MediaTimePoint>
<MediaDuration>PT00H00M02S5065N30000F</MediaDuration>
</MediaTime>
<TemporalDecomposition>
<VideoSegment id="shot154_165_RKF">
<MediaTime>
<MediaTimePoint>T00:24:31:29115F30000</MediaTimePoint>
</MediaTime>
</VideoSegment>
</TemporalDecomposition>
</VideoSegment>
<VideoSegment id="shot154_166">
<MediaTime>
<MediaTimePoint>T00:24:33:2148F30000</MediaTimePoint>
<MediaDuration>PT00H00M02S24084N30000F</MediaDuration>
</MediaTime>
<TemporalDecomposition>
<VideoSegment id="shot154_166_RKF">
<MediaTime>
<MediaTimePoint>T00:24:34:13189F30000</MediaTimePoint>
</MediaTime>
</VideoSegment>
</TemporalDecomposition>
</VideoSegment>
<VideoSegment id="shot154_167">
<MediaTime>
<MediaTimePoint>T00:24:35:26232F30000</MediaTimePoint>
<MediaDuration>PT00H00M04S24144N30000F</MediaDuration>
</MediaTime>
<TemporalDecomposition>
<VideoSegment id="shot154_167_RKF">
<MediaTime>
<MediaTimePoint>T00:24:38:7303F30000</MediaTimePoint>
</MediaTime>
</VideoSegment>
</TemporalDecomposition>
</VideoSegment>
<VideoSegment id="shot154_168">
<MediaTime>
<MediaTimePoint>T00:24:40:20376F30000</MediaTimePoint>
<MediaDuration>PT00H00M05S150N30000F</MediaDuration>
</MediaTime>
<TemporalDecomposition>
<VideoSegment id="shot154_168_RKF">
<MediaTime>
<MediaTimePoint>T00:24:43:4450F30000</MediaTimePoint>
</MediaTime>
</VideoSegment>
</TemporalDecomposition>
</VideoSegment>
<VideoSegment id="shot154_169">
<MediaTime>
<MediaTimePoint>T00:24:45:20526F30000</MediaTimePoint>
<MediaDuration>PT00H00M47S16425N30000F</MediaDuration>
</MediaTime>
<TemporalDecomposition>
<VideoSegment id="shot154_169_RKF">
<MediaTime>
<MediaTimePoint>T00:25:09:13238F30000</MediaTimePoint>
</MediaTime>
</VideoSegment>
</TemporalDecomposition>
</VideoSegment>
<VideoSegment id="shot154_170">
<MediaTime>
<MediaTimePoint>T00:25:33:6951F30000</MediaTimePoint>
<MediaDuration>PT00H00M05S5155N30000F</MediaDuration>
</MediaTime>
<TemporalDecomposition>
<VideoSegment id="shot154_170_NRKF_1">
<MediaTime>
<MediaTimePoint>T00:25:34:4979F30000</MediaTimePoint>
</MediaTime>
</VideoSegment>
<VideoSegment id="shot154_170_RKF">
<MediaTime>
<MediaTimePoint>T00:25:35:24028F30000</MediaTimePoint>
</MediaTime>
</VideoSegment>
<VideoSegment id="shot154_170_NRKF_2">
<MediaTime>
<MediaTimePoint>T00:25:36:22056F30000</MediaTimePoint>
</MediaTime>
</VideoSegment>
</TemporalDecomposition>
</VideoSegment>
<VideoSegment id="shot154_171">
<MediaTime>
<MediaTimePoint>T00:25:38:12106F30000</MediaTimePoint>
<MediaDuration>PT00H00M08S9249N30000F</MediaDuration>
</MediaTime>
<TemporalDecomposition>
<VideoSegment id="shot154_171_NRKF_1">
<MediaTime>
<MediaTimePoint>T00:25:39:124F30000</MediaTimePoint>
</MediaTime>
</VideoSegment>
<VideoSegment id="shot154_171_RKF">
<MediaTime>
<MediaTimePoint>T00:25:42:16230F30000</MediaTimePoint>
</MediaTime>
</VideoSegment>
<VideoSegment id="shot154_171_NRKF_2">
<MediaTime>
<MediaTimePoint>T00:25:43:4248F30000</MediaTimePoint>
</MediaTime>
</VideoSegment>
</TemporalDecomposition>
</VideoSegment>
<VideoSegment id="shot154_172">
<MediaTime>
<MediaTimePoint>T00:25:46:21355F30000</MediaTimePoint>
<MediaDuration>PT00H00M05S5155N30000F</MediaDuration>
</MediaTime>
<TemporalDecomposition>
<VideoSegment id="shot154_172_RKF">
<MediaTime>
<MediaTimePoint>T00:25:49:8432F30000</MediaTimePoint>
</MediaTime>
</VideoSegment>
</TemporalDecomposition>
</VideoSegment>
<VideoSegment id="shot154_173">
<MediaTime>
<MediaTimePoint>T00:25:51:26510F30000</MediaTimePoint>
<MediaDuration>PT00H00M07S13223N30000F</MediaDuration>
</MediaTime>
<TemporalDecomposition>
<VideoSegment id="shot154_173_RKF">
<MediaTime>
<MediaTimePoint>T00:25:55:17621F30000</MediaTimePoint>
</MediaTime>
</VideoSegment>
</TemporalDecomposition>
</VideoSegment>
<VideoSegment id="shot154_174">
<MediaTime>
<MediaTimePoint>T00:25:59:9733F30000</MediaTimePoint>
<MediaDuration>PT00H00M04S26146N30000F</MediaDuration>
</MediaTime>
<TemporalDecomposition>
<VideoSegment id="shot154_174_RKF">
<MediaTime>
<MediaTimePoint>T00:26:01:21805F30000</MediaTimePoint>
</MediaTime>
</VideoSegment>
</TemporalDecomposition>
</VideoSegment>
<VideoSegment id="shot154_175">
<MediaTime>
<MediaTimePoint>T00:26:04:5879F30000</MediaTimePoint>
<MediaDuration>PT00H00M02S18078N30000F</MediaDuration>
</MediaTime>
<TemporalDecomposition>
<VideoSegment id="shot154_175_RKF">
<MediaTime>
<MediaTimePoint>T00:26:05:13917F30000</MediaTimePoint>
</MediaTime>
</VideoSegment>
</TemporalDecomposition>
</VideoSegment>
<VideoSegment id="shot154_176">
<MediaTime>
<MediaTimePoint>T00:26:06:23957F30000</MediaTimePoint>
<MediaDuration>PT00H00M08S12252N30000F</MediaDuration>
</MediaTime>
<TemporalDecomposition>
<VideoSegment id="shot154_176_RKF">
<MediaTime>
<MediaTimePoint>T00:26:10:29082F30000</MediaTimePoint>
</MediaTime>
</VideoSegment>
</TemporalDecomposition>
</VideoSegment>
<VideoSegment id="shot154_177">
<MediaTime>
<MediaTimePoint>T00:26:15:6209F30000</MediaTimePoint>
<MediaDuration>PT00H00M06S8188N30000F</MediaDuration>
</MediaTime>
<TemporalDecomposition>
<VideoSegment id="shot154_177_RKF">
<MediaTime>
<MediaTimePoint>T00:26:18:9302F30000</MediaTimePoint>
</MediaTime>
</VideoSegment>
</TemporalDecomposition>
</VideoSegment>
<VideoSegment id="shot154_178">
<MediaTime>
<MediaTimePoint>T00:26:21:14397F30000</MediaTimePoint>
<MediaDuration>PT00H00M02S22082N30000F</MediaDuration>
</MediaTime>
<TemporalDecomposition>
<VideoSegment id="shot154_178_RKF">
<MediaTime>
<MediaTimePoint>T00:26:22:24437F30000</MediaTimePoint>
</MediaTime>
</VideoSegment>
</TemporalDecomposition>
</VideoSegment>
<VideoSegment id="shot154_179">
<MediaTime>
<MediaTimePoint>T00:26:24:6479F30000</MediaTimePoint>
<MediaDuration>PT00H00M02S20080N30000F</MediaDuration>
</MediaTime>
<TemporalDecomposition>
<VideoSegment id="shot154_179_RKF">
<MediaTime>
<MediaTimePoint>T00:26:25:15518F30000</MediaTimePoint>
</MediaTime>
</VideoSegment>
</TemporalDecomposition>
</VideoSegment>
<VideoSegment id="shot154_180">
<MediaTime>
<MediaTimePoint>T00:26:26:26559F30000</MediaTimePoint>
<MediaDuration>PT00H00M03S5095N30000F</MediaDuration>
</MediaTime>
<TemporalDecomposition>
<VideoSegment id="shot154_180_RKF">
<MediaTime>
<MediaTimePoint>T00:26:28:13606F30000</MediaTimePoint>
</MediaTime>
</VideoSegment>
</TemporalDecomposition>
</VideoSegment>
<VideoSegment id="shot154_181">
<MediaTime>
<MediaTimePoint>T00:26:30:1654F30000</MediaTimePoint>
<MediaDuration>PT00H00M04S13133N30000F</MediaDuration>
</MediaTime>
<TemporalDecomposition>
<VideoSegment id="shot154_181_RKF">
<MediaTime>
<MediaTimePoint>T00:26:32:7720F30000</MediaTimePoint>
</MediaTime>
</VideoSegment>
</TemporalDecomposition>
</VideoSegment>
<VideoSegment id="shot154_182">
<MediaTime>
<MediaTimePoint>T00:26:34:14787F30000</MediaTimePoint>
<MediaDuration>PT00H00M03S27117N30000F</MediaDuration>
</MediaTime>
<TemporalDecomposition>
<VideoSegment id="shot154_182_RKF">
<MediaTime>
<MediaTimePoint>T00:26:36:12845F30000</MediaTimePoint>
</MediaTime>
</VideoSegment>
</TemporalDecomposition>
</VideoSegment>
<VideoSegment id="shot154_183">
<MediaTime>
<MediaTimePoint>T00:26:38:11904F30000</MediaTimePoint>
<MediaDuration>PT00H00M02S3063N30000F</MediaDuration>
</MediaTime>
<TemporalDecomposition>
<VideoSegment id="shot154_183_RKF">
<MediaTime>
<MediaTimePoint>T00:26:39:12935F30000</MediaTimePoint>
</MediaTime>
</VideoSegment>
</TemporalDecomposition>
</VideoSegment>
<VideoSegment id="shot154_184">
<MediaTime>
<MediaTimePoint>T00:26:40:14967F30000</MediaTimePoint>
<MediaDuration>PT00H00M04S19139N30000F</MediaDuration>
</MediaTime>
<TemporalDecomposition>
<VideoSegment id="shot154_184_NRKF_1">
<MediaTime>
<MediaTimePoint>T00:26:41:8991F30000</MediaTimePoint>
</MediaTime>
</VideoSegment>
<VideoSegment id="shot154_184_RKF">
<MediaTime>
<MediaTimePoint>T00:26:42:24036F30000</MediaTimePoint>
</MediaTime>
</VideoSegment>
<VideoSegment id="shot154_184_NRKF_2">
<MediaTime>
<MediaTimePoint>T00:26:43:19061F30000</MediaTimePoint>
</MediaTime>
</VideoSegment>
</TemporalDecomposition>
</VideoSegment>
<VideoSegment id="shot154_185">
<MediaTime>
<MediaTimePoint>T00:26:45:4106F30000</MediaTimePoint>
<MediaDuration>PT00H00M03S9099N30000F</MediaDuration>
</MediaTime>
<TemporalDecomposition>
<VideoSegment id="shot154_185_RKF">
<MediaTime>
<MediaTimePoint>T00:26:46:23155F30000</MediaTimePoint>
</MediaTime>
</VideoSegment>
</TemporalDecomposition>
</VideoSegment>
<VideoSegment id="shot154_186">
<MediaTime>
<MediaTimePoint>T00:26:48:13205F30000</MediaTimePoint>
<MediaDuration>PT00H00M02S8068N30000F</MediaDuration>
</MediaTime>
<TemporalDecomposition>
<VideoSegment id="shot154_186_NRKF_1">
<MediaTime>
<MediaTimePoint>T00:26:48:25217F30000</MediaTimePoint>
</MediaTime>
</VideoSegment>
<VideoSegment id="shot154_186_RKF">
<MediaTime>
<MediaTimePoint>T00:26:49:16238F30000</MediaTimePoint>
</MediaTime>
</VideoSegment>
<VideoSegment id="shot154_186_NRKF_2">
<MediaTime>
<MediaTimePoint>T00:26:49:29251F30000</MediaTimePoint>
</MediaTime>
</VideoSegment>
</TemporalDecomposition>
</VideoSegment>
<VideoSegment id="shot154_187">
<MediaTime>
<MediaTimePoint>T00:26:50:21273F30000</MediaTimePoint>
<MediaDuration>PT00H00M03S25115N30000F</MediaDuration>
</MediaTime>
<TemporalDecomposition>
<VideoSegment id="shot154_187_NRKF_1">
<MediaTime>
<MediaTimePoint>T00:26:51:10292F30000</MediaTimePoint>
</MediaTime>
</VideoSegment>
<VideoSegment id="shot154_187_NRKF_2">
<MediaTime>
<MediaTimePoint>T00:26:52:10322F30000</MediaTimePoint>
</MediaTime>
</VideoSegment>
<VideoSegment id="shot154_187_RKF">
<MediaTime>
<MediaTimePoint>T00:26:52:18330F30000</MediaTimePoint>
</MediaTime>
</VideoSegment>
<VideoSegment id="shot154_187_NRKF_3">
<MediaTime>
<MediaTimePoint>T00:26:53:17359F30000</MediaTimePoint>
</MediaTime>
</VideoSegment>
</TemporalDecomposition>
</VideoSegment>
<VideoSegment id="shot154_188">
<MediaTime>
<MediaTimePoint>T00:26:54:16388F30000</MediaTimePoint>
<MediaDuration>PT00H00M08S1241N30000F</MediaDuration>
</MediaTime>
<TemporalDecomposition>
<VideoSegment id="shot154_188_NRKF_1">
<MediaTime>
<MediaTimePoint>T00:26:55:13415F30000</MediaTimePoint>
</MediaTime>
</VideoSegment>
<VideoSegment id="shot154_188_RKF">
<MediaTime>
<MediaTimePoint>T00:26:58:16508F30000</MediaTimePoint>
</MediaTime>
</VideoSegment>
<VideoSegment id="shot154_188_NRKF_2">
<MediaTime>
<MediaTimePoint>T00:26:59:14536F30000</MediaTimePoint>
</MediaTime>
</VideoSegment>
</TemporalDecomposition>
</VideoSegment>
<VideoSegment id="shot154_189">
<MediaTime>
<MediaTimePoint>T00:27:02:17629F30000</MediaTimePoint>
<MediaDuration>PT00H00M06S16196N30000F</MediaDuration>
</MediaTime>
<TemporalDecomposition>
<VideoSegment id="shot154_189_RKF">
<MediaTime>
<MediaTimePoint>T00:27:05:24726F30000</MediaTimePoint>
</MediaTime>
</VideoSegment>
</TemporalDecomposition>
</VideoSegment>
<VideoSegment id="shot154_190">
<MediaTime>
<MediaTimePoint>T00:27:09:3825F30000</MediaTimePoint>
<MediaDuration>PT00H00M07S5215N30000F</MediaDuration>
</MediaTime>
<TemporalDecomposition>
<VideoSegment id="shot154_190_RKF">
<MediaTime>
<MediaTimePoint>T00:27:12:20932F30000</MediaTimePoint>
</MediaTime>
</VideoSegment>
</TemporalDecomposition>
</VideoSegment>
<VideoSegment id="shot154_191">
<MediaTime>
<MediaTimePoint>T00:27:16:9040F30000</MediaTimePoint>
<MediaDuration>PT00H00M02S20080N30000F</MediaDuration>
</MediaTime>
<TemporalDecomposition>
<VideoSegment id="shot154_191_RKF">
<MediaTime>
<MediaTimePoint>T00:27:17:18079F30000</MediaTimePoint>
</MediaTime>
</VideoSegment>
</TemporalDecomposition>
</VideoSegment>
</TemporalDecomposition>
</Video>
</MultimediaContent>
</Description>
</Mpeg7>
