<?xml version="1.0" encoding="UTF-8"?>
<Mpeg7 xmlns="urn:mpeg:mpeg7:schema:2001" xmlns:mpeg7="urn:mpeg:mpeg7:schema:2001" xmlns:xsi="http://www.w3.org/2001/XMLSchema-instance">
<Description xsi:type="ContentEntityType">
<MultimediaContent xsi:type="VideoType">
<Video id="TRECVID2005_161">
<MediaLocator>
<MediaUri>20041103_133000_MSNBC_MSNBCNEWS13_ENG.mpg</MediaUri>
</MediaLocator>
<MediaTime>
<MediaTimePoint>T00:00:00:0F30000</MediaTimePoint>
<MediaDuration>PT00H28M19S29949N30000F</MediaDuration>
</MediaTime>
<TemporalDecomposition gap="false" overlap="false">
<VideoSegment id="shot161_1">
<MediaTime>
<MediaTimePoint>T00:00:00:0F30000</MediaTimePoint>
<MediaDuration>PT00H00M12S27387N30000F</MediaDuration>
</MediaTime>
<TemporalDecomposition>
<VideoSegment id="shot161_1_RKF">
<MediaTime>
<MediaTimePoint>T00:00:06:13193F30000</MediaTimePoint>
</MediaTime>
</VideoSegment>
</TemporalDecomposition>
</VideoSegment>
<VideoSegment id="shot161_2">
<MediaTime>
<MediaTimePoint>T00:00:12:27387F30000</MediaTimePoint>
<MediaDuration>PT00H00M03S22112N30000F</MediaDuration>
</MediaTime>
<TemporalDecomposition>
<VideoSegment id="shot161_2_NRKF_1">
<MediaTime>
<MediaTimePoint>T00:00:13:13403F30000</MediaTimePoint>
</MediaTime>
</VideoSegment>
<VideoSegment id="shot161_2_RKF">
<MediaTime>
<MediaTimePoint>T00:00:14:22442F30000</MediaTimePoint>
</MediaTime>
</VideoSegment>
<VideoSegment id="shot161_2_NRKF_2">
<MediaTime>
<MediaTimePoint>T00:00:15:9459F30000</MediaTimePoint>
</MediaTime>
</VideoSegment>
</TemporalDecomposition>
</VideoSegment>
<VideoSegment id="shot161_3">
<MediaTime>
<MediaTimePoint>T00:00:16:19499F30000</MediaTimePoint>
<MediaDuration>PT00H00M02S9069N30000F</MediaDuration>
</MediaTime>
<TemporalDecomposition>
<VideoSegment id="shot161_3_RKF">
<MediaTime>
<MediaTimePoint>T00:00:17:23533F30000</MediaTimePoint>
</MediaTime>
</VideoSegment>
</TemporalDecomposition>
</VideoSegment>
<VideoSegment id="shot161_4">
<MediaTime>
<MediaTimePoint>T00:00:18:28568F30000</MediaTimePoint>
<MediaDuration>PT00H00M02S22082N30000F</MediaDuration>
</MediaTime>
<TemporalDecomposition>
<VideoSegment id="shot161_4_RKF">
<MediaTime>
<MediaTimePoint>T00:00:20:8608F30000</MediaTimePoint>
</MediaTime>
</VideoSegment>
</TemporalDecomposition>
</VideoSegment>
<VideoSegment id="shot161_5">
<MediaTime>
<MediaTimePoint>T00:00:21:20650F30000</MediaTimePoint>
<MediaDuration>PT00H00M02S22082N30000F</MediaDuration>
</MediaTime>
<TemporalDecomposition>
<VideoSegment id="shot161_5_NRKF_1">
<MediaTime>
<MediaTimePoint>T00:00:22:5665F30000</MediaTimePoint>
</MediaTime>
</VideoSegment>
<VideoSegment id="shot161_5_RKF">
<MediaTime>
<MediaTimePoint>T00:00:23:690F30000</MediaTimePoint>
</MediaTime>
</VideoSegment>
<VideoSegment id="shot161_5_NRKF_2">
<MediaTime>
<MediaTimePoint>T00:00:23:16706F30000</MediaTimePoint>
</MediaTime>
</VideoSegment>
</TemporalDecomposition>
</VideoSegment>
<VideoSegment id="shot161_6">
<MediaTime>
<MediaTimePoint>T00:00:24:12732F30000</MediaTimePoint>
<MediaDuration>PT00H00M02S3063N30000F</MediaDuration>
</MediaTime>
<TemporalDecomposition>
<VideoSegment id="shot161_6_NRKF_1">
<MediaTime>
<MediaTimePoint>T00:00:24:24744F30000</MediaTimePoint>
</MediaTime>
</VideoSegment>
<VideoSegment id="shot161_6_RKF">
<MediaTime>
<MediaTimePoint>T00:00:25:13763F30000</MediaTimePoint>
</MediaTime>
</VideoSegment>
<VideoSegment id="shot161_6_NRKF_2">
<MediaTime>
<MediaTimePoint>T00:00:25:25775F30000</MediaTimePoint>
</MediaTime>
</VideoSegment>
</TemporalDecomposition>
</VideoSegment>
<VideoSegment id="shot161_7">
<MediaTime>
<MediaTimePoint>T00:00:26:15795F30000</MediaTimePoint>
<MediaDuration>PT00H00M03S1091N30000F</MediaDuration>
</MediaTime>
<TemporalDecomposition>
<VideoSegment id="shot161_7_NRKF_1">
<MediaTime>
<MediaTimePoint>T00:00:27:3813F30000</MediaTimePoint>
</MediaTime>
</VideoSegment>
<VideoSegment id="shot161_7_RKF">
<MediaTime>
<MediaTimePoint>T00:00:28:840F30000</MediaTimePoint>
</MediaTime>
</VideoSegment>
<VideoSegment id="shot161_7_NRKF_2">
<MediaTime>
<MediaTimePoint>T00:00:28:19859F30000</MediaTimePoint>
</MediaTime>
</VideoSegment>
</TemporalDecomposition>
</VideoSegment>
<VideoSegment id="shot161_8">
<MediaTime>
<MediaTimePoint>T00:00:29:16886F30000</MediaTimePoint>
<MediaDuration>PT00H00M02S6066N30000F</MediaDuration>
</MediaTime>
<TemporalDecomposition>
<VideoSegment id="shot161_8_NRKF_1">
<MediaTime>
<MediaTimePoint>T00:00:29:29899F30000</MediaTimePoint>
</MediaTime>
</VideoSegment>
<VideoSegment id="shot161_8_RKF">
<MediaTime>
<MediaTimePoint>T00:00:30:18918F30000</MediaTimePoint>
</MediaTime>
</VideoSegment>
<VideoSegment id="shot161_8_NRKF_2">
<MediaTime>
<MediaTimePoint>T00:00:31:2932F30000</MediaTimePoint>
</MediaTime>
</VideoSegment>
</TemporalDecomposition>
</VideoSegment>
<VideoSegment id="shot161_9">
<MediaTime>
<MediaTimePoint>T00:00:31:22952F30000</MediaTimePoint>
<MediaDuration>PT00H00M10S21321N30000F</MediaDuration>
</MediaTime>
<TemporalDecomposition>
<VideoSegment id="shot161_9_RKF">
<MediaTime>
<MediaTimePoint>T00:00:37:3112F30000</MediaTimePoint>
</MediaTime>
</VideoSegment>
</TemporalDecomposition>
</VideoSegment>
<VideoSegment id="shot161_10">
<MediaTime>
<MediaTimePoint>T00:00:42:14273F30000</MediaTimePoint>
<MediaDuration>PT00H00M10S15315N30000F</MediaDuration>
</MediaTime>
<TemporalDecomposition>
<VideoSegment id="shot161_10_RKF">
<MediaTime>
<MediaTimePoint>T00:00:47:21430F30000</MediaTimePoint>
</MediaTime>
</VideoSegment>
</TemporalDecomposition>
</VideoSegment>
<VideoSegment id="shot161_11">
<MediaTime>
<MediaTimePoint>T00:00:52:29588F30000</MediaTimePoint>
<MediaDuration>PT00H00M08S14254N30000F</MediaDuration>
</MediaTime>
<TemporalDecomposition>
<VideoSegment id="shot161_11_RKF">
<MediaTime>
<MediaTimePoint>T00:00:57:5714F30000</MediaTimePoint>
</MediaTime>
</VideoSegment>
</TemporalDecomposition>
</VideoSegment>
<VideoSegment id="shot161_12">
<MediaTime>
<MediaTimePoint>T00:01:01:13842F30000</MediaTimePoint>
<MediaDuration>PT00H00M05S150N30000F</MediaDuration>
</MediaTime>
<TemporalDecomposition>
<VideoSegment id="shot161_12_RKF">
<MediaTime>
<MediaTimePoint>T00:01:03:27916F30000</MediaTimePoint>
</MediaTime>
</VideoSegment>
</TemporalDecomposition>
</VideoSegment>
<VideoSegment id="shot161_13">
<MediaTime>
<MediaTimePoint>T00:01:06:13992F30000</MediaTimePoint>
<MediaDuration>PT00H00M03S16106N30000F</MediaDuration>
</MediaTime>
<TemporalDecomposition>
<VideoSegment id="shot161_13_NRKF_1">
<MediaTime>
<MediaTimePoint>T00:01:07:2010F30000</MediaTimePoint>
</MediaTime>
</VideoSegment>
<VideoSegment id="shot161_13_RKF">
<MediaTime>
<MediaTimePoint>T00:01:08:6044F30000</MediaTimePoint>
</MediaTime>
</VideoSegment>
<VideoSegment id="shot161_13_NRKF_2">
<MediaTime>
<MediaTimePoint>T00:01:08:25063F30000</MediaTimePoint>
</MediaTime>
</VideoSegment>
</TemporalDecomposition>
</VideoSegment>
<VideoSegment id="shot161_14">
<MediaTime>
<MediaTimePoint>T00:01:10:98F30000</MediaTimePoint>
<MediaDuration>PT00H00M06S16196N30000F</MediaDuration>
</MediaTime>
<TemporalDecomposition>
<VideoSegment id="shot161_14_RKF">
<MediaTime>
<MediaTimePoint>T00:01:13:7195F30000</MediaTimePoint>
</MediaTime>
</VideoSegment>
</TemporalDecomposition>
</VideoSegment>
<VideoSegment id="shot161_15">
<MediaTime>
<MediaTimePoint>T00:01:16:16294F30000</MediaTimePoint>
<MediaDuration>PT00H00M03S6096N30000F</MediaDuration>
</MediaTime>
<TemporalDecomposition>
<VideoSegment id="shot161_15_RKF">
<MediaTime>
<MediaTimePoint>T00:01:18:3341F30000</MediaTimePoint>
</MediaTime>
</VideoSegment>
</TemporalDecomposition>
</VideoSegment>
<VideoSegment id="shot161_16">
<MediaTime>
<MediaTimePoint>T00:01:19:22390F30000</MediaTimePoint>
<MediaDuration>PT00H00M03S18108N30000F</MediaDuration>
</MediaTime>
<TemporalDecomposition>
<VideoSegment id="shot161_16_RKF">
<MediaTime>
<MediaTimePoint>T00:01:21:15443F30000</MediaTimePoint>
</MediaTime>
</VideoSegment>
</TemporalDecomposition>
</VideoSegment>
<VideoSegment id="shot161_17">
<MediaTime>
<MediaTimePoint>T00:01:23:10498F30000</MediaTimePoint>
<MediaDuration>PT00H00M02S27087N30000F</MediaDuration>
</MediaTime>
<TemporalDecomposition>
<VideoSegment id="shot161_17_RKF">
<MediaTime>
<MediaTimePoint>T00:01:24:23541F30000</MediaTimePoint>
</MediaTime>
</VideoSegment>
</TemporalDecomposition>
</VideoSegment>
<VideoSegment id="shot161_18">
<MediaTime>
<MediaTimePoint>T00:01:26:7585F30000</MediaTimePoint>
<MediaDuration>PT00H00M04S19139N30000F</MediaDuration>
</MediaTime>
<TemporalDecomposition>
<VideoSegment id="shot161_18_NRKF_1">
<MediaTime>
<MediaTimePoint>T00:01:27:1609F30000</MediaTimePoint>
</MediaTime>
</VideoSegment>
<VideoSegment id="shot161_18_RKF">
<MediaTime>
<MediaTimePoint>T00:01:28:16654F30000</MediaTimePoint>
</MediaTime>
</VideoSegment>
<VideoSegment id="shot161_18_NRKF_2">
<MediaTime>
<MediaTimePoint>T00:01:29:10678F30000</MediaTimePoint>
</MediaTime>
</VideoSegment>
</TemporalDecomposition>
</VideoSegment>
<VideoSegment id="shot161_19">
<MediaTime>
<MediaTimePoint>T00:01:30:26724F30000</MediaTimePoint>
<MediaDuration>PT00H00M09S270N30000F</MediaDuration>
</MediaTime>
<TemporalDecomposition>
<VideoSegment id="shot161_19_RKF">
<MediaTime>
<MediaTimePoint>T00:01:35:10858F30000</MediaTimePoint>
</MediaTime>
</VideoSegment>
</TemporalDecomposition>
</VideoSegment>
<VideoSegment id="shot161_20">
<MediaTime>
<MediaTimePoint>T00:01:39:26994F30000</MediaTimePoint>
<MediaDuration>PT00H00M19S21591N30000F</MediaDuration>
</MediaTime>
<TemporalDecomposition>
<VideoSegment id="shot161_20_RKF">
<MediaTime>
<MediaTimePoint>T00:01:49:22289F30000</MediaTimePoint>
</MediaTime>
</VideoSegment>
</TemporalDecomposition>
</VideoSegment>
<VideoSegment id="shot161_21">
<MediaTime>
<MediaTimePoint>T00:01:59:18585F30000</MediaTimePoint>
<MediaDuration>PT00H00M17S21531N30000F</MediaDuration>
</MediaTime>
<TemporalDecomposition>
<VideoSegment id="shot161_21_RKF">
<MediaTime>
<MediaTimePoint>T00:02:08:13850F30000</MediaTimePoint>
</MediaTime>
</VideoSegment>
</TemporalDecomposition>
</VideoSegment>
<VideoSegment id="shot161_22">
<MediaTime>
<MediaTimePoint>T00:02:17:10116F30000</MediaTimePoint>
<MediaDuration>PT00H00M06S20200N30000F</MediaDuration>
</MediaTime>
<TemporalDecomposition>
<VideoSegment id="shot161_22_RKF">
<MediaTime>
<MediaTimePoint>T00:02:20:19215F30000</MediaTimePoint>
</MediaTime>
</VideoSegment>
</TemporalDecomposition>
</VideoSegment>
<VideoSegment id="shot161_23">
<MediaTime>
<MediaTimePoint>T00:02:24:316F30000</MediaTimePoint>
<MediaDuration>PT00H00M03S19109N30000F</MediaDuration>
</MediaTime>
<TemporalDecomposition>
<VideoSegment id="shot161_23_RKF">
<MediaTime>
<MediaTimePoint>T00:02:25:24370F30000</MediaTimePoint>
</MediaTime>
</VideoSegment>
</TemporalDecomposition>
</VideoSegment>
<VideoSegment id="shot161_24">
<MediaTime>
<MediaTimePoint>T00:02:27:19425F30000</MediaTimePoint>
<MediaDuration>PT00H00M03S7097N30000F</MediaDuration>
</MediaTime>
<TemporalDecomposition>
<VideoSegment id="shot161_24_RKF">
<MediaTime>
<MediaTimePoint>T00:02:29:7473F30000</MediaTimePoint>
</MediaTime>
</VideoSegment>
</TemporalDecomposition>
</VideoSegment>
<VideoSegment id="shot161_25">
<MediaTime>
<MediaTimePoint>T00:02:30:26522F30000</MediaTimePoint>
<MediaDuration>PT00H00M08S2242N30000F</MediaDuration>
</MediaTime>
<TemporalDecomposition>
<VideoSegment id="shot161_25_RKF">
<MediaTime>
<MediaTimePoint>T00:02:34:26642F30000</MediaTimePoint>
</MediaTime>
</VideoSegment>
</TemporalDecomposition>
</VideoSegment>
<VideoSegment id="shot161_26">
<MediaTime>
<MediaTimePoint>T00:02:38:28764F30000</MediaTimePoint>
<MediaDuration>PT00H00M03S8098N30000F</MediaDuration>
</MediaTime>
<TemporalDecomposition>
<VideoSegment id="shot161_26_NRKF_1">
<MediaTime>
<MediaTimePoint>T00:02:39:9775F30000</MediaTimePoint>
</MediaTime>
</VideoSegment>
<VideoSegment id="shot161_26_RKF">
<MediaTime>
<MediaTimePoint>T00:02:40:16812F30000</MediaTimePoint>
</MediaTime>
</VideoSegment>
<VideoSegment id="shot161_26_NRKF_2">
<MediaTime>
<MediaTimePoint>T00:02:40:28824F30000</MediaTimePoint>
</MediaTime>
</VideoSegment>
</TemporalDecomposition>
</VideoSegment>
<VideoSegment id="shot161_27">
<MediaTime>
<MediaTimePoint>T00:02:42:6862F30000</MediaTimePoint>
<MediaDuration>PT00H00M03S90N30000F</MediaDuration>
</MediaTime>
<TemporalDecomposition>
<VideoSegment id="shot161_27_NRKF_1">
<MediaTime>
<MediaTimePoint>T00:02:42:7863F30000</MediaTimePoint>
</MediaTime>
</VideoSegment>
<VideoSegment id="shot161_27_NRKF_2">
<MediaTime>
<MediaTimePoint>T00:02:43:5891F30000</MediaTimePoint>
</MediaTime>
</VideoSegment>
<VideoSegment id="shot161_27_RKF">
<MediaTime>
<MediaTimePoint>T00:02:43:20906F30000</MediaTimePoint>
</MediaTime>
</VideoSegment>
<VideoSegment id="shot161_27_NRKF_3">
<MediaTime>
<MediaTimePoint>T00:02:44:19935F30000</MediaTimePoint>
</MediaTime>
</VideoSegment>
</TemporalDecomposition>
</VideoSegment>
<VideoSegment id="shot161_28">
<MediaTime>
<MediaTimePoint>T00:02:45:6952F30000</MediaTimePoint>
<MediaDuration>PT00H00M03S14104N30000F</MediaDuration>
</MediaTime>
<TemporalDecomposition>
<VideoSegment id="shot161_28_NRKF_1">
<MediaTime>
<MediaTimePoint>T00:02:45:8954F30000</MediaTimePoint>
</MediaTime>
</VideoSegment>
<VideoSegment id="shot161_28_NRKF_2">
<MediaTime>
<MediaTimePoint>T00:02:45:19965F30000</MediaTimePoint>
</MediaTime>
</VideoSegment>
<VideoSegment id="shot161_28_RKF">
<MediaTime>
<MediaTimePoint>T00:02:46:28003F30000</MediaTimePoint>
</MediaTime>
</VideoSegment>
<VideoSegment id="shot161_28_NRKF_3">
<MediaTime>
<MediaTimePoint>T00:02:47:9014F30000</MediaTimePoint>
</MediaTime>
</VideoSegment>
</TemporalDecomposition>
</VideoSegment>
<VideoSegment id="shot161_29">
<MediaTime>
<MediaTimePoint>T00:02:48:21056F30000</MediaTimePoint>
<MediaDuration>PT00H00M02S12072N30000F</MediaDuration>
</MediaTime>
<TemporalDecomposition>
<VideoSegment id="shot161_29_NRKF_1">
<MediaTime>
<MediaTimePoint>T00:02:49:20085F30000</MediaTimePoint>
</MediaTime>
</VideoSegment>
<VideoSegment id="shot161_29_RKF">
<MediaTime>
<MediaTimePoint>T00:02:49:26091F30000</MediaTimePoint>
</MediaTime>
</VideoSegment>
<VideoSegment id="shot161_29_NRKF_2">
<MediaTime>
<MediaTimePoint>T00:02:50:26121F30000</MediaTimePoint>
</MediaTime>
</VideoSegment>
</TemporalDecomposition>
</VideoSegment>
<VideoSegment id="shot161_30">
<MediaTime>
<MediaTimePoint>T00:02:51:3128F30000</MediaTimePoint>
<MediaDuration>PT00H00M02S24084N30000F</MediaDuration>
</MediaTime>
<TemporalDecomposition>
<VideoSegment id="shot161_30_NRKF_1">
<MediaTime>
<MediaTimePoint>T00:02:51:8133F30000</MediaTimePoint>
</MediaTime>
</VideoSegment>
<VideoSegment id="shot161_30_NRKF_2">
<MediaTime>
<MediaTimePoint>T00:02:51:20145F30000</MediaTimePoint>
</MediaTime>
</VideoSegment>
<VideoSegment id="shot161_30_NRKF_3">
<MediaTime>
<MediaTimePoint>T00:02:52:4159F30000</MediaTimePoint>
</MediaTime>
</VideoSegment>
<VideoSegment id="shot161_30_RKF">
<MediaTime>
<MediaTimePoint>T00:02:52:14169F30000</MediaTimePoint>
</MediaTime>
</VideoSegment>
<VideoSegment id="shot161_30_NRKF_4">
<MediaTime>
<MediaTimePoint>T00:02:52:21176F30000</MediaTimePoint>
</MediaTime>
</VideoSegment>
<VideoSegment id="shot161_30_NRKF_5">
<MediaTime>
<MediaTimePoint>T00:02:53:14199F30000</MediaTimePoint>
</MediaTime>
</VideoSegment>
</TemporalDecomposition>
</VideoSegment>
<VideoSegment id="shot161_31">
<MediaTime>
<MediaTimePoint>T00:02:53:27212F30000</MediaTimePoint>
<MediaDuration>PT00H00M02S15075N30000F</MediaDuration>
</MediaTime>
<TemporalDecomposition>
<VideoSegment id="shot161_31_NRKF_1">
<MediaTime>
<MediaTimePoint>T00:02:54:9224F30000</MediaTimePoint>
</MediaTime>
</VideoSegment>
<VideoSegment id="shot161_31_NRKF_2">
<MediaTime>
<MediaTimePoint>T00:02:54:23238F30000</MediaTimePoint>
</MediaTime>
</VideoSegment>
<VideoSegment id="shot161_31_RKF">
<MediaTime>
<MediaTimePoint>T00:02:55:4249F30000</MediaTimePoint>
</MediaTime>
</VideoSegment>
<VideoSegment id="shot161_31_NRKF_3">
<MediaTime>
<MediaTimePoint>T00:02:55:8253F30000</MediaTimePoint>
</MediaTime>
</VideoSegment>
<VideoSegment id="shot161_31_NRKF_4">
<MediaTime>
<MediaTimePoint>T00:02:56:1276F30000</MediaTimePoint>
</MediaTime>
</VideoSegment>
</TemporalDecomposition>
</VideoSegment>
<VideoSegment id="shot161_32">
<MediaTime>
<MediaTimePoint>T00:02:56:12287F30000</MediaTimePoint>
<MediaDuration>PT00H00M03S25115N30000F</MediaDuration>
</MediaTime>
<TemporalDecomposition>
<VideoSegment id="shot161_32_NRKF_1">
<MediaTime>
<MediaTimePoint>T00:02:56:25300F30000</MediaTimePoint>
</MediaTime>
</VideoSegment>
<VideoSegment id="shot161_32_NRKF_2">
<MediaTime>
<MediaTimePoint>T00:02:57:20325F30000</MediaTimePoint>
</MediaTime>
</VideoSegment>
<VideoSegment id="shot161_32_RKF">
<MediaTime>
<MediaTimePoint>T00:02:58:9344F30000</MediaTimePoint>
</MediaTime>
</VideoSegment>
<VideoSegment id="shot161_32_NRKF_3">
<MediaTime>
<MediaTimePoint>T00:02:59:4369F30000</MediaTimePoint>
</MediaTime>
</VideoSegment>
</TemporalDecomposition>
</VideoSegment>
<VideoSegment id="shot161_33">
<MediaTime>
<MediaTimePoint>T00:03:00:7402F30000</MediaTimePoint>
<MediaDuration>PT00H00M02S5065N30000F</MediaDuration>
</MediaTime>
<TemporalDecomposition>
<VideoSegment id="shot161_33_RKF">
<MediaTime>
<MediaTimePoint>T00:03:01:9434F30000</MediaTimePoint>
</MediaTime>
</VideoSegment>
</TemporalDecomposition>
</VideoSegment>
<VideoSegment id="shot161_34">
<MediaTime>
<MediaTimePoint>T00:03:02:12467F30000</MediaTimePoint>
<MediaDuration>PT00H00M02S9069N30000F</MediaDuration>
</MediaTime>
<TemporalDecomposition>
<VideoSegment id="shot161_34_NRKF_1">
<MediaTime>
<MediaTimePoint>T00:03:02:25480F30000</MediaTimePoint>
</MediaTime>
</VideoSegment>
<VideoSegment id="shot161_34_RKF">
<MediaTime>
<MediaTimePoint>T00:03:03:16501F30000</MediaTimePoint>
</MediaTime>
</VideoSegment>
<VideoSegment id="shot161_34_NRKF_2">
<MediaTime>
<MediaTimePoint>T00:03:04:515F30000</MediaTimePoint>
</MediaTime>
</VideoSegment>
</TemporalDecomposition>
</VideoSegment>
<VideoSegment id="shot161_35">
<MediaTime>
<MediaTimePoint>T00:03:04:21536F30000</MediaTimePoint>
<MediaDuration>PT00H00M03S29119N30000F</MediaDuration>
</MediaTime>
<TemporalDecomposition>
<VideoSegment id="shot161_35_NRKF_1">
<MediaTime>
<MediaTimePoint>T00:03:05:10555F30000</MediaTimePoint>
</MediaTime>
</VideoSegment>
<VideoSegment id="shot161_35_RKF">
<MediaTime>
<MediaTimePoint>T00:03:06:20595F30000</MediaTimePoint>
</MediaTime>
</VideoSegment>
<VideoSegment id="shot161_35_NRKF_2">
<MediaTime>
<MediaTimePoint>T00:03:07:10615F30000</MediaTimePoint>
</MediaTime>
</VideoSegment>
</TemporalDecomposition>
</VideoSegment>
<VideoSegment id="shot161_36">
<MediaTime>
<MediaTimePoint>T00:03:08:20655F30000</MediaTimePoint>
<MediaDuration>PT00H00M15S1451N30000F</MediaDuration>
</MediaTime>
<TemporalDecomposition>
<VideoSegment id="shot161_36_RKF">
<MediaTime>
<MediaTimePoint>T00:03:16:5880F30000</MediaTimePoint>
</MediaTime>
</VideoSegment>
</TemporalDecomposition>
</VideoSegment>
<VideoSegment id="shot161_37">
<MediaTime>
<MediaTimePoint>T00:03:23:22106F30000</MediaTimePoint>
<MediaDuration>PT00H00M05S22172N30000F</MediaDuration>
</MediaTime>
<TemporalDecomposition>
<VideoSegment id="shot161_37_RKF">
<MediaTime>
<MediaTimePoint>T00:03:26:17191F30000</MediaTimePoint>
</MediaTime>
</VideoSegment>
</TemporalDecomposition>
</VideoSegment>
<VideoSegment id="shot161_38">
<MediaTime>
<MediaTimePoint>T00:03:29:14278F30000</MediaTimePoint>
<MediaDuration>PT00H00M02S21081N30000F</MediaDuration>
</MediaTime>
<TemporalDecomposition>
<VideoSegment id="shot161_38_RKF">
<MediaTime>
<MediaTimePoint>T00:03:30:24318F30000</MediaTimePoint>
</MediaTime>
</VideoSegment>
</TemporalDecomposition>
</VideoSegment>
<VideoSegment id="shot161_39">
<MediaTime>
<MediaTimePoint>T00:03:32:5359F30000</MediaTimePoint>
<MediaDuration>PT00H00M06S15195N30000F</MediaDuration>
</MediaTime>
<TemporalDecomposition>
<VideoSegment id="shot161_39_NRKF_1">
<MediaTime>
<MediaTimePoint>T00:03:33:4388F30000</MediaTimePoint>
</MediaTime>
</VideoSegment>
<VideoSegment id="shot161_39_RKF">
<MediaTime>
<MediaTimePoint>T00:03:35:12456F30000</MediaTimePoint>
</MediaTime>
</VideoSegment>
<VideoSegment id="shot161_39_NRKF_2">
<MediaTime>
<MediaTimePoint>T00:03:36:11485F30000</MediaTimePoint>
</MediaTime>
</VideoSegment>
</TemporalDecomposition>
</VideoSegment>
<VideoSegment id="shot161_40">
<MediaTime>
<MediaTimePoint>T00:03:38:20554F30000</MediaTimePoint>
<MediaDuration>PT00H00M14S4424N30000F</MediaDuration>
</MediaTime>
<TemporalDecomposition>
<VideoSegment id="shot161_40_RKF">
<MediaTime>
<MediaTimePoint>T00:03:45:21765F30000</MediaTimePoint>
</MediaTime>
</VideoSegment>
</TemporalDecomposition>
</VideoSegment>
<VideoSegment id="shot161_41">
<MediaTime>
<MediaTimePoint>T00:03:52:24978F30000</MediaTimePoint>
<MediaDuration>PT00H00M02S5065N30000F</MediaDuration>
</MediaTime>
<TemporalDecomposition>
<VideoSegment id="shot161_41_RKF">
<MediaTime>
<MediaTimePoint>T00:03:53:27010F30000</MediaTimePoint>
</MediaTime>
</VideoSegment>
</TemporalDecomposition>
</VideoSegment>
<VideoSegment id="shot161_42">
<MediaTime>
<MediaTimePoint>T00:03:55:43F30000</MediaTimePoint>
<MediaDuration>PT00H00M03S19109N30000F</MediaDuration>
</MediaTime>
<TemporalDecomposition>
<VideoSegment id="shot161_42_NRKF_1">
<MediaTime>
<MediaTimePoint>T00:03:55:18061F30000</MediaTimePoint>
</MediaTime>
</VideoSegment>
<VideoSegment id="shot161_42_RKF">
<MediaTime>
<MediaTimePoint>T00:03:56:24097F30000</MediaTimePoint>
</MediaTime>
</VideoSegment>
<VideoSegment id="shot161_42_NRKF_2">
<MediaTime>
<MediaTimePoint>T00:03:57:13116F30000</MediaTimePoint>
</MediaTime>
</VideoSegment>
</TemporalDecomposition>
</VideoSegment>
<VideoSegment id="shot161_43">
<MediaTime>
<MediaTimePoint>T00:03:58:19152F30000</MediaTimePoint>
<MediaDuration>PT00H00M02S22082N30000F</MediaDuration>
</MediaTime>
<TemporalDecomposition>
<VideoSegment id="shot161_43_NRKF_1">
<MediaTime>
<MediaTimePoint>T00:03:59:17180F30000</MediaTimePoint>
</MediaTime>
</VideoSegment>
<VideoSegment id="shot161_43_RKF">
<MediaTime>
<MediaTimePoint>T00:03:59:29192F30000</MediaTimePoint>
</MediaTime>
</VideoSegment>
<VideoSegment id="shot161_43_NRKF_2">
<MediaTime>
<MediaTimePoint>T00:04:00:28221F30000</MediaTimePoint>
</MediaTime>
</VideoSegment>
</TemporalDecomposition>
</VideoSegment>
<VideoSegment id="shot161_44">
<MediaTime>
<MediaTimePoint>T00:04:01:11234F30000</MediaTimePoint>
<MediaDuration>PT00H00M04S13133N30000F</MediaDuration>
</MediaTime>
<TemporalDecomposition>
<VideoSegment id="shot161_44_NRKF_1">
<MediaTime>
<MediaTimePoint>T00:04:01:24247F30000</MediaTimePoint>
</MediaTime>
</VideoSegment>
<VideoSegment id="shot161_44_RKF">
<MediaTime>
<MediaTimePoint>T00:04:03:17300F30000</MediaTimePoint>
</MediaTime>
</VideoSegment>
<VideoSegment id="shot161_44_NRKF_2">
<MediaTime>
<MediaTimePoint>T00:04:04:1314F30000</MediaTimePoint>
</MediaTime>
</VideoSegment>
</TemporalDecomposition>
</VideoSegment>
<VideoSegment id="shot161_45">
<MediaTime>
<MediaTimePoint>T00:04:05:24367F30000</MediaTimePoint>
<MediaDuration>PT00H00M02S19079N30000F</MediaDuration>
</MediaTime>
<TemporalDecomposition>
<VideoSegment id="shot161_45_RKF">
<MediaTime>
<MediaTimePoint>T00:04:07:3406F30000</MediaTimePoint>
</MediaTime>
</VideoSegment>
</TemporalDecomposition>
</VideoSegment>
<VideoSegment id="shot161_46">
<MediaTime>
<MediaTimePoint>T00:04:08:13446F30000</MediaTimePoint>
<MediaDuration>PT00H00M02S10070N30000F</MediaDuration>
</MediaTime>
<TemporalDecomposition>
<VideoSegment id="shot161_46_NRKF_1">
<MediaTime>
<MediaTimePoint>T00:04:08:14447F30000</MediaTimePoint>
</MediaTime>
</VideoSegment>
<VideoSegment id="shot161_46_NRKF_2">
<MediaTime>
<MediaTimePoint>T00:04:09:10473F30000</MediaTimePoint>
</MediaTime>
</VideoSegment>
<VideoSegment id="shot161_46_RKF">
<MediaTime>
<MediaTimePoint>T00:04:09:17480F30000</MediaTimePoint>
</MediaTime>
</VideoSegment>
<VideoSegment id="shot161_46_NRKF_3">
<MediaTime>
<MediaTimePoint>T00:04:10:13506F30000</MediaTimePoint>
</MediaTime>
</VideoSegment>
</TemporalDecomposition>
</VideoSegment>
<VideoSegment id="shot161_47">
<MediaTime>
<MediaTimePoint>T00:04:10:23516F30000</MediaTimePoint>
<MediaDuration>PT00H00M04S18138N30000F</MediaDuration>
</MediaTime>
<TemporalDecomposition>
<VideoSegment id="shot161_47_NRKF_1">
<MediaTime>
<MediaTimePoint>T00:04:11:4527F30000</MediaTimePoint>
</MediaTime>
</VideoSegment>
<VideoSegment id="shot161_47_RKF">
<MediaTime>
<MediaTimePoint>T00:04:13:1584F30000</MediaTimePoint>
</MediaTime>
</VideoSegment>
<VideoSegment id="shot161_47_NRKF_2">
<MediaTime>
<MediaTimePoint>T00:04:13:13596F30000</MediaTimePoint>
</MediaTime>
</VideoSegment>
</TemporalDecomposition>
</VideoSegment>
<VideoSegment id="shot161_48">
<MediaTime>
<MediaTimePoint>T00:04:15:11654F30000</MediaTimePoint>
<MediaDuration>PT00H00M02S23083N30000F</MediaDuration>
</MediaTime>
<TemporalDecomposition>
<VideoSegment id="shot161_48_NRKF_1">
<MediaTime>
<MediaTimePoint>T00:04:16:1674F30000</MediaTimePoint>
</MediaTime>
</VideoSegment>
<VideoSegment id="shot161_48_RKF">
<MediaTime>
<MediaTimePoint>T00:04:16:22695F30000</MediaTimePoint>
</MediaTime>
</VideoSegment>
<VideoSegment id="shot161_48_NRKF_2">
<MediaTime>
<MediaTimePoint>T00:04:17:13716F30000</MediaTimePoint>
</MediaTime>
</VideoSegment>
</TemporalDecomposition>
</VideoSegment>
<VideoSegment id="shot161_49">
<MediaTime>
<MediaTimePoint>T00:04:18:4737F30000</MediaTimePoint>
<MediaDuration>PT00H00M03S4094N30000F</MediaDuration>
</MediaTime>
<TemporalDecomposition>
<VideoSegment id="shot161_49_NRKF_1">
<MediaTime>
<MediaTimePoint>T00:04:18:21754F30000</MediaTimePoint>
</MediaTime>
</VideoSegment>
<VideoSegment id="shot161_49_RKF">
<MediaTime>
<MediaTimePoint>T00:04:19:20783F30000</MediaTimePoint>
</MediaTime>
</VideoSegment>
<VideoSegment id="shot161_49_NRKF_2">
<MediaTime>
<MediaTimePoint>T00:04:20:8801F30000</MediaTimePoint>
</MediaTime>
</VideoSegment>
</TemporalDecomposition>
</VideoSegment>
<VideoSegment id="shot161_50">
<MediaTime>
<MediaTimePoint>T00:04:21:8831F30000</MediaTimePoint>
<MediaDuration>PT00H00M04S25145N30000F</MediaDuration>
</MediaTime>
<TemporalDecomposition>
<VideoSegment id="shot161_50_NRKF_1">
<MediaTime>
<MediaTimePoint>T00:04:21:15838F30000</MediaTimePoint>
</MediaTime>
</VideoSegment>
<VideoSegment id="shot161_50_NRKF_2">
<MediaTime>
<MediaTimePoint>T00:04:22:15868F30000</MediaTimePoint>
</MediaTime>
</VideoSegment>
<VideoSegment id="shot161_50_RKF">
<MediaTime>
<MediaTimePoint>T00:04:23:20903F30000</MediaTimePoint>
</MediaTime>
</VideoSegment>
<VideoSegment id="shot161_50_NRKF_3">
<MediaTime>
<MediaTimePoint>T00:04:24:19932F30000</MediaTimePoint>
</MediaTime>
</VideoSegment>
</TemporalDecomposition>
</VideoSegment>
<VideoSegment id="shot161_51">
<MediaTime>
<MediaTimePoint>T00:04:26:3976F30000</MediaTimePoint>
<MediaDuration>PT00H00M03S16106N30000F</MediaDuration>
</MediaTime>
<TemporalDecomposition>
<VideoSegment id="shot161_51_NRKF_1">
<MediaTime>
<MediaTimePoint>T00:04:26:24997F30000</MediaTimePoint>
</MediaTime>
</VideoSegment>
<VideoSegment id="shot161_51_RKF">
<MediaTime>
<MediaTimePoint>T00:04:27:26028F30000</MediaTimePoint>
</MediaTime>
</VideoSegment>
<VideoSegment id="shot161_51_NRKF_2">
<MediaTime>
<MediaTimePoint>T00:04:28:18050F30000</MediaTimePoint>
</MediaTime>
</VideoSegment>
</TemporalDecomposition>
</VideoSegment>
<VideoSegment id="shot161_52">
<MediaTime>
<MediaTimePoint>T00:04:29:20082F30000</MediaTimePoint>
<MediaDuration>PT00H00M02S24084N30000F</MediaDuration>
</MediaTime>
<TemporalDecomposition>
<VideoSegment id="shot161_52_RKF">
<MediaTime>
<MediaTimePoint>T00:04:31:1123F30000</MediaTimePoint>
</MediaTime>
</VideoSegment>
</TemporalDecomposition>
</VideoSegment>
<VideoSegment id="shot161_53">
<MediaTime>
<MediaTimePoint>T00:04:32:14166F30000</MediaTimePoint>
<MediaDuration>PT00H00M02S6066N30000F</MediaDuration>
</MediaTime>
<TemporalDecomposition>
<VideoSegment id="shot161_53_RKF">
<MediaTime>
<MediaTimePoint>T00:04:33:16198F30000</MediaTimePoint>
</MediaTime>
</VideoSegment>
</TemporalDecomposition>
</VideoSegment>
<VideoSegment id="shot161_54">
<MediaTime>
<MediaTimePoint>T00:04:34:20232F30000</MediaTimePoint>
<MediaDuration>PT00H00M06S180N30000F</MediaDuration>
</MediaTime>
<TemporalDecomposition>
<VideoSegment id="shot161_54_NRKF_1">
<MediaTime>
<MediaTimePoint>T00:04:35:6248F30000</MediaTimePoint>
</MediaTime>
</VideoSegment>
<VideoSegment id="shot161_54_RKF">
<MediaTime>
<MediaTimePoint>T00:04:37:19321F30000</MediaTimePoint>
</MediaTime>
</VideoSegment>
<VideoSegment id="shot161_54_NRKF_2">
<MediaTime>
<MediaTimePoint>T00:04:38:6338F30000</MediaTimePoint>
</MediaTime>
</VideoSegment>
</TemporalDecomposition>
</VideoSegment>
<VideoSegment id="shot161_55">
<MediaTime>
<MediaTimePoint>T00:04:40:20412F30000</MediaTimePoint>
<MediaDuration>PT00H00M02S21081N30000F</MediaDuration>
</MediaTime>
<TemporalDecomposition>
<VideoSegment id="shot161_55_NRKF_1">
<MediaTime>
<MediaTimePoint>T00:04:41:14436F30000</MediaTimePoint>
</MediaTime>
</VideoSegment>
<VideoSegment id="shot161_55_RKF">
<MediaTime>
<MediaTimePoint>T00:04:42:452F30000</MediaTimePoint>
</MediaTime>
</VideoSegment>
<VideoSegment id="shot161_55_NRKF_2">
<MediaTime>
<MediaTimePoint>T00:04:42:24476F30000</MediaTimePoint>
</MediaTime>
</VideoSegment>
</TemporalDecomposition>
</VideoSegment>
<VideoSegment id="shot161_56">
<MediaTime>
<MediaTimePoint>T00:04:43:11493F30000</MediaTimePoint>
<MediaDuration>PT00H00M06S10190N30000F</MediaDuration>
</MediaTime>
<TemporalDecomposition>
<VideoSegment id="shot161_56_RKF">
<MediaTime>
<MediaTimePoint>T00:04:46:15587F30000</MediaTimePoint>
</MediaTime>
</VideoSegment>
</TemporalDecomposition>
</VideoSegment>
<VideoSegment id="shot161_57">
<MediaTime>
<MediaTimePoint>T00:04:49:21683F30000</MediaTimePoint>
<MediaDuration>PT00H00M03S18108N30000F</MediaDuration>
</MediaTime>
<TemporalDecomposition>
<VideoSegment id="shot161_57_RKF">
<MediaTime>
<MediaTimePoint>T00:04:51:14736F30000</MediaTimePoint>
</MediaTime>
</VideoSegment>
</TemporalDecomposition>
</VideoSegment>
<VideoSegment id="shot161_58">
<MediaTime>
<MediaTimePoint>T00:04:53:9791F30000</MediaTimePoint>
<MediaDuration>PT00H00M06S22202N30000F</MediaDuration>
</MediaTime>
<TemporalDecomposition>
<VideoSegment id="shot161_58_RKF">
<MediaTime>
<MediaTimePoint>T00:04:56:19891F30000</MediaTimePoint>
</MediaTime>
</VideoSegment>
</TemporalDecomposition>
</VideoSegment>
<VideoSegment id="shot161_59">
<MediaTime>
<MediaTimePoint>T00:05:00:1993F30000</MediaTimePoint>
<MediaDuration>PT00H00M08S24264N30000F</MediaDuration>
</MediaTime>
<TemporalDecomposition>
<VideoSegment id="shot161_59_RKF">
<MediaTime>
<MediaTimePoint>T00:05:04:13124F30000</MediaTimePoint>
</MediaTime>
</VideoSegment>
</TemporalDecomposition>
</VideoSegment>
<VideoSegment id="shot161_60">
<MediaTime>
<MediaTimePoint>T00:05:08:26257F30000</MediaTimePoint>
<MediaDuration>PT00H00M05S28178N30000F</MediaDuration>
</MediaTime>
<TemporalDecomposition>
<VideoSegment id="shot161_60_RKF">
<MediaTime>
<MediaTimePoint>T00:05:11:24345F30000</MediaTimePoint>
</MediaTime>
</VideoSegment>
</TemporalDecomposition>
</VideoSegment>
<VideoSegment id="shot161_61">
<MediaTime>
<MediaTimePoint>T00:05:14:24435F30000</MediaTimePoint>
<MediaDuration>PT00H00M16S8488N30000F</MediaDuration>
</MediaTime>
<TemporalDecomposition>
<VideoSegment id="shot161_61_RKF">
<MediaTime>
<MediaTimePoint>T00:05:22:27678F30000</MediaTimePoint>
</MediaTime>
</VideoSegment>
</TemporalDecomposition>
</VideoSegment>
<VideoSegment id="shot161_62">
<MediaTime>
<MediaTimePoint>T00:05:31:2923F30000</MediaTimePoint>
<MediaDuration>PT00H00M34S10029N30000F</MediaDuration>
</MediaTime>
<TemporalDecomposition>
<VideoSegment id="shot161_62_RKF">
<MediaTime>
<MediaTimePoint>T00:05:48:7437F30000</MediaTimePoint>
</MediaTime>
</VideoSegment>
</TemporalDecomposition>
</VideoSegment>
<VideoSegment id="shot161_63">
<MediaTime>
<MediaTimePoint>T00:06:05:12952F30000</MediaTimePoint>
<MediaDuration>PT00H00M26S13793N30000F</MediaDuration>
</MediaTime>
<TemporalDecomposition>
<VideoSegment id="shot161_63_RKF">
<MediaTime>
<MediaTimePoint>T00:06:18:19348F30000</MediaTimePoint>
</MediaTime>
</VideoSegment>
</TemporalDecomposition>
</VideoSegment>
<VideoSegment id="shot161_64">
<MediaTime>
<MediaTimePoint>T00:06:31:26745F30000</MediaTimePoint>
<MediaDuration>PT00H00M06S1181N30000F</MediaDuration>
</MediaTime>
<TemporalDecomposition>
<VideoSegment id="shot161_64_RKF">
<MediaTime>
<MediaTimePoint>T00:06:34:26835F30000</MediaTimePoint>
</MediaTime>
</VideoSegment>
</TemporalDecomposition>
</VideoSegment>
<VideoSegment id="shot161_65">
<MediaTime>
<MediaTimePoint>T00:06:37:27926F30000</MediaTimePoint>
<MediaDuration>PT00H01M07S22030N30000F</MediaDuration>
</MediaTime>
<TemporalDecomposition>
<VideoSegment id="shot161_65_RKF">
<MediaTime>
<MediaTimePoint>T00:07:11:22940F30000</MediaTimePoint>
</MediaTime>
</VideoSegment>
</TemporalDecomposition>
</VideoSegment>
<VideoSegment id="shot161_66">
<MediaTime>
<MediaTimePoint>T00:07:45:19956F30000</MediaTimePoint>
<MediaDuration>PT00H00M17S2512N30000F</MediaDuration>
</MediaTime>
<TemporalDecomposition>
<VideoSegment id="shot161_66_RKF">
<MediaTime>
<MediaTimePoint>T00:07:54:5211F30000</MediaTimePoint>
</MediaTime>
</VideoSegment>
</TemporalDecomposition>
</VideoSegment>
<VideoSegment id="shot161_67">
<MediaTime>
<MediaTimePoint>T00:08:02:22468F30000</MediaTimePoint>
<MediaDuration>PT00H00M59S15784N30000F</MediaDuration>
</MediaTime>
<TemporalDecomposition>
<VideoSegment id="shot161_67_RKF">
<MediaTime>
<MediaTimePoint>T00:08:32:14359F30000</MediaTimePoint>
</MediaTime>
</VideoSegment>
</TemporalDecomposition>
</VideoSegment>
<VideoSegment id="shot161_68">
<MediaTime>
<MediaTimePoint>T00:09:02:8252F30000</MediaTimePoint>
<MediaDuration>PT00H00M24S21741N30000F</MediaDuration>
</MediaTime>
<TemporalDecomposition>
<VideoSegment id="shot161_68_RKF">
<MediaTime>
<MediaTimePoint>T00:09:14:18622F30000</MediaTimePoint>
</MediaTime>
</VideoSegment>
</TemporalDecomposition>
</VideoSegment>
<VideoSegment id="shot161_69">
<MediaTime>
<MediaTimePoint>T00:09:26:29993F30000</MediaTimePoint>
<MediaDuration>PT00H00M06S180N30000F</MediaDuration>
</MediaTime>
<TemporalDecomposition>
<VideoSegment id="shot161_69_RKF">
<MediaTime>
<MediaTimePoint>T00:09:29:29082F30000</MediaTimePoint>
</MediaTime>
</VideoSegment>
</TemporalDecomposition>
</VideoSegment>
<VideoSegment id="shot161_70">
<MediaTime>
<MediaTimePoint>T00:09:33:173F30000</MediaTimePoint>
<MediaDuration>PT00H00M04S15135N30000F</MediaDuration>
</MediaTime>
<TemporalDecomposition>
<VideoSegment id="shot161_70_RKF">
<MediaTime>
<MediaTimePoint>T00:09:35:7240F30000</MediaTimePoint>
</MediaTime>
</VideoSegment>
</TemporalDecomposition>
</VideoSegment>
<VideoSegment id="shot161_71">
<MediaTime>
<MediaTimePoint>T00:09:37:15308F30000</MediaTimePoint>
<MediaDuration>PT00H00M07S3213N30000F</MediaDuration>
</MediaTime>
<TemporalDecomposition>
<VideoSegment id="shot161_71_RKF">
<MediaTime>
<MediaTimePoint>T00:09:41:1414F30000</MediaTimePoint>
</MediaTime>
</VideoSegment>
</TemporalDecomposition>
</VideoSegment>
<VideoSegment id="shot161_72">
<MediaTime>
<MediaTimePoint>T00:09:44:18521F30000</MediaTimePoint>
<MediaDuration>PT00H00M11S7337N30000F</MediaDuration>
</MediaTime>
<TemporalDecomposition>
<VideoSegment id="shot161_72_NRKF_1">
<MediaTime>
<MediaTimePoint>T00:09:45:17550F30000</MediaTimePoint>
</MediaTime>
</VideoSegment>
<VideoSegment id="shot161_72_RKF">
<MediaTime>
<MediaTimePoint>T00:09:50:6689F30000</MediaTimePoint>
</MediaTime>
</VideoSegment>
<VideoSegment id="shot161_72_NRKF_2">
<MediaTime>
<MediaTimePoint>T00:09:51:6719F30000</MediaTimePoint>
</MediaTime>
</VideoSegment>
</TemporalDecomposition>
</VideoSegment>
<VideoSegment id="shot161_73">
<MediaTime>
<MediaTimePoint>T00:09:55:25858F30000</MediaTimePoint>
<MediaDuration>PT00H00M02S20080N30000F</MediaDuration>
</MediaTime>
<TemporalDecomposition>
<VideoSegment id="shot161_73_RKF">
<MediaTime>
<MediaTimePoint>T00:09:57:4897F30000</MediaTimePoint>
</MediaTime>
</VideoSegment>
</TemporalDecomposition>
</VideoSegment>
<VideoSegment id="shot161_74">
<MediaTime>
<MediaTimePoint>T00:09:58:15938F30000</MediaTimePoint>
<MediaDuration>PT00H00M33S19008N30000F</MediaDuration>
</MediaTime>
<TemporalDecomposition>
<VideoSegment id="shot161_74_RKF">
<MediaTime>
<MediaTimePoint>T00:10:15:9441F30000</MediaTimePoint>
</MediaTime>
</VideoSegment>
</TemporalDecomposition>
</VideoSegment>
<VideoSegment id="shot161_75">
<MediaTime>
<MediaTimePoint>T00:10:32:4946F30000</MediaTimePoint>
<MediaDuration>PT00H00M07S15225N30000F</MediaDuration>
</MediaTime>
<TemporalDecomposition>
<VideoSegment id="shot161_75_RKF">
<MediaTime>
<MediaTimePoint>T00:10:35:27058F30000</MediaTimePoint>
</MediaTime>
</VideoSegment>
</TemporalDecomposition>
</VideoSegment>
<VideoSegment id="shot161_76">
<MediaTime>
<MediaTimePoint>T00:10:39:20171F30000</MediaTimePoint>
<MediaDuration>PT00H00M30S24924N30000F</MediaDuration>
</MediaTime>
<TemporalDecomposition>
<VideoSegment id="shot161_76_RKF">
<MediaTime>
<MediaTimePoint>T00:10:55:1632F30000</MediaTimePoint>
</MediaTime>
</VideoSegment>
</TemporalDecomposition>
</VideoSegment>
<VideoSegment id="shot161_77">
<MediaTime>
<MediaTimePoint>T00:11:10:15095F30000</MediaTimePoint>
<MediaDuration>PT00H00M09S8278N30000F</MediaDuration>
</MediaTime>
<TemporalDecomposition>
<VideoSegment id="shot161_77_RKF">
<MediaTime>
<MediaTimePoint>T00:11:15:3233F30000</MediaTimePoint>
</MediaTime>
</VideoSegment>
</TemporalDecomposition>
</VideoSegment>
<VideoSegment id="shot161_78">
<MediaTime>
<MediaTimePoint>T00:11:19:23373F30000</MediaTimePoint>
<MediaDuration>PT00H00M04S28148N30000F</MediaDuration>
</MediaTime>
<TemporalDecomposition>
<VideoSegment id="shot161_78_RKF">
<MediaTime>
<MediaTimePoint>T00:11:22:6446F30000</MediaTimePoint>
</MediaTime>
</VideoSegment>
</TemporalDecomposition>
</VideoSegment>
<VideoSegment id="shot161_79">
<MediaTime>
<MediaTimePoint>T00:11:24:21521F30000</MediaTimePoint>
<MediaDuration>PT00H00M08S13253N30000F</MediaDuration>
</MediaTime>
<TemporalDecomposition>
<VideoSegment id="shot161_79_RKF">
<MediaTime>
<MediaTimePoint>T00:11:28:27647F30000</MediaTimePoint>
</MediaTime>
</VideoSegment>
</TemporalDecomposition>
</VideoSegment>
<VideoSegment id="shot161_80">
<MediaTime>
<MediaTimePoint>T00:11:33:4774F30000</MediaTimePoint>
<MediaDuration>PT00H00M03S13103N30000F</MediaDuration>
</MediaTime>
<TemporalDecomposition>
<VideoSegment id="shot161_80_RKF">
<MediaTime>
<MediaTimePoint>T00:11:34:25825F30000</MediaTimePoint>
</MediaTime>
</VideoSegment>
</TemporalDecomposition>
</VideoSegment>
<VideoSegment id="shot161_81">
<MediaTime>
<MediaTimePoint>T00:11:36:17877F30000</MediaTimePoint>
<MediaDuration>PT00H00M28S27867N30000F</MediaDuration>
</MediaTime>
<TemporalDecomposition>
<VideoSegment id="shot161_81_RKF">
<MediaTime>
<MediaTimePoint>T00:11:51:1310F30000</MediaTimePoint>
</MediaTime>
</VideoSegment>
</TemporalDecomposition>
</VideoSegment>
<VideoSegment id="shot161_82">
<MediaTime>
<MediaTimePoint>T00:12:05:15744F30000</MediaTimePoint>
<MediaDuration>PT00H00M07S12222N30000F</MediaDuration>
</MediaTime>
<TemporalDecomposition>
<VideoSegment id="shot161_82_RKF">
<MediaTime>
<MediaTimePoint>T00:12:09:5854F30000</MediaTimePoint>
</MediaTime>
</VideoSegment>
</TemporalDecomposition>
</VideoSegment>
<VideoSegment id="shot161_83">
<MediaTime>
<MediaTimePoint>T00:12:12:27966F30000</MediaTimePoint>
<MediaDuration>PT00H00M07S15225N30000F</MediaDuration>
</MediaTime>
<TemporalDecomposition>
<VideoSegment id="shot161_83_RKF">
<MediaTime>
<MediaTimePoint>T00:12:16:20078F30000</MediaTimePoint>
</MediaTime>
</VideoSegment>
</TemporalDecomposition>
</VideoSegment>
<VideoSegment id="shot161_84">
<MediaTime>
<MediaTimePoint>T00:12:20:13191F30000</MediaTimePoint>
<MediaDuration>PT00H00M05S14164N30000F</MediaDuration>
</MediaTime>
<TemporalDecomposition>
<VideoSegment id="shot161_84_RKF">
<MediaTime>
<MediaTimePoint>T00:12:23:4272F30000</MediaTimePoint>
</MediaTime>
</VideoSegment>
</TemporalDecomposition>
</VideoSegment>
<VideoSegment id="shot161_85">
<MediaTime>
<MediaTimePoint>T00:12:25:27355F30000</MediaTimePoint>
<MediaDuration>PT00H00M26S20800N30000F</MediaDuration>
</MediaTime>
<TemporalDecomposition>
<VideoSegment id="shot161_85_RKF">
<MediaTime>
<MediaTimePoint>T00:12:39:6754F30000</MediaTimePoint>
</MediaTime>
</VideoSegment>
</TemporalDecomposition>
</VideoSegment>
<VideoSegment id="shot161_86">
<MediaTime>
<MediaTimePoint>T00:12:52:18155F30000</MediaTimePoint>
<MediaDuration>PT00H00M30S6906N30000F</MediaDuration>
</MediaTime>
<TemporalDecomposition>
<VideoSegment id="shot161_86_RKF">
<MediaTime>
<MediaTimePoint>T00:13:07:20607F30000</MediaTimePoint>
</MediaTime>
</VideoSegment>
</TemporalDecomposition>
</VideoSegment>
<VideoSegment id="shot161_87">
<MediaTime>
<MediaTimePoint>T00:13:22:25061F30000</MediaTimePoint>
<MediaDuration>PT00H00M04S4124N30000F</MediaDuration>
</MediaTime>
<TemporalDecomposition>
<VideoSegment id="shot161_87_RKF">
<MediaTime>
<MediaTimePoint>T00:13:24:26122F30000</MediaTimePoint>
</MediaTime>
</VideoSegment>
</TemporalDecomposition>
</VideoSegment>
<VideoSegment id="shot161_88">
<MediaTime>
<MediaTimePoint>T00:13:26:29185F30000</MediaTimePoint>
<MediaDuration>PT00H00M03S24114N30000F</MediaDuration>
</MediaTime>
<TemporalDecomposition>
<VideoSegment id="shot161_88_RKF">
<MediaTime>
<MediaTimePoint>T00:13:28:25241F30000</MediaTimePoint>
</MediaTime>
</VideoSegment>
</TemporalDecomposition>
</VideoSegment>
<VideoSegment id="shot161_89">
<MediaTime>
<MediaTimePoint>T00:13:30:23299F30000</MediaTimePoint>
<MediaDuration>PT00H00M40S23222N30000F</MediaDuration>
</MediaTime>
<TemporalDecomposition>
<VideoSegment id="shot161_89_RKF">
<MediaTime>
<MediaTimePoint>T00:13:51:3909F30000</MediaTimePoint>
</MediaTime>
</VideoSegment>
</TemporalDecomposition>
</VideoSegment>
<VideoSegment id="shot161_90">
<MediaTime>
<MediaTimePoint>T00:14:11:16521F30000</MediaTimePoint>
<MediaDuration>PT00H00M22S12672N30000F</MediaDuration>
</MediaTime>
<TemporalDecomposition>
<VideoSegment id="shot161_90_RKF">
<MediaTime>
<MediaTimePoint>T00:14:22:21856F30000</MediaTimePoint>
</MediaTime>
</VideoSegment>
</TemporalDecomposition>
</VideoSegment>
<VideoSegment id="shot161_91">
<MediaTime>
<MediaTimePoint>T00:14:33:29193F30000</MediaTimePoint>
<MediaDuration>PT00H00M14S29449N30000F</MediaDuration>
</MediaTime>
<TemporalDecomposition>
<VideoSegment id="shot161_91_RKF">
<MediaTime>
<MediaTimePoint>T00:14:41:13417F30000</MediaTimePoint>
</MediaTime>
</VideoSegment>
</TemporalDecomposition>
</VideoSegment>
<VideoSegment id="shot161_92">
<MediaTime>
<MediaTimePoint>T00:14:48:28642F30000</MediaTimePoint>
<MediaDuration>PT00H00M38S23162N30000F</MediaDuration>
</MediaTime>
<TemporalDecomposition>
<VideoSegment id="shot161_92_RKF">
<MediaTime>
<MediaTimePoint>T00:15:08:9222F30000</MediaTimePoint>
</MediaTime>
</VideoSegment>
</TemporalDecomposition>
</VideoSegment>
<VideoSegment id="shot161_93">
<MediaTime>
<MediaTimePoint>T00:15:27:21804F30000</MediaTimePoint>
<MediaDuration>PT00H00M24S14734N30000F</MediaDuration>
</MediaTime>
<TemporalDecomposition>
<VideoSegment id="shot161_93_RKF">
<MediaTime>
<MediaTimePoint>T00:15:39:28170F30000</MediaTimePoint>
</MediaTime>
</VideoSegment>
</TemporalDecomposition>
</VideoSegment>
<VideoSegment id="shot161_94">
<MediaTime>
<MediaTimePoint>T00:15:52:6538F30000</MediaTimePoint>
<MediaDuration>PT00H00M54S5624N30000F</MediaDuration>
</MediaTime>
<TemporalDecomposition>
<VideoSegment id="shot161_94_RKF">
<MediaTime>
<MediaTimePoint>T00:16:19:8349F30000</MediaTimePoint>
</MediaTime>
</VideoSegment>
</TemporalDecomposition>
</VideoSegment>
<VideoSegment id="shot161_95">
<MediaTime>
<MediaTimePoint>T00:16:46:12162F30000</MediaTimePoint>
<MediaDuration>PT00H00M06S1181N30000F</MediaDuration>
</MediaTime>
<TemporalDecomposition>
<VideoSegment id="shot161_95_RKF">
<MediaTime>
<MediaTimePoint>T00:16:49:12252F30000</MediaTimePoint>
</MediaTime>
</VideoSegment>
</TemporalDecomposition>
</VideoSegment>
<VideoSegment id="shot161_96">
<MediaTime>
<MediaTimePoint>T00:16:52:13343F30000</MediaTimePoint>
<MediaDuration>PT00H03M47S23827N30000F</MediaDuration>
</MediaTime>
<TemporalDecomposition>
<VideoSegment id="shot161_96_RKF">
<MediaTime>
<MediaTimePoint>T00:18:46:9756F30000</MediaTimePoint>
</MediaTime>
</VideoSegment>
</TemporalDecomposition>
</VideoSegment>
<VideoSegment id="shot161_97">
<MediaTime>
<MediaTimePoint>T00:20:40:7170F30000</MediaTimePoint>
<MediaDuration>PT00H00M28S11851N30000F</MediaDuration>
</MediaTime>
<TemporalDecomposition>
<VideoSegment id="shot161_97_RKF">
<MediaTime>
<MediaTimePoint>T00:20:54:12595F30000</MediaTimePoint>
</MediaTime>
</VideoSegment>
</TemporalDecomposition>
</VideoSegment>
<VideoSegment id="shot161_98">
<MediaTime>
<MediaTimePoint>T00:21:08:19021F30000</MediaTimePoint>
<MediaDuration>PT00H00M39S16185N30000F</MediaDuration>
</MediaTime>
<TemporalDecomposition>
<VideoSegment id="shot161_98_RKF">
<MediaTime>
<MediaTimePoint>T00:21:28:11613F30000</MediaTimePoint>
</MediaTime>
</VideoSegment>
</TemporalDecomposition>
</VideoSegment>
<VideoSegment id="shot161_99">
<MediaTime>
<MediaTimePoint>T00:21:48:5206F30000</MediaTimePoint>
<MediaDuration>PT00H00M04S8128N30000F</MediaDuration>
</MediaTime>
<TemporalDecomposition>
<VideoSegment id="shot161_99_RKF">
<MediaTime>
<MediaTimePoint>T00:21:50:8269F30000</MediaTimePoint>
</MediaTime>
</VideoSegment>
</TemporalDecomposition>
</VideoSegment>
<VideoSegment id="shot161_100">
<MediaTime>
<MediaTimePoint>T00:21:52:13334F30000</MediaTimePoint>
<MediaDuration>PT00H00M23S5695N30000F</MediaDuration>
</MediaTime>
<TemporalDecomposition>
<VideoSegment id="shot161_100_RKF">
<MediaTime>
<MediaTimePoint>T00:22:04:681F30000</MediaTimePoint>
</MediaTime>
</VideoSegment>
</TemporalDecomposition>
</VideoSegment>
<VideoSegment id="shot161_101">
<MediaTime>
<MediaTimePoint>T00:22:15:19029F30000</MediaTimePoint>
<MediaDuration>PT00H00M43S17306N30000F</MediaDuration>
</MediaTime>
<TemporalDecomposition>
<VideoSegment id="shot161_101_NRKF_1">
<MediaTime>
<MediaTimePoint>T00:22:16:1041F30000</MediaTimePoint>
</MediaTime>
</VideoSegment>
<VideoSegment id="shot161_101_RKF">
<MediaTime>
<MediaTimePoint>T00:22:37:11681F30000</MediaTimePoint>
</MediaTime>
</VideoSegment>
<VideoSegment id="shot161_101_NRKF_2">
<MediaTime>
<MediaTimePoint>T00:22:37:24694F30000</MediaTimePoint>
</MediaTime>
</VideoSegment>
</TemporalDecomposition>
</VideoSegment>
<VideoSegment id="shot161_102">
<MediaTime>
<MediaTimePoint>T00:22:59:6335F30000</MediaTimePoint>
<MediaDuration>PT00H00M07S7217N30000F</MediaDuration>
</MediaTime>
<TemporalDecomposition>
<VideoSegment id="shot161_102_RKF">
<MediaTime>
<MediaTimePoint>T00:23:02:24443F30000</MediaTimePoint>
</MediaTime>
</VideoSegment>
</TemporalDecomposition>
</VideoSegment>
<VideoSegment id="shot161_103">
<MediaTime>
<MediaTimePoint>T00:23:06:13552F30000</MediaTimePoint>
<MediaDuration>PT00H00M04S7127N30000F</MediaDuration>
</MediaTime>
<TemporalDecomposition>
<VideoSegment id="shot161_103_RKF">
<MediaTime>
<MediaTimePoint>T00:23:08:16615F30000</MediaTimePoint>
</MediaTime>
</VideoSegment>
</TemporalDecomposition>
</VideoSegment>
<VideoSegment id="shot161_104">
<MediaTime>
<MediaTimePoint>T00:23:10:20679F30000</MediaTimePoint>
<MediaDuration>PT00H00M06S26206N30000F</MediaDuration>
</MediaTime>
<TemporalDecomposition>
<VideoSegment id="shot161_104_RKF">
<MediaTime>
<MediaTimePoint>T00:23:14:2781F30000</MediaTimePoint>
</MediaTime>
</VideoSegment>
</TemporalDecomposition>
</VideoSegment>
<VideoSegment id="shot161_105">
<MediaTime>
<MediaTimePoint>T00:23:17:16885F30000</MediaTimePoint>
<MediaDuration>PT00H00M14S28448N30000F</MediaDuration>
</MediaTime>
<TemporalDecomposition>
<VideoSegment id="shot161_105_RKF">
<MediaTime>
<MediaTimePoint>T00:23:25:108F30000</MediaTimePoint>
</MediaTime>
</VideoSegment>
</TemporalDecomposition>
</VideoSegment>
<VideoSegment id="shot161_106">
<MediaTime>
<MediaTimePoint>T00:23:32:15333F30000</MediaTimePoint>
<MediaDuration>PT00H00M02S4064N30000F</MediaDuration>
</MediaTime>
<TemporalDecomposition>
<VideoSegment id="shot161_106_RKF">
<MediaTime>
<MediaTimePoint>T00:23:33:16364F30000</MediaTimePoint>
</MediaTime>
</VideoSegment>
</TemporalDecomposition>
</VideoSegment>
<VideoSegment id="shot161_107">
<MediaTime>
<MediaTimePoint>T00:23:34:19397F30000</MediaTimePoint>
<MediaDuration>PT00H00M14S15435N30000F</MediaDuration>
</MediaTime>
<TemporalDecomposition>
<VideoSegment id="shot161_107_RKF">
<MediaTime>
<MediaTimePoint>T00:23:41:26614F30000</MediaTimePoint>
</MediaTime>
</VideoSegment>
</TemporalDecomposition>
</VideoSegment>
<VideoSegment id="shot161_108">
<MediaTime>
<MediaTimePoint>T00:23:49:4832F30000</MediaTimePoint>
<MediaDuration>PT00H02M44S1917N30000F</MediaDuration>
</MediaTime>
<TemporalDecomposition>
<VideoSegment id="shot161_108_RKF">
<MediaTime>
<MediaTimePoint>T00:25:11:5290F30000</MediaTimePoint>
</MediaTime>
</VideoSegment>
</TemporalDecomposition>
</VideoSegment>
<VideoSegment id="shot161_109">
<MediaTime>
<MediaTimePoint>T00:26:33:6749F30000</MediaTimePoint>
<MediaDuration>PT00H01M46S23200N30000F</MediaDuration>
</MediaTime>
<TemporalDecomposition>
<VideoSegment id="shot161_109_RKF">
<MediaTime>
<MediaTimePoint>T00:27:26:17348F30000</MediaTimePoint>
</MediaTime>
</VideoSegment>
</TemporalDecomposition>
</VideoSegment>
</TemporalDecomposition>
</Video>
</MultimediaContent>
</Description>
</Mpeg7>
