<?xml version="1.0" encoding="UTF-8"?>
<Mpeg7 xmlns="urn:mpeg:mpeg7:schema:2001" xmlns:mpeg7="urn:mpeg:mpeg7:schema:2001" xmlns:xsi="http://www.w3.org/2001/XMLSchema-instance">
<Description xsi:type="ContentEntityType">
<MultimediaContent xsi:type="VideoType">
<Video id="TRECVID2005_163">
<MediaLocator>
<MediaUri>20041103_150001_CNN_LIVEFROM_ENG.mpg</MediaUri>
</MediaLocator>
<MediaTime>
<MediaTimePoint>T00:00:00:0F30000</MediaTimePoint>
<MediaDuration>PT00H28M18S29919N30000F</MediaDuration>
</MediaTime>
<TemporalDecomposition gap="false" overlap="false">
<VideoSegment id="shot163_1">
<MediaTime>
<MediaTimePoint>T00:00:00:0F30000</MediaTimePoint>
<MediaDuration>PT00H00M03S15105N30000F</MediaDuration>
</MediaTime>
<TemporalDecomposition>
<VideoSegment id="shot163_1_RKF">
<MediaTime>
<MediaTimePoint>T00:00:01:22052F30000</MediaTimePoint>
</MediaTime>
</VideoSegment>
</TemporalDecomposition>
</VideoSegment>
<VideoSegment id="shot163_2">
<MediaTime>
<MediaTimePoint>T00:00:03:15105F30000</MediaTimePoint>
<MediaDuration>PT00H00M20S7607N30000F</MediaDuration>
</MediaTime>
<TemporalDecomposition>
<VideoSegment id="shot163_2_RKF">
<MediaTime>
<MediaTimePoint>T00:00:13:18408F30000</MediaTimePoint>
</MediaTime>
</VideoSegment>
</TemporalDecomposition>
</VideoSegment>
<VideoSegment id="shot163_3">
<MediaTime>
<MediaTimePoint>T00:00:23:22712F30000</MediaTimePoint>
<MediaDuration>PT00H00M42S18277N30000F</MediaDuration>
</MediaTime>
<TemporalDecomposition>
<VideoSegment id="shot163_3_RKF">
<MediaTime>
<MediaTimePoint>T00:00:45:1350F30000</MediaTimePoint>
</MediaTime>
</VideoSegment>
</TemporalDecomposition>
</VideoSegment>
<VideoSegment id="shot163_4">
<MediaTime>
<MediaTimePoint>T00:01:06:10989F30000</MediaTimePoint>
<MediaDuration>PT00H00M46S29408N30000F</MediaDuration>
</MediaTime>
<TemporalDecomposition>
<VideoSegment id="shot163_4_RKF">
<MediaTime>
<MediaTimePoint>T00:01:29:24692F30000</MediaTimePoint>
</MediaTime>
</VideoSegment>
</TemporalDecomposition>
</VideoSegment>
<VideoSegment id="shot163_5">
<MediaTime>
<MediaTimePoint>T00:01:53:10397F30000</MediaTimePoint>
<MediaDuration>PT00H00M07S17227N30000F</MediaDuration>
</MediaTime>
<TemporalDecomposition>
<VideoSegment id="shot163_5_RKF">
<MediaTime>
<MediaTimePoint>T00:01:57:3510F30000</MediaTimePoint>
</MediaTime>
</VideoSegment>
</TemporalDecomposition>
</VideoSegment>
<VideoSegment id="shot163_6">
<MediaTime>
<MediaTimePoint>T00:02:00:27624F30000</MediaTimePoint>
<MediaDuration>PT00H00M03S24114N30000F</MediaDuration>
</MediaTime>
<TemporalDecomposition>
<VideoSegment id="shot163_6_RKF">
<MediaTime>
<MediaTimePoint>T00:02:02:23680F30000</MediaTimePoint>
</MediaTime>
</VideoSegment>
</TemporalDecomposition>
</VideoSegment>
<VideoSegment id="shot163_7">
<MediaTime>
<MediaTimePoint>T00:02:04:21738F30000</MediaTimePoint>
<MediaDuration>PT00H00M06S1181N30000F</MediaDuration>
</MediaTime>
<TemporalDecomposition>
<VideoSegment id="shot163_7_RKF">
<MediaTime>
<MediaTimePoint>T00:02:07:21828F30000</MediaTimePoint>
</MediaTime>
</VideoSegment>
</TemporalDecomposition>
</VideoSegment>
<VideoSegment id="shot163_8">
<MediaTime>
<MediaTimePoint>T00:02:10:22919F30000</MediaTimePoint>
<MediaDuration>PT00H00M07S24234N30000F</MediaDuration>
</MediaTime>
<TemporalDecomposition>
<VideoSegment id="shot163_8_RKF">
<MediaTime>
<MediaTimePoint>T00:02:14:19035F30000</MediaTimePoint>
</MediaTime>
</VideoSegment>
</TemporalDecomposition>
</VideoSegment>
<VideoSegment id="shot163_9">
<MediaTime>
<MediaTimePoint>T00:02:18:17153F30000</MediaTimePoint>
<MediaDuration>PT00H00M05S11161N30000F</MediaDuration>
</MediaTime>
<TemporalDecomposition>
<VideoSegment id="shot163_9_RKF">
<MediaTime>
<MediaTimePoint>T00:02:21:7233F30000</MediaTimePoint>
</MediaTime>
</VideoSegment>
</TemporalDecomposition>
</VideoSegment>
<VideoSegment id="shot163_10">
<MediaTime>
<MediaTimePoint>T00:02:23:28314F30000</MediaTimePoint>
<MediaDuration>PT00H00M09S20290N30000F</MediaDuration>
</MediaTime>
<TemporalDecomposition>
<VideoSegment id="shot163_10_RKF">
<MediaTime>
<MediaTimePoint>T00:02:28:22458F30000</MediaTimePoint>
</MediaTime>
</VideoSegment>
</TemporalDecomposition>
</VideoSegment>
<VideoSegment id="shot163_11">
<MediaTime>
<MediaTimePoint>T00:02:33:18604F30000</MediaTimePoint>
<MediaDuration>PT00H00M33S23012N30000F</MediaDuration>
</MediaTime>
<TemporalDecomposition>
<VideoSegment id="shot163_11_RKF">
<MediaTime>
<MediaTimePoint>T00:02:50:14109F30000</MediaTimePoint>
</MediaTime>
</VideoSegment>
</TemporalDecomposition>
</VideoSegment>
<VideoSegment id="shot163_12">
<MediaTime>
<MediaTimePoint>T00:03:07:11616F30000</MediaTimePoint>
<MediaDuration>PT00H00M07S9219N30000F</MediaDuration>
</MediaTime>
<TemporalDecomposition>
<VideoSegment id="shot163_12_RKF">
<MediaTime>
<MediaTimePoint>T00:03:11:725F30000</MediaTimePoint>
</MediaTime>
</VideoSegment>
</TemporalDecomposition>
</VideoSegment>
<VideoSegment id="shot163_13">
<MediaTime>
<MediaTimePoint>T00:03:14:20835F30000</MediaTimePoint>
<MediaDuration>PT00H00M16S19499N30000F</MediaDuration>
</MediaTime>
<TemporalDecomposition>
<VideoSegment id="shot163_13_RKF">
<MediaTime>
<MediaTimePoint>T00:03:23:84F30000</MediaTimePoint>
</MediaTime>
</VideoSegment>
</TemporalDecomposition>
</VideoSegment>
<VideoSegment id="shot163_14">
<MediaTime>
<MediaTimePoint>T00:03:31:10334F30000</MediaTimePoint>
<MediaDuration>PT00H00M12S20380N30000F</MediaDuration>
</MediaTime>
<TemporalDecomposition>
<VideoSegment id="shot163_14_RKF">
<MediaTime>
<MediaTimePoint>T00:03:37:19523F30000</MediaTimePoint>
</MediaTime>
</VideoSegment>
</TemporalDecomposition>
</VideoSegment>
<VideoSegment id="shot163_15">
<MediaTime>
<MediaTimePoint>T00:03:44:714F30000</MediaTimePoint>
<MediaDuration>PT00H00M05S12162N30000F</MediaDuration>
</MediaTime>
<TemporalDecomposition>
<VideoSegment id="shot163_15_RKF">
<MediaTime>
<MediaTimePoint>T00:03:46:20794F30000</MediaTimePoint>
</MediaTime>
</VideoSegment>
</TemporalDecomposition>
</VideoSegment>
<VideoSegment id="shot163_16">
<MediaTime>
<MediaTimePoint>T00:03:49:12876F30000</MediaTimePoint>
<MediaDuration>PT00H00M04S22142N30000F</MediaDuration>
</MediaTime>
<TemporalDecomposition>
<VideoSegment id="shot163_16_RKF">
<MediaTime>
<MediaTimePoint>T00:03:51:22946F30000</MediaTimePoint>
</MediaTime>
</VideoSegment>
</TemporalDecomposition>
</VideoSegment>
<VideoSegment id="shot163_17">
<MediaTime>
<MediaTimePoint>T00:03:54:5018F30000</MediaTimePoint>
<MediaDuration>PT00H00M21S5635N30000F</MediaDuration>
</MediaTime>
<TemporalDecomposition>
<VideoSegment id="shot163_17_RKF">
<MediaTime>
<MediaTimePoint>T00:04:04:22335F30000</MediaTimePoint>
</MediaTime>
</VideoSegment>
</TemporalDecomposition>
</VideoSegment>
<VideoSegment id="shot163_18">
<MediaTime>
<MediaTimePoint>T00:04:15:10653F30000</MediaTimePoint>
<MediaDuration>PT00H00M11S24354N30000F</MediaDuration>
</MediaTime>
<TemporalDecomposition>
<VideoSegment id="shot163_18_RKF">
<MediaTime>
<MediaTimePoint>T00:04:21:6829F30000</MediaTimePoint>
</MediaTime>
</VideoSegment>
</TemporalDecomposition>
</VideoSegment>
<VideoSegment id="shot163_19">
<MediaTime>
<MediaTimePoint>T00:04:27:5007F30000</MediaTimePoint>
<MediaDuration>PT00H00M11S2332N30000F</MediaDuration>
</MediaTime>
<TemporalDecomposition>
<VideoSegment id="shot163_19_RKF">
<MediaTime>
<MediaTimePoint>T00:04:32:20172F30000</MediaTimePoint>
</MediaTime>
</VideoSegment>
</TemporalDecomposition>
</VideoSegment>
<VideoSegment id="shot163_20">
<MediaTime>
<MediaTimePoint>T00:04:38:7339F30000</MediaTimePoint>
<MediaDuration>PT00H00M02S25085N30000F</MediaDuration>
</MediaTime>
<TemporalDecomposition>
<VideoSegment id="shot163_20_RKF">
<MediaTime>
<MediaTimePoint>T00:04:39:19381F30000</MediaTimePoint>
</MediaTime>
</VideoSegment>
</TemporalDecomposition>
</VideoSegment>
<VideoSegment id="shot163_21">
<MediaTime>
<MediaTimePoint>T00:04:41:2424F30000</MediaTimePoint>
<MediaDuration>PT00H00M09S29299N30000F</MediaDuration>
</MediaTime>
<TemporalDecomposition>
<VideoSegment id="shot163_21_RKF">
<MediaTime>
<MediaTimePoint>T00:04:46:1573F30000</MediaTimePoint>
</MediaTime>
</VideoSegment>
</TemporalDecomposition>
</VideoSegment>
<VideoSegment id="shot163_22">
<MediaTime>
<MediaTimePoint>T00:04:51:1723F30000</MediaTimePoint>
<MediaDuration>PT00H00M05S21171N30000F</MediaDuration>
</MediaTime>
<TemporalDecomposition>
<VideoSegment id="shot163_22_RKF">
<MediaTime>
<MediaTimePoint>T00:04:53:26808F30000</MediaTimePoint>
</MediaTime>
</VideoSegment>
</TemporalDecomposition>
</VideoSegment>
<VideoSegment id="shot163_23">
<MediaTime>
<MediaTimePoint>T00:04:56:22894F30000</MediaTimePoint>
<MediaDuration>PT00H00M11S8338N30000F</MediaDuration>
</MediaTime>
<TemporalDecomposition>
<VideoSegment id="shot163_23_RKF">
<MediaTime>
<MediaTimePoint>T00:05:02:11062F30000</MediaTimePoint>
</MediaTime>
</VideoSegment>
</TemporalDecomposition>
</VideoSegment>
<VideoSegment id="shot163_24">
<MediaTime>
<MediaTimePoint>T00:05:08:1232F30000</MediaTimePoint>
<MediaDuration>PT00H00M04S12132N30000F</MediaDuration>
</MediaTime>
<TemporalDecomposition>
<VideoSegment id="shot163_24_RKF">
<MediaTime>
<MediaTimePoint>T00:05:10:6297F30000</MediaTimePoint>
</MediaTime>
</VideoSegment>
</TemporalDecomposition>
</VideoSegment>
<VideoSegment id="shot163_25">
<MediaTime>
<MediaTimePoint>T00:05:12:13364F30000</MediaTimePoint>
<MediaDuration>PT00H00M05S11161N30000F</MediaDuration>
</MediaTime>
<TemporalDecomposition>
<VideoSegment id="shot163_25_RKF">
<MediaTime>
<MediaTimePoint>T00:05:15:3444F30000</MediaTimePoint>
</MediaTime>
</VideoSegment>
</TemporalDecomposition>
</VideoSegment>
<VideoSegment id="shot163_26">
<MediaTime>
<MediaTimePoint>T00:05:17:24525F30000</MediaTimePoint>
<MediaDuration>PT00H00M05S29179N30000F</MediaDuration>
</MediaTime>
<TemporalDecomposition>
<VideoSegment id="shot163_26_RKF">
<MediaTime>
<MediaTimePoint>T00:05:20:23614F30000</MediaTimePoint>
</MediaTime>
</VideoSegment>
</TemporalDecomposition>
</VideoSegment>
<VideoSegment id="shot163_27">
<MediaTime>
<MediaTimePoint>T00:05:23:23704F30000</MediaTimePoint>
<MediaDuration>PT00H00M09S8278N30000F</MediaDuration>
</MediaTime>
<TemporalDecomposition>
<VideoSegment id="shot163_27_RKF">
<MediaTime>
<MediaTimePoint>T00:05:28:11842F30000</MediaTimePoint>
</MediaTime>
</VideoSegment>
</TemporalDecomposition>
</VideoSegment>
<VideoSegment id="shot163_28">
<MediaTime>
<MediaTimePoint>T00:05:33:1982F30000</MediaTimePoint>
<MediaDuration>PT00H00M03S29119N30000F</MediaDuration>
</MediaTime>
<TemporalDecomposition>
<VideoSegment id="shot163_28_RKF">
<MediaTime>
<MediaTimePoint>T00:05:35:1041F30000</MediaTimePoint>
</MediaTime>
</VideoSegment>
</TemporalDecomposition>
</VideoSegment>
<VideoSegment id="shot163_29">
<MediaTime>
<MediaTimePoint>T00:05:37:1101F30000</MediaTimePoint>
<MediaDuration>PT00H00M04S27147N30000F</MediaDuration>
</MediaTime>
<TemporalDecomposition>
<VideoSegment id="shot163_29_RKF">
<MediaTime>
<MediaTimePoint>T00:05:39:14174F30000</MediaTimePoint>
</MediaTime>
</VideoSegment>
</TemporalDecomposition>
</VideoSegment>
<VideoSegment id="shot163_30">
<MediaTime>
<MediaTimePoint>T00:05:41:28248F30000</MediaTimePoint>
<MediaDuration>PT00H00M07S19229N30000F</MediaDuration>
</MediaTime>
<TemporalDecomposition>
<VideoSegment id="shot163_30_RKF">
<MediaTime>
<MediaTimePoint>T00:05:45:22362F30000</MediaTimePoint>
</MediaTime>
</VideoSegment>
</TemporalDecomposition>
</VideoSegment>
<VideoSegment id="shot163_31">
<MediaTime>
<MediaTimePoint>T00:05:49:17477F30000</MediaTimePoint>
<MediaDuration>PT00H00M04S27147N30000F</MediaDuration>
</MediaTime>
<TemporalDecomposition>
<VideoSegment id="shot163_31_RKF">
<MediaTime>
<MediaTimePoint>T00:05:52:550F30000</MediaTimePoint>
</MediaTime>
</VideoSegment>
</TemporalDecomposition>
</VideoSegment>
<VideoSegment id="shot163_32">
<MediaTime>
<MediaTimePoint>T00:05:54:14624F30000</MediaTimePoint>
<MediaDuration>PT00H00M28S8848N30000F</MediaDuration>
</MediaTime>
<TemporalDecomposition>
<VideoSegment id="shot163_32_RKF">
<MediaTime>
<MediaTimePoint>T00:06:08:18047F30000</MediaTimePoint>
</MediaTime>
</VideoSegment>
</TemporalDecomposition>
</VideoSegment>
<VideoSegment id="shot163_33">
<MediaTime>
<MediaTimePoint>T00:06:22:23472F30000</MediaTimePoint>
<MediaDuration>PT00H00M07S7217N30000F</MediaDuration>
</MediaTime>
<TemporalDecomposition>
<VideoSegment id="shot163_33_RKF">
<MediaTime>
<MediaTimePoint>T00:06:26:11580F30000</MediaTimePoint>
</MediaTime>
</VideoSegment>
</TemporalDecomposition>
</VideoSegment>
<VideoSegment id="shot163_34">
<MediaTime>
<MediaTimePoint>T00:06:30:689F30000</MediaTimePoint>
<MediaDuration>PT00H00M16S24504N30000F</MediaDuration>
</MediaTime>
<TemporalDecomposition>
<VideoSegment id="shot163_34_RKF">
<MediaTime>
<MediaTimePoint>T00:06:38:11940F30000</MediaTimePoint>
</MediaTime>
</VideoSegment>
</TemporalDecomposition>
</VideoSegment>
<VideoSegment id="shot163_35">
<MediaTime>
<MediaTimePoint>T00:06:46:25193F30000</MediaTimePoint>
<MediaDuration>PT00H00M03S20110N30000F</MediaDuration>
</MediaTime>
<TemporalDecomposition>
<VideoSegment id="shot163_35_RKF">
<MediaTime>
<MediaTimePoint>T00:06:48:19247F30000</MediaTimePoint>
</MediaTime>
</VideoSegment>
</TemporalDecomposition>
</VideoSegment>
<VideoSegment id="shot163_36">
<MediaTime>
<MediaTimePoint>T00:06:50:15303F30000</MediaTimePoint>
<MediaDuration>PT00H00M09S22292N30000F</MediaDuration>
</MediaTime>
<TemporalDecomposition>
<VideoSegment id="shot163_36_RKF">
<MediaTime>
<MediaTimePoint>T00:06:55:10448F30000</MediaTimePoint>
</MediaTime>
</VideoSegment>
</TemporalDecomposition>
</VideoSegment>
<VideoSegment id="shot163_37">
<MediaTime>
<MediaTimePoint>T00:07:00:7595F30000</MediaTimePoint>
<MediaDuration>PT00H00M11S28358N30000F</MediaDuration>
</MediaTime>
<TemporalDecomposition>
<VideoSegment id="shot163_37_RKF">
<MediaTime>
<MediaTimePoint>T00:07:06:5773F30000</MediaTimePoint>
</MediaTime>
</VideoSegment>
</TemporalDecomposition>
</VideoSegment>
<VideoSegment id="shot163_38">
<MediaTime>
<MediaTimePoint>T00:07:12:5953F30000</MediaTimePoint>
<MediaDuration>PT00H00M19S4574N30000F</MediaDuration>
</MediaTime>
<TemporalDecomposition>
<VideoSegment id="shot163_38_RKF">
<MediaTime>
<MediaTimePoint>T00:07:21:22239F30000</MediaTimePoint>
</MediaTime>
</VideoSegment>
</TemporalDecomposition>
</VideoSegment>
<VideoSegment id="shot163_39">
<MediaTime>
<MediaTimePoint>T00:07:31:10527F30000</MediaTimePoint>
<MediaDuration>PT00H00M09S19289N30000F</MediaDuration>
</MediaTime>
<TemporalDecomposition>
<VideoSegment id="shot163_39_RKF">
<MediaTime>
<MediaTimePoint>T00:07:36:4671F30000</MediaTimePoint>
</MediaTime>
</VideoSegment>
</TemporalDecomposition>
</VideoSegment>
<VideoSegment id="shot163_40">
<MediaTime>
<MediaTimePoint>T00:07:40:29816F30000</MediaTimePoint>
<MediaDuration>PT00H00M03S14104N30000F</MediaDuration>
</MediaTime>
<TemporalDecomposition>
<VideoSegment id="shot163_40_RKF">
<MediaTime>
<MediaTimePoint>T00:07:42:20867F30000</MediaTimePoint>
</MediaTime>
</VideoSegment>
</TemporalDecomposition>
</VideoSegment>
<VideoSegment id="shot163_41">
<MediaTime>
<MediaTimePoint>T00:07:44:13920F30000</MediaTimePoint>
<MediaDuration>PT00H00M04S12132N30000F</MediaDuration>
</MediaTime>
<TemporalDecomposition>
<VideoSegment id="shot163_41_RKF">
<MediaTime>
<MediaTimePoint>T00:07:46:18985F30000</MediaTimePoint>
</MediaTime>
</VideoSegment>
</TemporalDecomposition>
</VideoSegment>
<VideoSegment id="shot163_42">
<MediaTime>
<MediaTimePoint>T00:07:48:26052F30000</MediaTimePoint>
<MediaDuration>PT00H00M09S14284N30000F</MediaDuration>
</MediaTime>
<TemporalDecomposition>
<VideoSegment id="shot163_42_RKF">
<MediaTime>
<MediaTimePoint>T00:07:53:17193F30000</MediaTimePoint>
</MediaTime>
</VideoSegment>
</TemporalDecomposition>
</VideoSegment>
<VideoSegment id="shot163_43">
<MediaTime>
<MediaTimePoint>T00:07:58:10336F30000</MediaTimePoint>
<MediaDuration>PT00H00M03S3093N30000F</MediaDuration>
</MediaTime>
<TemporalDecomposition>
<VideoSegment id="shot163_43_RKF">
<MediaTime>
<MediaTimePoint>T00:07:59:26382F30000</MediaTimePoint>
</MediaTime>
</VideoSegment>
</TemporalDecomposition>
</VideoSegment>
<VideoSegment id="shot163_44">
<MediaTime>
<MediaTimePoint>T00:08:01:13429F30000</MediaTimePoint>
<MediaDuration>PT00H00M06S24204N30000F</MediaDuration>
</MediaTime>
<TemporalDecomposition>
<VideoSegment id="shot163_44_RKF">
<MediaTime>
<MediaTimePoint>T00:08:04:24530F30000</MediaTimePoint>
</MediaTime>
</VideoSegment>
</TemporalDecomposition>
</VideoSegment>
<VideoSegment id="shot163_45">
<MediaTime>
<MediaTimePoint>T00:08:08:7633F30000</MediaTimePoint>
<MediaDuration>PT00H00M02S25085N30000F</MediaDuration>
</MediaTime>
<TemporalDecomposition>
<VideoSegment id="shot163_45_RKF">
<MediaTime>
<MediaTimePoint>T00:08:09:19675F30000</MediaTimePoint>
</MediaTime>
</VideoSegment>
</TemporalDecomposition>
</VideoSegment>
<VideoSegment id="shot163_46">
<MediaTime>
<MediaTimePoint>T00:08:11:2718F30000</MediaTimePoint>
<MediaDuration>PT00H00M20S28628N30000F</MediaDuration>
</MediaTime>
<TemporalDecomposition>
<VideoSegment id="shot163_46_RKF">
<MediaTime>
<MediaTimePoint>T00:08:21:16031F30000</MediaTimePoint>
</MediaTime>
</VideoSegment>
</TemporalDecomposition>
</VideoSegment>
<VideoSegment id="shot163_47">
<MediaTime>
<MediaTimePoint>T00:08:32:1346F30000</MediaTimePoint>
<MediaDuration>PT00H00M08S22262N30000F</MediaDuration>
</MediaTime>
<TemporalDecomposition>
<VideoSegment id="shot163_47_RKF">
<MediaTime>
<MediaTimePoint>T00:08:36:11476F30000</MediaTimePoint>
</MediaTime>
</VideoSegment>
</TemporalDecomposition>
</VideoSegment>
<VideoSegment id="shot163_48">
<MediaTime>
<MediaTimePoint>T00:08:40:23608F30000</MediaTimePoint>
<MediaDuration>PT00H00M29S7877N30000F</MediaDuration>
</MediaTime>
<TemporalDecomposition>
<VideoSegment id="shot163_48_RKF">
<MediaTime>
<MediaTimePoint>T00:08:55:12046F30000</MediaTimePoint>
</MediaTime>
</VideoSegment>
</TemporalDecomposition>
</VideoSegment>
<VideoSegment id="shot163_49">
<MediaTime>
<MediaTimePoint>T00:09:10:1485F30000</MediaTimePoint>
<MediaDuration>PT00H00M09S270N30000F</MediaDuration>
</MediaTime>
<TemporalDecomposition>
<VideoSegment id="shot163_49_RKF">
<MediaTime>
<MediaTimePoint>T00:09:14:15619F30000</MediaTimePoint>
</MediaTime>
</VideoSegment>
</TemporalDecomposition>
</VideoSegment>
<VideoSegment id="shot163_50">
<MediaTime>
<MediaTimePoint>T00:09:19:1755F30000</MediaTimePoint>
<MediaDuration>PT00H00M07S2212N30000F</MediaDuration>
</MediaTime>
<TemporalDecomposition>
<VideoSegment id="shot163_50_RKF">
<MediaTime>
<MediaTimePoint>T00:09:22:16860F30000</MediaTimePoint>
</MediaTime>
</VideoSegment>
</TemporalDecomposition>
</VideoSegment>
<VideoSegment id="shot163_51">
<MediaTime>
<MediaTimePoint>T00:09:26:3967F30000</MediaTimePoint>
<MediaDuration>PT00H00M06S20200N30000F</MediaDuration>
</MediaTime>
<TemporalDecomposition>
<VideoSegment id="shot163_51_RKF">
<MediaTime>
<MediaTimePoint>T00:09:29:13066F30000</MediaTimePoint>
</MediaTime>
</VideoSegment>
</TemporalDecomposition>
</VideoSegment>
<VideoSegment id="shot163_52">
<MediaTime>
<MediaTimePoint>T00:09:32:24167F30000</MediaTimePoint>
<MediaDuration>PT00H00M10S23323N30000F</MediaDuration>
</MediaTime>
<TemporalDecomposition>
<VideoSegment id="shot163_52_RKF">
<MediaTime>
<MediaTimePoint>T00:09:38:5328F30000</MediaTimePoint>
</MediaTime>
</VideoSegment>
</TemporalDecomposition>
</VideoSegment>
<VideoSegment id="shot163_53">
<MediaTime>
<MediaTimePoint>T00:09:43:17490F30000</MediaTimePoint>
<MediaDuration>PT00H00M06S26206N30000F</MediaDuration>
</MediaTime>
<TemporalDecomposition>
<VideoSegment id="shot163_53_RKF">
<MediaTime>
<MediaTimePoint>T00:09:46:29592F30000</MediaTimePoint>
</MediaTime>
</VideoSegment>
</TemporalDecomposition>
</VideoSegment>
<VideoSegment id="shot163_54">
<MediaTime>
<MediaTimePoint>T00:09:50:13696F30000</MediaTimePoint>
<MediaDuration>PT00H00M08S15255N30000F</MediaDuration>
</MediaTime>
<TemporalDecomposition>
<VideoSegment id="shot163_54_RKF">
<MediaTime>
<MediaTimePoint>T00:09:54:20823F30000</MediaTimePoint>
</MediaTime>
</VideoSegment>
</TemporalDecomposition>
</VideoSegment>
<VideoSegment id="shot163_55">
<MediaTime>
<MediaTimePoint>T00:09:58:28951F30000</MediaTimePoint>
<MediaDuration>PT00H00M09S12282N30000F</MediaDuration>
</MediaTime>
<TemporalDecomposition>
<VideoSegment id="shot163_55_RKF">
<MediaTime>
<MediaTimePoint>T00:10:03:19091F30000</MediaTimePoint>
</MediaTime>
</VideoSegment>
</TemporalDecomposition>
</VideoSegment>
<VideoSegment id="shot163_56">
<MediaTime>
<MediaTimePoint>T00:10:08:11233F30000</MediaTimePoint>
<MediaDuration>PT00H00M06S16196N30000F</MediaDuration>
</MediaTime>
<TemporalDecomposition>
<VideoSegment id="shot163_56_RKF">
<MediaTime>
<MediaTimePoint>T00:10:11:18330F30000</MediaTimePoint>
</MediaTime>
</VideoSegment>
</TemporalDecomposition>
</VideoSegment>
<VideoSegment id="shot163_57">
<MediaTime>
<MediaTimePoint>T00:10:14:27429F30000</MediaTimePoint>
<MediaDuration>PT00H00M10S23323N30000F</MediaDuration>
</MediaTime>
<TemporalDecomposition>
<VideoSegment id="shot163_57_RKF">
<MediaTime>
<MediaTimePoint>T00:10:20:8590F30000</MediaTimePoint>
</MediaTime>
</VideoSegment>
</TemporalDecomposition>
</VideoSegment>
<VideoSegment id="shot163_58">
<MediaTime>
<MediaTimePoint>T00:10:25:20752F30000</MediaTimePoint>
<MediaDuration>PT00H00M08S11251N30000F</MediaDuration>
</MediaTime>
<TemporalDecomposition>
<VideoSegment id="shot163_58_RKF">
<MediaTime>
<MediaTimePoint>T00:10:29:25877F30000</MediaTimePoint>
</MediaTime>
</VideoSegment>
</TemporalDecomposition>
</VideoSegment>
<VideoSegment id="shot163_59">
<MediaTime>
<MediaTimePoint>T00:10:34:2003F30000</MediaTimePoint>
<MediaDuration>PT00H00M23S6696N30000F</MediaDuration>
</MediaTime>
<TemporalDecomposition>
<VideoSegment id="shot163_59_RKF">
<MediaTime>
<MediaTimePoint>T00:10:45:19350F30000</MediaTimePoint>
</MediaTime>
</VideoSegment>
</TemporalDecomposition>
</VideoSegment>
<VideoSegment id="shot163_60">
<MediaTime>
<MediaTimePoint>T00:10:57:8699F30000</MediaTimePoint>
<MediaDuration>PT00H00M06S6186N30000F</MediaDuration>
</MediaTime>
<TemporalDecomposition>
<VideoSegment id="shot163_60_RKF">
<MediaTime>
<MediaTimePoint>T00:11:00:10791F30000</MediaTimePoint>
</MediaTime>
</VideoSegment>
</TemporalDecomposition>
</VideoSegment>
<VideoSegment id="shot163_61">
<MediaTime>
<MediaTimePoint>T00:11:03:14885F30000</MediaTimePoint>
<MediaDuration>PT00H00M10S6306N30000F</MediaDuration>
</MediaTime>
<TemporalDecomposition>
<VideoSegment id="shot163_61_RKF">
<MediaTime>
<MediaTimePoint>T00:11:08:17037F30000</MediaTimePoint>
</MediaTime>
</VideoSegment>
</TemporalDecomposition>
</VideoSegment>
<VideoSegment id="shot163_62">
<MediaTime>
<MediaTimePoint>T00:11:13:21191F30000</MediaTimePoint>
<MediaDuration>PT00H00M05S17167N30000F</MediaDuration>
</MediaTime>
<TemporalDecomposition>
<VideoSegment id="shot163_62_RKF">
<MediaTime>
<MediaTimePoint>T00:11:16:14274F30000</MediaTimePoint>
</MediaTime>
</VideoSegment>
</TemporalDecomposition>
</VideoSegment>
<VideoSegment id="shot163_63">
<MediaTime>
<MediaTimePoint>T00:11:19:8358F30000</MediaTimePoint>
<MediaDuration>PT00H00M05S6156N30000F</MediaDuration>
</MediaTime>
<TemporalDecomposition>
<VideoSegment id="shot163_63_RKF">
<MediaTime>
<MediaTimePoint>T00:11:21:25435F30000</MediaTimePoint>
</MediaTime>
</VideoSegment>
</TemporalDecomposition>
</VideoSegment>
<VideoSegment id="shot163_64">
<MediaTime>
<MediaTimePoint>T00:11:24:14514F30000</MediaTimePoint>
<MediaDuration>PT00H00M03S21111N30000F</MediaDuration>
</MediaTime>
<TemporalDecomposition>
<VideoSegment id="shot163_64_RKF">
<MediaTime>
<MediaTimePoint>T00:11:26:9569F30000</MediaTimePoint>
</MediaTime>
</VideoSegment>
</TemporalDecomposition>
</VideoSegment>
<VideoSegment id="shot163_65">
<MediaTime>
<MediaTimePoint>T00:11:28:5625F30000</MediaTimePoint>
<MediaDuration>PT00H00M05S17167N30000F</MediaDuration>
</MediaTime>
<TemporalDecomposition>
<VideoSegment id="shot163_65_RKF">
<MediaTime>
<MediaTimePoint>T00:11:30:28708F30000</MediaTimePoint>
</MediaTime>
</VideoSegment>
</TemporalDecomposition>
</VideoSegment>
<VideoSegment id="shot163_66">
<MediaTime>
<MediaTimePoint>T00:11:33:22792F30000</MediaTimePoint>
<MediaDuration>PT00H00M08S7247N30000F</MediaDuration>
</MediaTime>
<TemporalDecomposition>
<VideoSegment id="shot163_66_RKF">
<MediaTime>
<MediaTimePoint>T00:11:37:25915F30000</MediaTimePoint>
</MediaTime>
</VideoSegment>
</TemporalDecomposition>
</VideoSegment>
<VideoSegment id="shot163_67">
<MediaTime>
<MediaTimePoint>T00:11:42:39F30000</MediaTimePoint>
<MediaDuration>PT00H00M04S23143N30000F</MediaDuration>
</MediaTime>
<TemporalDecomposition>
<VideoSegment id="shot163_67_RKF">
<MediaTime>
<MediaTimePoint>T00:11:44:11110F30000</MediaTimePoint>
</MediaTime>
</VideoSegment>
</TemporalDecomposition>
</VideoSegment>
<VideoSegment id="shot163_68">
<MediaTime>
<MediaTimePoint>T00:11:46:23182F30000</MediaTimePoint>
<MediaDuration>PT00H00M02S24084N30000F</MediaDuration>
</MediaTime>
<TemporalDecomposition>
<VideoSegment id="shot163_68_RKF">
<MediaTime>
<MediaTimePoint>T00:11:48:4223F30000</MediaTimePoint>
</MediaTime>
</VideoSegment>
</TemporalDecomposition>
</VideoSegment>
<VideoSegment id="shot163_69">
<MediaTime>
<MediaTimePoint>T00:11:49:17266F30000</MediaTimePoint>
<MediaDuration>PT00H00M03S17107N30000F</MediaDuration>
</MediaTime>
<TemporalDecomposition>
<VideoSegment id="shot163_69_RKF">
<MediaTime>
<MediaTimePoint>T00:11:51:10319F30000</MediaTimePoint>
</MediaTime>
</VideoSegment>
</TemporalDecomposition>
</VideoSegment>
<VideoSegment id="shot163_70">
<MediaTime>
<MediaTimePoint>T00:11:53:4373F30000</MediaTimePoint>
<MediaDuration>PT00H00M22S5665N30000F</MediaDuration>
</MediaTime>
<TemporalDecomposition>
<VideoSegment id="shot163_70_RKF">
<MediaTime>
<MediaTimePoint>T00:12:04:6705F30000</MediaTimePoint>
</MediaTime>
</VideoSegment>
</TemporalDecomposition>
</VideoSegment>
<VideoSegment id="shot163_71">
<MediaTime>
<MediaTimePoint>T00:12:15:10038F30000</MediaTimePoint>
<MediaDuration>PT00H00M03S20110N30000F</MediaDuration>
</MediaTime>
<TemporalDecomposition>
<VideoSegment id="shot163_71_RKF">
<MediaTime>
<MediaTimePoint>T00:12:17:4092F30000</MediaTimePoint>
</MediaTime>
</VideoSegment>
</TemporalDecomposition>
</VideoSegment>
<VideoSegment id="shot163_72">
<MediaTime>
<MediaTimePoint>T00:12:19:148F30000</MediaTimePoint>
<MediaDuration>PT00H00M09S21291N30000F</MediaDuration>
</MediaTime>
<TemporalDecomposition>
<VideoSegment id="shot163_72_RKF">
<MediaTime>
<MediaTimePoint>T00:12:23:25293F30000</MediaTimePoint>
</MediaTime>
</VideoSegment>
</TemporalDecomposition>
</VideoSegment>
<VideoSegment id="shot163_73">
<MediaTime>
<MediaTimePoint>T00:12:28:21439F30000</MediaTimePoint>
<MediaDuration>PT00H00M03S24114N30000F</MediaDuration>
</MediaTime>
<TemporalDecomposition>
<VideoSegment id="shot163_73_RKF">
<MediaTime>
<MediaTimePoint>T00:12:30:17495F30000</MediaTimePoint>
</MediaTime>
</VideoSegment>
</TemporalDecomposition>
</VideoSegment>
<VideoSegment id="shot163_74">
<MediaTime>
<MediaTimePoint>T00:12:32:15553F30000</MediaTimePoint>
<MediaDuration>PT00H00M02S22082N30000F</MediaDuration>
</MediaTime>
<TemporalDecomposition>
<VideoSegment id="shot163_74_RKF">
<MediaTime>
<MediaTimePoint>T00:12:33:25593F30000</MediaTimePoint>
</MediaTime>
</VideoSegment>
</TemporalDecomposition>
</VideoSegment>
<VideoSegment id="shot163_75">
<MediaTime>
<MediaTimePoint>T00:12:35:7635F30000</MediaTimePoint>
<MediaDuration>PT00H00M02S23083N30000F</MediaDuration>
</MediaTime>
<TemporalDecomposition>
<VideoSegment id="shot163_75_RKF">
<MediaTime>
<MediaTimePoint>T00:12:36:18676F30000</MediaTimePoint>
</MediaTime>
</VideoSegment>
</TemporalDecomposition>
</VideoSegment>
<VideoSegment id="shot163_76">
<MediaTime>
<MediaTimePoint>T00:12:38:718F30000</MediaTimePoint>
<MediaDuration>PT00H00M39S5174N30000F</MediaDuration>
</MediaTime>
<TemporalDecomposition>
<VideoSegment id="shot163_76_RKF">
<MediaTime>
<MediaTimePoint>T00:12:57:17304F30000</MediaTimePoint>
</MediaTime>
</VideoSegment>
</TemporalDecomposition>
</VideoSegment>
<VideoSegment id="shot163_77">
<MediaTime>
<MediaTimePoint>T00:13:17:5892F30000</MediaTimePoint>
<MediaDuration>PT00H00M05S19169N30000F</MediaDuration>
</MediaTime>
<TemporalDecomposition>
<VideoSegment id="shot163_77_RKF">
<MediaTime>
<MediaTimePoint>T00:13:19:29976F30000</MediaTimePoint>
</MediaTime>
</VideoSegment>
</TemporalDecomposition>
</VideoSegment>
<VideoSegment id="shot163_78">
<MediaTime>
<MediaTimePoint>T00:13:22:25061F30000</MediaTimePoint>
<MediaDuration>PT00H00M15S16466N30000F</MediaDuration>
</MediaTime>
<TemporalDecomposition>
<VideoSegment id="shot163_78_RKF">
<MediaTime>
<MediaTimePoint>T00:13:30:17293F30000</MediaTimePoint>
</MediaTime>
</VideoSegment>
</TemporalDecomposition>
</VideoSegment>
<VideoSegment id="shot163_79">
<MediaTime>
<MediaTimePoint>T00:13:38:11527F30000</MediaTimePoint>
<MediaDuration>PT00H00M04S16136N30000F</MediaDuration>
</MediaTime>
<TemporalDecomposition>
<VideoSegment id="shot163_79_RKF">
<MediaTime>
<MediaTimePoint>T00:13:40:18594F30000</MediaTimePoint>
</MediaTime>
</VideoSegment>
</TemporalDecomposition>
</VideoSegment>
<VideoSegment id="shot163_80">
<MediaTime>
<MediaTimePoint>T00:13:42:27663F30000</MediaTimePoint>
<MediaDuration>PT00H00M33S15004N30000F</MediaDuration>
</MediaTime>
<TemporalDecomposition>
<VideoSegment id="shot163_80_RKF">
<MediaTime>
<MediaTimePoint>T00:13:59:19164F30000</MediaTimePoint>
</MediaTime>
</VideoSegment>
</TemporalDecomposition>
</VideoSegment>
<VideoSegment id="shot163_81">
<MediaTime>
<MediaTimePoint>T00:14:16:12667F30000</MediaTimePoint>
<MediaDuration>PT00H00M06S21201N30000F</MediaDuration>
</MediaTime>
<TemporalDecomposition>
<VideoSegment id="shot163_81_RKF">
<MediaTime>
<MediaTimePoint>T00:14:19:22767F30000</MediaTimePoint>
</MediaTime>
</VideoSegment>
</TemporalDecomposition>
</VideoSegment>
<VideoSegment id="shot163_82">
<MediaTime>
<MediaTimePoint>T00:14:23:3868F30000</MediaTimePoint>
<MediaDuration>PT00H00M39S28197N30000F</MediaDuration>
</MediaTime>
<TemporalDecomposition>
<VideoSegment id="shot163_82_RKF">
<MediaTime>
<MediaTimePoint>T00:14:43:2466F30000</MediaTimePoint>
</MediaTime>
</VideoSegment>
</TemporalDecomposition>
</VideoSegment>
<VideoSegment id="shot163_83">
<MediaTime>
<MediaTimePoint>T00:15:03:2065F30000</MediaTimePoint>
<MediaDuration>PT00H00M09S21291N30000F</MediaDuration>
</MediaTime>
<TemporalDecomposition>
<VideoSegment id="shot163_83_RKF">
<MediaTime>
<MediaTimePoint>T00:15:07:27210F30000</MediaTimePoint>
</MediaTime>
</VideoSegment>
</TemporalDecomposition>
</VideoSegment>
<VideoSegment id="shot163_84">
<MediaTime>
<MediaTimePoint>T00:15:12:23356F30000</MediaTimePoint>
<MediaDuration>PT00H00M10S18318N30000F</MediaDuration>
</MediaTime>
<TemporalDecomposition>
<VideoSegment id="shot163_84_RKF">
<MediaTime>
<MediaTimePoint>T00:15:18:1514F30000</MediaTimePoint>
</MediaTime>
</VideoSegment>
</TemporalDecomposition>
</VideoSegment>
<VideoSegment id="shot163_85">
<MediaTime>
<MediaTimePoint>T00:15:23:11674F30000</MediaTimePoint>
<MediaDuration>PT00H00M03S20110N30000F</MediaDuration>
</MediaTime>
<TemporalDecomposition>
<VideoSegment id="shot163_85_RKF">
<MediaTime>
<MediaTimePoint>T00:15:25:5728F30000</MediaTimePoint>
</MediaTime>
</VideoSegment>
</TemporalDecomposition>
</VideoSegment>
<VideoSegment id="shot163_86">
<MediaTime>
<MediaTimePoint>T00:15:27:1784F30000</MediaTimePoint>
<MediaDuration>PT00H00M04S19139N30000F</MediaDuration>
</MediaTime>
<TemporalDecomposition>
<VideoSegment id="shot163_86_RKF">
<MediaTime>
<MediaTimePoint>T00:15:29:10853F30000</MediaTimePoint>
</MediaTime>
</VideoSegment>
</TemporalDecomposition>
</VideoSegment>
<VideoSegment id="shot163_87">
<MediaTime>
<MediaTimePoint>T00:15:31:20923F30000</MediaTimePoint>
<MediaDuration>PT00H00M30S24924N30000F</MediaDuration>
</MediaTime>
<TemporalDecomposition>
<VideoSegment id="shot163_87_RKF">
<MediaTime>
<MediaTimePoint>T00:15:47:2384F30000</MediaTimePoint>
</MediaTime>
</VideoSegment>
</TemporalDecomposition>
</VideoSegment>
<VideoSegment id="shot163_88">
<MediaTime>
<MediaTimePoint>T00:16:02:15847F30000</MediaTimePoint>
<MediaDuration>PT00H00M10S25325N30000F</MediaDuration>
</MediaTime>
<TemporalDecomposition>
<VideoSegment id="shot163_88_RKF">
<MediaTime>
<MediaTimePoint>T00:16:07:28009F30000</MediaTimePoint>
</MediaTime>
</VideoSegment>
</TemporalDecomposition>
</VideoSegment>
<VideoSegment id="shot163_89">
<MediaTime>
<MediaTimePoint>T00:16:13:11172F30000</MediaTimePoint>
<MediaDuration>PT00H00M09S25295N30000F</MediaDuration>
</MediaTime>
<TemporalDecomposition>
<VideoSegment id="shot163_89_RKF">
<MediaTime>
<MediaTimePoint>T00:16:18:8319F30000</MediaTimePoint>
</MediaTime>
</VideoSegment>
</TemporalDecomposition>
</VideoSegment>
<VideoSegment id="shot163_90">
<MediaTime>
<MediaTimePoint>T00:16:23:6467F30000</MediaTimePoint>
<MediaDuration>PT00H00M03S20110N30000F</MediaDuration>
</MediaTime>
<TemporalDecomposition>
<VideoSegment id="shot163_90_RKF">
<MediaTime>
<MediaTimePoint>T00:16:25:521F30000</MediaTimePoint>
</MediaTime>
</VideoSegment>
</TemporalDecomposition>
</VideoSegment>
<VideoSegment id="shot163_91">
<MediaTime>
<MediaTimePoint>T00:16:26:26577F30000</MediaTimePoint>
<MediaDuration>PT00H00M49S25494N30000F</MediaDuration>
</MediaTime>
<TemporalDecomposition>
<VideoSegment id="shot163_91_RKF">
<MediaTime>
<MediaTimePoint>T00:16:51:23323F30000</MediaTimePoint>
</MediaTime>
</VideoSegment>
</TemporalDecomposition>
</VideoSegment>
<VideoSegment id="shot163_92">
<MediaTime>
<MediaTimePoint>T00:17:16:22071F30000</MediaTimePoint>
<MediaDuration>PT00H00M05S23173N30000F</MediaDuration>
</MediaTime>
<TemporalDecomposition>
<VideoSegment id="shot163_92_RKF">
<MediaTime>
<MediaTimePoint>T00:17:19:18157F30000</MediaTimePoint>
</MediaTime>
</VideoSegment>
</TemporalDecomposition>
</VideoSegment>
<VideoSegment id="shot163_93">
<MediaTime>
<MediaTimePoint>T00:17:22:15244F30000</MediaTimePoint>
<MediaDuration>PT00H00M20S21621N30000F</MediaDuration>
</MediaTime>
<TemporalDecomposition>
<VideoSegment id="shot163_93_NRKF_1">
<MediaTime>
<MediaTimePoint>T00:17:23:2261F30000</MediaTimePoint>
</MediaTime>
</VideoSegment>
<VideoSegment id="shot163_93_RKF">
<MediaTime>
<MediaTimePoint>T00:17:32:25554F30000</MediaTimePoint>
</MediaTime>
</VideoSegment>
<VideoSegment id="shot163_93_NRKF_2">
<MediaTime>
<MediaTimePoint>T00:17:33:13572F30000</MediaTimePoint>
</MediaTime>
</VideoSegment>
</TemporalDecomposition>
</VideoSegment>
<VideoSegment id="shot163_94">
<MediaTime>
<MediaTimePoint>T00:17:43:6865F30000</MediaTimePoint>
<MediaDuration>PT00H00M04S27147N30000F</MediaDuration>
</MediaTime>
<TemporalDecomposition>
<VideoSegment id="shot163_94_RKF">
<MediaTime>
<MediaTimePoint>T00:17:45:19938F30000</MediaTimePoint>
</MediaTime>
</VideoSegment>
</TemporalDecomposition>
</VideoSegment>
<VideoSegment id="shot163_95">
<MediaTime>
<MediaTimePoint>T00:17:48:4012F30000</MediaTimePoint>
<MediaDuration>PT00H00M13S24414N30000F</MediaDuration>
</MediaTime>
<TemporalDecomposition>
<VideoSegment id="shot163_95_RKF">
<MediaTime>
<MediaTimePoint>T00:17:55:218F30000</MediaTimePoint>
</MediaTime>
</VideoSegment>
</TemporalDecomposition>
</VideoSegment>
<VideoSegment id="shot163_96">
<MediaTime>
<MediaTimePoint>T00:18:01:28426F30000</MediaTimePoint>
<MediaDuration>PT00H00M06S21201N30000F</MediaDuration>
</MediaTime>
<TemporalDecomposition>
<VideoSegment id="shot163_96_RKF">
<MediaTime>
<MediaTimePoint>T00:18:05:8526F30000</MediaTimePoint>
</MediaTime>
</VideoSegment>
</TemporalDecomposition>
</VideoSegment>
<VideoSegment id="shot163_97">
<MediaTime>
<MediaTimePoint>T00:18:08:19627F30000</MediaTimePoint>
<MediaDuration>PT00H00M11S16346N30000F</MediaDuration>
</MediaTime>
<TemporalDecomposition>
<VideoSegment id="shot163_97_RKF">
<MediaTime>
<MediaTimePoint>T00:18:14:11799F30000</MediaTimePoint>
</MediaTime>
</VideoSegment>
</TemporalDecomposition>
</VideoSegment>
<VideoSegment id="shot163_98">
<MediaTime>
<MediaTimePoint>T00:18:20:5973F30000</MediaTimePoint>
<MediaDuration>PT00H00M05S25175N30000F</MediaDuration>
</MediaTime>
<TemporalDecomposition>
<VideoSegment id="shot163_98_RKF">
<MediaTime>
<MediaTimePoint>T00:18:23:3060F30000</MediaTimePoint>
</MediaTime>
</VideoSegment>
</TemporalDecomposition>
</VideoSegment>
<VideoSegment id="shot163_99">
<MediaTime>
<MediaTimePoint>T00:18:26:1148F30000</MediaTimePoint>
<MediaDuration>PT00H00M20S9609N30000F</MediaDuration>
</MediaTime>
<TemporalDecomposition>
<VideoSegment id="shot163_99_RKF">
<MediaTime>
<MediaTimePoint>T00:18:36:5452F30000</MediaTimePoint>
</MediaTime>
</VideoSegment>
</TemporalDecomposition>
</VideoSegment>
<VideoSegment id="shot163_100">
<MediaTime>
<MediaTimePoint>T00:18:46:10757F30000</MediaTimePoint>
<MediaDuration>PT00H00M02S26086N30000F</MediaDuration>
</MediaTime>
<TemporalDecomposition>
<VideoSegment id="shot163_100_RKF">
<MediaTime>
<MediaTimePoint>T00:18:47:22799F30000</MediaTimePoint>
</MediaTime>
</VideoSegment>
</TemporalDecomposition>
</VideoSegment>
<VideoSegment id="shot163_101">
<MediaTime>
<MediaTimePoint>T00:18:49:6843F30000</MediaTimePoint>
<MediaDuration>PT00H00M10S14314N30000F</MediaDuration>
</MediaTime>
<TemporalDecomposition>
<VideoSegment id="shot163_101_RKF">
<MediaTime>
<MediaTimePoint>T00:18:54:12999F30000</MediaTimePoint>
</MediaTime>
</VideoSegment>
</TemporalDecomposition>
</VideoSegment>
<VideoSegment id="shot163_102">
<MediaTime>
<MediaTimePoint>T00:18:59:21157F30000</MediaTimePoint>
<MediaDuration>PT00H00M02S23083N30000F</MediaDuration>
</MediaTime>
<TemporalDecomposition>
<VideoSegment id="shot163_102_RKF">
<MediaTime>
<MediaTimePoint>T00:19:01:2198F30000</MediaTimePoint>
</MediaTime>
</VideoSegment>
</TemporalDecomposition>
</VideoSegment>
<VideoSegment id="shot163_103">
<MediaTime>
<MediaTimePoint>T00:19:02:14240F30000</MediaTimePoint>
<MediaDuration>PT00H00M03S2092N30000F</MediaDuration>
</MediaTime>
<TemporalDecomposition>
<VideoSegment id="shot163_103_RKF">
<MediaTime>
<MediaTimePoint>T00:19:03:29285F30000</MediaTimePoint>
</MediaTime>
</VideoSegment>
</TemporalDecomposition>
</VideoSegment>
<VideoSegment id="shot163_104">
<MediaTime>
<MediaTimePoint>T00:19:05:16332F30000</MediaTimePoint>
<MediaDuration>PT00H00M02S29089N30000F</MediaDuration>
</MediaTime>
<TemporalDecomposition>
<VideoSegment id="shot163_104_RKF">
<MediaTime>
<MediaTimePoint>T00:19:07:376F30000</MediaTimePoint>
</MediaTime>
</VideoSegment>
</TemporalDecomposition>
</VideoSegment>
<VideoSegment id="shot163_105">
<MediaTime>
<MediaTimePoint>T00:19:08:15421F30000</MediaTimePoint>
<MediaDuration>PT00H00M06S14194N30000F</MediaDuration>
</MediaTime>
<TemporalDecomposition>
<VideoSegment id="shot163_105_RKF">
<MediaTime>
<MediaTimePoint>T00:19:11:21517F30000</MediaTimePoint>
</MediaTime>
</VideoSegment>
</TemporalDecomposition>
</VideoSegment>
<VideoSegment id="shot163_106">
<MediaTime>
<MediaTimePoint>T00:19:14:29615F30000</MediaTimePoint>
<MediaDuration>PT00H00M16S25505N30000F</MediaDuration>
</MediaTime>
<TemporalDecomposition>
<VideoSegment id="shot163_106_RKF">
<MediaTime>
<MediaTimePoint>T00:19:23:11867F30000</MediaTimePoint>
</MediaTime>
</VideoSegment>
</TemporalDecomposition>
</VideoSegment>
<VideoSegment id="shot163_107">
<MediaTime>
<MediaTimePoint>T00:19:31:25120F30000</MediaTimePoint>
<MediaDuration>PT00H00M02S16076N30000F</MediaDuration>
</MediaTime>
<TemporalDecomposition>
<VideoSegment id="shot163_107_RKF">
<MediaTime>
<MediaTimePoint>T00:19:33:2157F30000</MediaTimePoint>
</MediaTime>
</VideoSegment>
</TemporalDecomposition>
</VideoSegment>
<VideoSegment id="shot163_108">
<MediaTime>
<MediaTimePoint>T00:19:34:11196F30000</MediaTimePoint>
<MediaDuration>PT00H00M07S6216N30000F</MediaDuration>
</MediaTime>
<TemporalDecomposition>
<VideoSegment id="shot163_108_RKF">
<MediaTime>
<MediaTimePoint>T00:19:37:28303F30000</MediaTimePoint>
</MediaTime>
</VideoSegment>
</TemporalDecomposition>
</VideoSegment>
<VideoSegment id="shot163_109">
<MediaTime>
<MediaTimePoint>T00:19:41:17412F30000</MediaTimePoint>
<MediaDuration>PT00H00M21S8638N30000F</MediaDuration>
</MediaTime>
<TemporalDecomposition>
<VideoSegment id="shot163_109_RKF">
<MediaTime>
<MediaTimePoint>T00:19:52:5730F30000</MediaTimePoint>
</MediaTime>
</VideoSegment>
</TemporalDecomposition>
</VideoSegment>
<VideoSegment id="shot163_110">
<MediaTime>
<MediaTimePoint>T00:20:02:26050F30000</MediaTimePoint>
<MediaDuration>PT00H00M10S5305N30000F</MediaDuration>
</MediaTime>
<TemporalDecomposition>
<VideoSegment id="shot163_110_RKF">
<MediaTime>
<MediaTimePoint>T00:20:07:28202F30000</MediaTimePoint>
</MediaTime>
</VideoSegment>
</TemporalDecomposition>
</VideoSegment>
<VideoSegment id="shot163_111">
<MediaTime>
<MediaTimePoint>T00:20:13:1355F30000</MediaTimePoint>
<MediaDuration>PT00H00M26S28808N30000F</MediaDuration>
</MediaTime>
<TemporalDecomposition>
<VideoSegment id="shot163_111_RKF">
<MediaTime>
<MediaTimePoint>T00:20:26:14758F30000</MediaTimePoint>
</MediaTime>
</VideoSegment>
</TemporalDecomposition>
</VideoSegment>
<VideoSegment id="shot163_112">
<MediaTime>
<MediaTimePoint>T00:20:40:163F30000</MediaTimePoint>
<MediaDuration>PT00H00M13S23413N30000F</MediaDuration>
</MediaTime>
<TemporalDecomposition>
<VideoSegment id="shot163_112_RKF">
<MediaTime>
<MediaTimePoint>T00:20:46:26369F30000</MediaTimePoint>
</MediaTime>
</VideoSegment>
</TemporalDecomposition>
</VideoSegment>
<VideoSegment id="shot163_113">
<MediaTime>
<MediaTimePoint>T00:20:53:23576F30000</MediaTimePoint>
<MediaDuration>PT00H00M05S25175N30000F</MediaDuration>
</MediaTime>
<TemporalDecomposition>
<VideoSegment id="shot163_113_NRKF_1">
<MediaTime>
<MediaTimePoint>T00:20:54:22605F30000</MediaTimePoint>
</MediaTime>
</VideoSegment>
<VideoSegment id="shot163_113_RKF">
<MediaTime>
<MediaTimePoint>T00:20:56:20663F30000</MediaTimePoint>
</MediaTime>
</VideoSegment>
<VideoSegment id="shot163_113_NRKF_2">
<MediaTime>
<MediaTimePoint>T00:20:57:20693F30000</MediaTimePoint>
</MediaTime>
</VideoSegment>
</TemporalDecomposition>
</VideoSegment>
<VideoSegment id="shot163_114">
<MediaTime>
<MediaTimePoint>T00:20:59:18751F30000</MediaTimePoint>
<MediaDuration>PT00H00M21S22652N30000F</MediaDuration>
</MediaTime>
<TemporalDecomposition>
<VideoSegment id="shot163_114_RKF">
<MediaTime>
<MediaTimePoint>T00:21:10:14076F30000</MediaTimePoint>
</MediaTime>
</VideoSegment>
</TemporalDecomposition>
</VideoSegment>
<VideoSegment id="shot163_115">
<MediaTime>
<MediaTimePoint>T00:21:21:11403F30000</MediaTimePoint>
<MediaDuration>PT00H00M12S25385N30000F</MediaDuration>
</MediaTime>
<TemporalDecomposition>
<VideoSegment id="shot163_115_RKF">
<MediaTime>
<MediaTimePoint>T00:21:27:23595F30000</MediaTimePoint>
</MediaTime>
</VideoSegment>
</TemporalDecomposition>
</VideoSegment>
<VideoSegment id="shot163_116">
<MediaTime>
<MediaTimePoint>T00:21:34:6788F30000</MediaTimePoint>
<MediaDuration>PT00H00M09S27297N30000F</MediaDuration>
</MediaTime>
<TemporalDecomposition>
<VideoSegment id="shot163_116_RKF">
<MediaTime>
<MediaTimePoint>T00:21:39:4936F30000</MediaTimePoint>
</MediaTime>
</VideoSegment>
</TemporalDecomposition>
</VideoSegment>
<VideoSegment id="shot163_117">
<MediaTime>
<MediaTimePoint>T00:21:44:4085F30000</MediaTimePoint>
<MediaDuration>PT00H00M10S13313N30000F</MediaDuration>
</MediaTime>
<TemporalDecomposition>
<VideoSegment id="shot163_117_RKF">
<MediaTime>
<MediaTimePoint>T00:21:49:10241F30000</MediaTimePoint>
</MediaTime>
</VideoSegment>
</TemporalDecomposition>
</VideoSegment>
<VideoSegment id="shot163_118">
<MediaTime>
<MediaTimePoint>T00:21:54:17398F30000</MediaTimePoint>
<MediaDuration>PT00H00M10S3303N30000F</MediaDuration>
</MediaTime>
<TemporalDecomposition>
<VideoSegment id="shot163_118_RKF">
<MediaTime>
<MediaTimePoint>T00:21:59:18549F30000</MediaTimePoint>
</MediaTime>
</VideoSegment>
</TemporalDecomposition>
</VideoSegment>
<VideoSegment id="shot163_119">
<MediaTime>
<MediaTimePoint>T00:22:04:20701F30000</MediaTimePoint>
<MediaDuration>PT00H00M13S20410N30000F</MediaDuration>
</MediaTime>
<TemporalDecomposition>
<VideoSegment id="shot163_119_RKF">
<MediaTime>
<MediaTimePoint>T00:22:11:14905F30000</MediaTimePoint>
</MediaTime>
</VideoSegment>
</TemporalDecomposition>
</VideoSegment>
<VideoSegment id="shot163_120">
<MediaTime>
<MediaTimePoint>T00:22:18:11111F30000</MediaTimePoint>
<MediaDuration>PT00H00M06S7187N30000F</MediaDuration>
</MediaTime>
<TemporalDecomposition>
<VideoSegment id="shot163_120_RKF">
<MediaTime>
<MediaTimePoint>T00:22:21:14204F30000</MediaTimePoint>
</MediaTime>
</VideoSegment>
</TemporalDecomposition>
</VideoSegment>
<VideoSegment id="shot163_121">
<MediaTime>
<MediaTimePoint>T00:22:24:18298F30000</MediaTimePoint>
<MediaDuration>PT00H00M16S19499N30000F</MediaDuration>
</MediaTime>
<TemporalDecomposition>
<VideoSegment id="shot163_121_RKF">
<MediaTime>
<MediaTimePoint>T00:22:32:27547F30000</MediaTimePoint>
</MediaTime>
</VideoSegment>
</TemporalDecomposition>
</VideoSegment>
<VideoSegment id="shot163_122">
<MediaTime>
<MediaTimePoint>T00:22:41:7797F30000</MediaTimePoint>
<MediaDuration>PT00H00M02S25085N30000F</MediaDuration>
</MediaTime>
<TemporalDecomposition>
<VideoSegment id="shot163_122_RKF">
<MediaTime>
<MediaTimePoint>T00:22:42:19839F30000</MediaTimePoint>
</MediaTime>
</VideoSegment>
</TemporalDecomposition>
</VideoSegment>
<VideoSegment id="shot163_123">
<MediaTime>
<MediaTimePoint>T00:22:44:2882F30000</MediaTimePoint>
<MediaDuration>PT00H00M02S26086N30000F</MediaDuration>
</MediaTime>
<TemporalDecomposition>
<VideoSegment id="shot163_123_NRKF_1">
<MediaTime>
<MediaTimePoint>T00:22:44:16896F30000</MediaTimePoint>
</MediaTime>
</VideoSegment>
<VideoSegment id="shot163_123_RKF">
<MediaTime>
<MediaTimePoint>T00:22:45:14924F30000</MediaTimePoint>
</MediaTime>
</VideoSegment>
<VideoSegment id="shot163_123_NRKF_2">
<MediaTime>
<MediaTimePoint>T00:22:45:16926F30000</MediaTimePoint>
</MediaTime>
</VideoSegment>
<VideoSegment id="shot163_123_NRKF_3">
<MediaTime>
<MediaTimePoint>T00:22:46:14954F30000</MediaTimePoint>
</MediaTime>
</VideoSegment>
</TemporalDecomposition>
</VideoSegment>
<VideoSegment id="shot163_124">
<MediaTime>
<MediaTimePoint>T00:22:46:28968F30000</MediaTimePoint>
<MediaDuration>PT00H00M04S2122N30000F</MediaDuration>
</MediaTime>
<TemporalDecomposition>
<VideoSegment id="shot163_124_RKF">
<MediaTime>
<MediaTimePoint>T00:22:48:29028F30000</MediaTimePoint>
</MediaTime>
</VideoSegment>
</TemporalDecomposition>
</VideoSegment>
<VideoSegment id="shot163_125">
<MediaTime>
<MediaTimePoint>T00:22:51:1090F30000</MediaTimePoint>
<MediaDuration>PT00H00M03S20110N30000F</MediaDuration>
</MediaTime>
<TemporalDecomposition>
<VideoSegment id="shot163_125_RKF">
<MediaTime>
<MediaTimePoint>T00:22:52:25144F30000</MediaTimePoint>
</MediaTime>
</VideoSegment>
</TemporalDecomposition>
</VideoSegment>
<VideoSegment id="shot163_126">
<MediaTime>
<MediaTimePoint>T00:22:54:21200F30000</MediaTimePoint>
<MediaDuration>PT00H00M03S12102N30000F</MediaDuration>
</MediaTime>
<TemporalDecomposition>
<VideoSegment id="shot163_126_RKF">
<MediaTime>
<MediaTimePoint>T00:22:56:11250F30000</MediaTimePoint>
</MediaTime>
</VideoSegment>
</TemporalDecomposition>
</VideoSegment>
<VideoSegment id="shot163_127">
<MediaTime>
<MediaTimePoint>T00:22:58:3302F30000</MediaTimePoint>
<MediaDuration>PT00H00M03S25115N30000F</MediaDuration>
</MediaTime>
<TemporalDecomposition>
<VideoSegment id="shot163_127_RKF">
<MediaTime>
<MediaTimePoint>T00:23:00:359F30000</MediaTimePoint>
</MediaTime>
</VideoSegment>
</TemporalDecomposition>
</VideoSegment>
<VideoSegment id="shot163_128">
<MediaTime>
<MediaTimePoint>T00:23:01:28417F30000</MediaTimePoint>
<MediaDuration>PT00H00M02S19079N30000F</MediaDuration>
</MediaTime>
<TemporalDecomposition>
<VideoSegment id="shot163_128_NRKF_1">
<MediaTime>
<MediaTimePoint>T00:23:02:18437F30000</MediaTimePoint>
</MediaTime>
</VideoSegment>
<VideoSegment id="shot163_128_RKF">
<MediaTime>
<MediaTimePoint>T00:23:03:7456F30000</MediaTimePoint>
</MediaTime>
</VideoSegment>
<VideoSegment id="shot163_128_NRKF_2">
<MediaTime>
<MediaTimePoint>T00:23:03:27476F30000</MediaTimePoint>
</MediaTime>
</VideoSegment>
</TemporalDecomposition>
</VideoSegment>
<VideoSegment id="shot163_129">
<MediaTime>
<MediaTimePoint>T00:23:04:17496F30000</MediaTimePoint>
<MediaDuration>PT00H00M18S8548N30000F</MediaDuration>
</MediaTime>
<TemporalDecomposition>
<VideoSegment id="shot163_129_NRKF_1">
<MediaTime>
<MediaTimePoint>T00:23:05:9518F30000</MediaTimePoint>
</MediaTime>
</VideoSegment>
<VideoSegment id="shot163_129_RKF">
<MediaTime>
<MediaTimePoint>T00:23:13:20769F30000</MediaTimePoint>
</MediaTime>
</VideoSegment>
<VideoSegment id="shot163_129_NRKF_2">
<MediaTime>
<MediaTimePoint>T00:23:14:13792F30000</MediaTimePoint>
</MediaTime>
</VideoSegment>
</TemporalDecomposition>
</VideoSegment>
<VideoSegment id="shot163_130">
<MediaTime>
<MediaTimePoint>T00:23:22:26044F30000</MediaTimePoint>
<MediaDuration>PT00H00M04S27147N30000F</MediaDuration>
</MediaTime>
<TemporalDecomposition>
<VideoSegment id="shot163_130_RKF">
<MediaTime>
<MediaTimePoint>T00:23:25:9117F30000</MediaTimePoint>
</MediaTime>
</VideoSegment>
</TemporalDecomposition>
</VideoSegment>
<VideoSegment id="shot163_131">
<MediaTime>
<MediaTimePoint>T00:23:27:23191F30000</MediaTimePoint>
<MediaDuration>PT00H00M12S22382N30000F</MediaDuration>
</MediaTime>
<TemporalDecomposition>
<VideoSegment id="shot163_131_RKF">
<MediaTime>
<MediaTimePoint>T00:23:34:3381F30000</MediaTimePoint>
</MediaTime>
</VideoSegment>
</TemporalDecomposition>
</VideoSegment>
<VideoSegment id="shot163_132">
<MediaTime>
<MediaTimePoint>T00:23:40:15573F30000</MediaTimePoint>
<MediaDuration>PT00H00M02S14074N30000F</MediaDuration>
</MediaTime>
<TemporalDecomposition>
<VideoSegment id="shot163_132_RKF">
<MediaTime>
<MediaTimePoint>T00:23:41:21609F30000</MediaTimePoint>
</MediaTime>
</VideoSegment>
</TemporalDecomposition>
</VideoSegment>
<VideoSegment id="shot163_133">
<MediaTime>
<MediaTimePoint>T00:23:42:29647F30000</MediaTimePoint>
<MediaDuration>PT00H00M09S17287N30000F</MediaDuration>
</MediaTime>
<TemporalDecomposition>
<VideoSegment id="shot163_133_RKF">
<MediaTime>
<MediaTimePoint>T00:23:47:22790F30000</MediaTimePoint>
</MediaTime>
</VideoSegment>
</TemporalDecomposition>
</VideoSegment>
<VideoSegment id="shot163_134">
<MediaTime>
<MediaTimePoint>T00:23:52:16934F30000</MediaTimePoint>
<MediaDuration>PT00H00M02S17077N30000F</MediaDuration>
</MediaTime>
<TemporalDecomposition>
<VideoSegment id="shot163_134_NRKF_1">
<MediaTime>
<MediaTimePoint>T00:23:53:948F30000</MediaTimePoint>
</MediaTime>
</VideoSegment>
<VideoSegment id="shot163_134_NRKF_2">
<MediaTime>
<MediaTimePoint>T00:23:53:16964F30000</MediaTimePoint>
</MediaTime>
</VideoSegment>
<VideoSegment id="shot163_134_NRKF_3">
<MediaTime>
<MediaTimePoint>T00:23:53:21969F30000</MediaTimePoint>
</MediaTime>
</VideoSegment>
<VideoSegment id="shot163_134_RKF">
<MediaTime>
<MediaTimePoint>T00:23:53:24972F30000</MediaTimePoint>
</MediaTime>
</VideoSegment>
<VideoSegment id="shot163_134_NRKF_4">
<MediaTime>
<MediaTimePoint>T00:23:53:26974F30000</MediaTimePoint>
</MediaTime>
</VideoSegment>
<VideoSegment id="shot163_134_NRKF_5">
<MediaTime>
<MediaTimePoint>T00:23:54:4982F30000</MediaTimePoint>
</MediaTime>
</VideoSegment>
<VideoSegment id="shot163_134_NRKF_6">
<MediaTime>
<MediaTimePoint>T00:23:54:21999F30000</MediaTimePoint>
</MediaTime>
</VideoSegment>
</TemporalDecomposition>
</VideoSegment>
<VideoSegment id="shot163_135">
<MediaTime>
<MediaTimePoint>T00:23:55:4011F30000</MediaTimePoint>
<MediaDuration>PT00H00M02S13073N30000F</MediaDuration>
</MediaTime>
<TemporalDecomposition>
<VideoSegment id="shot163_135_RKF">
<MediaTime>
<MediaTimePoint>T00:23:56:10047F30000</MediaTimePoint>
</MediaTime>
</VideoSegment>
</TemporalDecomposition>
</VideoSegment>
<VideoSegment id="shot163_136">
<MediaTime>
<MediaTimePoint>T00:23:57:17084F30000</MediaTimePoint>
<MediaDuration>PT00H00M03S18108N30000F</MediaDuration>
</MediaTime>
<TemporalDecomposition>
<VideoSegment id="shot163_136_RKF">
<MediaTime>
<MediaTimePoint>T00:23:59:10137F30000</MediaTimePoint>
</MediaTime>
</VideoSegment>
</TemporalDecomposition>
</VideoSegment>
<VideoSegment id="shot163_137">
<MediaTime>
<MediaTimePoint>T00:24:01:5192F30000</MediaTimePoint>
<MediaDuration>PT00H00M02S20080N30000F</MediaDuration>
</MediaTime>
<TemporalDecomposition>
<VideoSegment id="shot163_137_NRKF_1">
<MediaTime>
<MediaTimePoint>T00:24:01:9196F30000</MediaTimePoint>
</MediaTime>
</VideoSegment>
<VideoSegment id="shot163_137_RKF">
<MediaTime>
<MediaTimePoint>T00:24:02:14231F30000</MediaTimePoint>
</MediaTime>
</VideoSegment>
<VideoSegment id="shot163_137_NRKF_2">
<MediaTime>
<MediaTimePoint>T00:24:02:19236F30000</MediaTimePoint>
</MediaTime>
</VideoSegment>
</TemporalDecomposition>
</VideoSegment>
<VideoSegment id="shot163_138">
<MediaTime>
<MediaTimePoint>T00:24:03:25272F30000</MediaTimePoint>
<MediaDuration>PT00H00M04S10130N30000F</MediaDuration>
</MediaTime>
<TemporalDecomposition>
<VideoSegment id="shot163_138_NRKF_1">
<MediaTime>
<MediaTimePoint>T00:24:04:16293F30000</MediaTimePoint>
</MediaTime>
</VideoSegment>
<VideoSegment id="shot163_138_RKF">
<MediaTime>
<MediaTimePoint>T00:24:05:29336F30000</MediaTimePoint>
</MediaTime>
</VideoSegment>
<VideoSegment id="shot163_138_NRKF_2">
<MediaTime>
<MediaTimePoint>T00:24:06:21358F30000</MediaTimePoint>
</MediaTime>
</VideoSegment>
</TemporalDecomposition>
</VideoSegment>
<VideoSegment id="shot163_139">
<MediaTime>
<MediaTimePoint>T00:24:08:5402F30000</MediaTimePoint>
<MediaDuration>PT00H00M03S20110N30000F</MediaDuration>
</MediaTime>
<TemporalDecomposition>
<VideoSegment id="shot163_139_NRKF_1">
<MediaTime>
<MediaTimePoint>T00:24:08:13410F30000</MediaTimePoint>
</MediaTime>
</VideoSegment>
<VideoSegment id="shot163_139_NRKF_2">
<MediaTime>
<MediaTimePoint>T00:24:09:8435F30000</MediaTimePoint>
</MediaTime>
</VideoSegment>
<VideoSegment id="shot163_139_RKF">
<MediaTime>
<MediaTimePoint>T00:24:09:29456F30000</MediaTimePoint>
</MediaTime>
</VideoSegment>
<VideoSegment id="shot163_139_NRKF_3">
<MediaTime>
<MediaTimePoint>T00:24:10:24481F30000</MediaTimePoint>
</MediaTime>
</VideoSegment>
</TemporalDecomposition>
</VideoSegment>
<VideoSegment id="shot163_140">
<MediaTime>
<MediaTimePoint>T00:24:11:25512F30000</MediaTimePoint>
<MediaDuration>PT00H00M04S20140N30000F</MediaDuration>
</MediaTime>
<TemporalDecomposition>
<VideoSegment id="shot163_140_NRKF_1">
<MediaTime>
<MediaTimePoint>T00:24:12:3520F30000</MediaTimePoint>
</MediaTime>
</VideoSegment>
<VideoSegment id="shot163_140_NRKF_2">
<MediaTime>
<MediaTimePoint>T00:24:12:21538F30000</MediaTimePoint>
</MediaTime>
</VideoSegment>
<VideoSegment id="shot163_140_NRKF_3">
<MediaTime>
<MediaTimePoint>T00:24:13:6553F30000</MediaTimePoint>
</MediaTime>
</VideoSegment>
<VideoSegment id="shot163_140_RKF">
<MediaTime>
<MediaTimePoint>T00:24:14:4581F30000</MediaTimePoint>
</MediaTime>
</VideoSegment>
<VideoSegment id="shot163_140_NRKF_4">
<MediaTime>
<MediaTimePoint>T00:24:14:28605F30000</MediaTimePoint>
</MediaTime>
</VideoSegment>
</TemporalDecomposition>
</VideoSegment>
<VideoSegment id="shot163_141">
<MediaTime>
<MediaTimePoint>T00:24:16:15652F30000</MediaTimePoint>
<MediaDuration>PT00H00M03S14104N30000F</MediaDuration>
</MediaTime>
<TemporalDecomposition>
<VideoSegment id="shot163_141_RKF">
<MediaTime>
<MediaTimePoint>T00:24:18:6703F30000</MediaTimePoint>
</MediaTime>
</VideoSegment>
</TemporalDecomposition>
</VideoSegment>
<VideoSegment id="shot163_142">
<MediaTime>
<MediaTimePoint>T00:24:19:29756F30000</MediaTimePoint>
<MediaDuration>PT00H00M04S3123N30000F</MediaDuration>
</MediaTime>
<TemporalDecomposition>
<VideoSegment id="shot163_142_RKF">
<MediaTime>
<MediaTimePoint>T00:24:22:817F30000</MediaTimePoint>
</MediaTime>
</VideoSegment>
</TemporalDecomposition>
</VideoSegment>
<VideoSegment id="shot163_143">
<MediaTime>
<MediaTimePoint>T00:24:24:2879F30000</MediaTimePoint>
<MediaDuration>PT00H00M04S29149N30000F</MediaDuration>
</MediaTime>
<TemporalDecomposition>
<VideoSegment id="shot163_143_RKF">
<MediaTime>
<MediaTimePoint>T00:24:26:16953F30000</MediaTimePoint>
</MediaTime>
</VideoSegment>
</TemporalDecomposition>
</VideoSegment>
<VideoSegment id="shot163_144">
<MediaTime>
<MediaTimePoint>T00:24:29:2028F30000</MediaTimePoint>
<MediaDuration>PT00H00M02S12072N30000F</MediaDuration>
</MediaTime>
<TemporalDecomposition>
<VideoSegment id="shot163_144_NRKF_1">
<MediaTime>
<MediaTimePoint>T00:24:29:21047F30000</MediaTimePoint>
</MediaTime>
</VideoSegment>
<VideoSegment id="shot163_144_RKF">
<MediaTime>
<MediaTimePoint>T00:24:30:7063F30000</MediaTimePoint>
</MediaTime>
</VideoSegment>
<VideoSegment id="shot163_144_NRKF_2">
<MediaTime>
<MediaTimePoint>T00:24:30:27083F30000</MediaTimePoint>
</MediaTime>
</VideoSegment>
</TemporalDecomposition>
</VideoSegment>
<VideoSegment id="shot163_145">
<MediaTime>
<MediaTimePoint>T00:24:31:14100F30000</MediaTimePoint>
<MediaDuration>PT00H00M02S11071N30000F</MediaDuration>
</MediaTime>
<TemporalDecomposition>
<VideoSegment id="shot163_145_RKF">
<MediaTime>
<MediaTimePoint>T00:24:32:19135F30000</MediaTimePoint>
</MediaTime>
</VideoSegment>
</TemporalDecomposition>
</VideoSegment>
<VideoSegment id="shot163_146">
<MediaTime>
<MediaTimePoint>T00:24:33:25171F30000</MediaTimePoint>
<MediaDuration>PT00H00M05S14164N30000F</MediaDuration>
</MediaTime>
<TemporalDecomposition>
<VideoSegment id="shot163_146_RKF">
<MediaTime>
<MediaTimePoint>T00:24:36:16252F30000</MediaTimePoint>
</MediaTime>
</VideoSegment>
</TemporalDecomposition>
</VideoSegment>
<VideoSegment id="shot163_147">
<MediaTime>
<MediaTimePoint>T00:24:39:9335F30000</MediaTimePoint>
<MediaDuration>PT00H00M03S19109N30000F</MediaDuration>
</MediaTime>
<TemporalDecomposition>
<VideoSegment id="shot163_147_NRKF_1">
<MediaTime>
<MediaTimePoint>T00:24:40:8364F30000</MediaTimePoint>
</MediaTime>
</VideoSegment>
<VideoSegment id="shot163_147_RKF">
<MediaTime>
<MediaTimePoint>T00:24:41:3389F30000</MediaTimePoint>
</MediaTime>
</VideoSegment>
<VideoSegment id="shot163_147_NRKF_2">
<MediaTime>
<MediaTimePoint>T00:24:42:3419F30000</MediaTimePoint>
</MediaTime>
</VideoSegment>
</TemporalDecomposition>
</VideoSegment>
<VideoSegment id="shot163_148">
<MediaTime>
<MediaTimePoint>T00:24:42:28444F30000</MediaTimePoint>
<MediaDuration>PT00H00M02S10070N30000F</MediaDuration>
</MediaTime>
<TemporalDecomposition>
<VideoSegment id="shot163_148_NRKF_1">
<MediaTime>
<MediaTimePoint>T00:24:43:13459F30000</MediaTimePoint>
</MediaTime>
</VideoSegment>
<VideoSegment id="shot163_148_RKF">
<MediaTime>
<MediaTimePoint>T00:24:44:2478F30000</MediaTimePoint>
</MediaTime>
</VideoSegment>
<VideoSegment id="shot163_148_NRKF_2">
<MediaTime>
<MediaTimePoint>T00:24:44:18494F30000</MediaTimePoint>
</MediaTime>
</VideoSegment>
</TemporalDecomposition>
</VideoSegment>
<VideoSegment id="shot163_149">
<MediaTime>
<MediaTimePoint>T00:24:45:8514F30000</MediaTimePoint>
<MediaDuration>PT00H00M03S15105N30000F</MediaDuration>
</MediaTime>
<TemporalDecomposition>
<VideoSegment id="shot163_149_RKF">
<MediaTime>
<MediaTimePoint>T00:24:47:566F30000</MediaTimePoint>
</MediaTime>
</VideoSegment>
</TemporalDecomposition>
</VideoSegment>
<VideoSegment id="shot163_150">
<MediaTime>
<MediaTimePoint>T00:24:48:23619F30000</MediaTimePoint>
<MediaDuration>PT00H00M02S29089N30000F</MediaDuration>
</MediaTime>
<TemporalDecomposition>
<VideoSegment id="shot163_150_RKF">
<MediaTime>
<MediaTimePoint>T00:24:50:7663F30000</MediaTimePoint>
</MediaTime>
</VideoSegment>
</TemporalDecomposition>
</VideoSegment>
<VideoSegment id="shot163_151">
<MediaTime>
<MediaTimePoint>T00:24:51:22708F30000</MediaTimePoint>
<MediaDuration>PT00H00M05S6156N30000F</MediaDuration>
</MediaTime>
<TemporalDecomposition>
<VideoSegment id="shot163_151_RKF">
<MediaTime>
<MediaTimePoint>T00:24:54:9785F30000</MediaTimePoint>
</MediaTime>
</VideoSegment>
</TemporalDecomposition>
</VideoSegment>
<VideoSegment id="shot163_152">
<MediaTime>
<MediaTimePoint>T00:24:56:28864F30000</MediaTimePoint>
<MediaDuration>PT00H00M03S1091N30000F</MediaDuration>
</MediaTime>
<TemporalDecomposition>
<VideoSegment id="shot163_152_RKF">
<MediaTime>
<MediaTimePoint>T00:24:58:13909F30000</MediaTimePoint>
</MediaTime>
</VideoSegment>
</TemporalDecomposition>
</VideoSegment>
<VideoSegment id="shot163_153">
<MediaTime>
<MediaTimePoint>T00:24:59:29955F30000</MediaTimePoint>
<MediaDuration>PT00H00M04S2122N30000F</MediaDuration>
</MediaTime>
<TemporalDecomposition>
<VideoSegment id="shot163_153_NRKF_1">
<MediaTime>
<MediaTimePoint>T00:25:00:19975F30000</MediaTimePoint>
</MediaTime>
</VideoSegment>
<VideoSegment id="shot163_153_RKF">
<MediaTime>
<MediaTimePoint>T00:25:02:15F30000</MediaTimePoint>
</MediaTime>
</VideoSegment>
<VideoSegment id="shot163_153_NRKF_2">
<MediaTime>
<MediaTimePoint>T00:25:02:21036F30000</MediaTimePoint>
</MediaTime>
</VideoSegment>
</TemporalDecomposition>
</VideoSegment>
<VideoSegment id="shot163_154">
<MediaTime>
<MediaTimePoint>T00:25:04:2077F30000</MediaTimePoint>
<MediaDuration>PT00H00M02S9069N30000F</MediaDuration>
</MediaTime>
<TemporalDecomposition>
<VideoSegment id="shot163_154_NRKF_1">
<MediaTime>
<MediaTimePoint>T00:25:04:27102F30000</MediaTimePoint>
</MediaTime>
</VideoSegment>
<VideoSegment id="shot163_154_RKF">
<MediaTime>
<MediaTimePoint>T00:25:05:6111F30000</MediaTimePoint>
</MediaTime>
</VideoSegment>
<VideoSegment id="shot163_154_NRKF_2">
<MediaTime>
<MediaTimePoint>T00:25:06:1136F30000</MediaTimePoint>
</MediaTime>
</VideoSegment>
</TemporalDecomposition>
</VideoSegment>
<VideoSegment id="shot163_155">
<MediaTime>
<MediaTimePoint>T00:25:06:11146F30000</MediaTimePoint>
<MediaDuration>PT00H00M06S7187N30000F</MediaDuration>
</MediaTime>
<TemporalDecomposition>
<VideoSegment id="shot163_155_RKF">
<MediaTime>
<MediaTimePoint>T00:25:09:14239F30000</MediaTimePoint>
</MediaTime>
</VideoSegment>
</TemporalDecomposition>
</VideoSegment>
<VideoSegment id="shot163_156">
<MediaTime>
<MediaTimePoint>T00:25:12:18333F30000</MediaTimePoint>
<MediaDuration>PT00H00M02S24084N30000F</MediaDuration>
</MediaTime>
<TemporalDecomposition>
<VideoSegment id="shot163_156_NRKF_1">
<MediaTime>
<MediaTimePoint>T00:25:13:9354F30000</MediaTimePoint>
</MediaTime>
</VideoSegment>
<VideoSegment id="shot163_156_RKF">
<MediaTime>
<MediaTimePoint>T00:25:13:29374F30000</MediaTimePoint>
</MediaTime>
</VideoSegment>
<VideoSegment id="shot163_156_NRKF_2">
<MediaTime>
<MediaTimePoint>T00:25:14:21396F30000</MediaTimePoint>
</MediaTime>
</VideoSegment>
</TemporalDecomposition>
</VideoSegment>
<VideoSegment id="shot163_157">
<MediaTime>
<MediaTimePoint>T00:25:15:12417F30000</MediaTimePoint>
<MediaDuration>PT00H00M02S11071N30000F</MediaDuration>
</MediaTime>
<TemporalDecomposition>
<VideoSegment id="shot163_157_NRKF_1">
<MediaTime>
<MediaTimePoint>T00:25:16:3438F30000</MediaTimePoint>
</MediaTime>
</VideoSegment>
<VideoSegment id="shot163_157_RKF">
<MediaTime>
<MediaTimePoint>T00:25:16:17452F30000</MediaTimePoint>
</MediaTime>
</VideoSegment>
<VideoSegment id="shot163_157_NRKF_2">
<MediaTime>
<MediaTimePoint>T00:25:17:9474F30000</MediaTimePoint>
</MediaTime>
</VideoSegment>
</TemporalDecomposition>
</VideoSegment>
<VideoSegment id="shot163_158">
<MediaTime>
<MediaTimePoint>T00:25:17:23488F30000</MediaTimePoint>
<MediaDuration>PT00H00M02S15075N30000F</MediaDuration>
</MediaTime>
<TemporalDecomposition>
<VideoSegment id="shot163_158_NRKF_1">
<MediaTime>
<MediaTimePoint>T00:25:17:25490F30000</MediaTimePoint>
</MediaTime>
</VideoSegment>
<VideoSegment id="shot163_158_NRKF_2">
<MediaTime>
<MediaTimePoint>T00:25:18:11506F30000</MediaTimePoint>
</MediaTime>
</VideoSegment>
<VideoSegment id="shot163_158_RKF">
<MediaTime>
<MediaTimePoint>T00:25:19:525F30000</MediaTimePoint>
</MediaTime>
</VideoSegment>
<VideoSegment id="shot163_158_NRKF_3">
<MediaTime>
<MediaTimePoint>T00:25:19:16541F30000</MediaTimePoint>
</MediaTime>
</VideoSegment>
</TemporalDecomposition>
</VideoSegment>
<VideoSegment id="shot163_159">
<MediaTime>
<MediaTimePoint>T00:25:20:8563F30000</MediaTimePoint>
<MediaDuration>PT00H00M02S4064N30000F</MediaDuration>
</MediaTime>
<TemporalDecomposition>
<VideoSegment id="shot163_159_NRKF_1">
<MediaTime>
<MediaTimePoint>T00:25:20:16571F30000</MediaTimePoint>
</MediaTime>
</VideoSegment>
<VideoSegment id="shot163_159_NRKF_2">
<MediaTime>
<MediaTimePoint>T00:25:21:4589F30000</MediaTimePoint>
</MediaTime>
</VideoSegment>
<VideoSegment id="shot163_159_RKF">
<MediaTime>
<MediaTimePoint>T00:25:21:9594F30000</MediaTimePoint>
</MediaTime>
</VideoSegment>
<VideoSegment id="shot163_159_NRKF_3">
<MediaTime>
<MediaTimePoint>T00:25:21:27612F30000</MediaTimePoint>
</MediaTime>
</VideoSegment>
</TemporalDecomposition>
</VideoSegment>
<VideoSegment id="shot163_160">
<MediaTime>
<MediaTimePoint>T00:25:22:12627F30000</MediaTimePoint>
<MediaDuration>PT00H00M04S8128N30000F</MediaDuration>
</MediaTime>
<TemporalDecomposition>
<VideoSegment id="shot163_160_NRKF_1">
<MediaTime>
<MediaTimePoint>T00:25:22:20635F30000</MediaTimePoint>
</MediaTime>
</VideoSegment>
<VideoSegment id="shot163_160_RKF">
<MediaTime>
<MediaTimePoint>T00:25:24:15690F30000</MediaTimePoint>
</MediaTime>
</VideoSegment>
<VideoSegment id="shot163_160_NRKF_2">
<MediaTime>
<MediaTimePoint>T00:25:24:24699F30000</MediaTimePoint>
</MediaTime>
</VideoSegment>
</TemporalDecomposition>
</VideoSegment>
<VideoSegment id="shot163_161">
<MediaTime>
<MediaTimePoint>T00:25:26:20755F30000</MediaTimePoint>
<MediaDuration>PT00H00M08S18258N30000F</MediaDuration>
</MediaTime>
<TemporalDecomposition>
<VideoSegment id="shot163_161_NRKF_1">
<MediaTime>
<MediaTimePoint>T00:25:27:3768F30000</MediaTimePoint>
</MediaTime>
</VideoSegment>
<VideoSegment id="shot163_161_RKF">
<MediaTime>
<MediaTimePoint>T00:25:30:28883F30000</MediaTimePoint>
</MediaTime>
</VideoSegment>
<VideoSegment id="shot163_161_NRKF_2">
<MediaTime>
<MediaTimePoint>T00:25:31:12897F30000</MediaTimePoint>
</MediaTime>
</VideoSegment>
</TemporalDecomposition>
</VideoSegment>
<VideoSegment id="shot163_162">
<MediaTime>
<MediaTimePoint>T00:25:35:9013F30000</MediaTimePoint>
<MediaDuration>PT00H00M25S5755N30000F</MediaDuration>
</MediaTime>
<TemporalDecomposition>
<VideoSegment id="shot163_162_RKF">
<MediaTime>
<MediaTimePoint>T00:25:47:26390F30000</MediaTimePoint>
</MediaTime>
</VideoSegment>
</TemporalDecomposition>
</VideoSegment>
<VideoSegment id="shot163_163">
<MediaTime>
<MediaTimePoint>T00:26:00:14768F30000</MediaTimePoint>
<MediaDuration>PT00H00M45S7356N30000F</MediaDuration>
</MediaTime>
<TemporalDecomposition>
<VideoSegment id="shot163_163_RKF">
<MediaTime>
<MediaTimePoint>T00:26:23:2445F30000</MediaTimePoint>
</MediaTime>
</VideoSegment>
</TemporalDecomposition>
</VideoSegment>
<VideoSegment id="shot163_164">
<MediaTime>
<MediaTimePoint>T00:26:45:22124F30000</MediaTimePoint>
<MediaDuration>PT00H00M42S23282N30000F</MediaDuration>
</MediaTime>
<TemporalDecomposition>
<VideoSegment id="shot163_164_RKF">
<MediaTime>
<MediaTimePoint>T00:27:07:2764F30000</MediaTimePoint>
</MediaTime>
</VideoSegment>
</TemporalDecomposition>
</VideoSegment>
<VideoSegment id="shot163_165">
<MediaTime>
<MediaTimePoint>T00:27:28:15406F30000</MediaTimePoint>
<MediaDuration>PT00H00M16S20500N30000F</MediaDuration>
</MediaTime>
<TemporalDecomposition>
<VideoSegment id="shot163_165_RKF">
<MediaTime>
<MediaTimePoint>T00:27:36:24655F30000</MediaTimePoint>
</MediaTime>
</VideoSegment>
</TemporalDecomposition>
</VideoSegment>
<VideoSegment id="shot163_166">
<MediaTime>
<MediaTimePoint>T00:27:45:5906F30000</MediaTimePoint>
<MediaDuration>PT00H00M03S90N30000F</MediaDuration>
</MediaTime>
<TemporalDecomposition>
<VideoSegment id="shot163_166_RKF">
<MediaTime>
<MediaTimePoint>T00:27:46:19950F30000</MediaTimePoint>
</MediaTime>
</VideoSegment>
</TemporalDecomposition>
</VideoSegment>
<VideoSegment id="shot163_167">
<MediaTime>
<MediaTimePoint>T00:27:48:5996F30000</MediaTimePoint>
<MediaDuration>PT00H00M04S16136N30000F</MediaDuration>
</MediaTime>
<TemporalDecomposition>
<VideoSegment id="shot163_167_RKF">
<MediaTime>
<MediaTimePoint>T00:27:50:13063F30000</MediaTimePoint>
</MediaTime>
</VideoSegment>
</TemporalDecomposition>
</VideoSegment>
<VideoSegment id="shot163_168">
<MediaTime>
<MediaTimePoint>T00:27:52:22132F30000</MediaTimePoint>
<MediaDuration>PT00H00M25S4754N30000F</MediaDuration>
</MediaTime>
<TemporalDecomposition>
<VideoSegment id="shot163_168_RKF">
<MediaTime>
<MediaTimePoint>T00:28:05:8508F30000</MediaTimePoint>
</MediaTime>
</VideoSegment>
</TemporalDecomposition>
</VideoSegment>
<VideoSegment id="shot163_169">
<MediaTime>
<MediaTimePoint>T00:28:17:26886F30000</MediaTimePoint>
<MediaDuration>PT00H00M01S3033N30000F</MediaDuration>
</MediaTime>
<TemporalDecomposition>
<VideoSegment id="shot163_169_RKF">
<MediaTime>
<MediaTimePoint>T00:28:18:12902F30000</MediaTimePoint>
</MediaTime>
</VideoSegment>
</TemporalDecomposition>
</VideoSegment>
</TemporalDecomposition>
</Video>
</MultimediaContent>
</Description>
</Mpeg7>
