<?xml version="1.0" encoding="UTF-8"?>
<Mpeg7 xmlns="urn:mpeg:mpeg7:schema:2001" xmlns:mpeg7="urn:mpeg:mpeg7:schema:2001" xmlns:xsi="http://www.w3.org/2001/XMLSchema-instance">
<Description xsi:type="ContentEntityType">
<MultimediaContent xsi:type="VideoType">
<Video id="TRECVID2005_170">
<MediaLocator>
<MediaUri>20041104_110000_MSNBC_MSNBCNEWS11_ENG.mpg</MediaUri>
</MediaLocator>
<MediaTime>
<MediaTimePoint>T00:00:00:0F30000</MediaTimePoint>
<MediaDuration>PT00H28M19S29949N30000F</MediaDuration>
</MediaTime>
<TemporalDecomposition gap="false" overlap="false">
<VideoSegment id="shot170_1">
<MediaTime>
<MediaTimePoint>T00:00:00:0F30000</MediaTimePoint>
<MediaDuration>PT00H00M04S5125N30000F</MediaDuration>
</MediaTime>
<TemporalDecomposition>
<VideoSegment id="shot170_1_RKF">
<MediaTime>
<MediaTimePoint>T00:00:02:2062F30000</MediaTimePoint>
</MediaTime>
</VideoSegment>
</TemporalDecomposition>
</VideoSegment>
<VideoSegment id="shot170_2">
<MediaTime>
<MediaTimePoint>T00:00:04:5125F30000</MediaTimePoint>
<MediaDuration>PT00H00M02S27087N30000F</MediaDuration>
</MediaTime>
<TemporalDecomposition>
<VideoSegment id="shot170_2_RKF">
<MediaTime>
<MediaTimePoint>T00:00:05:18168F30000</MediaTimePoint>
</MediaTime>
</VideoSegment>
</TemporalDecomposition>
</VideoSegment>
<VideoSegment id="shot170_3">
<MediaTime>
<MediaTimePoint>T00:00:07:2212F30000</MediaTimePoint>
<MediaDuration>PT00H00M05S1151N30000F</MediaDuration>
</MediaTime>
<TemporalDecomposition>
<VideoSegment id="shot170_3_RKF">
<MediaTime>
<MediaTimePoint>T00:00:09:17287F30000</MediaTimePoint>
</MediaTime>
</VideoSegment>
</TemporalDecomposition>
</VideoSegment>
<VideoSegment id="shot170_4">
<MediaTime>
<MediaTimePoint>T00:00:12:3363F30000</MediaTimePoint>
<MediaDuration>PT00H00M05S150N30000F</MediaDuration>
</MediaTime>
<TemporalDecomposition>
<VideoSegment id="shot170_4_RKF">
<MediaTime>
<MediaTimePoint>T00:00:14:17437F30000</MediaTimePoint>
</MediaTime>
</VideoSegment>
</TemporalDecomposition>
</VideoSegment>
<VideoSegment id="shot170_5">
<MediaTime>
<MediaTimePoint>T00:00:17:3513F30000</MediaTimePoint>
<MediaDuration>PT00H00M08S17257N30000F</MediaDuration>
</MediaTime>
<TemporalDecomposition>
<VideoSegment id="shot170_5_NRKF_1">
<MediaTime>
<MediaTimePoint>T00:00:17:6516F30000</MediaTimePoint>
</MediaTime>
</VideoSegment>
<VideoSegment id="shot170_5_NRKF_2">
<MediaTime>
<MediaTimePoint>T00:00:17:11521F30000</MediaTimePoint>
</MediaTime>
</VideoSegment>
<VideoSegment id="shot170_5_RKF">
<MediaTime>
<MediaTimePoint>T00:00:21:11641F30000</MediaTimePoint>
</MediaTime>
</VideoSegment>
<VideoSegment id="shot170_5_NRKF_3">
<MediaTime>
<MediaTimePoint>T00:00:21:16646F30000</MediaTimePoint>
</MediaTime>
</VideoSegment>
</TemporalDecomposition>
</VideoSegment>
<VideoSegment id="shot170_6">
<MediaTime>
<MediaTimePoint>T00:00:25:20770F30000</MediaTimePoint>
<MediaDuration>PT00H00M05S6156N30000F</MediaDuration>
</MediaTime>
<TemporalDecomposition>
<VideoSegment id="shot170_6_NRKF_1">
<MediaTime>
<MediaTimePoint>T00:00:25:24774F30000</MediaTimePoint>
</MediaTime>
</VideoSegment>
<VideoSegment id="shot170_6_RKF">
<MediaTime>
<MediaTimePoint>T00:00:28:7847F30000</MediaTimePoint>
</MediaTime>
</VideoSegment>
<VideoSegment id="shot170_6_NRKF_2">
<MediaTime>
<MediaTimePoint>T00:00:28:12852F30000</MediaTimePoint>
</MediaTime>
</VideoSegment>
</TemporalDecomposition>
</VideoSegment>
<VideoSegment id="shot170_7">
<MediaTime>
<MediaTimePoint>T00:00:30:26926F30000</MediaTimePoint>
<MediaDuration>PT00H00M02S7067N30000F</MediaDuration>
</MediaTime>
<TemporalDecomposition>
<VideoSegment id="shot170_7_NRKF_1">
<MediaTime>
<MediaTimePoint>T00:00:30:26926F30000</MediaTimePoint>
</MediaTime>
</VideoSegment>
<VideoSegment id="shot170_7_NRKF_2">
<MediaTime>
<MediaTimePoint>T00:00:31:1931F30000</MediaTimePoint>
</MediaTime>
</VideoSegment>
<VideoSegment id="shot170_7_RKF">
<MediaTime>
<MediaTimePoint>T00:00:31:29959F30000</MediaTimePoint>
</MediaTime>
</VideoSegment>
<VideoSegment id="shot170_7_NRKF_3">
<MediaTime>
<MediaTimePoint>T00:00:32:4964F30000</MediaTimePoint>
</MediaTime>
</VideoSegment>
</TemporalDecomposition>
</VideoSegment>
<VideoSegment id="shot170_8">
<MediaTime>
<MediaTimePoint>T00:00:33:3993F30000</MediaTimePoint>
<MediaDuration>PT00H00M04S120N30000F</MediaDuration>
</MediaTime>
<TemporalDecomposition>
<VideoSegment id="shot170_8_RKF">
<MediaTime>
<MediaTimePoint>T00:00:35:3052F30000</MediaTimePoint>
</MediaTime>
</VideoSegment>
</TemporalDecomposition>
</VideoSegment>
<VideoSegment id="shot170_9">
<MediaTime>
<MediaTimePoint>T00:00:37:4113F30000</MediaTimePoint>
<MediaDuration>PT00H00M03S6096N30000F</MediaDuration>
</MediaTime>
<TemporalDecomposition>
<VideoSegment id="shot170_9_NRKF_1">
<MediaTime>
<MediaTimePoint>T00:00:38:139F30000</MediaTimePoint>
</MediaTime>
</VideoSegment>
<VideoSegment id="shot170_9_RKF">
<MediaTime>
<MediaTimePoint>T00:00:38:21160F30000</MediaTimePoint>
</MediaTime>
</VideoSegment>
<VideoSegment id="shot170_9_NRKF_2">
<MediaTime>
<MediaTimePoint>T00:00:39:18187F30000</MediaTimePoint>
</MediaTime>
</VideoSegment>
</TemporalDecomposition>
</VideoSegment>
<VideoSegment id="shot170_10">
<MediaTime>
<MediaTimePoint>T00:00:40:10209F30000</MediaTimePoint>
<MediaDuration>PT00H00M23S25715N30000F</MediaDuration>
</MediaTime>
<TemporalDecomposition>
<VideoSegment id="shot170_10_RKF">
<MediaTime>
<MediaTimePoint>T00:00:52:7566F30000</MediaTimePoint>
</MediaTime>
</VideoSegment>
</TemporalDecomposition>
</VideoSegment>
<VideoSegment id="shot170_11">
<MediaTime>
<MediaTimePoint>T00:01:04:5924F30000</MediaTimePoint>
<MediaDuration>PT00H00M16S6486N30000F</MediaDuration>
</MediaTime>
<TemporalDecomposition>
<VideoSegment id="shot170_11_RKF">
<MediaTime>
<MediaTimePoint>T00:01:12:8166F30000</MediaTimePoint>
</MediaTime>
</VideoSegment>
</TemporalDecomposition>
</VideoSegment>
<VideoSegment id="shot170_12">
<MediaTime>
<MediaTimePoint>T00:01:20:12410F30000</MediaTimePoint>
<MediaDuration>PT00H00M25S11761N30000F</MediaDuration>
</MediaTime>
<TemporalDecomposition>
<VideoSegment id="shot170_12_RKF">
<MediaTime>
<MediaTimePoint>T00:01:33:2790F30000</MediaTimePoint>
</MediaTime>
</VideoSegment>
</TemporalDecomposition>
</VideoSegment>
<VideoSegment id="shot170_13">
<MediaTime>
<MediaTimePoint>T00:01:45:24171F30000</MediaTimePoint>
<MediaDuration>PT00H00M36S18097N30000F</MediaDuration>
</MediaTime>
<TemporalDecomposition>
<VideoSegment id="shot170_13_RKF">
<MediaTime>
<MediaTimePoint>T00:02:04:2719F30000</MediaTimePoint>
</MediaTime>
</VideoSegment>
</TemporalDecomposition>
</VideoSegment>
<VideoSegment id="shot170_14">
<MediaTime>
<MediaTimePoint>T00:02:22:12268F30000</MediaTimePoint>
<MediaDuration>PT00H00M43S8297N30000F</MediaDuration>
</MediaTime>
<TemporalDecomposition>
<VideoSegment id="shot170_14_RKF">
<MediaTime>
<MediaTimePoint>T00:02:44:916F30000</MediaTimePoint>
</MediaTime>
</VideoSegment>
</TemporalDecomposition>
</VideoSegment>
<VideoSegment id="shot170_15">
<MediaTime>
<MediaTimePoint>T00:03:05:20565F30000</MediaTimePoint>
<MediaDuration>PT00H01M04S8927N30000F</MediaDuration>
</MediaTime>
<TemporalDecomposition>
<VideoSegment id="shot170_15_RKF">
<MediaTime>
<MediaTimePoint>T00:03:37:24528F30000</MediaTimePoint>
</MediaTime>
</VideoSegment>
</TemporalDecomposition>
</VideoSegment>
<VideoSegment id="shot170_16">
<MediaTime>
<MediaTimePoint>T00:04:09:29492F30000</MediaTimePoint>
<MediaDuration>PT00H06M35S11850N30000F</MediaDuration>
</MediaTime>
<TemporalDecomposition>
<VideoSegment id="shot170_16_RKF">
<MediaTime>
<MediaTimePoint>T00:07:27:19416F30000</MediaTimePoint>
</MediaTime>
</VideoSegment>
</TemporalDecomposition>
</VideoSegment>
<VideoSegment id="shot170_17">
<MediaTime>
<MediaTimePoint>T00:10:45:11342F30000</MediaTimePoint>
<MediaDuration>PT00H00M05S29179N30000F</MediaDuration>
</MediaTime>
<TemporalDecomposition>
<VideoSegment id="shot170_17_RKF">
<MediaTime>
<MediaTimePoint>T00:10:48:10431F30000</MediaTimePoint>
</MediaTime>
</VideoSegment>
</TemporalDecomposition>
</VideoSegment>
<VideoSegment id="shot170_18">
<MediaTime>
<MediaTimePoint>T00:10:51:10521F30000</MediaTimePoint>
<MediaDuration>PT00H00M04S1121N30000F</MediaDuration>
</MediaTime>
<TemporalDecomposition>
<VideoSegment id="shot170_18_RKF">
<MediaTime>
<MediaTimePoint>T00:10:53:10581F30000</MediaTimePoint>
</MediaTime>
</VideoSegment>
</TemporalDecomposition>
</VideoSegment>
<VideoSegment id="shot170_19">
<MediaTime>
<MediaTimePoint>T00:10:55:11642F30000</MediaTimePoint>
<MediaDuration>PT00H00M05S5155N30000F</MediaDuration>
</MediaTime>
<TemporalDecomposition>
<VideoSegment id="shot170_19_RKF">
<MediaTime>
<MediaTimePoint>T00:10:57:28719F30000</MediaTimePoint>
</MediaTime>
</VideoSegment>
</TemporalDecomposition>
</VideoSegment>
<VideoSegment id="shot170_20">
<MediaTime>
<MediaTimePoint>T00:11:00:16797F30000</MediaTimePoint>
<MediaDuration>PT00H00M09S15285N30000F</MediaDuration>
</MediaTime>
<TemporalDecomposition>
<VideoSegment id="shot170_20_RKF">
<MediaTime>
<MediaTimePoint>T00:11:05:8939F30000</MediaTimePoint>
</MediaTime>
</VideoSegment>
</TemporalDecomposition>
</VideoSegment>
<VideoSegment id="shot170_21">
<MediaTime>
<MediaTimePoint>T00:11:10:2082F30000</MediaTimePoint>
<MediaDuration>PT00H00M21S20650N30000F</MediaDuration>
</MediaTime>
<TemporalDecomposition>
<VideoSegment id="shot170_21_RKF">
<MediaTime>
<MediaTimePoint>T00:11:20:26406F30000</MediaTimePoint>
</MediaTime>
</VideoSegment>
</TemporalDecomposition>
</VideoSegment>
<VideoSegment id="shot170_22">
<MediaTime>
<MediaTimePoint>T00:11:31:22732F30000</MediaTimePoint>
<MediaDuration>PT00H03M50S28922N30000F</MediaDuration>
</MediaTime>
<TemporalDecomposition>
<VideoSegment id="shot170_22_RKF">
<MediaTime>
<MediaTimePoint>T00:13:27:6192F30000</MediaTimePoint>
</MediaTime>
</VideoSegment>
</TemporalDecomposition>
</VideoSegment>
<VideoSegment id="shot170_23">
<MediaTime>
<MediaTimePoint>T00:15:22:21654F30000</MediaTimePoint>
<MediaDuration>PT00H00M03S11101N30000F</MediaDuration>
</MediaTime>
<TemporalDecomposition>
<VideoSegment id="shot170_23_RKF">
<MediaTime>
<MediaTimePoint>T00:15:24:11704F30000</MediaTimePoint>
</MediaTime>
</VideoSegment>
</TemporalDecomposition>
</VideoSegment>
<VideoSegment id="shot170_24">
<MediaTime>
<MediaTimePoint>T00:15:26:2755F30000</MediaTimePoint>
<MediaDuration>PT00H00M05S29179N30000F</MediaDuration>
</MediaTime>
<TemporalDecomposition>
<VideoSegment id="shot170_24_RKF">
<MediaTime>
<MediaTimePoint>T00:15:29:1844F30000</MediaTimePoint>
</MediaTime>
</VideoSegment>
</TemporalDecomposition>
</VideoSegment>
<VideoSegment id="shot170_25">
<MediaTime>
<MediaTimePoint>T00:15:32:1934F30000</MediaTimePoint>
<MediaDuration>PT00H00M04S1121N30000F</MediaDuration>
</MediaTime>
<TemporalDecomposition>
<VideoSegment id="shot170_25_RKF">
<MediaTime>
<MediaTimePoint>T00:15:34:1994F30000</MediaTimePoint>
</MediaTime>
</VideoSegment>
</TemporalDecomposition>
</VideoSegment>
<VideoSegment id="shot170_26">
<MediaTime>
<MediaTimePoint>T00:15:36:3055F30000</MediaTimePoint>
<MediaDuration>PT00H00M05S5155N30000F</MediaDuration>
</MediaTime>
<TemporalDecomposition>
<VideoSegment id="shot170_26_RKF">
<MediaTime>
<MediaTimePoint>T00:15:38:20132F30000</MediaTimePoint>
</MediaTime>
</VideoSegment>
</TemporalDecomposition>
</VideoSegment>
<VideoSegment id="shot170_27">
<MediaTime>
<MediaTimePoint>T00:15:41:8210F30000</MediaTimePoint>
<MediaDuration>PT00H01M57S26533N30000F</MediaDuration>
</MediaTime>
<TemporalDecomposition>
<VideoSegment id="shot170_27_RKF">
<MediaTime>
<MediaTimePoint>T00:16:40:5976F30000</MediaTimePoint>
</MediaTime>
</VideoSegment>
</TemporalDecomposition>
</VideoSegment>
<VideoSegment id="shot170_28">
<MediaTime>
<MediaTimePoint>T00:17:39:4743F30000</MediaTimePoint>
<MediaDuration>PT00H00M07S22232N30000F</MediaDuration>
</MediaTime>
<TemporalDecomposition>
<VideoSegment id="shot170_28_RKF">
<MediaTime>
<MediaTimePoint>T00:17:42:29858F30000</MediaTimePoint>
</MediaTime>
</VideoSegment>
</TemporalDecomposition>
</VideoSegment>
<VideoSegment id="shot170_29">
<MediaTime>
<MediaTimePoint>T00:17:46:26975F30000</MediaTimePoint>
<MediaDuration>PT00H04M33S11193N30000F</MediaDuration>
</MediaTime>
<TemporalDecomposition>
<VideoSegment id="shot170_29_RKF">
<MediaTime>
<MediaTimePoint>T00:20:03:17071F30000</MediaTimePoint>
</MediaTime>
</VideoSegment>
</TemporalDecomposition>
</VideoSegment>
<VideoSegment id="shot170_30">
<MediaTime>
<MediaTimePoint>T00:22:20:8168F30000</MediaTimePoint>
<MediaDuration>PT00H00M21S27657N30000F</MediaDuration>
</MediaTime>
<TemporalDecomposition>
<VideoSegment id="shot170_30_RKF">
<MediaTime>
<MediaTimePoint>T00:22:31:6496F30000</MediaTimePoint>
</MediaTime>
</VideoSegment>
</TemporalDecomposition>
</VideoSegment>
<VideoSegment id="shot170_31">
<MediaTime>
<MediaTimePoint>T00:22:42:5825F30000</MediaTimePoint>
<MediaDuration>PT00H01M20S20418N30000F</MediaDuration>
</MediaTime>
<TemporalDecomposition>
<VideoSegment id="shot170_31_RKF">
<MediaTime>
<MediaTimePoint>T00:23:22:15033F30000</MediaTimePoint>
</MediaTime>
</VideoSegment>
</TemporalDecomposition>
</VideoSegment>
<VideoSegment id="shot170_32">
<MediaTime>
<MediaTimePoint>T00:24:02:26243F30000</MediaTimePoint>
<MediaDuration>PT00H00M08S16256N30000F</MediaDuration>
</MediaTime>
<TemporalDecomposition>
<VideoSegment id="shot170_32_RKF">
<MediaTime>
<MediaTimePoint>T00:24:07:3370F30000</MediaTimePoint>
</MediaTime>
</VideoSegment>
</TemporalDecomposition>
</VideoSegment>
<VideoSegment id="shot170_33">
<MediaTime>
<MediaTimePoint>T00:24:11:12499F30000</MediaTimePoint>
<MediaDuration>PT00H01M38S7945N30000F</MediaDuration>
</MediaTime>
<TemporalDecomposition>
<VideoSegment id="shot170_33_RKF">
<MediaTime>
<MediaTimePoint>T00:25:00:15971F30000</MediaTimePoint>
</MediaTime>
</VideoSegment>
</TemporalDecomposition>
</VideoSegment>
<VideoSegment id="shot170_34">
<MediaTime>
<MediaTimePoint>T00:25:49:20444F30000</MediaTimePoint>
<MediaDuration>PT00H00M22S5665N30000F</MediaDuration>
</MediaTime>
<TemporalDecomposition>
<VideoSegment id="shot170_34_RKF">
<MediaTime>
<MediaTimePoint>T00:26:00:22776F30000</MediaTimePoint>
</MediaTime>
</VideoSegment>
</TemporalDecomposition>
</VideoSegment>
<VideoSegment id="shot170_35">
<MediaTime>
<MediaTimePoint>T00:26:11:26109F30000</MediaTimePoint>
<MediaDuration>PT00H02M08S3840N30000F</MediaDuration>
</MediaTime>
<TemporalDecomposition>
<VideoSegment id="shot170_35_RKF">
<MediaTime>
<MediaTimePoint>T00:27:15:27028F30000</MediaTimePoint>
</MediaTime>
</VideoSegment>
</TemporalDecomposition>
</VideoSegment>
</TemporalDecomposition>
</Video>
</MultimediaContent>
</Description>
</Mpeg7>
