<?xml version="1.0" encoding="UTF-8"?>
<Mpeg7 xmlns="urn:mpeg:mpeg7:schema:2001" xmlns:mpeg7="urn:mpeg:mpeg7:schema:2001" xmlns:xsi="http://www.w3.org/2001/XMLSchema-instance">
<Description xsi:type="ContentEntityType">
<MultimediaContent xsi:type="VideoType">
<Video id="TRECVID2005_176">
<MediaLocator>
<MediaUri>20041104_190000_NTDTV_NTDNEWS19_CHN.mpg</MediaUri>
</MediaLocator>
<MediaTime>
<MediaTimePoint>T00:00:00:0F30000</MediaTimePoint>
<MediaDuration>PT00H28M19S29949N30000F</MediaDuration>
</MediaTime>
<TemporalDecomposition gap="false" overlap="false">
<VideoSegment id="shot176_1">
<MediaTime>
<MediaTimePoint>T00:00:00:0F30000</MediaTimePoint>
<MediaDuration>PT00H00M07S6216N30000F</MediaDuration>
</MediaTime>
<TemporalDecomposition>
<VideoSegment id="shot176_1_RKF">
<MediaTime>
<MediaTimePoint>T00:00:03:17107F30000</MediaTimePoint>
</MediaTime>
</VideoSegment>
</TemporalDecomposition>
</VideoSegment>
<VideoSegment id="shot176_2">
<MediaTime>
<MediaTimePoint>T00:00:07:6216F30000</MediaTimePoint>
<MediaDuration>PT00H00M06S26206N30000F</MediaDuration>
</MediaTime>
<TemporalDecomposition>
<VideoSegment id="shot176_2_NRKF_1">
<MediaTime>
<MediaTimePoint>T00:00:08:240F30000</MediaTimePoint>
</MediaTime>
</VideoSegment>
<VideoSegment id="shot176_2_RKF">
<MediaTime>
<MediaTimePoint>T00:00:10:18318F30000</MediaTimePoint>
</MediaTime>
</VideoSegment>
<VideoSegment id="shot176_2_NRKF_2">
<MediaTime>
<MediaTimePoint>T00:00:11:13343F30000</MediaTimePoint>
</MediaTime>
</VideoSegment>
</TemporalDecomposition>
</VideoSegment>
<VideoSegment id="shot176_3">
<MediaTime>
<MediaTimePoint>T00:00:14:2422F30000</MediaTimePoint>
<MediaDuration>PT00H00M03S23113N30000F</MediaDuration>
</MediaTime>
<TemporalDecomposition>
<VideoSegment id="shot176_3_RKF">
<MediaTime>
<MediaTimePoint>T00:00:15:28478F30000</MediaTimePoint>
</MediaTime>
</VideoSegment>
</TemporalDecomposition>
</VideoSegment>
<VideoSegment id="shot176_4">
<MediaTime>
<MediaTimePoint>T00:00:17:25535F30000</MediaTimePoint>
<MediaDuration>PT00H00M02S12072N30000F</MediaDuration>
</MediaTime>
<TemporalDecomposition>
<VideoSegment id="shot176_4_RKF">
<MediaTime>
<MediaTimePoint>T00:00:19:570F30000</MediaTimePoint>
</MediaTime>
</VideoSegment>
</TemporalDecomposition>
</VideoSegment>
<VideoSegment id="shot176_5">
<MediaTime>
<MediaTimePoint>T00:00:20:7607F30000</MediaTimePoint>
<MediaDuration>PT00H00M04S3123N30000F</MediaDuration>
</MediaTime>
<TemporalDecomposition>
<VideoSegment id="shot176_5_RKF">
<MediaTime>
<MediaTimePoint>T00:00:22:8668F30000</MediaTimePoint>
</MediaTime>
</VideoSegment>
</TemporalDecomposition>
</VideoSegment>
<VideoSegment id="shot176_6">
<MediaTime>
<MediaTimePoint>T00:00:24:10730F30000</MediaTimePoint>
<MediaDuration>PT00H00M02S18078N30000F</MediaDuration>
</MediaTime>
<TemporalDecomposition>
<VideoSegment id="shot176_6_RKF">
<MediaTime>
<MediaTimePoint>T00:00:25:18768F30000</MediaTimePoint>
</MediaTime>
</VideoSegment>
</TemporalDecomposition>
</VideoSegment>
<VideoSegment id="shot176_7">
<MediaTime>
<MediaTimePoint>T00:00:26:28808F30000</MediaTimePoint>
<MediaDuration>PT00H00M05S8158N30000F</MediaDuration>
</MediaTime>
<TemporalDecomposition>
<VideoSegment id="shot176_7_RKF">
<MediaTime>
<MediaTimePoint>T00:00:29:16886F30000</MediaTimePoint>
</MediaTime>
</VideoSegment>
</TemporalDecomposition>
</VideoSegment>
<VideoSegment id="shot176_8">
<MediaTime>
<MediaTimePoint>T00:00:32:6966F30000</MediaTimePoint>
<MediaDuration>PT00H00M03S4094N30000F</MediaDuration>
</MediaTime>
<TemporalDecomposition>
<VideoSegment id="shot176_8_RKF">
<MediaTime>
<MediaTimePoint>T00:00:33:23012F30000</MediaTimePoint>
</MediaTime>
</VideoSegment>
</TemporalDecomposition>
</VideoSegment>
<VideoSegment id="shot176_9">
<MediaTime>
<MediaTimePoint>T00:00:35:11060F30000</MediaTimePoint>
<MediaDuration>PT00H00M04S1121N30000F</MediaDuration>
</MediaTime>
<TemporalDecomposition>
<VideoSegment id="shot176_9_RKF">
<MediaTime>
<MediaTimePoint>T00:00:37:11120F30000</MediaTimePoint>
</MediaTime>
</VideoSegment>
</TemporalDecomposition>
</VideoSegment>
<VideoSegment id="shot176_10">
<MediaTime>
<MediaTimePoint>T00:00:39:12181F30000</MediaTimePoint>
<MediaDuration>PT00H00M03S25115N30000F</MediaDuration>
</MediaTime>
<TemporalDecomposition>
<VideoSegment id="shot176_10_RKF">
<MediaTime>
<MediaTimePoint>T00:00:41:9238F30000</MediaTimePoint>
</MediaTime>
</VideoSegment>
</TemporalDecomposition>
</VideoSegment>
<VideoSegment id="shot176_11">
<MediaTime>
<MediaTimePoint>T00:00:43:7296F30000</MediaTimePoint>
<MediaDuration>PT00H00M18S23563N30000F</MediaDuration>
</MediaTime>
<TemporalDecomposition>
<VideoSegment id="shot176_11_RKF">
<MediaTime>
<MediaTimePoint>T00:00:52:18577F30000</MediaTimePoint>
</MediaTime>
</VideoSegment>
</TemporalDecomposition>
</VideoSegment>
<VideoSegment id="shot176_12">
<MediaTime>
<MediaTimePoint>T00:01:02:859F30000</MediaTimePoint>
<MediaDuration>PT00H00M12S25385N30000F</MediaDuration>
</MediaTime>
<TemporalDecomposition>
<VideoSegment id="shot176_12_NRKF_1">
<MediaTime>
<MediaTimePoint>T00:01:02:14873F30000</MediaTimePoint>
</MediaTime>
</VideoSegment>
<VideoSegment id="shot176_12_RKF">
<MediaTime>
<MediaTimePoint>T00:01:08:13051F30000</MediaTimePoint>
</MediaTime>
</VideoSegment>
<VideoSegment id="shot176_12_NRKF_2">
<MediaTime>
<MediaTimePoint>T00:01:08:27065F30000</MediaTimePoint>
</MediaTime>
</VideoSegment>
</TemporalDecomposition>
</VideoSegment>
<VideoSegment id="shot176_13">
<MediaTime>
<MediaTimePoint>T00:01:14:26244F30000</MediaTimePoint>
<MediaDuration>PT00H00M20S7607N30000F</MediaDuration>
</MediaTime>
<TemporalDecomposition>
<VideoSegment id="shot176_13_RKF">
<MediaTime>
<MediaTimePoint>T00:01:24:29547F30000</MediaTimePoint>
</MediaTime>
</VideoSegment>
</TemporalDecomposition>
</VideoSegment>
<VideoSegment id="shot176_14">
<MediaTime>
<MediaTimePoint>T00:01:35:3851F30000</MediaTimePoint>
<MediaDuration>PT00H00M05S18168N30000F</MediaDuration>
</MediaTime>
<TemporalDecomposition>
<VideoSegment id="shot176_14_RKF">
<MediaTime>
<MediaTimePoint>T00:01:37:26934F30000</MediaTimePoint>
</MediaTime>
</VideoSegment>
</TemporalDecomposition>
</VideoSegment>
<VideoSegment id="shot176_15">
<MediaTime>
<MediaTimePoint>T00:01:40:22019F30000</MediaTimePoint>
<MediaDuration>PT00H00M09S9279N30000F</MediaDuration>
</MediaTime>
<TemporalDecomposition>
<VideoSegment id="shot176_15_RKF">
<MediaTime>
<MediaTimePoint>T00:01:45:11158F30000</MediaTimePoint>
</MediaTime>
</VideoSegment>
</TemporalDecomposition>
</VideoSegment>
<VideoSegment id="shot176_16">
<MediaTime>
<MediaTimePoint>T00:01:50:1298F30000</MediaTimePoint>
<MediaDuration>PT00H00M04S26146N30000F</MediaDuration>
</MediaTime>
<TemporalDecomposition>
<VideoSegment id="shot176_16_RKF">
<MediaTime>
<MediaTimePoint>T00:01:52:13370F30000</MediaTimePoint>
</MediaTime>
</VideoSegment>
</TemporalDecomposition>
</VideoSegment>
<VideoSegment id="shot176_17">
<MediaTime>
<MediaTimePoint>T00:01:54:27444F30000</MediaTimePoint>
<MediaDuration>PT00H00M02S6066N30000F</MediaDuration>
</MediaTime>
<TemporalDecomposition>
<VideoSegment id="shot176_17_RKF">
<MediaTime>
<MediaTimePoint>T00:01:55:29476F30000</MediaTimePoint>
</MediaTime>
</VideoSegment>
</TemporalDecomposition>
</VideoSegment>
<VideoSegment id="shot176_18">
<MediaTime>
<MediaTimePoint>T00:01:57:3510F30000</MediaTimePoint>
<MediaDuration>PT00H00M10S18318N30000F</MediaDuration>
</MediaTime>
<TemporalDecomposition>
<VideoSegment id="shot176_18_RKF">
<MediaTime>
<MediaTimePoint>T00:02:02:11668F30000</MediaTimePoint>
</MediaTime>
</VideoSegment>
</TemporalDecomposition>
</VideoSegment>
<VideoSegment id="shot176_19">
<MediaTime>
<MediaTimePoint>T00:02:07:21828F30000</MediaTimePoint>
<MediaDuration>PT00H00M03S20110N30000F</MediaDuration>
</MediaTime>
<TemporalDecomposition>
<VideoSegment id="shot176_19_RKF">
<MediaTime>
<MediaTimePoint>T00:02:09:15882F30000</MediaTimePoint>
</MediaTime>
</VideoSegment>
</TemporalDecomposition>
</VideoSegment>
<VideoSegment id="shot176_20">
<MediaTime>
<MediaTimePoint>T00:02:11:11938F30000</MediaTimePoint>
<MediaDuration>PT00H00M04S14134N30000F</MediaDuration>
</MediaTime>
<TemporalDecomposition>
<VideoSegment id="shot176_20_RKF">
<MediaTime>
<MediaTimePoint>T00:02:13:18004F30000</MediaTimePoint>
</MediaTime>
</VideoSegment>
</TemporalDecomposition>
</VideoSegment>
<VideoSegment id="shot176_21">
<MediaTime>
<MediaTimePoint>T00:02:15:26072F30000</MediaTimePoint>
<MediaDuration>PT00H00M20S9609N30000F</MediaDuration>
</MediaTime>
<TemporalDecomposition>
<VideoSegment id="shot176_21_RKF">
<MediaTime>
<MediaTimePoint>T00:02:26:376F30000</MediaTimePoint>
</MediaTime>
</VideoSegment>
</TemporalDecomposition>
</VideoSegment>
<VideoSegment id="shot176_22">
<MediaTime>
<MediaTimePoint>T00:02:36:5681F30000</MediaTimePoint>
<MediaDuration>PT00H00M14S29449N30000F</MediaDuration>
</MediaTime>
<TemporalDecomposition>
<VideoSegment id="shot176_22_RKF">
<MediaTime>
<MediaTimePoint>T00:02:43:19905F30000</MediaTimePoint>
</MediaTime>
</VideoSegment>
</TemporalDecomposition>
</VideoSegment>
<VideoSegment id="shot176_23">
<MediaTime>
<MediaTimePoint>T00:02:51:5130F30000</MediaTimePoint>
<MediaDuration>PT00H00M40S14213N30000F</MediaDuration>
</MediaTime>
<TemporalDecomposition>
<VideoSegment id="shot176_23_RKF">
<MediaTime>
<MediaTimePoint>T00:03:11:11736F30000</MediaTimePoint>
</MediaTime>
</VideoSegment>
</TemporalDecomposition>
</VideoSegment>
<VideoSegment id="shot176_24">
<MediaTime>
<MediaTimePoint>T00:03:31:19343F30000</MediaTimePoint>
<MediaDuration>PT00H00M02S2062N30000F</MediaDuration>
</MediaTime>
<TemporalDecomposition>
<VideoSegment id="shot176_24_RKF">
<MediaTime>
<MediaTimePoint>T00:03:32:19373F30000</MediaTimePoint>
</MediaTime>
</VideoSegment>
</TemporalDecomposition>
</VideoSegment>
<VideoSegment id="shot176_25">
<MediaTime>
<MediaTimePoint>T00:03:33:21405F30000</MediaTimePoint>
<MediaDuration>PT00H00M08S28268N30000F</MediaDuration>
</MediaTime>
<TemporalDecomposition>
<VideoSegment id="shot176_25_RKF">
<MediaTime>
<MediaTimePoint>T00:03:38:4538F30000</MediaTimePoint>
</MediaTime>
</VideoSegment>
</TemporalDecomposition>
</VideoSegment>
<VideoSegment id="shot176_26">
<MediaTime>
<MediaTimePoint>T00:03:42:19673F30000</MediaTimePoint>
<MediaDuration>PT00H00M04S14134N30000F</MediaDuration>
</MediaTime>
<TemporalDecomposition>
<VideoSegment id="shot176_26_RKF">
<MediaTime>
<MediaTimePoint>T00:03:44:25739F30000</MediaTimePoint>
</MediaTime>
</VideoSegment>
</TemporalDecomposition>
</VideoSegment>
<VideoSegment id="shot176_27">
<MediaTime>
<MediaTimePoint>T00:03:47:3807F30000</MediaTimePoint>
<MediaDuration>PT00H00M06S18198N30000F</MediaDuration>
</MediaTime>
<TemporalDecomposition>
<VideoSegment id="shot176_27_RKF">
<MediaTime>
<MediaTimePoint>T00:03:50:11905F30000</MediaTimePoint>
</MediaTime>
</VideoSegment>
</TemporalDecomposition>
</VideoSegment>
<VideoSegment id="shot176_28">
<MediaTime>
<MediaTimePoint>T00:03:53:22005F30000</MediaTimePoint>
<MediaDuration>PT00H00M03S11101N30000F</MediaDuration>
</MediaTime>
<TemporalDecomposition>
<VideoSegment id="shot176_28_RKF">
<MediaTime>
<MediaTimePoint>T00:03:55:12055F30000</MediaTimePoint>
</MediaTime>
</VideoSegment>
</TemporalDecomposition>
</VideoSegment>
<VideoSegment id="shot176_29">
<MediaTime>
<MediaTimePoint>T00:03:57:3106F30000</MediaTimePoint>
<MediaDuration>PT00H00M21S17647N30000F</MediaDuration>
</MediaTime>
<TemporalDecomposition>
<VideoSegment id="shot176_29_RKF">
<MediaTime>
<MediaTimePoint>T00:04:07:26429F30000</MediaTimePoint>
</MediaTime>
</VideoSegment>
</TemporalDecomposition>
</VideoSegment>
<VideoSegment id="shot176_30">
<MediaTime>
<MediaTimePoint>T00:04:18:20753F30000</MediaTimePoint>
<MediaDuration>PT00H00M13S1391N30000F</MediaDuration>
</MediaTime>
<TemporalDecomposition>
<VideoSegment id="shot176_30_RKF">
<MediaTime>
<MediaTimePoint>T00:04:25:5948F30000</MediaTimePoint>
</MediaTime>
</VideoSegment>
</TemporalDecomposition>
</VideoSegment>
<VideoSegment id="shot176_31">
<MediaTime>
<MediaTimePoint>T00:04:31:22144F30000</MediaTimePoint>
<MediaDuration>PT00H00M06S15195N30000F</MediaDuration>
</MediaTime>
<TemporalDecomposition>
<VideoSegment id="shot176_31_RKF">
<MediaTime>
<MediaTimePoint>T00:04:34:29241F30000</MediaTimePoint>
</MediaTime>
</VideoSegment>
</TemporalDecomposition>
</VideoSegment>
<VideoSegment id="shot176_32">
<MediaTime>
<MediaTimePoint>T00:04:38:7339F30000</MediaTimePoint>
<MediaDuration>PT00H00M05S150N30000F</MediaDuration>
</MediaTime>
<TemporalDecomposition>
<VideoSegment id="shot176_32_RKF">
<MediaTime>
<MediaTimePoint>T00:04:40:21413F30000</MediaTimePoint>
</MediaTime>
</VideoSegment>
</TemporalDecomposition>
</VideoSegment>
<VideoSegment id="shot176_33">
<MediaTime>
<MediaTimePoint>T00:04:43:7489F30000</MediaTimePoint>
<MediaDuration>PT00H00M06S13193N30000F</MediaDuration>
</MediaTime>
<TemporalDecomposition>
<VideoSegment id="shot176_33_RKF">
<MediaTime>
<MediaTimePoint>T00:04:46:13585F30000</MediaTimePoint>
</MediaTime>
</VideoSegment>
</TemporalDecomposition>
</VideoSegment>
<VideoSegment id="shot176_34">
<MediaTime>
<MediaTimePoint>T00:04:49:20682F30000</MediaTimePoint>
<MediaDuration>PT00H00M06S8188N30000F</MediaDuration>
</MediaTime>
<TemporalDecomposition>
<VideoSegment id="shot176_34_RKF">
<MediaTime>
<MediaTimePoint>T00:04:52:23775F30000</MediaTimePoint>
</MediaTime>
</VideoSegment>
</TemporalDecomposition>
</VideoSegment>
<VideoSegment id="shot176_35">
<MediaTime>
<MediaTimePoint>T00:04:55:28870F30000</MediaTimePoint>
<MediaDuration>PT00H00M05S25175N30000F</MediaDuration>
</MediaTime>
<TemporalDecomposition>
<VideoSegment id="shot176_35_RKF">
<MediaTime>
<MediaTimePoint>T00:04:58:25957F30000</MediaTimePoint>
</MediaTime>
</VideoSegment>
</TemporalDecomposition>
</VideoSegment>
<VideoSegment id="shot176_36">
<MediaTime>
<MediaTimePoint>T00:05:01:24045F30000</MediaTimePoint>
<MediaDuration>PT00H00M04S29149N30000F</MediaDuration>
</MediaTime>
<TemporalDecomposition>
<VideoSegment id="shot176_36_RKF">
<MediaTime>
<MediaTimePoint>T00:05:04:8119F30000</MediaTimePoint>
</MediaTime>
</VideoSegment>
</TemporalDecomposition>
</VideoSegment>
<VideoSegment id="shot176_37">
<MediaTime>
<MediaTimePoint>T00:05:06:23194F30000</MediaTimePoint>
<MediaDuration>PT00H00M07S8218N30000F</MediaDuration>
</MediaTime>
<TemporalDecomposition>
<VideoSegment id="shot176_37_RKF">
<MediaTime>
<MediaTimePoint>T00:05:10:11302F30000</MediaTimePoint>
</MediaTime>
</VideoSegment>
</TemporalDecomposition>
</VideoSegment>
<VideoSegment id="shot176_38">
<MediaTime>
<MediaTimePoint>T00:05:14:1412F30000</MediaTimePoint>
<MediaDuration>PT00H00M07S5215N30000F</MediaDuration>
</MediaTime>
<TemporalDecomposition>
<VideoSegment id="shot176_38_RKF">
<MediaTime>
<MediaTimePoint>T00:05:17:18519F30000</MediaTimePoint>
</MediaTime>
</VideoSegment>
</TemporalDecomposition>
</VideoSegment>
<VideoSegment id="shot176_39">
<MediaTime>
<MediaTimePoint>T00:05:21:6627F30000</MediaTimePoint>
<MediaDuration>PT00H00M05S11161N30000F</MediaDuration>
</MediaTime>
<TemporalDecomposition>
<VideoSegment id="shot176_39_RKF">
<MediaTime>
<MediaTimePoint>T00:05:23:26707F30000</MediaTimePoint>
</MediaTime>
</VideoSegment>
</TemporalDecomposition>
</VideoSegment>
<VideoSegment id="shot176_40">
<MediaTime>
<MediaTimePoint>T00:05:26:17788F30000</MediaTimePoint>
<MediaDuration>PT00H00M05S4154N30000F</MediaDuration>
</MediaTime>
<TemporalDecomposition>
<VideoSegment id="shot176_40_RKF">
<MediaTime>
<MediaTimePoint>T00:05:29:3864F30000</MediaTimePoint>
</MediaTime>
</VideoSegment>
</TemporalDecomposition>
</VideoSegment>
<VideoSegment id="shot176_41">
<MediaTime>
<MediaTimePoint>T00:05:31:21942F30000</MediaTimePoint>
<MediaDuration>PT00H00M28S21861N30000F</MediaDuration>
</MediaTime>
<TemporalDecomposition>
<VideoSegment id="shot176_41_RKF">
<MediaTime>
<MediaTimePoint>T00:05:46:2372F30000</MediaTimePoint>
</MediaTime>
</VideoSegment>
</TemporalDecomposition>
</VideoSegment>
<VideoSegment id="shot176_42">
<MediaTime>
<MediaTimePoint>T00:06:00:13803F30000</MediaTimePoint>
<MediaDuration>PT00H00M02S26086N30000F</MediaDuration>
</MediaTime>
<TemporalDecomposition>
<VideoSegment id="shot176_42_RKF">
<MediaTime>
<MediaTimePoint>T00:06:01:25845F30000</MediaTimePoint>
</MediaTime>
</VideoSegment>
</TemporalDecomposition>
</VideoSegment>
<VideoSegment id="shot176_43">
<MediaTime>
<MediaTimePoint>T00:06:03:9889F30000</MediaTimePoint>
<MediaDuration>PT00H00M07S21231N30000F</MediaDuration>
</MediaTime>
<TemporalDecomposition>
<VideoSegment id="shot176_43_RKF">
<MediaTime>
<MediaTimePoint>T00:06:07:5004F30000</MediaTimePoint>
</MediaTime>
</VideoSegment>
</TemporalDecomposition>
</VideoSegment>
<VideoSegment id="shot176_44">
<MediaTime>
<MediaTimePoint>T00:06:11:1120F30000</MediaTimePoint>
<MediaDuration>PT00H00M03S5095N30000F</MediaDuration>
</MediaTime>
<TemporalDecomposition>
<VideoSegment id="shot176_44_RKF">
<MediaTime>
<MediaTimePoint>T00:06:12:18167F30000</MediaTimePoint>
</MediaTime>
</VideoSegment>
</TemporalDecomposition>
</VideoSegment>
<VideoSegment id="shot176_45">
<MediaTime>
<MediaTimePoint>T00:06:14:6215F30000</MediaTimePoint>
<MediaDuration>PT00H00M04S17137N30000F</MediaDuration>
</MediaTime>
<TemporalDecomposition>
<VideoSegment id="shot176_45_RKF">
<MediaTime>
<MediaTimePoint>T00:06:16:14283F30000</MediaTimePoint>
</MediaTime>
</VideoSegment>
</TemporalDecomposition>
</VideoSegment>
<VideoSegment id="shot176_46">
<MediaTime>
<MediaTimePoint>T00:06:18:23352F30000</MediaTimePoint>
<MediaDuration>PT00H00M11S10340N30000F</MediaDuration>
</MediaTime>
<TemporalDecomposition>
<VideoSegment id="shot176_46_RKF">
<MediaTime>
<MediaTimePoint>T00:06:24:12521F30000</MediaTimePoint>
</MediaTime>
</VideoSegment>
</TemporalDecomposition>
</VideoSegment>
<VideoSegment id="shot176_47">
<MediaTime>
<MediaTimePoint>T00:06:30:3692F30000</MediaTimePoint>
<MediaDuration>PT00H00M07S19229N30000F</MediaDuration>
</MediaTime>
<TemporalDecomposition>
<VideoSegment id="shot176_47_RKF">
<MediaTime>
<MediaTimePoint>T00:06:33:27806F30000</MediaTimePoint>
</MediaTime>
</VideoSegment>
</TemporalDecomposition>
</VideoSegment>
<VideoSegment id="shot176_48">
<MediaTime>
<MediaTimePoint>T00:06:37:22921F30000</MediaTimePoint>
<MediaDuration>PT00H00M09S7277N30000F</MediaDuration>
</MediaTime>
<TemporalDecomposition>
<VideoSegment id="shot176_48_RKF">
<MediaTime>
<MediaTimePoint>T00:06:42:11059F30000</MediaTimePoint>
</MediaTime>
</VideoSegment>
</TemporalDecomposition>
</VideoSegment>
<VideoSegment id="shot176_49">
<MediaTime>
<MediaTimePoint>T00:06:47:198F30000</MediaTimePoint>
<MediaDuration>PT00H00M05S8158N30000F</MediaDuration>
</MediaTime>
<TemporalDecomposition>
<VideoSegment id="shot176_49_RKF">
<MediaTime>
<MediaTimePoint>T00:06:49:18276F30000</MediaTimePoint>
</MediaTime>
</VideoSegment>
</TemporalDecomposition>
</VideoSegment>
<VideoSegment id="shot176_50">
<MediaTime>
<MediaTimePoint>T00:06:52:8356F30000</MediaTimePoint>
<MediaDuration>PT00H00M02S1061N30000F</MediaDuration>
</MediaTime>
<TemporalDecomposition>
<VideoSegment id="shot176_50_RKF">
<MediaTime>
<MediaTimePoint>T00:06:53:8386F30000</MediaTimePoint>
</MediaTime>
</VideoSegment>
</TemporalDecomposition>
</VideoSegment>
<VideoSegment id="shot176_51">
<MediaTime>
<MediaTimePoint>T00:06:54:9417F30000</MediaTimePoint>
<MediaDuration>PT00H00M05S20170N30000F</MediaDuration>
</MediaTime>
<TemporalDecomposition>
<VideoSegment id="shot176_51_RKF">
<MediaTime>
<MediaTimePoint>T00:06:57:3501F30000</MediaTimePoint>
</MediaTime>
</VideoSegment>
</TemporalDecomposition>
</VideoSegment>
<VideoSegment id="shot176_52">
<MediaTime>
<MediaTimePoint>T00:06:59:29587F30000</MediaTimePoint>
<MediaDuration>PT00H00M02S3063N30000F</MediaDuration>
</MediaTime>
<TemporalDecomposition>
<VideoSegment id="shot176_52_RKF">
<MediaTime>
<MediaTimePoint>T00:07:01:618F30000</MediaTimePoint>
</MediaTime>
</VideoSegment>
</TemporalDecomposition>
</VideoSegment>
<VideoSegment id="shot176_53">
<MediaTime>
<MediaTimePoint>T00:07:02:2650F30000</MediaTimePoint>
<MediaDuration>PT00H00M04S12132N30000F</MediaDuration>
</MediaTime>
<TemporalDecomposition>
<VideoSegment id="shot176_53_RKF">
<MediaTime>
<MediaTimePoint>T00:07:04:7715F30000</MediaTimePoint>
</MediaTime>
</VideoSegment>
</TemporalDecomposition>
</VideoSegment>
<VideoSegment id="shot176_54">
<MediaTime>
<MediaTimePoint>T00:07:06:14782F30000</MediaTimePoint>
<MediaDuration>PT00H00M03S10100N30000F</MediaDuration>
</MediaTime>
<TemporalDecomposition>
<VideoSegment id="shot176_54_RKF">
<MediaTime>
<MediaTimePoint>T00:07:08:3831F30000</MediaTimePoint>
</MediaTime>
</VideoSegment>
</TemporalDecomposition>
</VideoSegment>
<VideoSegment id="shot176_55">
<MediaTime>
<MediaTimePoint>T00:07:09:24882F30000</MediaTimePoint>
<MediaDuration>PT00H00M07S25235N30000F</MediaDuration>
</MediaTime>
<TemporalDecomposition>
<VideoSegment id="shot176_55_RKF">
<MediaTime>
<MediaTimePoint>T00:07:13:21999F30000</MediaTimePoint>
</MediaTime>
</VideoSegment>
</TemporalDecomposition>
</VideoSegment>
<VideoSegment id="shot176_56">
<MediaTime>
<MediaTimePoint>T00:07:17:20117F30000</MediaTimePoint>
<MediaDuration>PT00H00M05S2152N30000F</MediaDuration>
</MediaTime>
<TemporalDecomposition>
<VideoSegment id="shot176_56_RKF">
<MediaTime>
<MediaTimePoint>T00:07:20:5192F30000</MediaTimePoint>
</MediaTime>
</VideoSegment>
</TemporalDecomposition>
</VideoSegment>
<VideoSegment id="shot176_57">
<MediaTime>
<MediaTimePoint>T00:07:22:22269F30000</MediaTimePoint>
<MediaDuration>PT00H00M02S18078N30000F</MediaDuration>
</MediaTime>
<TemporalDecomposition>
<VideoSegment id="shot176_57_RKF">
<MediaTime>
<MediaTimePoint>T00:07:24:307F30000</MediaTimePoint>
</MediaTime>
</VideoSegment>
</TemporalDecomposition>
</VideoSegment>
<VideoSegment id="shot176_58">
<MediaTime>
<MediaTimePoint>T00:07:25:10347F30000</MediaTimePoint>
<MediaDuration>PT00H00M02S25085N30000F</MediaDuration>
</MediaTime>
<TemporalDecomposition>
<VideoSegment id="shot176_58_RKF">
<MediaTime>
<MediaTimePoint>T00:07:26:22389F30000</MediaTimePoint>
</MediaTime>
</VideoSegment>
</TemporalDecomposition>
</VideoSegment>
<VideoSegment id="shot176_59">
<MediaTime>
<MediaTimePoint>T00:07:28:5432F30000</MediaTimePoint>
<MediaDuration>PT00H00M02S13073N30000F</MediaDuration>
</MediaTime>
<TemporalDecomposition>
<VideoSegment id="shot176_59_NRKF_1">
<MediaTime>
<MediaTimePoint>T00:07:28:19446F30000</MediaTimePoint>
</MediaTime>
</VideoSegment>
<VideoSegment id="shot176_59_RKF">
<MediaTime>
<MediaTimePoint>T00:07:29:11468F30000</MediaTimePoint>
</MediaTime>
</VideoSegment>
<VideoSegment id="shot176_59_NRKF_2">
<MediaTime>
<MediaTimePoint>T00:07:29:25482F30000</MediaTimePoint>
</MediaTime>
</VideoSegment>
</TemporalDecomposition>
</VideoSegment>
<VideoSegment id="shot176_60">
<MediaTime>
<MediaTimePoint>T00:07:30:18505F30000</MediaTimePoint>
<MediaDuration>PT00H00M03S7097N30000F</MediaDuration>
</MediaTime>
<TemporalDecomposition>
<VideoSegment id="shot176_60_NRKF_1">
<MediaTime>
<MediaTimePoint>T00:07:31:17534F30000</MediaTimePoint>
</MediaTime>
</VideoSegment>
<VideoSegment id="shot176_60_RKF">
<MediaTime>
<MediaTimePoint>T00:07:32:6553F30000</MediaTimePoint>
</MediaTime>
</VideoSegment>
<VideoSegment id="shot176_60_NRKF_2">
<MediaTime>
<MediaTimePoint>T00:07:33:6583F30000</MediaTimePoint>
</MediaTime>
</VideoSegment>
</TemporalDecomposition>
</VideoSegment>
<VideoSegment id="shot176_61">
<MediaTime>
<MediaTimePoint>T00:07:33:25602F30000</MediaTimePoint>
<MediaDuration>PT00H00M02S7067N30000F</MediaDuration>
</MediaTime>
<TemporalDecomposition>
<VideoSegment id="shot176_61_RKF">
<MediaTime>
<MediaTimePoint>T00:07:34:28635F30000</MediaTimePoint>
</MediaTime>
</VideoSegment>
</TemporalDecomposition>
</VideoSegment>
<VideoSegment id="shot176_62">
<MediaTime>
<MediaTimePoint>T00:07:36:2669F30000</MediaTimePoint>
<MediaDuration>PT00H00M02S17077N30000F</MediaDuration>
</MediaTime>
<TemporalDecomposition>
<VideoSegment id="shot176_62_NRKF_1">
<MediaTime>
<MediaTimePoint>T00:07:36:5672F30000</MediaTimePoint>
</MediaTime>
</VideoSegment>
<VideoSegment id="shot176_62_NRKF_2">
<MediaTime>
<MediaTimePoint>T00:07:36:26693F30000</MediaTimePoint>
</MediaTime>
</VideoSegment>
<VideoSegment id="shot176_62_RKF">
<MediaTime>
<MediaTimePoint>T00:07:37:10707F30000</MediaTimePoint>
</MediaTime>
</VideoSegment>
<VideoSegment id="shot176_62_NRKF_3">
<MediaTime>
<MediaTimePoint>T00:07:38:727F30000</MediaTimePoint>
</MediaTime>
</VideoSegment>
</TemporalDecomposition>
</VideoSegment>
<VideoSegment id="shot176_63">
<MediaTime>
<MediaTimePoint>T00:07:38:19746F30000</MediaTimePoint>
<MediaDuration>PT00H00M02S8068N30000F</MediaDuration>
</MediaTime>
<TemporalDecomposition>
<VideoSegment id="shot176_63_NRKF_1">
<MediaTime>
<MediaTimePoint>T00:07:38:20747F30000</MediaTimePoint>
</MediaTime>
</VideoSegment>
<VideoSegment id="shot176_63_NRKF_2">
<MediaTime>
<MediaTimePoint>T00:07:39:16773F30000</MediaTimePoint>
</MediaTime>
</VideoSegment>
<VideoSegment id="shot176_63_RKF">
<MediaTime>
<MediaTimePoint>T00:07:39:22779F30000</MediaTimePoint>
</MediaTime>
</VideoSegment>
<VideoSegment id="shot176_63_NRKF_3">
<MediaTime>
<MediaTimePoint>T00:07:40:18805F30000</MediaTimePoint>
</MediaTime>
</VideoSegment>
</TemporalDecomposition>
</VideoSegment>
<VideoSegment id="shot176_64">
<MediaTime>
<MediaTimePoint>T00:07:40:27814F30000</MediaTimePoint>
<MediaDuration>PT00H00M02S9069N30000F</MediaDuration>
</MediaTime>
<TemporalDecomposition>
<VideoSegment id="shot176_64_NRKF_1">
<MediaTime>
<MediaTimePoint>T00:07:41:8825F30000</MediaTimePoint>
</MediaTime>
</VideoSegment>
<VideoSegment id="shot176_64_RKF">
<MediaTime>
<MediaTimePoint>T00:07:42:1848F30000</MediaTimePoint>
</MediaTime>
</VideoSegment>
<VideoSegment id="shot176_64_NRKF_2">
<MediaTime>
<MediaTimePoint>T00:07:42:13860F30000</MediaTimePoint>
</MediaTime>
</VideoSegment>
</TemporalDecomposition>
</VideoSegment>
<VideoSegment id="shot176_65">
<MediaTime>
<MediaTimePoint>T00:07:43:6883F30000</MediaTimePoint>
<MediaDuration>PT00H00M04S24144N30000F</MediaDuration>
</MediaTime>
<TemporalDecomposition>
<VideoSegment id="shot176_65_RKF">
<MediaTime>
<MediaTimePoint>T00:07:45:17954F30000</MediaTimePoint>
</MediaTime>
</VideoSegment>
</TemporalDecomposition>
</VideoSegment>
<VideoSegment id="shot176_66">
<MediaTime>
<MediaTimePoint>T00:07:48:1027F30000</MediaTimePoint>
<MediaDuration>PT00H00M13S13403N30000F</MediaDuration>
</MediaTime>
<TemporalDecomposition>
<VideoSegment id="shot176_66_RKF">
<MediaTime>
<MediaTimePoint>T00:07:54:22228F30000</MediaTimePoint>
</MediaTime>
</VideoSegment>
</TemporalDecomposition>
</VideoSegment>
<VideoSegment id="shot176_67">
<MediaTime>
<MediaTimePoint>T00:08:01:14430F30000</MediaTimePoint>
<MediaDuration>PT00H00M15S22472N30000F</MediaDuration>
</MediaTime>
<TemporalDecomposition>
<VideoSegment id="shot176_67_RKF">
<MediaTime>
<MediaTimePoint>T00:08:09:9665F30000</MediaTimePoint>
</MediaTime>
</VideoSegment>
</TemporalDecomposition>
</VideoSegment>
<VideoSegment id="shot176_68">
<MediaTime>
<MediaTimePoint>T00:08:17:6902F30000</MediaTimePoint>
<MediaDuration>PT00H00M07S16226N30000F</MediaDuration>
</MediaTime>
<TemporalDecomposition>
<VideoSegment id="shot176_68_RKF">
<MediaTime>
<MediaTimePoint>T00:08:20:29014F30000</MediaTimePoint>
</MediaTime>
</VideoSegment>
</TemporalDecomposition>
</VideoSegment>
<VideoSegment id="shot176_69">
<MediaTime>
<MediaTimePoint>T00:08:24:23128F30000</MediaTimePoint>
<MediaDuration>PT00H00M05S2152N30000F</MediaDuration>
</MediaTime>
<TemporalDecomposition>
<VideoSegment id="shot176_69_RKF">
<MediaTime>
<MediaTimePoint>T00:08:27:8203F30000</MediaTimePoint>
</MediaTime>
</VideoSegment>
</TemporalDecomposition>
</VideoSegment>
<VideoSegment id="shot176_70">
<MediaTime>
<MediaTimePoint>T00:08:29:25280F30000</MediaTimePoint>
<MediaDuration>PT00H00M07S24234N30000F</MediaDuration>
</MediaTime>
<TemporalDecomposition>
<VideoSegment id="shot176_70_RKF">
<MediaTime>
<MediaTimePoint>T00:08:33:21396F30000</MediaTimePoint>
</MediaTime>
</VideoSegment>
</TemporalDecomposition>
</VideoSegment>
<VideoSegment id="shot176_71">
<MediaTime>
<MediaTimePoint>T00:08:37:19514F30000</MediaTimePoint>
<MediaDuration>PT00H00M06S19199N30000F</MediaDuration>
</MediaTime>
<TemporalDecomposition>
<VideoSegment id="shot176_71_RKF">
<MediaTime>
<MediaTimePoint>T00:08:40:28613F30000</MediaTimePoint>
</MediaTime>
</VideoSegment>
</TemporalDecomposition>
</VideoSegment>
<VideoSegment id="shot176_72">
<MediaTime>
<MediaTimePoint>T00:08:44:8713F30000</MediaTimePoint>
<MediaDuration>PT00H00M03S4094N30000F</MediaDuration>
</MediaTime>
<TemporalDecomposition>
<VideoSegment id="shot176_72_RKF">
<MediaTime>
<MediaTimePoint>T00:08:45:24759F30000</MediaTimePoint>
</MediaTime>
</VideoSegment>
</TemporalDecomposition>
</VideoSegment>
<VideoSegment id="shot176_73">
<MediaTime>
<MediaTimePoint>T00:08:47:12807F30000</MediaTimePoint>
<MediaDuration>PT00H00M04S3123N30000F</MediaDuration>
</MediaTime>
<TemporalDecomposition>
<VideoSegment id="shot176_73_RKF">
<MediaTime>
<MediaTimePoint>T00:08:49:13868F30000</MediaTimePoint>
</MediaTime>
</VideoSegment>
</TemporalDecomposition>
</VideoSegment>
<VideoSegment id="shot176_74">
<MediaTime>
<MediaTimePoint>T00:08:51:15930F30000</MediaTimePoint>
<MediaDuration>PT00H00M06S7187N30000F</MediaDuration>
</MediaTime>
<TemporalDecomposition>
<VideoSegment id="shot176_74_RKF">
<MediaTime>
<MediaTimePoint>T00:08:54:19023F30000</MediaTimePoint>
</MediaTime>
</VideoSegment>
</TemporalDecomposition>
</VideoSegment>
<VideoSegment id="shot176_75">
<MediaTime>
<MediaTimePoint>T00:08:57:23117F30000</MediaTimePoint>
<MediaDuration>PT00H00M02S25085N30000F</MediaDuration>
</MediaTime>
<TemporalDecomposition>
<VideoSegment id="shot176_75_RKF">
<MediaTime>
<MediaTimePoint>T00:08:59:5159F30000</MediaTimePoint>
</MediaTime>
</VideoSegment>
</TemporalDecomposition>
</VideoSegment>
<VideoSegment id="shot176_76">
<MediaTime>
<MediaTimePoint>T00:09:00:18202F30000</MediaTimePoint>
<MediaDuration>PT00H00M06S8188N30000F</MediaDuration>
</MediaTime>
<TemporalDecomposition>
<VideoSegment id="shot176_76_RKF">
<MediaTime>
<MediaTimePoint>T00:09:03:21295F30000</MediaTimePoint>
</MediaTime>
</VideoSegment>
</TemporalDecomposition>
</VideoSegment>
<VideoSegment id="shot176_77">
<MediaTime>
<MediaTimePoint>T00:09:06:26390F30000</MediaTimePoint>
<MediaDuration>PT00H00M09S12282N30000F</MediaDuration>
</MediaTime>
<TemporalDecomposition>
<VideoSegment id="shot176_77_NRKF_1">
<MediaTime>
<MediaTimePoint>T00:09:07:17411F30000</MediaTimePoint>
</MediaTime>
</VideoSegment>
<VideoSegment id="shot176_77_RKF">
<MediaTime>
<MediaTimePoint>T00:09:11:16530F30000</MediaTimePoint>
</MediaTime>
</VideoSegment>
<VideoSegment id="shot176_77_NRKF_2">
<MediaTime>
<MediaTimePoint>T00:09:12:8552F30000</MediaTimePoint>
</MediaTime>
</VideoSegment>
</TemporalDecomposition>
</VideoSegment>
<VideoSegment id="shot176_78">
<MediaTime>
<MediaTimePoint>T00:09:16:8672F30000</MediaTimePoint>
<MediaDuration>PT00H00M14S3423N30000F</MediaDuration>
</MediaTime>
<TemporalDecomposition>
<VideoSegment id="shot176_78_RKF">
<MediaTime>
<MediaTimePoint>T00:09:23:9883F30000</MediaTimePoint>
</MediaTime>
</VideoSegment>
</TemporalDecomposition>
</VideoSegment>
<VideoSegment id="shot176_79">
<MediaTime>
<MediaTimePoint>T00:09:30:12095F30000</MediaTimePoint>
<MediaDuration>PT00H00M11S27357N30000F</MediaDuration>
</MediaTime>
<TemporalDecomposition>
<VideoSegment id="shot176_79_RKF">
<MediaTime>
<MediaTimePoint>T00:09:36:10273F30000</MediaTimePoint>
</MediaTime>
</VideoSegment>
</TemporalDecomposition>
</VideoSegment>
<VideoSegment id="shot176_80">
<MediaTime>
<MediaTimePoint>T00:09:42:9452F30000</MediaTimePoint>
<MediaDuration>PT00H00M28S9849N30000F</MediaDuration>
</MediaTime>
<TemporalDecomposition>
<VideoSegment id="shot176_80_RKF">
<MediaTime>
<MediaTimePoint>T00:09:56:13876F30000</MediaTimePoint>
</MediaTime>
</VideoSegment>
</TemporalDecomposition>
</VideoSegment>
<VideoSegment id="shot176_81">
<MediaTime>
<MediaTimePoint>T00:10:10:19301F30000</MediaTimePoint>
<MediaDuration>PT00H00M16S15495N30000F</MediaDuration>
</MediaTime>
<TemporalDecomposition>
<VideoSegment id="shot176_81_RKF">
<MediaTime>
<MediaTimePoint>T00:10:18:26548F30000</MediaTimePoint>
</MediaTime>
</VideoSegment>
</TemporalDecomposition>
</VideoSegment>
<VideoSegment id="shot176_82">
<MediaTime>
<MediaTimePoint>T00:10:27:4796F30000</MediaTimePoint>
<MediaDuration>PT00H00M04S26146N30000F</MediaDuration>
</MediaTime>
<TemporalDecomposition>
<VideoSegment id="shot176_82_RKF">
<MediaTime>
<MediaTimePoint>T00:10:29:16868F30000</MediaTimePoint>
</MediaTime>
</VideoSegment>
</TemporalDecomposition>
</VideoSegment>
<VideoSegment id="shot176_83">
<MediaTime>
<MediaTimePoint>T00:10:32:942F30000</MediaTimePoint>
<MediaDuration>PT00H00M07S27237N30000F</MediaDuration>
</MediaTime>
<TemporalDecomposition>
<VideoSegment id="shot176_83_RKF">
<MediaTime>
<MediaTimePoint>T00:10:35:29060F30000</MediaTimePoint>
</MediaTime>
</VideoSegment>
</TemporalDecomposition>
</VideoSegment>
<VideoSegment id="shot176_84">
<MediaTime>
<MediaTimePoint>T00:10:39:28179F30000</MediaTimePoint>
<MediaDuration>PT00H00M15S6456N30000F</MediaDuration>
</MediaTime>
<TemporalDecomposition>
<VideoSegment id="shot176_84_RKF">
<MediaTime>
<MediaTimePoint>T00:10:47:15406F30000</MediaTimePoint>
</MediaTime>
</VideoSegment>
</TemporalDecomposition>
</VideoSegment>
<VideoSegment id="shot176_85">
<MediaTime>
<MediaTimePoint>T00:10:55:4635F30000</MediaTimePoint>
<MediaDuration>PT00H00M08S15255N30000F</MediaDuration>
</MediaTime>
<TemporalDecomposition>
<VideoSegment id="shot176_85_RKF">
<MediaTime>
<MediaTimePoint>T00:10:59:11762F30000</MediaTimePoint>
</MediaTime>
</VideoSegment>
</TemporalDecomposition>
</VideoSegment>
<VideoSegment id="shot176_86">
<MediaTime>
<MediaTimePoint>T00:11:03:19890F30000</MediaTimePoint>
<MediaDuration>PT00H00M06S9189N30000F</MediaDuration>
</MediaTime>
<TemporalDecomposition>
<VideoSegment id="shot176_86_RKF">
<MediaTime>
<MediaTimePoint>T00:11:06:23984F30000</MediaTimePoint>
</MediaTime>
</VideoSegment>
</TemporalDecomposition>
</VideoSegment>
<VideoSegment id="shot176_87">
<MediaTime>
<MediaTimePoint>T00:11:09:29079F30000</MediaTimePoint>
<MediaDuration>PT00H00M10S3303N30000F</MediaDuration>
</MediaTime>
<TemporalDecomposition>
<VideoSegment id="shot176_87_RKF">
<MediaTime>
<MediaTimePoint>T00:11:15:230F30000</MediaTimePoint>
</MediaTime>
</VideoSegment>
</TemporalDecomposition>
</VideoSegment>
<VideoSegment id="shot176_88">
<MediaTime>
<MediaTimePoint>T00:11:20:2382F30000</MediaTimePoint>
<MediaDuration>PT00H00M02S10070N30000F</MediaDuration>
</MediaTime>
<TemporalDecomposition>
<VideoSegment id="shot176_88_RKF">
<MediaTime>
<MediaTimePoint>T00:11:21:6416F30000</MediaTimePoint>
</MediaTime>
</VideoSegment>
</TemporalDecomposition>
</VideoSegment>
<VideoSegment id="shot176_89">
<MediaTime>
<MediaTimePoint>T00:11:22:12452F30000</MediaTimePoint>
<MediaDuration>PT00H00M02S3063N30000F</MediaDuration>
</MediaTime>
<TemporalDecomposition>
<VideoSegment id="shot176_89_RKF">
<MediaTime>
<MediaTimePoint>T00:11:23:13483F30000</MediaTimePoint>
</MediaTime>
</VideoSegment>
</TemporalDecomposition>
</VideoSegment>
<VideoSegment id="shot176_90">
<MediaTime>
<MediaTimePoint>T00:11:24:15515F30000</MediaTimePoint>
<MediaDuration>PT00H00M04S1121N30000F</MediaDuration>
</MediaTime>
<TemporalDecomposition>
<VideoSegment id="shot176_90_RKF">
<MediaTime>
<MediaTimePoint>T00:11:26:15575F30000</MediaTimePoint>
</MediaTime>
</VideoSegment>
</TemporalDecomposition>
</VideoSegment>
<VideoSegment id="shot176_91">
<MediaTime>
<MediaTimePoint>T00:11:28:16636F30000</MediaTimePoint>
<MediaDuration>PT00H00M02S5065N30000F</MediaDuration>
</MediaTime>
<TemporalDecomposition>
<VideoSegment id="shot176_91_NRKF_1">
<MediaTime>
<MediaTimePoint>T00:11:28:19639F30000</MediaTimePoint>
</MediaTime>
</VideoSegment>
<VideoSegment id="shot176_91_NRKF_2">
<MediaTime>
<MediaTimePoint>T00:11:29:1651F30000</MediaTimePoint>
</MediaTime>
</VideoSegment>
<VideoSegment id="shot176_91_RKF">
<MediaTime>
<MediaTimePoint>T00:11:29:18668F30000</MediaTimePoint>
</MediaTime>
</VideoSegment>
<VideoSegment id="shot176_91_NRKF_3">
<MediaTime>
<MediaTimePoint>T00:11:29:23673F30000</MediaTimePoint>
</MediaTime>
</VideoSegment>
<VideoSegment id="shot176_91_NRKF_4">
<MediaTime>
<MediaTimePoint>T00:11:30:14694F30000</MediaTimePoint>
</MediaTime>
</VideoSegment>
</TemporalDecomposition>
</VideoSegment>
<VideoSegment id="shot176_92">
<MediaTime>
<MediaTimePoint>T00:11:30:21701F30000</MediaTimePoint>
<MediaDuration>PT00H00M03S3093N30000F</MediaDuration>
</MediaTime>
<TemporalDecomposition>
<VideoSegment id="shot176_92_NRKF_1">
<MediaTime>
<MediaTimePoint>T00:11:30:23703F30000</MediaTimePoint>
</MediaTime>
</VideoSegment>
<VideoSegment id="shot176_92_NRKF_2">
<MediaTime>
<MediaTimePoint>T00:11:31:9719F30000</MediaTimePoint>
</MediaTime>
</VideoSegment>
<VideoSegment id="shot176_92_NRKF_3">
<MediaTime>
<MediaTimePoint>T00:11:31:26736F30000</MediaTimePoint>
</MediaTime>
</VideoSegment>
<VideoSegment id="shot176_92_RKF">
<MediaTime>
<MediaTimePoint>T00:11:32:7747F30000</MediaTimePoint>
</MediaTime>
</VideoSegment>
<VideoSegment id="shot176_92_NRKF_4">
<MediaTime>
<MediaTimePoint>T00:11:32:27767F30000</MediaTimePoint>
</MediaTime>
</VideoSegment>
</TemporalDecomposition>
</VideoSegment>
<VideoSegment id="shot176_93">
<MediaTime>
<MediaTimePoint>T00:11:33:24794F30000</MediaTimePoint>
<MediaDuration>PT00H00M02S3063N30000F</MediaDuration>
</MediaTime>
<TemporalDecomposition>
<VideoSegment id="shot176_93_RKF">
<MediaTime>
<MediaTimePoint>T00:11:34:25825F30000</MediaTimePoint>
</MediaTime>
</VideoSegment>
</TemporalDecomposition>
</VideoSegment>
<VideoSegment id="shot176_94">
<MediaTime>
<MediaTimePoint>T00:11:35:27857F30000</MediaTimePoint>
<MediaDuration>PT00H00M02S15075N30000F</MediaDuration>
</MediaTime>
<TemporalDecomposition>
<VideoSegment id="shot176_94_RKF">
<MediaTime>
<MediaTimePoint>T00:11:37:4894F30000</MediaTimePoint>
</MediaTime>
</VideoSegment>
</TemporalDecomposition>
</VideoSegment>
<VideoSegment id="shot176_95">
<MediaTime>
<MediaTimePoint>T00:11:38:12932F30000</MediaTimePoint>
<MediaDuration>PT00H00M05S8158N30000F</MediaDuration>
</MediaTime>
<TemporalDecomposition>
<VideoSegment id="shot176_95_NRKF_1">
<MediaTime>
<MediaTimePoint>T00:11:38:19939F30000</MediaTimePoint>
</MediaTime>
</VideoSegment>
<VideoSegment id="shot176_95_NRKF_2">
<MediaTime>
<MediaTimePoint>T00:11:39:14964F30000</MediaTimePoint>
</MediaTime>
</VideoSegment>
<VideoSegment id="shot176_95_NRKF_3">
<MediaTime>
<MediaTimePoint>T00:11:40:4984F30000</MediaTimePoint>
</MediaTime>
</VideoSegment>
<VideoSegment id="shot176_95_RKF">
<MediaTime>
<MediaTimePoint>T00:11:41:1010F30000</MediaTimePoint>
</MediaTime>
</VideoSegment>
<VideoSegment id="shot176_95_NRKF_4">
<MediaTime>
<MediaTimePoint>T00:11:41:29038F30000</MediaTimePoint>
</MediaTime>
</VideoSegment>
</TemporalDecomposition>
</VideoSegment>
<VideoSegment id="shot176_96">
<MediaTime>
<MediaTimePoint>T00:11:43:21090F30000</MediaTimePoint>
<MediaDuration>PT00H00M02S29089N30000F</MediaDuration>
</MediaTime>
<TemporalDecomposition>
<VideoSegment id="shot176_96_RKF">
<MediaTime>
<MediaTimePoint>T00:11:45:5134F30000</MediaTimePoint>
</MediaTime>
</VideoSegment>
</TemporalDecomposition>
</VideoSegment>
<VideoSegment id="shot176_97">
<MediaTime>
<MediaTimePoint>T00:11:46:20179F30000</MediaTimePoint>
<MediaDuration>PT00H00M02S7067N30000F</MediaDuration>
</MediaTime>
<TemporalDecomposition>
<VideoSegment id="shot176_97_RKF">
<MediaTime>
<MediaTimePoint>T00:11:47:23212F30000</MediaTimePoint>
</MediaTime>
</VideoSegment>
</TemporalDecomposition>
</VideoSegment>
<VideoSegment id="shot176_98">
<MediaTime>
<MediaTimePoint>T00:11:48:27246F30000</MediaTimePoint>
<MediaDuration>PT00H00M02S12072N30000F</MediaDuration>
</MediaTime>
<TemporalDecomposition>
<VideoSegment id="shot176_98_NRKF_1">
<MediaTime>
<MediaTimePoint>T00:11:49:9258F30000</MediaTimePoint>
</MediaTime>
</VideoSegment>
<VideoSegment id="shot176_98_RKF">
<MediaTime>
<MediaTimePoint>T00:11:50:2281F30000</MediaTimePoint>
</MediaTime>
</VideoSegment>
<VideoSegment id="shot176_98_NRKF_2">
<MediaTime>
<MediaTimePoint>T00:11:50:15294F30000</MediaTimePoint>
</MediaTime>
</VideoSegment>
</TemporalDecomposition>
</VideoSegment>
<VideoSegment id="shot176_99">
<MediaTime>
<MediaTimePoint>T00:11:51:9318F30000</MediaTimePoint>
<MediaDuration>PT00H00M22S7667N30000F</MediaDuration>
</MediaTime>
<TemporalDecomposition>
<VideoSegment id="shot176_99_NRKF_1">
<MediaTime>
<MediaTimePoint>T00:11:51:29338F30000</MediaTimePoint>
</MediaTime>
</VideoSegment>
<VideoSegment id="shot176_99_RKF">
<MediaTime>
<MediaTimePoint>T00:12:02:12651F30000</MediaTimePoint>
</MediaTime>
</VideoSegment>
<VideoSegment id="shot176_99_NRKF_2">
<MediaTime>
<MediaTimePoint>T00:12:03:2671F30000</MediaTimePoint>
</MediaTime>
</VideoSegment>
</TemporalDecomposition>
</VideoSegment>
<VideoSegment id="shot176_100">
<MediaTime>
<MediaTimePoint>T00:12:13:16985F30000</MediaTimePoint>
<MediaDuration>PT00H00M14S4424N30000F</MediaDuration>
</MediaTime>
<TemporalDecomposition>
<VideoSegment id="shot176_100_RKF">
<MediaTime>
<MediaTimePoint>T00:12:20:18196F30000</MediaTimePoint>
</MediaTime>
</VideoSegment>
</TemporalDecomposition>
</VideoSegment>
<VideoSegment id="shot176_101">
<MediaTime>
<MediaTimePoint>T00:12:27:21409F30000</MediaTimePoint>
<MediaDuration>PT00H00M14S420N30000F</MediaDuration>
</MediaTime>
<TemporalDecomposition>
<VideoSegment id="shot176_101_RKF">
<MediaTime>
<MediaTimePoint>T00:12:34:20618F30000</MediaTimePoint>
</MediaTime>
</VideoSegment>
</TemporalDecomposition>
</VideoSegment>
<VideoSegment id="shot176_102">
<MediaTime>
<MediaTimePoint>T00:12:41:21829F30000</MediaTimePoint>
<MediaDuration>PT00H00M13S27417N30000F</MediaDuration>
</MediaTime>
<TemporalDecomposition>
<VideoSegment id="shot176_102_RKF">
<MediaTime>
<MediaTimePoint>T00:12:48:20037F30000</MediaTimePoint>
</MediaTime>
</VideoSegment>
</TemporalDecomposition>
</VideoSegment>
<VideoSegment id="shot176_103">
<MediaTime>
<MediaTimePoint>T00:12:55:19246F30000</MediaTimePoint>
<MediaDuration>PT00H00M19S570N30000F</MediaDuration>
</MediaTime>
<TemporalDecomposition>
<VideoSegment id="shot176_103_RKF">
<MediaTime>
<MediaTimePoint>T00:13:05:3530F30000</MediaTimePoint>
</MediaTime>
</VideoSegment>
</TemporalDecomposition>
</VideoSegment>
<VideoSegment id="shot176_104">
<MediaTime>
<MediaTimePoint>T00:13:14:19816F30000</MediaTimePoint>
<MediaDuration>PT00H00M09S8278N30000F</MediaDuration>
</MediaTime>
<TemporalDecomposition>
<VideoSegment id="shot176_104_RKF">
<MediaTime>
<MediaTimePoint>T00:13:19:7954F30000</MediaTimePoint>
</MediaTime>
</VideoSegment>
</TemporalDecomposition>
</VideoSegment>
<VideoSegment id="shot176_105">
<MediaTime>
<MediaTimePoint>T00:13:23:28094F30000</MediaTimePoint>
<MediaDuration>PT00H00M09S21291N30000F</MediaDuration>
</MediaTime>
<TemporalDecomposition>
<VideoSegment id="shot176_105_NRKF_1">
<MediaTime>
<MediaTimePoint>T00:13:24:18114F30000</MediaTimePoint>
</MediaTime>
</VideoSegment>
<VideoSegment id="shot176_105_RKF">
<MediaTime>
<MediaTimePoint>T00:13:28:23239F30000</MediaTimePoint>
</MediaTime>
</VideoSegment>
<VideoSegment id="shot176_105_NRKF_2">
<MediaTime>
<MediaTimePoint>T00:13:29:14260F30000</MediaTimePoint>
</MediaTime>
</VideoSegment>
</TemporalDecomposition>
</VideoSegment>
<VideoSegment id="shot176_106">
<MediaTime>
<MediaTimePoint>T00:13:33:19385F30000</MediaTimePoint>
<MediaDuration>PT00H00M19S4574N30000F</MediaDuration>
</MediaTime>
<TemporalDecomposition>
<VideoSegment id="shot176_106_NRKF_1">
<MediaTime>
<MediaTimePoint>T00:13:33:25391F30000</MediaTimePoint>
</MediaTime>
</VideoSegment>
<VideoSegment id="shot176_106_RKF">
<MediaTime>
<MediaTimePoint>T00:13:43:5671F30000</MediaTimePoint>
</MediaTime>
</VideoSegment>
<VideoSegment id="shot176_106_NRKF_2">
<MediaTime>
<MediaTimePoint>T00:13:43:12678F30000</MediaTimePoint>
</MediaTime>
</VideoSegment>
</TemporalDecomposition>
</VideoSegment>
<VideoSegment id="shot176_107">
<MediaTime>
<MediaTimePoint>T00:13:52:23959F30000</MediaTimePoint>
<MediaDuration>PT00H00M09S5275N30000F</MediaDuration>
</MediaTime>
<TemporalDecomposition>
<VideoSegment id="shot176_107_NRKF_1">
<MediaTime>
<MediaTimePoint>T00:13:53:22988F30000</MediaTimePoint>
</MediaTime>
</VideoSegment>
<VideoSegment id="shot176_107_RKF">
<MediaTime>
<MediaTimePoint>T00:13:57:11096F30000</MediaTimePoint>
</MediaTime>
</VideoSegment>
<VideoSegment id="shot176_107_NRKF_2">
<MediaTime>
<MediaTimePoint>T00:13:58:10125F30000</MediaTimePoint>
</MediaTime>
</VideoSegment>
</TemporalDecomposition>
</VideoSegment>
<VideoSegment id="shot176_108">
<MediaTime>
<MediaTimePoint>T00:14:01:29234F30000</MediaTimePoint>
<MediaDuration>PT00H00M03S3093N30000F</MediaDuration>
</MediaTime>
<TemporalDecomposition>
<VideoSegment id="shot176_108_RKF">
<MediaTime>
<MediaTimePoint>T00:14:03:15280F30000</MediaTimePoint>
</MediaTime>
</VideoSegment>
</TemporalDecomposition>
</VideoSegment>
<VideoSegment id="shot176_109">
<MediaTime>
<MediaTimePoint>T00:14:05:2327F30000</MediaTimePoint>
<MediaDuration>PT00H00M07S19229N30000F</MediaDuration>
</MediaTime>
<TemporalDecomposition>
<VideoSegment id="shot176_109_RKF">
<MediaTime>
<MediaTimePoint>T00:14:08:26441F30000</MediaTimePoint>
</MediaTime>
</VideoSegment>
</TemporalDecomposition>
</VideoSegment>
<VideoSegment id="shot176_110">
<MediaTime>
<MediaTimePoint>T00:14:12:21556F30000</MediaTimePoint>
<MediaDuration>PT00H00M12S9369N30000F</MediaDuration>
</MediaTime>
<TemporalDecomposition>
<VideoSegment id="shot176_110_RKF">
<MediaTime>
<MediaTimePoint>T00:14:18:25740F30000</MediaTimePoint>
</MediaTime>
</VideoSegment>
</TemporalDecomposition>
</VideoSegment>
<VideoSegment id="shot176_111">
<MediaTime>
<MediaTimePoint>T00:14:25:925F30000</MediaTimePoint>
<MediaDuration>PT00H00M04S9129N30000F</MediaDuration>
</MediaTime>
<TemporalDecomposition>
<VideoSegment id="shot176_111_RKF">
<MediaTime>
<MediaTimePoint>T00:14:27:4989F30000</MediaTimePoint>
</MediaTime>
</VideoSegment>
</TemporalDecomposition>
</VideoSegment>
<VideoSegment id="shot176_112">
<MediaTime>
<MediaTimePoint>T00:14:29:10054F30000</MediaTimePoint>
<MediaDuration>PT00H00M03S9099N30000F</MediaDuration>
</MediaTime>
<TemporalDecomposition>
<VideoSegment id="shot176_112_RKF">
<MediaTime>
<MediaTimePoint>T00:14:30:29103F30000</MediaTimePoint>
</MediaTime>
</VideoSegment>
</TemporalDecomposition>
</VideoSegment>
<VideoSegment id="shot176_113">
<MediaTime>
<MediaTimePoint>T00:14:32:19153F30000</MediaTimePoint>
<MediaDuration>PT00H00M04S9129N30000F</MediaDuration>
</MediaTime>
<TemporalDecomposition>
<VideoSegment id="shot176_113_RKF">
<MediaTime>
<MediaTimePoint>T00:14:34:23217F30000</MediaTimePoint>
</MediaTime>
</VideoSegment>
</TemporalDecomposition>
</VideoSegment>
<VideoSegment id="shot176_114">
<MediaTime>
<MediaTimePoint>T00:14:36:28282F30000</MediaTimePoint>
<MediaDuration>PT00H00M02S10070N30000F</MediaDuration>
</MediaTime>
<TemporalDecomposition>
<VideoSegment id="shot176_114_RKF">
<MediaTime>
<MediaTimePoint>T00:14:38:2316F30000</MediaTimePoint>
</MediaTime>
</VideoSegment>
</TemporalDecomposition>
</VideoSegment>
<VideoSegment id="shot176_115">
<MediaTime>
<MediaTimePoint>T00:14:39:8352F30000</MediaTimePoint>
<MediaDuration>PT00H00M02S29089N30000F</MediaDuration>
</MediaTime>
<TemporalDecomposition>
<VideoSegment id="shot176_115_NRKF_1">
<MediaTime>
<MediaTimePoint>T00:14:39:19363F30000</MediaTimePoint>
</MediaTime>
</VideoSegment>
<VideoSegment id="shot176_115_RKF">
<MediaTime>
<MediaTimePoint>T00:14:40:22396F30000</MediaTimePoint>
</MediaTime>
</VideoSegment>
<VideoSegment id="shot176_115_NRKF_2">
<MediaTime>
<MediaTimePoint>T00:14:41:4408F30000</MediaTimePoint>
</MediaTime>
</VideoSegment>
</TemporalDecomposition>
</VideoSegment>
<VideoSegment id="shot176_116">
<MediaTime>
<MediaTimePoint>T00:14:42:7441F30000</MediaTimePoint>
<MediaDuration>PT00H00M02S22082N30000F</MediaDuration>
</MediaTime>
<TemporalDecomposition>
<VideoSegment id="shot176_116_RKF">
<MediaTime>
<MediaTimePoint>T00:14:43:17481F30000</MediaTimePoint>
</MediaTime>
</VideoSegment>
</TemporalDecomposition>
</VideoSegment>
<VideoSegment id="shot176_117">
<MediaTime>
<MediaTimePoint>T00:14:44:29523F30000</MediaTimePoint>
<MediaDuration>PT00H00M03S15105N30000F</MediaDuration>
</MediaTime>
<TemporalDecomposition>
<VideoSegment id="shot176_117_RKF">
<MediaTime>
<MediaTimePoint>T00:14:46:21575F30000</MediaTimePoint>
</MediaTime>
</VideoSegment>
</TemporalDecomposition>
</VideoSegment>
<VideoSegment id="shot176_118">
<MediaTime>
<MediaTimePoint>T00:14:48:14628F30000</MediaTimePoint>
<MediaDuration>PT00H00M03S14104N30000F</MediaDuration>
</MediaTime>
<TemporalDecomposition>
<VideoSegment id="shot176_118_RKF">
<MediaTime>
<MediaTimePoint>T00:14:50:5679F30000</MediaTimePoint>
</MediaTime>
</VideoSegment>
</TemporalDecomposition>
</VideoSegment>
<VideoSegment id="shot176_119">
<MediaTime>
<MediaTimePoint>T00:14:51:28732F30000</MediaTimePoint>
<MediaDuration>PT00H00M03S15105N30000F</MediaDuration>
</MediaTime>
<TemporalDecomposition>
<VideoSegment id="shot176_119_RKF">
<MediaTime>
<MediaTimePoint>T00:14:53:20784F30000</MediaTimePoint>
</MediaTime>
</VideoSegment>
</TemporalDecomposition>
</VideoSegment>
<VideoSegment id="shot176_120">
<MediaTime>
<MediaTimePoint>T00:14:55:13837F30000</MediaTimePoint>
<MediaDuration>PT00H00M06S27207N30000F</MediaDuration>
</MediaTime>
<TemporalDecomposition>
<VideoSegment id="shot176_120_RKF">
<MediaTime>
<MediaTimePoint>T00:14:58:26940F30000</MediaTimePoint>
</MediaTime>
</VideoSegment>
</TemporalDecomposition>
</VideoSegment>
<VideoSegment id="shot176_121">
<MediaTime>
<MediaTimePoint>T00:15:02:11044F30000</MediaTimePoint>
<MediaDuration>PT00H00M06S23203N30000F</MediaDuration>
</MediaTime>
<TemporalDecomposition>
<VideoSegment id="shot176_121_RKF">
<MediaTime>
<MediaTimePoint>T00:15:05:22145F30000</MediaTimePoint>
</MediaTime>
</VideoSegment>
</TemporalDecomposition>
</VideoSegment>
<VideoSegment id="shot176_122">
<MediaTime>
<MediaTimePoint>T00:15:09:4247F30000</MediaTimePoint>
<MediaDuration>PT00H00M05S3153N30000F</MediaDuration>
</MediaTime>
<TemporalDecomposition>
<VideoSegment id="shot176_122_RKF">
<MediaTime>
<MediaTimePoint>T00:15:11:20323F30000</MediaTimePoint>
</MediaTime>
</VideoSegment>
</TemporalDecomposition>
</VideoSegment>
<VideoSegment id="shot176_123">
<MediaTime>
<MediaTimePoint>T00:15:14:7400F30000</MediaTimePoint>
<MediaDuration>PT00H00M05S2152N30000F</MediaDuration>
</MediaTime>
<TemporalDecomposition>
<VideoSegment id="shot176_123_RKF">
<MediaTime>
<MediaTimePoint>T00:15:16:22475F30000</MediaTimePoint>
</MediaTime>
</VideoSegment>
</TemporalDecomposition>
</VideoSegment>
<VideoSegment id="shot176_124">
<MediaTime>
<MediaTimePoint>T00:15:19:9552F30000</MediaTimePoint>
<MediaDuration>PT00H00M03S26116N30000F</MediaDuration>
</MediaTime>
<TemporalDecomposition>
<VideoSegment id="shot176_124_RKF">
<MediaTime>
<MediaTimePoint>T00:15:21:6609F30000</MediaTimePoint>
</MediaTime>
</VideoSegment>
</TemporalDecomposition>
</VideoSegment>
<VideoSegment id="shot176_125">
<MediaTime>
<MediaTimePoint>T00:15:23:5668F30000</MediaTimePoint>
<MediaDuration>PT00H00M03S10100N30000F</MediaDuration>
</MediaTime>
<TemporalDecomposition>
<VideoSegment id="shot176_125_RKF">
<MediaTime>
<MediaTimePoint>T00:15:24:24717F30000</MediaTimePoint>
</MediaTime>
</VideoSegment>
</TemporalDecomposition>
</VideoSegment>
<VideoSegment id="shot176_126">
<MediaTime>
<MediaTimePoint>T00:15:26:15768F30000</MediaTimePoint>
<MediaDuration>PT00H00M02S19079N30000F</MediaDuration>
</MediaTime>
<TemporalDecomposition>
<VideoSegment id="shot176_126_RKF">
<MediaTime>
<MediaTimePoint>T00:15:27:24807F30000</MediaTimePoint>
</MediaTime>
</VideoSegment>
</TemporalDecomposition>
</VideoSegment>
<VideoSegment id="shot176_127">
<MediaTime>
<MediaTimePoint>T00:15:29:4847F30000</MediaTimePoint>
<MediaDuration>PT00H00M02S17077N30000F</MediaDuration>
</MediaTime>
<TemporalDecomposition>
<VideoSegment id="shot176_127_RKF">
<MediaTime>
<MediaTimePoint>T00:15:30:12885F30000</MediaTimePoint>
</MediaTime>
</VideoSegment>
</TemporalDecomposition>
</VideoSegment>
<VideoSegment id="shot176_128">
<MediaTime>
<MediaTimePoint>T00:15:31:21924F30000</MediaTimePoint>
<MediaDuration>PT00H00M02S27087N30000F</MediaDuration>
</MediaTime>
<TemporalDecomposition>
<VideoSegment id="shot176_128_RKF">
<MediaTime>
<MediaTimePoint>T00:15:33:4967F30000</MediaTimePoint>
</MediaTime>
</VideoSegment>
</TemporalDecomposition>
</VideoSegment>
<VideoSegment id="shot176_129">
<MediaTime>
<MediaTimePoint>T00:15:34:19011F30000</MediaTimePoint>
<MediaDuration>PT00H00M03S3093N30000F</MediaDuration>
</MediaTime>
<TemporalDecomposition>
<VideoSegment id="shot176_129_RKF">
<MediaTime>
<MediaTimePoint>T00:15:36:5057F30000</MediaTimePoint>
</MediaTime>
</VideoSegment>
</TemporalDecomposition>
</VideoSegment>
<VideoSegment id="shot176_130">
<MediaTime>
<MediaTimePoint>T00:15:37:22104F30000</MediaTimePoint>
<MediaDuration>PT00H00M03S20110N30000F</MediaDuration>
</MediaTime>
<TemporalDecomposition>
<VideoSegment id="shot176_130_RKF">
<MediaTime>
<MediaTimePoint>T00:15:39:16158F30000</MediaTimePoint>
</MediaTime>
</VideoSegment>
</TemporalDecomposition>
</VideoSegment>
<VideoSegment id="shot176_131">
<MediaTime>
<MediaTimePoint>T00:15:41:12214F30000</MediaTimePoint>
<MediaDuration>PT00H00M04S15135N30000F</MediaDuration>
</MediaTime>
<TemporalDecomposition>
<VideoSegment id="shot176_131_NRKF_1">
<MediaTime>
<MediaTimePoint>T00:15:42:10242F30000</MediaTimePoint>
</MediaTime>
</VideoSegment>
<VideoSegment id="shot176_131_RKF">
<MediaTime>
<MediaTimePoint>T00:15:43:19281F30000</MediaTimePoint>
</MediaTime>
</VideoSegment>
<VideoSegment id="shot176_131_NRKF_2">
<MediaTime>
<MediaTimePoint>T00:15:44:17309F30000</MediaTimePoint>
</MediaTime>
</VideoSegment>
</TemporalDecomposition>
</VideoSegment>
<VideoSegment id="shot176_132">
<MediaTime>
<MediaTimePoint>T00:15:45:27349F30000</MediaTimePoint>
<MediaDuration>PT00H00M02S2062N30000F</MediaDuration>
</MediaTime>
<TemporalDecomposition>
<VideoSegment id="shot176_132_RKF">
<MediaTime>
<MediaTimePoint>T00:15:46:27379F30000</MediaTimePoint>
</MediaTime>
</VideoSegment>
</TemporalDecomposition>
</VideoSegment>
<VideoSegment id="shot176_133">
<MediaTime>
<MediaTimePoint>T00:15:47:29411F30000</MediaTimePoint>
<MediaDuration>PT00H00M05S17167N30000F</MediaDuration>
</MediaTime>
<TemporalDecomposition>
<VideoSegment id="shot176_133_RKF">
<MediaTime>
<MediaTimePoint>T00:15:50:22494F30000</MediaTimePoint>
</MediaTime>
</VideoSegment>
</TemporalDecomposition>
</VideoSegment>
<VideoSegment id="shot176_134">
<MediaTime>
<MediaTimePoint>T00:15:53:16578F30000</MediaTimePoint>
<MediaDuration>PT00H00M03S90N30000F</MediaDuration>
</MediaTime>
<TemporalDecomposition>
<VideoSegment id="shot176_134_RKF">
<MediaTime>
<MediaTimePoint>T00:15:55:622F30000</MediaTimePoint>
</MediaTime>
</VideoSegment>
</TemporalDecomposition>
</VideoSegment>
<VideoSegment id="shot176_135">
<MediaTime>
<MediaTimePoint>T00:15:56:16668F30000</MediaTimePoint>
<MediaDuration>PT00H00M03S21111N30000F</MediaDuration>
</MediaTime>
<TemporalDecomposition>
<VideoSegment id="shot176_135_RKF">
<MediaTime>
<MediaTimePoint>T00:15:58:11723F30000</MediaTimePoint>
</MediaTime>
</VideoSegment>
</TemporalDecomposition>
</VideoSegment>
<VideoSegment id="shot176_136">
<MediaTime>
<MediaTimePoint>T00:16:00:7779F30000</MediaTimePoint>
<MediaDuration>PT00H00M04S26146N30000F</MediaDuration>
</MediaTime>
<TemporalDecomposition>
<VideoSegment id="shot176_136_RKF">
<MediaTime>
<MediaTimePoint>T00:16:02:19851F30000</MediaTimePoint>
</MediaTime>
</VideoSegment>
</TemporalDecomposition>
</VideoSegment>
<VideoSegment id="shot176_137">
<MediaTime>
<MediaTimePoint>T00:16:05:3925F30000</MediaTimePoint>
<MediaDuration>PT00H00M06S5185N30000F</MediaDuration>
</MediaTime>
<TemporalDecomposition>
<VideoSegment id="shot176_137_NRKF_1">
<MediaTime>
<MediaTimePoint>T00:16:05:29951F30000</MediaTimePoint>
</MediaTime>
</VideoSegment>
<VideoSegment id="shot176_137_RKF">
<MediaTime>
<MediaTimePoint>T00:16:08:6017F30000</MediaTimePoint>
</MediaTime>
</VideoSegment>
<VideoSegment id="shot176_137_NRKF_2">
<MediaTime>
<MediaTimePoint>T00:16:09:3044F30000</MediaTimePoint>
</MediaTime>
</VideoSegment>
</TemporalDecomposition>
</VideoSegment>
<VideoSegment id="shot176_138">
<MediaTime>
<MediaTimePoint>T00:16:11:9110F30000</MediaTimePoint>
<MediaDuration>PT00H00M03S23113N30000F</MediaDuration>
</MediaTime>
<TemporalDecomposition>
<VideoSegment id="shot176_138_RKF">
<MediaTime>
<MediaTimePoint>T00:16:13:5166F30000</MediaTimePoint>
</MediaTime>
</VideoSegment>
</TemporalDecomposition>
</VideoSegment>
<VideoSegment id="shot176_139">
<MediaTime>
<MediaTimePoint>T00:16:15:2223F30000</MediaTimePoint>
<MediaDuration>PT00H00M02S2062N30000F</MediaDuration>
</MediaTime>
<TemporalDecomposition>
<VideoSegment id="shot176_139_NRKF_1">
<MediaTime>
<MediaTimePoint>T00:16:15:25246F30000</MediaTimePoint>
</MediaTime>
</VideoSegment>
<VideoSegment id="shot176_139_RKF">
<MediaTime>
<MediaTimePoint>T00:16:16:2253F30000</MediaTimePoint>
</MediaTime>
</VideoSegment>
<VideoSegment id="shot176_139_NRKF_2">
<MediaTime>
<MediaTimePoint>T00:16:16:26277F30000</MediaTimePoint>
</MediaTime>
</VideoSegment>
</TemporalDecomposition>
</VideoSegment>
<VideoSegment id="shot176_140">
<MediaTime>
<MediaTimePoint>T00:16:17:4285F30000</MediaTimePoint>
<MediaDuration>PT00H00M03S18108N30000F</MediaDuration>
</MediaTime>
<TemporalDecomposition>
<VideoSegment id="shot176_140_NRKF_1">
<MediaTime>
<MediaTimePoint>T00:16:17:9290F30000</MediaTimePoint>
</MediaTime>
</VideoSegment>
<VideoSegment id="shot176_140_NRKF_2">
<MediaTime>
<MediaTimePoint>T00:16:17:29310F30000</MediaTimePoint>
</MediaTime>
</VideoSegment>
<VideoSegment id="shot176_140_RKF">
<MediaTime>
<MediaTimePoint>T00:16:18:27338F30000</MediaTimePoint>
</MediaTime>
</VideoSegment>
<VideoSegment id="shot176_140_NRKF_3">
<MediaTime>
<MediaTimePoint>T00:16:19:17358F30000</MediaTimePoint>
</MediaTime>
</VideoSegment>
</TemporalDecomposition>
</VideoSegment>
<VideoSegment id="shot176_141">
<MediaTime>
<MediaTimePoint>T00:16:20:22393F30000</MediaTimePoint>
<MediaDuration>PT00H00M02S1061N30000F</MediaDuration>
</MediaTime>
<TemporalDecomposition>
<VideoSegment id="shot176_141_NRKF_1">
<MediaTime>
<MediaTimePoint>T00:16:21:16417F30000</MediaTimePoint>
</MediaTime>
</VideoSegment>
<VideoSegment id="shot176_141_RKF">
<MediaTime>
<MediaTimePoint>T00:16:21:22423F30000</MediaTimePoint>
</MediaTime>
</VideoSegment>
<VideoSegment id="shot176_141_NRKF_2">
<MediaTime>
<MediaTimePoint>T00:16:22:16447F30000</MediaTimePoint>
</MediaTime>
</VideoSegment>
</TemporalDecomposition>
</VideoSegment>
<VideoSegment id="shot176_142">
<MediaTime>
<MediaTimePoint>T00:16:22:23454F30000</MediaTimePoint>
<MediaDuration>PT00H00M03S12102N30000F</MediaDuration>
</MediaTime>
<TemporalDecomposition>
<VideoSegment id="shot176_142_NRKF_1">
<MediaTime>
<MediaTimePoint>T00:16:22:29460F30000</MediaTimePoint>
</MediaTime>
</VideoSegment>
<VideoSegment id="shot176_142_NRKF_2">
<MediaTime>
<MediaTimePoint>T00:16:23:22483F30000</MediaTimePoint>
</MediaTime>
</VideoSegment>
<VideoSegment id="shot176_142_RKF">
<MediaTime>
<MediaTimePoint>T00:16:24:13504F30000</MediaTimePoint>
</MediaTime>
</VideoSegment>
<VideoSegment id="shot176_142_NRKF_3">
<MediaTime>
<MediaTimePoint>T00:16:25:6527F30000</MediaTimePoint>
</MediaTime>
</VideoSegment>
</TemporalDecomposition>
</VideoSegment>
<VideoSegment id="shot176_143">
<MediaTime>
<MediaTimePoint>T00:16:26:5556F30000</MediaTimePoint>
<MediaDuration>PT00H00M02S13073N30000F</MediaDuration>
</MediaTime>
<TemporalDecomposition>
<VideoSegment id="shot176_143_NRKF_1">
<MediaTime>
<MediaTimePoint>T00:16:26:14565F30000</MediaTimePoint>
</MediaTime>
</VideoSegment>
<VideoSegment id="shot176_143_NRKF_2">
<MediaTime>
<MediaTimePoint>T00:16:27:1582F30000</MediaTimePoint>
</MediaTime>
</VideoSegment>
<VideoSegment id="shot176_143_RKF">
<MediaTime>
<MediaTimePoint>T00:16:27:11592F30000</MediaTimePoint>
</MediaTime>
</VideoSegment>
<VideoSegment id="shot176_143_NRKF_3">
<MediaTime>
<MediaTimePoint>T00:16:27:18599F30000</MediaTimePoint>
</MediaTime>
</VideoSegment>
<VideoSegment id="shot176_143_NRKF_4">
<MediaTime>
<MediaTimePoint>T00:16:28:7618F30000</MediaTimePoint>
</MediaTime>
</VideoSegment>
</TemporalDecomposition>
</VideoSegment>
<VideoSegment id="shot176_144">
<MediaTime>
<MediaTimePoint>T00:16:28:18629F30000</MediaTimePoint>
<MediaDuration>PT00H00M03S22112N30000F</MediaDuration>
</MediaTime>
<TemporalDecomposition>
<VideoSegment id="shot176_144_NRKF_1">
<MediaTime>
<MediaTimePoint>T00:16:29:9650F30000</MediaTimePoint>
</MediaTime>
</VideoSegment>
<VideoSegment id="shot176_144_NRKF_2">
<MediaTime>
<MediaTimePoint>T00:16:30:7678F30000</MediaTimePoint>
</MediaTime>
</VideoSegment>
<VideoSegment id="shot176_144_RKF">
<MediaTime>
<MediaTimePoint>T00:16:30:13684F30000</MediaTimePoint>
</MediaTime>
</VideoSegment>
<VideoSegment id="shot176_144_NRKF_3">
<MediaTime>
<MediaTimePoint>T00:16:31:11712F30000</MediaTimePoint>
</MediaTime>
</VideoSegment>
</TemporalDecomposition>
</VideoSegment>
<VideoSegment id="shot176_145">
<MediaTime>
<MediaTimePoint>T00:16:32:10741F30000</MediaTimePoint>
<MediaDuration>PT00H00M04S2122N30000F</MediaDuration>
</MediaTime>
<TemporalDecomposition>
<VideoSegment id="shot176_145_NRKF_1">
<MediaTime>
<MediaTimePoint>T00:16:32:29760F30000</MediaTimePoint>
</MediaTime>
</VideoSegment>
<VideoSegment id="shot176_145_RKF">
<MediaTime>
<MediaTimePoint>T00:16:34:10801F30000</MediaTimePoint>
</MediaTime>
</VideoSegment>
<VideoSegment id="shot176_145_NRKF_2">
<MediaTime>
<MediaTimePoint>T00:16:35:821F30000</MediaTimePoint>
</MediaTime>
</VideoSegment>
</TemporalDecomposition>
</VideoSegment>
<VideoSegment id="shot176_146">
<MediaTime>
<MediaTimePoint>T00:16:36:12863F30000</MediaTimePoint>
<MediaDuration>PT00H00M02S13073N30000F</MediaDuration>
</MediaTime>
<TemporalDecomposition>
<VideoSegment id="shot176_146_NRKF_1">
<MediaTime>
<MediaTimePoint>T00:16:37:4885F30000</MediaTimePoint>
</MediaTime>
</VideoSegment>
<VideoSegment id="shot176_146_RKF">
<MediaTime>
<MediaTimePoint>T00:16:37:18899F30000</MediaTimePoint>
</MediaTime>
</VideoSegment>
<VideoSegment id="shot176_146_NRKF_2">
<MediaTime>
<MediaTimePoint>T00:16:38:10921F30000</MediaTimePoint>
</MediaTime>
</VideoSegment>
</TemporalDecomposition>
</VideoSegment>
<VideoSegment id="shot176_147">
<MediaTime>
<MediaTimePoint>T00:16:38:25936F30000</MediaTimePoint>
<MediaDuration>PT00H00M14S10430N30000F</MediaDuration>
</MediaTime>
<TemporalDecomposition>
<VideoSegment id="shot176_147_NRKF_1">
<MediaTime>
<MediaTimePoint>T00:16:39:12953F30000</MediaTimePoint>
</MediaTime>
</VideoSegment>
<VideoSegment id="shot176_147_NRKF_2">
<MediaTime>
<MediaTimePoint>T00:16:40:10981F30000</MediaTimePoint>
</MediaTime>
</VideoSegment>
<VideoSegment id="shot176_147_RKF">
<MediaTime>
<MediaTimePoint>T00:16:46:150F30000</MediaTimePoint>
</MediaTime>
</VideoSegment>
<VideoSegment id="shot176_147_NRKF_3">
<MediaTime>
<MediaTimePoint>T00:16:46:28178F30000</MediaTimePoint>
</MediaTime>
</VideoSegment>
</TemporalDecomposition>
</VideoSegment>
<VideoSegment id="shot176_148">
<MediaTime>
<MediaTimePoint>T00:16:53:6366F30000</MediaTimePoint>
<MediaDuration>PT00H00M20S22622N30000F</MediaDuration>
</MediaTime>
<TemporalDecomposition>
<VideoSegment id="shot176_148_RKF">
<MediaTime>
<MediaTimePoint>T00:17:03:16676F30000</MediaTimePoint>
</MediaTime>
</VideoSegment>
</TemporalDecomposition>
</VideoSegment>
<VideoSegment id="shot176_149">
<MediaTime>
<MediaTimePoint>T00:17:13:28988F30000</MediaTimePoint>
<MediaDuration>PT00H00M03S21111N30000F</MediaDuration>
</MediaTime>
<TemporalDecomposition>
<VideoSegment id="shot176_149_RKF">
<MediaTime>
<MediaTimePoint>T00:17:15:24043F30000</MediaTimePoint>
</MediaTime>
</VideoSegment>
</TemporalDecomposition>
</VideoSegment>
<VideoSegment id="shot176_150">
<MediaTime>
<MediaTimePoint>T00:17:17:20099F30000</MediaTimePoint>
<MediaDuration>PT00H00M06S8188N30000F</MediaDuration>
</MediaTime>
<TemporalDecomposition>
<VideoSegment id="shot176_150_RKF">
<MediaTime>
<MediaTimePoint>T00:17:20:23192F30000</MediaTimePoint>
</MediaTime>
</VideoSegment>
</TemporalDecomposition>
</VideoSegment>
<VideoSegment id="shot176_151">
<MediaTime>
<MediaTimePoint>T00:17:23:28287F30000</MediaTimePoint>
<MediaDuration>PT00H00M02S1061N30000F</MediaDuration>
</MediaTime>
<TemporalDecomposition>
<VideoSegment id="shot176_151_RKF">
<MediaTime>
<MediaTimePoint>T00:17:24:28317F30000</MediaTimePoint>
</MediaTime>
</VideoSegment>
</TemporalDecomposition>
</VideoSegment>
<VideoSegment id="shot176_152">
<MediaTime>
<MediaTimePoint>T00:17:25:29348F30000</MediaTimePoint>
<MediaDuration>PT00H00M03S21111N30000F</MediaDuration>
</MediaTime>
<TemporalDecomposition>
<VideoSegment id="shot176_152_RKF">
<MediaTime>
<MediaTimePoint>T00:17:27:24403F30000</MediaTimePoint>
</MediaTime>
</VideoSegment>
</TemporalDecomposition>
</VideoSegment>
<VideoSegment id="shot176_153">
<MediaTime>
<MediaTimePoint>T00:17:29:20459F30000</MediaTimePoint>
<MediaDuration>PT00H00M05S29179N30000F</MediaDuration>
</MediaTime>
<TemporalDecomposition>
<VideoSegment id="shot176_153_RKF">
<MediaTime>
<MediaTimePoint>T00:17:32:19548F30000</MediaTimePoint>
</MediaTime>
</VideoSegment>
</TemporalDecomposition>
</VideoSegment>
<VideoSegment id="shot176_154">
<MediaTime>
<MediaTimePoint>T00:17:35:19638F30000</MediaTimePoint>
<MediaDuration>PT00H00M02S20080N30000F</MediaDuration>
</MediaTime>
<TemporalDecomposition>
<VideoSegment id="shot176_154_RKF">
<MediaTime>
<MediaTimePoint>T00:17:36:28677F30000</MediaTimePoint>
</MediaTime>
</VideoSegment>
</TemporalDecomposition>
</VideoSegment>
<VideoSegment id="shot176_155">
<MediaTime>
<MediaTimePoint>T00:17:38:9718F30000</MediaTimePoint>
<MediaDuration>PT00H00M05S20170N30000F</MediaDuration>
</MediaTime>
<TemporalDecomposition>
<VideoSegment id="shot176_155_RKF">
<MediaTime>
<MediaTimePoint>T00:17:41:3802F30000</MediaTimePoint>
</MediaTime>
</VideoSegment>
</TemporalDecomposition>
</VideoSegment>
<VideoSegment id="shot176_156">
<MediaTime>
<MediaTimePoint>T00:17:43:29888F30000</MediaTimePoint>
<MediaDuration>PT00H00M03S3093N30000F</MediaDuration>
</MediaTime>
<TemporalDecomposition>
<VideoSegment id="shot176_156_RKF">
<MediaTime>
<MediaTimePoint>T00:17:45:15934F30000</MediaTimePoint>
</MediaTime>
</VideoSegment>
</TemporalDecomposition>
</VideoSegment>
<VideoSegment id="shot176_157">
<MediaTime>
<MediaTimePoint>T00:17:47:2981F30000</MediaTimePoint>
<MediaDuration>PT00H00M03S2092N30000F</MediaDuration>
</MediaTime>
<TemporalDecomposition>
<VideoSegment id="shot176_157_RKF">
<MediaTime>
<MediaTimePoint>T00:17:48:18026F30000</MediaTimePoint>
</MediaTime>
</VideoSegment>
</TemporalDecomposition>
</VideoSegment>
<VideoSegment id="shot176_158">
<MediaTime>
<MediaTimePoint>T00:17:50:5073F30000</MediaTimePoint>
<MediaDuration>PT00H00M03S23113N30000F</MediaDuration>
</MediaTime>
<TemporalDecomposition>
<VideoSegment id="shot176_158_RKF">
<MediaTime>
<MediaTimePoint>T00:17:52:1129F30000</MediaTimePoint>
</MediaTime>
</VideoSegment>
</TemporalDecomposition>
</VideoSegment>
<VideoSegment id="shot176_159">
<MediaTime>
<MediaTimePoint>T00:17:53:28186F30000</MediaTimePoint>
<MediaDuration>PT00H00M21S6636N30000F</MediaDuration>
</MediaTime>
<TemporalDecomposition>
<VideoSegment id="shot176_159_RKF">
<MediaTime>
<MediaTimePoint>T00:18:04:15503F30000</MediaTimePoint>
</MediaTime>
</VideoSegment>
</TemporalDecomposition>
</VideoSegment>
<VideoSegment id="shot176_160">
<MediaTime>
<MediaTimePoint>T00:18:15:4822F30000</MediaTimePoint>
<MediaDuration>PT00H00M11S1331N30000F</MediaDuration>
</MediaTime>
<TemporalDecomposition>
<VideoSegment id="shot176_160_RKF">
<MediaTime>
<MediaTimePoint>T00:18:20:19987F30000</MediaTimePoint>
</MediaTime>
</VideoSegment>
</TemporalDecomposition>
</VideoSegment>
<VideoSegment id="shot176_161">
<MediaTime>
<MediaTimePoint>T00:18:26:6153F30000</MediaTimePoint>
<MediaDuration>PT00H00M09S11281N30000F</MediaDuration>
</MediaTime>
<TemporalDecomposition>
<VideoSegment id="shot176_161_RKF">
<MediaTime>
<MediaTimePoint>T00:18:30:26293F30000</MediaTimePoint>
</MediaTime>
</VideoSegment>
</TemporalDecomposition>
</VideoSegment>
<VideoSegment id="shot176_162">
<MediaTime>
<MediaTimePoint>T00:18:35:17434F30000</MediaTimePoint>
<MediaDuration>PT00H00M08S12252N30000F</MediaDuration>
</MediaTime>
<TemporalDecomposition>
<VideoSegment id="shot176_162_RKF">
<MediaTime>
<MediaTimePoint>T00:18:39:22559F30000</MediaTimePoint>
</MediaTime>
</VideoSegment>
</TemporalDecomposition>
</VideoSegment>
<VideoSegment id="shot176_163">
<MediaTime>
<MediaTimePoint>T00:18:43:29686F30000</MediaTimePoint>
<MediaDuration>PT00H00M11S330N30000F</MediaDuration>
</MediaTime>
<TemporalDecomposition>
<VideoSegment id="shot176_163_RKF">
<MediaTime>
<MediaTimePoint>T00:18:49:13850F30000</MediaTimePoint>
</MediaTime>
</VideoSegment>
</TemporalDecomposition>
</VideoSegment>
<VideoSegment id="shot176_164">
<MediaTime>
<MediaTimePoint>T00:18:55:16F30000</MediaTimePoint>
<MediaDuration>PT00H00M12S20380N30000F</MediaDuration>
</MediaTime>
<TemporalDecomposition>
<VideoSegment id="shot176_164_RKF">
<MediaTime>
<MediaTimePoint>T00:19:01:9205F30000</MediaTimePoint>
</MediaTime>
</VideoSegment>
</TemporalDecomposition>
</VideoSegment>
<VideoSegment id="shot176_165">
<MediaTime>
<MediaTimePoint>T00:19:07:20396F30000</MediaTimePoint>
<MediaDuration>PT00H00M05S15165N30000F</MediaDuration>
</MediaTime>
<TemporalDecomposition>
<VideoSegment id="shot176_165_RKF">
<MediaTime>
<MediaTimePoint>T00:19:10:12478F30000</MediaTimePoint>
</MediaTime>
</VideoSegment>
</TemporalDecomposition>
</VideoSegment>
<VideoSegment id="shot176_166">
<MediaTime>
<MediaTimePoint>T00:19:13:5561F30000</MediaTimePoint>
<MediaDuration>PT00H00M07S27237N30000F</MediaDuration>
</MediaTime>
<TemporalDecomposition>
<VideoSegment id="shot176_166_RKF">
<MediaTime>
<MediaTimePoint>T00:19:17:3679F30000</MediaTimePoint>
</MediaTime>
</VideoSegment>
</TemporalDecomposition>
</VideoSegment>
<VideoSegment id="shot176_167">
<MediaTime>
<MediaTimePoint>T00:19:21:2798F30000</MediaTimePoint>
<MediaDuration>PT00H00M17S5515N30000F</MediaDuration>
</MediaTime>
<TemporalDecomposition>
<VideoSegment id="shot176_167_RKF">
<MediaTime>
<MediaTimePoint>T00:19:29:20055F30000</MediaTimePoint>
</MediaTime>
</VideoSegment>
</TemporalDecomposition>
</VideoSegment>
<VideoSegment id="shot176_168">
<MediaTime>
<MediaTimePoint>T00:19:38:8313F30000</MediaTimePoint>
<MediaDuration>PT00H00M13S8398N30000F</MediaDuration>
</MediaTime>
<TemporalDecomposition>
<VideoSegment id="shot176_168_RKF">
<MediaTime>
<MediaTimePoint>T00:19:44:26511F30000</MediaTimePoint>
</MediaTime>
</VideoSegment>
</TemporalDecomposition>
</VideoSegment>
<VideoSegment id="shot176_169">
<MediaTime>
<MediaTimePoint>T00:19:51:16711F30000</MediaTimePoint>
<MediaDuration>PT00H00M31S11941N30000F</MediaDuration>
</MediaTime>
<TemporalDecomposition>
<VideoSegment id="shot176_169_NRKF_1">
<MediaTime>
<MediaTimePoint>T00:19:51:21716F30000</MediaTimePoint>
</MediaTime>
</VideoSegment>
<VideoSegment id="shot176_169_RKF">
<MediaTime>
<MediaTimePoint>T00:20:07:7181F30000</MediaTimePoint>
</MediaTime>
</VideoSegment>
<VideoSegment id="shot176_169_NRKF_2">
<MediaTime>
<MediaTimePoint>T00:20:07:13187F30000</MediaTimePoint>
</MediaTime>
</VideoSegment>
</TemporalDecomposition>
</VideoSegment>
<VideoSegment id="shot176_170">
<MediaTime>
<MediaTimePoint>T00:20:22:28652F30000</MediaTimePoint>
<MediaDuration>PT00H00M03S18108N30000F</MediaDuration>
</MediaTime>
<TemporalDecomposition>
<VideoSegment id="shot176_170_RKF">
<MediaTime>
<MediaTimePoint>T00:20:24:21705F30000</MediaTimePoint>
</MediaTime>
</VideoSegment>
</TemporalDecomposition>
</VideoSegment>
<VideoSegment id="shot176_171">
<MediaTime>
<MediaTimePoint>T00:20:26:16760F30000</MediaTimePoint>
<MediaDuration>PT00H00M04S25145N30000F</MediaDuration>
</MediaTime>
<TemporalDecomposition>
<VideoSegment id="shot176_171_NRKF_1">
<MediaTime>
<MediaTimePoint>T00:20:27:15789F30000</MediaTimePoint>
</MediaTime>
</VideoSegment>
<VideoSegment id="shot176_171_RKF">
<MediaTime>
<MediaTimePoint>T00:20:28:28832F30000</MediaTimePoint>
</MediaTime>
</VideoSegment>
<VideoSegment id="shot176_171_NRKF_2">
<MediaTime>
<MediaTimePoint>T00:20:29:28862F30000</MediaTimePoint>
</MediaTime>
</VideoSegment>
</TemporalDecomposition>
</VideoSegment>
<VideoSegment id="shot176_172">
<MediaTime>
<MediaTimePoint>T00:20:31:11905F30000</MediaTimePoint>
<MediaDuration>PT00H00M02S7067N30000F</MediaDuration>
</MediaTime>
<TemporalDecomposition>
<VideoSegment id="shot176_172_RKF">
<MediaTime>
<MediaTimePoint>T00:20:32:14938F30000</MediaTimePoint>
</MediaTime>
</VideoSegment>
</TemporalDecomposition>
</VideoSegment>
<VideoSegment id="shot176_173">
<MediaTime>
<MediaTimePoint>T00:20:33:18972F30000</MediaTimePoint>
<MediaDuration>PT00H00M06S22202N30000F</MediaDuration>
</MediaTime>
<TemporalDecomposition>
<VideoSegment id="shot176_173_RKF">
<MediaTime>
<MediaTimePoint>T00:20:36:29072F30000</MediaTimePoint>
</MediaTime>
</VideoSegment>
</TemporalDecomposition>
</VideoSegment>
<VideoSegment id="shot176_174">
<MediaTime>
<MediaTimePoint>T00:20:40:11174F30000</MediaTimePoint>
<MediaDuration>PT00H00M19S1571N30000F</MediaDuration>
</MediaTime>
<TemporalDecomposition>
<VideoSegment id="shot176_174_RKF">
<MediaTime>
<MediaTimePoint>T00:20:49:26459F30000</MediaTimePoint>
</MediaTime>
</VideoSegment>
</TemporalDecomposition>
</VideoSegment>
<VideoSegment id="shot176_175">
<MediaTime>
<MediaTimePoint>T00:20:59:12745F30000</MediaTimePoint>
<MediaDuration>PT00H00M09S5275N30000F</MediaDuration>
</MediaTime>
<TemporalDecomposition>
<VideoSegment id="shot176_175_NRKF_1">
<MediaTime>
<MediaTimePoint>T00:21:00:5768F30000</MediaTimePoint>
</MediaTime>
</VideoSegment>
<VideoSegment id="shot176_175_RKF">
<MediaTime>
<MediaTimePoint>T00:21:03:29882F30000</MediaTimePoint>
</MediaTime>
</VideoSegment>
<VideoSegment id="shot176_175_NRKF_2">
<MediaTime>
<MediaTimePoint>T00:21:04:23906F30000</MediaTimePoint>
</MediaTime>
</VideoSegment>
</TemporalDecomposition>
</VideoSegment>
<VideoSegment id="shot176_176">
<MediaTime>
<MediaTimePoint>T00:21:08:18020F30000</MediaTimePoint>
<MediaDuration>PT00H00M02S13073N30000F</MediaDuration>
</MediaTime>
<TemporalDecomposition>
<VideoSegment id="shot176_176_RKF">
<MediaTime>
<MediaTimePoint>T00:21:09:24056F30000</MediaTimePoint>
</MediaTime>
</VideoSegment>
</TemporalDecomposition>
</VideoSegment>
<VideoSegment id="shot176_177">
<MediaTime>
<MediaTimePoint>T00:21:11:1093F30000</MediaTimePoint>
<MediaDuration>PT00H00M02S6066N30000F</MediaDuration>
</MediaTime>
<TemporalDecomposition>
<VideoSegment id="shot176_177_RKF">
<MediaTime>
<MediaTimePoint>T00:21:12:3125F30000</MediaTimePoint>
</MediaTime>
</VideoSegment>
</TemporalDecomposition>
</VideoSegment>
<VideoSegment id="shot176_178">
<MediaTime>
<MediaTimePoint>T00:21:13:7159F30000</MediaTimePoint>
<MediaDuration>PT00H00M03S1091N30000F</MediaDuration>
</MediaTime>
<TemporalDecomposition>
<VideoSegment id="shot176_178_RKF">
<MediaTime>
<MediaTimePoint>T00:21:14:22204F30000</MediaTimePoint>
</MediaTime>
</VideoSegment>
</TemporalDecomposition>
</VideoSegment>
<VideoSegment id="shot176_179">
<MediaTime>
<MediaTimePoint>T00:21:16:8250F30000</MediaTimePoint>
<MediaDuration>PT00H00M02S6066N30000F</MediaDuration>
</MediaTime>
<TemporalDecomposition>
<VideoSegment id="shot176_179_RKF">
<MediaTime>
<MediaTimePoint>T00:21:17:10282F30000</MediaTimePoint>
</MediaTime>
</VideoSegment>
</TemporalDecomposition>
</VideoSegment>
<VideoSegment id="shot176_180">
<MediaTime>
<MediaTimePoint>T00:21:18:14316F30000</MediaTimePoint>
<MediaDuration>PT00H00M08S2242N30000F</MediaDuration>
</MediaTime>
<TemporalDecomposition>
<VideoSegment id="shot176_180_RKF">
<MediaTime>
<MediaTimePoint>T00:21:22:14436F30000</MediaTimePoint>
</MediaTime>
</VideoSegment>
</TemporalDecomposition>
</VideoSegment>
<VideoSegment id="shot176_181">
<MediaTime>
<MediaTimePoint>T00:21:26:16558F30000</MediaTimePoint>
<MediaDuration>PT00H00M03S12102N30000F</MediaDuration>
</MediaTime>
<TemporalDecomposition>
<VideoSegment id="shot176_181_RKF">
<MediaTime>
<MediaTimePoint>T00:21:28:6608F30000</MediaTimePoint>
</MediaTime>
</VideoSegment>
</TemporalDecomposition>
</VideoSegment>
<VideoSegment id="shot176_182">
<MediaTime>
<MediaTimePoint>T00:21:29:28660F30000</MediaTimePoint>
<MediaDuration>PT00H00M03S90N30000F</MediaDuration>
</MediaTime>
<TemporalDecomposition>
<VideoSegment id="shot176_182_RKF">
<MediaTime>
<MediaTimePoint>T00:21:31:12704F30000</MediaTimePoint>
</MediaTime>
</VideoSegment>
</TemporalDecomposition>
</VideoSegment>
<VideoSegment id="shot176_183">
<MediaTime>
<MediaTimePoint>T00:21:32:28750F30000</MediaTimePoint>
<MediaDuration>PT00H00M04S14134N30000F</MediaDuration>
</MediaTime>
<TemporalDecomposition>
<VideoSegment id="shot176_183_RKF">
<MediaTime>
<MediaTimePoint>T00:21:35:4816F30000</MediaTimePoint>
</MediaTime>
</VideoSegment>
</TemporalDecomposition>
</VideoSegment>
<VideoSegment id="shot176_184">
<MediaTime>
<MediaTimePoint>T00:21:37:12884F30000</MediaTimePoint>
<MediaDuration>PT00H00M06S14194N30000F</MediaDuration>
</MediaTime>
<TemporalDecomposition>
<VideoSegment id="shot176_184_RKF">
<MediaTime>
<MediaTimePoint>T00:21:40:18980F30000</MediaTimePoint>
</MediaTime>
</VideoSegment>
</TemporalDecomposition>
</VideoSegment>
<VideoSegment id="shot176_185">
<MediaTime>
<MediaTimePoint>T00:21:43:27078F30000</MediaTimePoint>
<MediaDuration>PT00H00M04S1121N30000F</MediaDuration>
</MediaTime>
<TemporalDecomposition>
<VideoSegment id="shot176_185_NRKF_1">
<MediaTime>
<MediaTimePoint>T00:21:44:24105F30000</MediaTimePoint>
</MediaTime>
</VideoSegment>
<VideoSegment id="shot176_185_RKF">
<MediaTime>
<MediaTimePoint>T00:21:45:27138F30000</MediaTimePoint>
</MediaTime>
</VideoSegment>
<VideoSegment id="shot176_185_NRKF_2">
<MediaTime>
<MediaTimePoint>T00:21:46:24165F30000</MediaTimePoint>
</MediaTime>
</VideoSegment>
</TemporalDecomposition>
</VideoSegment>
<VideoSegment id="shot176_186">
<MediaTime>
<MediaTimePoint>T00:21:47:28199F30000</MediaTimePoint>
<MediaDuration>PT00H00M02S19079N30000F</MediaDuration>
</MediaTime>
<TemporalDecomposition>
<VideoSegment id="shot176_186_RKF">
<MediaTime>
<MediaTimePoint>T00:21:49:7238F30000</MediaTimePoint>
</MediaTime>
</VideoSegment>
</TemporalDecomposition>
</VideoSegment>
<VideoSegment id="shot176_187">
<MediaTime>
<MediaTimePoint>T00:21:50:17278F30000</MediaTimePoint>
<MediaDuration>PT00H00M03S29119N30000F</MediaDuration>
</MediaTime>
<TemporalDecomposition>
<VideoSegment id="shot176_187_RKF">
<MediaTime>
<MediaTimePoint>T00:21:52:16337F30000</MediaTimePoint>
</MediaTime>
</VideoSegment>
</TemporalDecomposition>
</VideoSegment>
<VideoSegment id="shot176_188">
<MediaTime>
<MediaTimePoint>T00:21:54:16397F30000</MediaTimePoint>
<MediaDuration>PT00H00M05S23173N30000F</MediaDuration>
</MediaTime>
<TemporalDecomposition>
<VideoSegment id="shot176_188_RKF">
<MediaTime>
<MediaTimePoint>T00:21:57:12483F30000</MediaTimePoint>
</MediaTime>
</VideoSegment>
</TemporalDecomposition>
</VideoSegment>
<VideoSegment id="shot176_189">
<MediaTime>
<MediaTimePoint>T00:22:00:9570F30000</MediaTimePoint>
<MediaDuration>PT00H00M13S27417N30000F</MediaDuration>
</MediaTime>
<TemporalDecomposition>
<VideoSegment id="shot176_189_NRKF_1">
<MediaTime>
<MediaTimePoint>T00:22:00:29590F30000</MediaTimePoint>
</MediaTime>
</VideoSegment>
<VideoSegment id="shot176_189_RKF">
<MediaTime>
<MediaTimePoint>T00:22:07:7778F30000</MediaTimePoint>
</MediaTime>
</VideoSegment>
<VideoSegment id="shot176_189_NRKF_2">
<MediaTime>
<MediaTimePoint>T00:22:07:28799F30000</MediaTimePoint>
</MediaTime>
</VideoSegment>
</TemporalDecomposition>
</VideoSegment>
<VideoSegment id="shot176_190">
<MediaTime>
<MediaTimePoint>T00:22:14:6987F30000</MediaTimePoint>
<MediaDuration>PT00H00M14S13433N30000F</MediaDuration>
</MediaTime>
<TemporalDecomposition>
<VideoSegment id="shot176_190_NRKF_1">
<MediaTime>
<MediaTimePoint>T00:22:15:6016F30000</MediaTimePoint>
</MediaTime>
</VideoSegment>
<VideoSegment id="shot176_190_RKF">
<MediaTime>
<MediaTimePoint>T00:22:21:13203F30000</MediaTimePoint>
</MediaTime>
</VideoSegment>
<VideoSegment id="shot176_190_NRKF_2">
<MediaTime>
<MediaTimePoint>T00:22:22:12232F30000</MediaTimePoint>
</MediaTime>
</VideoSegment>
</TemporalDecomposition>
</VideoSegment>
<VideoSegment id="shot176_191">
<MediaTime>
<MediaTimePoint>T00:22:28:20420F30000</MediaTimePoint>
<MediaDuration>PT00H00M03S90N30000F</MediaDuration>
</MediaTime>
<TemporalDecomposition>
<VideoSegment id="shot176_191_RKF">
<MediaTime>
<MediaTimePoint>T00:22:30:4464F30000</MediaTimePoint>
</MediaTime>
</VideoSegment>
</TemporalDecomposition>
</VideoSegment>
<VideoSegment id="shot176_192">
<MediaTime>
<MediaTimePoint>T00:22:31:20510F30000</MediaTimePoint>
<MediaDuration>PT00H00M02S29089N30000F</MediaDuration>
</MediaTime>
<TemporalDecomposition>
<VideoSegment id="shot176_192_RKF">
<MediaTime>
<MediaTimePoint>T00:22:33:4554F30000</MediaTimePoint>
</MediaTime>
</VideoSegment>
</TemporalDecomposition>
</VideoSegment>
<VideoSegment id="shot176_193">
<MediaTime>
<MediaTimePoint>T00:22:34:19599F30000</MediaTimePoint>
<MediaDuration>PT00H00M02S19079N30000F</MediaDuration>
</MediaTime>
<TemporalDecomposition>
<VideoSegment id="shot176_193_NRKF_1">
<MediaTime>
<MediaTimePoint>T00:22:35:7617F30000</MediaTimePoint>
</MediaTime>
</VideoSegment>
<VideoSegment id="shot176_193_RKF">
<MediaTime>
<MediaTimePoint>T00:22:35:28638F30000</MediaTimePoint>
</MediaTime>
</VideoSegment>
<VideoSegment id="shot176_193_NRKF_2">
<MediaTime>
<MediaTimePoint>T00:22:36:16656F30000</MediaTimePoint>
</MediaTime>
</VideoSegment>
</TemporalDecomposition>
</VideoSegment>
<VideoSegment id="shot176_194">
<MediaTime>
<MediaTimePoint>T00:22:37:8678F30000</MediaTimePoint>
<MediaDuration>PT00H00M02S12072N30000F</MediaDuration>
</MediaTime>
<TemporalDecomposition>
<VideoSegment id="shot176_194_RKF">
<MediaTime>
<MediaTimePoint>T00:22:38:13713F30000</MediaTimePoint>
</MediaTime>
</VideoSegment>
</TemporalDecomposition>
</VideoSegment>
<VideoSegment id="shot176_195">
<MediaTime>
<MediaTimePoint>T00:22:39:20750F30000</MediaTimePoint>
<MediaDuration>PT00H00M02S5065N30000F</MediaDuration>
</MediaTime>
<TemporalDecomposition>
<VideoSegment id="shot176_195_RKF">
<MediaTime>
<MediaTimePoint>T00:22:40:22782F30000</MediaTimePoint>
</MediaTime>
</VideoSegment>
</TemporalDecomposition>
</VideoSegment>
<VideoSegment id="shot176_196">
<MediaTime>
<MediaTimePoint>T00:22:41:25815F30000</MediaTimePoint>
<MediaDuration>PT00H00M09S20290N30000F</MediaDuration>
</MediaTime>
<TemporalDecomposition>
<VideoSegment id="shot176_196_NRKF_1">
<MediaTime>
<MediaTimePoint>T00:22:42:9829F30000</MediaTimePoint>
</MediaTime>
</VideoSegment>
<VideoSegment id="shot176_196_RKF">
<MediaTime>
<MediaTimePoint>T00:22:46:19959F30000</MediaTimePoint>
</MediaTime>
</VideoSegment>
<VideoSegment id="shot176_196_NRKF_2">
<MediaTime>
<MediaTimePoint>T00:22:47:4974F30000</MediaTimePoint>
</MediaTime>
</VideoSegment>
</TemporalDecomposition>
</VideoSegment>
<VideoSegment id="shot176_197">
<MediaTime>
<MediaTimePoint>T00:22:51:16105F30000</MediaTimePoint>
<MediaDuration>PT00H00M02S1061N30000F</MediaDuration>
</MediaTime>
<TemporalDecomposition>
<VideoSegment id="shot176_197_RKF">
<MediaTime>
<MediaTimePoint>T00:22:52:16135F30000</MediaTimePoint>
</MediaTime>
</VideoSegment>
</TemporalDecomposition>
</VideoSegment>
<VideoSegment id="shot176_198">
<MediaTime>
<MediaTimePoint>T00:22:53:17166F30000</MediaTimePoint>
<MediaDuration>PT00H00M03S7097N30000F</MediaDuration>
</MediaTime>
<TemporalDecomposition>
<VideoSegment id="shot176_198_NRKF_1">
<MediaTime>
<MediaTimePoint>T00:22:54:15194F30000</MediaTimePoint>
</MediaTime>
</VideoSegment>
<VideoSegment id="shot176_198_RKF">
<MediaTime>
<MediaTimePoint>T00:22:55:5214F30000</MediaTimePoint>
</MediaTime>
</VideoSegment>
<VideoSegment id="shot176_198_NRKF_2">
<MediaTime>
<MediaTimePoint>T00:22:56:3242F30000</MediaTimePoint>
</MediaTime>
</VideoSegment>
</TemporalDecomposition>
</VideoSegment>
<VideoSegment id="shot176_199">
<MediaTime>
<MediaTimePoint>T00:22:56:24263F30000</MediaTimePoint>
<MediaDuration>PT00H00M11S2332N30000F</MediaDuration>
</MediaTime>
<TemporalDecomposition>
<VideoSegment id="shot176_199_RKF">
<MediaTime>
<MediaTimePoint>T00:23:02:9428F30000</MediaTimePoint>
</MediaTime>
</VideoSegment>
</TemporalDecomposition>
</VideoSegment>
<VideoSegment id="shot176_200">
<MediaTime>
<MediaTimePoint>T00:23:07:26595F30000</MediaTimePoint>
<MediaDuration>PT00H00M11S4334N30000F</MediaDuration>
</MediaTime>
<TemporalDecomposition>
<VideoSegment id="shot176_200_NRKF_1">
<MediaTime>
<MediaTimePoint>T00:23:08:25624F30000</MediaTimePoint>
</MediaTime>
</VideoSegment>
<VideoSegment id="shot176_200_RKF">
<MediaTime>
<MediaTimePoint>T00:23:13:12761F30000</MediaTimePoint>
</MediaTime>
</VideoSegment>
<VideoSegment id="shot176_200_NRKF_2">
<MediaTime>
<MediaTimePoint>T00:23:14:12791F30000</MediaTimePoint>
</MediaTime>
</VideoSegment>
</TemporalDecomposition>
</VideoSegment>
<VideoSegment id="shot176_201">
<MediaTime>
<MediaTimePoint>T00:23:19:929F30000</MediaTimePoint>
<MediaDuration>PT00H00M10S14314N30000F</MediaDuration>
</MediaTime>
<TemporalDecomposition>
<VideoSegment id="shot176_201_NRKF_1">
<MediaTime>
<MediaTimePoint>T00:23:19:27956F30000</MediaTimePoint>
</MediaTime>
</VideoSegment>
<VideoSegment id="shot176_201_RKF">
<MediaTime>
<MediaTimePoint>T00:23:24:7085F30000</MediaTimePoint>
</MediaTime>
</VideoSegment>
<VideoSegment id="shot176_201_NRKF_2">
<MediaTime>
<MediaTimePoint>T00:23:25:5113F30000</MediaTimePoint>
</MediaTime>
</VideoSegment>
</TemporalDecomposition>
</VideoSegment>
<VideoSegment id="shot176_202">
<MediaTime>
<MediaTimePoint>T00:23:29:15243F30000</MediaTimePoint>
<MediaDuration>PT00H00M03S8098N30000F</MediaDuration>
</MediaTime>
<TemporalDecomposition>
<VideoSegment id="shot176_202_RKF">
<MediaTime>
<MediaTimePoint>T00:23:31:3291F30000</MediaTimePoint>
</MediaTime>
</VideoSegment>
</TemporalDecomposition>
</VideoSegment>
<VideoSegment id="shot176_203">
<MediaTime>
<MediaTimePoint>T00:23:32:23341F30000</MediaTimePoint>
<MediaDuration>PT00H00M02S1061N30000F</MediaDuration>
</MediaTime>
<TemporalDecomposition>
<VideoSegment id="shot176_203_RKF">
<MediaTime>
<MediaTimePoint>T00:23:33:23371F30000</MediaTimePoint>
</MediaTime>
</VideoSegment>
</TemporalDecomposition>
</VideoSegment>
<VideoSegment id="shot176_204">
<MediaTime>
<MediaTimePoint>T00:23:34:24402F30000</MediaTimePoint>
<MediaDuration>PT00H00M06S1181N30000F</MediaDuration>
</MediaTime>
<TemporalDecomposition>
<VideoSegment id="shot176_204_RKF">
<MediaTime>
<MediaTimePoint>T00:23:37:24492F30000</MediaTimePoint>
</MediaTime>
</VideoSegment>
</TemporalDecomposition>
</VideoSegment>
<VideoSegment id="shot176_205">
<MediaTime>
<MediaTimePoint>T00:23:40:25583F30000</MediaTimePoint>
<MediaDuration>PT00H00M33S6996N30000F</MediaDuration>
</MediaTime>
<TemporalDecomposition>
<VideoSegment id="shot176_205_RKF">
<MediaTime>
<MediaTimePoint>T00:23:57:13080F30000</MediaTimePoint>
</MediaTime>
</VideoSegment>
</TemporalDecomposition>
</VideoSegment>
<VideoSegment id="shot176_206">
<MediaTime>
<MediaTimePoint>T00:24:14:2579F30000</MediaTimePoint>
<MediaDuration>PT00H00M10S20320N30000F</MediaDuration>
</MediaTime>
<TemporalDecomposition>
<VideoSegment id="shot176_206_RKF">
<MediaTime>
<MediaTimePoint>T00:24:19:11738F30000</MediaTimePoint>
</MediaTime>
</VideoSegment>
</TemporalDecomposition>
</VideoSegment>
<VideoSegment id="shot176_207">
<MediaTime>
<MediaTimePoint>T00:24:24:22899F30000</MediaTimePoint>
<MediaDuration>PT00H00M16S18498N30000F</MediaDuration>
</MediaTime>
<TemporalDecomposition>
<VideoSegment id="shot176_207_RKF">
<MediaTime>
<MediaTimePoint>T00:24:33:1147F30000</MediaTimePoint>
</MediaTime>
</VideoSegment>
</TemporalDecomposition>
</VideoSegment>
<VideoSegment id="shot176_208">
<MediaTime>
<MediaTimePoint>T00:24:41:11397F30000</MediaTimePoint>
<MediaDuration>PT00H00M07S28238N30000F</MediaDuration>
</MediaTime>
<TemporalDecomposition>
<VideoSegment id="shot176_208_NRKF_1">
<MediaTime>
<MediaTimePoint>T00:24:41:25411F30000</MediaTimePoint>
</MediaTime>
</VideoSegment>
<VideoSegment id="shot176_208_RKF">
<MediaTime>
<MediaTimePoint>T00:24:45:9515F30000</MediaTimePoint>
</MediaTime>
</VideoSegment>
<VideoSegment id="shot176_208_NRKF_2">
<MediaTime>
<MediaTimePoint>T00:24:45:24530F30000</MediaTimePoint>
</MediaTime>
</VideoSegment>
</TemporalDecomposition>
</VideoSegment>
<VideoSegment id="shot176_209">
<MediaTime>
<MediaTimePoint>T00:24:49:9635F30000</MediaTimePoint>
<MediaDuration>PT00H00M08S21261N30000F</MediaDuration>
</MediaTime>
<TemporalDecomposition>
<VideoSegment id="shot176_209_NRKF_1">
<MediaTime>
<MediaTimePoint>T00:24:49:23649F30000</MediaTimePoint>
</MediaTime>
</VideoSegment>
<VideoSegment id="shot176_209_RKF">
<MediaTime>
<MediaTimePoint>T00:24:53:19765F30000</MediaTimePoint>
</MediaTime>
</VideoSegment>
<VideoSegment id="shot176_209_NRKF_2">
<MediaTime>
<MediaTimePoint>T00:24:54:4780F30000</MediaTimePoint>
</MediaTime>
</VideoSegment>
</TemporalDecomposition>
</VideoSegment>
<VideoSegment id="shot176_210">
<MediaTime>
<MediaTimePoint>T00:24:58:896F30000</MediaTimePoint>
<MediaDuration>PT00H00M08S7247N30000F</MediaDuration>
</MediaTime>
<TemporalDecomposition>
<VideoSegment id="shot176_210_RKF">
<MediaTime>
<MediaTimePoint>T00:25:02:4019F30000</MediaTimePoint>
</MediaTime>
</VideoSegment>
</TemporalDecomposition>
</VideoSegment>
<VideoSegment id="shot176_211">
<MediaTime>
<MediaTimePoint>T00:25:06:8143F30000</MediaTimePoint>
<MediaDuration>PT00H00M16S2482N30000F</MediaDuration>
</MediaTime>
<TemporalDecomposition>
<VideoSegment id="shot176_211_NRKF_1">
<MediaTime>
<MediaTimePoint>T00:25:06:11146F30000</MediaTimePoint>
</MediaTime>
</VideoSegment>
<VideoSegment id="shot176_211_RKF">
<MediaTime>
<MediaTimePoint>T00:25:14:8383F30000</MediaTimePoint>
</MediaTime>
</VideoSegment>
<VideoSegment id="shot176_211_NRKF_2">
<MediaTime>
<MediaTimePoint>T00:25:14:12387F30000</MediaTimePoint>
</MediaTime>
</VideoSegment>
</TemporalDecomposition>
</VideoSegment>
<VideoSegment id="shot176_212">
<MediaTime>
<MediaTimePoint>T00:25:22:10625F30000</MediaTimePoint>
<MediaDuration>PT00H00M15S15465N30000F</MediaDuration>
</MediaTime>
<TemporalDecomposition>
<VideoSegment id="shot176_212_RKF">
<MediaTime>
<MediaTimePoint>T00:25:30:2857F30000</MediaTimePoint>
</MediaTime>
</VideoSegment>
</TemporalDecomposition>
</VideoSegment>
<VideoSegment id="shot176_213">
<MediaTime>
<MediaTimePoint>T00:25:37:26090F30000</MediaTimePoint>
<MediaDuration>PT00H00M10S27327N30000F</MediaDuration>
</MediaTime>
<TemporalDecomposition>
<VideoSegment id="shot176_213_RKF">
<MediaTime>
<MediaTimePoint>T00:25:43:9253F30000</MediaTimePoint>
</MediaTime>
</VideoSegment>
</TemporalDecomposition>
</VideoSegment>
<VideoSegment id="shot176_214">
<MediaTime>
<MediaTimePoint>T00:25:48:23417F30000</MediaTimePoint>
<MediaDuration>PT00H00M03S26116N30000F</MediaDuration>
</MediaTime>
<TemporalDecomposition>
<VideoSegment id="shot176_214_RKF">
<MediaTime>
<MediaTimePoint>T00:25:50:20474F30000</MediaTimePoint>
</MediaTime>
</VideoSegment>
</TemporalDecomposition>
</VideoSegment>
<VideoSegment id="shot176_215">
<MediaTime>
<MediaTimePoint>T00:25:52:19533F30000</MediaTimePoint>
<MediaDuration>PT00H00M08S21261N30000F</MediaDuration>
</MediaTime>
<TemporalDecomposition>
<VideoSegment id="shot176_215_RKF">
<MediaTime>
<MediaTimePoint>T00:25:56:29663F30000</MediaTimePoint>
</MediaTime>
</VideoSegment>
</TemporalDecomposition>
</VideoSegment>
<VideoSegment id="shot176_216">
<MediaTime>
<MediaTimePoint>T00:26:01:10794F30000</MediaTimePoint>
<MediaDuration>PT00H02M18S19155N30000F</MediaDuration>
</MediaTime>
<TemporalDecomposition>
<VideoSegment id="shot176_216_RKF">
<MediaTime>
<MediaTimePoint>T00:27:10:19871F30000</MediaTimePoint>
</MediaTime>
</VideoSegment>
</TemporalDecomposition>
</VideoSegment>
</TemporalDecomposition>
</Video>
</MultimediaContent>
</Description>
</Mpeg7>
