<?xml version="1.0" encoding="UTF-8"?>
<Mpeg7 xmlns="urn:mpeg:mpeg7:schema:2001" xmlns:mpeg7="urn:mpeg:mpeg7:schema:2001" xmlns:xsi="http://www.w3.org/2001/XMLSchema-instance">
<Description xsi:type="ContentEntityType">
<MultimediaContent xsi:type="VideoType">
<Video id="TRECVID2005_180">
<MediaLocator>
<MediaUri>20041105_110000_CCTV4_NEWS3_CHN.mpg</MediaUri>
</MediaLocator>
<MediaTime>
<MediaTimePoint>T00:00:00:0F30000</MediaTimePoint>
<MediaDuration>PT00H28M19S29949N30000F</MediaDuration>
</MediaTime>
<TemporalDecomposition gap="false" overlap="false">
<VideoSegment id="shot180_1">
<MediaTime>
<MediaTimePoint>T00:00:00:0F30000</MediaTimePoint>
<MediaDuration>PT00H00M06S19199N30000F</MediaDuration>
</MediaTime>
<TemporalDecomposition>
<VideoSegment id="shot180_1_RKF">
<MediaTime>
<MediaTimePoint>T00:00:03:9099F30000</MediaTimePoint>
</MediaTime>
</VideoSegment>
</TemporalDecomposition>
</VideoSegment>
<VideoSegment id="shot180_2">
<MediaTime>
<MediaTimePoint>T00:00:06:19199F30000</MediaTimePoint>
<MediaDuration>PT00H00M05S10160N30000F</MediaDuration>
</MediaTime>
<TemporalDecomposition>
<VideoSegment id="shot180_2_NRKF_1">
<MediaTime>
<MediaTimePoint>T00:00:07:210F30000</MediaTimePoint>
</MediaTime>
</VideoSegment>
<VideoSegment id="shot180_2_RKF">
<MediaTime>
<MediaTimePoint>T00:00:09:8278F30000</MediaTimePoint>
</MediaTime>
</VideoSegment>
<VideoSegment id="shot180_2_NRKF_2">
<MediaTime>
<MediaTimePoint>T00:00:09:20290F30000</MediaTimePoint>
</MediaTime>
</VideoSegment>
</TemporalDecomposition>
</VideoSegment>
<VideoSegment id="shot180_3">
<MediaTime>
<MediaTimePoint>T00:00:11:29359F30000</MediaTimePoint>
<MediaDuration>PT00H00M03S16106N30000F</MediaDuration>
</MediaTime>
<TemporalDecomposition>
<VideoSegment id="shot180_3_RKF">
<MediaTime>
<MediaTimePoint>T00:00:13:21411F30000</MediaTimePoint>
</MediaTime>
</VideoSegment>
</TemporalDecomposition>
</VideoSegment>
<VideoSegment id="shot180_4">
<MediaTime>
<MediaTimePoint>T00:00:15:15465F30000</MediaTimePoint>
<MediaDuration>PT00H00M02S26086N30000F</MediaDuration>
</MediaTime>
<TemporalDecomposition>
<VideoSegment id="shot180_4_RKF">
<MediaTime>
<MediaTimePoint>T00:00:16:27507F30000</MediaTimePoint>
</MediaTime>
</VideoSegment>
</TemporalDecomposition>
</VideoSegment>
<VideoSegment id="shot180_5">
<MediaTime>
<MediaTimePoint>T00:00:18:11551F30000</MediaTimePoint>
<MediaDuration>PT00H00M06S3183N30000F</MediaDuration>
</MediaTime>
<TemporalDecomposition>
<VideoSegment id="shot180_5_RKF">
<MediaTime>
<MediaTimePoint>T00:00:21:12642F30000</MediaTimePoint>
</MediaTime>
</VideoSegment>
</TemporalDecomposition>
</VideoSegment>
<VideoSegment id="shot180_6">
<MediaTime>
<MediaTimePoint>T00:00:24:14734F30000</MediaTimePoint>
<MediaDuration>PT00H00M21S11641N30000F</MediaDuration>
</MediaTime>
<TemporalDecomposition>
<VideoSegment id="shot180_6_RKF">
<MediaTime>
<MediaTimePoint>T00:00:35:5054F30000</MediaTimePoint>
</MediaTime>
</VideoSegment>
</TemporalDecomposition>
</VideoSegment>
<VideoSegment id="shot180_7">
<MediaTime>
<MediaTimePoint>T00:00:45:26375F30000</MediaTimePoint>
<MediaDuration>PT00H00M03S23113N30000F</MediaDuration>
</MediaTime>
<TemporalDecomposition>
<VideoSegment id="shot180_7_RKF">
<MediaTime>
<MediaTimePoint>T00:00:47:22431F30000</MediaTimePoint>
</MediaTime>
</VideoSegment>
</TemporalDecomposition>
</VideoSegment>
<VideoSegment id="shot180_8">
<MediaTime>
<MediaTimePoint>T00:00:49:19488F30000</MediaTimePoint>
<MediaDuration>PT00H00M03S18108N30000F</MediaDuration>
</MediaTime>
<TemporalDecomposition>
<VideoSegment id="shot180_8_RKF">
<MediaTime>
<MediaTimePoint>T00:00:51:12541F30000</MediaTimePoint>
</MediaTime>
</VideoSegment>
</TemporalDecomposition>
</VideoSegment>
<VideoSegment id="shot180_9">
<MediaTime>
<MediaTimePoint>T00:00:53:7596F30000</MediaTimePoint>
<MediaDuration>PT00H00M03S18108N30000F</MediaDuration>
</MediaTime>
<TemporalDecomposition>
<VideoSegment id="shot180_9_RKF">
<MediaTime>
<MediaTimePoint>T00:00:55:649F30000</MediaTimePoint>
</MediaTime>
</VideoSegment>
</TemporalDecomposition>
</VideoSegment>
<VideoSegment id="shot180_10">
<MediaTime>
<MediaTimePoint>T00:00:56:25704F30000</MediaTimePoint>
<MediaDuration>PT00H00M04S12132N30000F</MediaDuration>
</MediaTime>
<TemporalDecomposition>
<VideoSegment id="shot180_10_NRKF_1">
<MediaTime>
<MediaTimePoint>T00:00:57:15724F30000</MediaTimePoint>
</MediaTime>
</VideoSegment>
<VideoSegment id="shot180_10_RKF">
<MediaTime>
<MediaTimePoint>T00:00:59:769F30000</MediaTimePoint>
</MediaTime>
</VideoSegment>
<VideoSegment id="shot180_10_NRKF_2">
<MediaTime>
<MediaTimePoint>T00:00:59:21790F30000</MediaTimePoint>
</MediaTime>
</VideoSegment>
</TemporalDecomposition>
</VideoSegment>
<VideoSegment id="shot180_11">
<MediaTime>
<MediaTimePoint>T00:01:01:7836F30000</MediaTimePoint>
<MediaDuration>PT00H00M05S15165N30000F</MediaDuration>
</MediaTime>
<TemporalDecomposition>
<VideoSegment id="shot180_11_RKF">
<MediaTime>
<MediaTimePoint>T00:01:03:29918F30000</MediaTimePoint>
</MediaTime>
</VideoSegment>
</TemporalDecomposition>
</VideoSegment>
<VideoSegment id="shot180_12">
<MediaTime>
<MediaTimePoint>T00:01:06:23001F30000</MediaTimePoint>
<MediaDuration>PT00H00M02S24084N30000F</MediaDuration>
</MediaTime>
<TemporalDecomposition>
<VideoSegment id="shot180_12_RKF">
<MediaTime>
<MediaTimePoint>T00:01:08:4042F30000</MediaTimePoint>
</MediaTime>
</VideoSegment>
</TemporalDecomposition>
</VideoSegment>
<VideoSegment id="shot180_13">
<MediaTime>
<MediaTimePoint>T00:01:09:17085F30000</MediaTimePoint>
<MediaDuration>PT00H00M05S26176N30000F</MediaDuration>
</MediaTime>
<TemporalDecomposition>
<VideoSegment id="shot180_13_NRKF_1">
<MediaTime>
<MediaTimePoint>T00:01:10:15113F30000</MediaTimePoint>
</MediaTime>
</VideoSegment>
<VideoSegment id="shot180_13_RKF">
<MediaTime>
<MediaTimePoint>T00:01:12:14172F30000</MediaTimePoint>
</MediaTime>
</VideoSegment>
<VideoSegment id="shot180_13_NRKF_2">
<MediaTime>
<MediaTimePoint>T00:01:13:13201F30000</MediaTimePoint>
</MediaTime>
</VideoSegment>
</TemporalDecomposition>
</VideoSegment>
<VideoSegment id="shot180_14">
<MediaTime>
<MediaTimePoint>T00:01:15:13261F30000</MediaTimePoint>
<MediaDuration>PT00H00M07S24234N30000F</MediaDuration>
</MediaTime>
<TemporalDecomposition>
<VideoSegment id="shot180_14_RKF">
<MediaTime>
<MediaTimePoint>T00:01:19:9377F30000</MediaTimePoint>
</MediaTime>
</VideoSegment>
</TemporalDecomposition>
</VideoSegment>
<VideoSegment id="shot180_15">
<MediaTime>
<MediaTimePoint>T00:01:23:7495F30000</MediaTimePoint>
<MediaDuration>PT00H00M03S10100N30000F</MediaDuration>
</MediaTime>
<TemporalDecomposition>
<VideoSegment id="shot180_15_RKF">
<MediaTime>
<MediaTimePoint>T00:01:24:26544F30000</MediaTimePoint>
</MediaTime>
</VideoSegment>
</TemporalDecomposition>
</VideoSegment>
<VideoSegment id="shot180_16">
<MediaTime>
<MediaTimePoint>T00:01:26:17595F30000</MediaTimePoint>
<MediaDuration>PT00H00M22S21681N30000F</MediaDuration>
</MediaTime>
<TemporalDecomposition>
<VideoSegment id="shot180_16_RKF">
<MediaTime>
<MediaTimePoint>T00:01:37:27935F30000</MediaTimePoint>
</MediaTime>
</VideoSegment>
</TemporalDecomposition>
</VideoSegment>
<VideoSegment id="shot180_17">
<MediaTime>
<MediaTimePoint>T00:01:49:9276F30000</MediaTimePoint>
<MediaDuration>PT00H00M15S3453N30000F</MediaDuration>
</MediaTime>
<TemporalDecomposition>
<VideoSegment id="shot180_17_RKF">
<MediaTime>
<MediaTimePoint>T00:01:56:25502F30000</MediaTimePoint>
</MediaTime>
</VideoSegment>
</TemporalDecomposition>
</VideoSegment>
<VideoSegment id="shot180_18">
<MediaTime>
<MediaTimePoint>T00:02:04:12729F30000</MediaTimePoint>
<MediaDuration>PT00H00M18S4544N30000F</MediaDuration>
</MediaTime>
<TemporalDecomposition>
<VideoSegment id="shot180_18_RKF">
<MediaTime>
<MediaTimePoint>T00:02:13:14000F30000</MediaTimePoint>
</MediaTime>
</VideoSegment>
</TemporalDecomposition>
</VideoSegment>
<VideoSegment id="shot180_19">
<MediaTime>
<MediaTimePoint>T00:02:22:17273F30000</MediaTimePoint>
<MediaDuration>PT00H00M02S9069N30000F</MediaDuration>
</MediaTime>
<TemporalDecomposition>
<VideoSegment id="shot180_19_RKF">
<MediaTime>
<MediaTimePoint>T00:02:23:21307F30000</MediaTimePoint>
</MediaTime>
</VideoSegment>
</TemporalDecomposition>
</VideoSegment>
<VideoSegment id="shot180_20">
<MediaTime>
<MediaTimePoint>T00:02:24:26342F30000</MediaTimePoint>
<MediaDuration>PT00H00M12S10370N30000F</MediaDuration>
</MediaTime>
<TemporalDecomposition>
<VideoSegment id="shot180_20_RKF">
<MediaTime>
<MediaTimePoint>T00:02:31:526F30000</MediaTimePoint>
</MediaTime>
</VideoSegment>
</TemporalDecomposition>
</VideoSegment>
<VideoSegment id="shot180_21">
<MediaTime>
<MediaTimePoint>T00:02:37:6712F30000</MediaTimePoint>
<MediaDuration>PT00H00M03S24114N30000F</MediaDuration>
</MediaTime>
<TemporalDecomposition>
<VideoSegment id="shot180_21_RKF">
<MediaTime>
<MediaTimePoint>T00:02:39:2768F30000</MediaTimePoint>
</MediaTime>
</VideoSegment>
</TemporalDecomposition>
</VideoSegment>
<VideoSegment id="shot180_22">
<MediaTime>
<MediaTimePoint>T00:02:41:826F30000</MediaTimePoint>
<MediaDuration>PT00H00M03S2092N30000F</MediaDuration>
</MediaTime>
<TemporalDecomposition>
<VideoSegment id="shot180_22_RKF">
<MediaTime>
<MediaTimePoint>T00:02:42:15871F30000</MediaTimePoint>
</MediaTime>
</VideoSegment>
</TemporalDecomposition>
</VideoSegment>
<VideoSegment id="shot180_23">
<MediaTime>
<MediaTimePoint>T00:02:44:2918F30000</MediaTimePoint>
<MediaDuration>PT00H00M03S3093N30000F</MediaDuration>
</MediaTime>
<TemporalDecomposition>
<VideoSegment id="shot180_23_RKF">
<MediaTime>
<MediaTimePoint>T00:02:45:18964F30000</MediaTimePoint>
</MediaTime>
</VideoSegment>
</TemporalDecomposition>
</VideoSegment>
<VideoSegment id="shot180_24">
<MediaTime>
<MediaTimePoint>T00:02:47:6011F30000</MediaTimePoint>
<MediaDuration>PT00H00M08S27267N30000F</MediaDuration>
</MediaTime>
<TemporalDecomposition>
<VideoSegment id="shot180_24_RKF">
<MediaTime>
<MediaTimePoint>T00:02:51:19144F30000</MediaTimePoint>
</MediaTime>
</VideoSegment>
</TemporalDecomposition>
</VideoSegment>
<VideoSegment id="shot180_25">
<MediaTime>
<MediaTimePoint>T00:02:56:3278F30000</MediaTimePoint>
<MediaDuration>PT00H00M02S27087N30000F</MediaDuration>
</MediaTime>
<TemporalDecomposition>
<VideoSegment id="shot180_25_RKF">
<MediaTime>
<MediaTimePoint>T00:02:57:16321F30000</MediaTimePoint>
</MediaTime>
</VideoSegment>
</TemporalDecomposition>
</VideoSegment>
<VideoSegment id="shot180_26">
<MediaTime>
<MediaTimePoint>T00:02:59:365F30000</MediaTimePoint>
<MediaDuration>PT00H00M04S12132N30000F</MediaDuration>
</MediaTime>
<TemporalDecomposition>
<VideoSegment id="shot180_26_RKF">
<MediaTime>
<MediaTimePoint>T00:03:01:5430F30000</MediaTimePoint>
</MediaTime>
</VideoSegment>
</TemporalDecomposition>
</VideoSegment>
<VideoSegment id="shot180_27">
<MediaTime>
<MediaTimePoint>T00:03:03:12497F30000</MediaTimePoint>
<MediaDuration>PT00H00M10S28328N30000F</MediaDuration>
</MediaTime>
<TemporalDecomposition>
<VideoSegment id="shot180_27_RKF">
<MediaTime>
<MediaTimePoint>T00:03:08:25660F30000</MediaTimePoint>
</MediaTime>
</VideoSegment>
</TemporalDecomposition>
</VideoSegment>
<VideoSegment id="shot180_28">
<MediaTime>
<MediaTimePoint>T00:03:14:10825F30000</MediaTimePoint>
<MediaDuration>PT00H00M04S8128N30000F</MediaDuration>
</MediaTime>
<TemporalDecomposition>
<VideoSegment id="shot180_28_RKF">
<MediaTime>
<MediaTimePoint>T00:03:16:13888F30000</MediaTimePoint>
</MediaTime>
</VideoSegment>
</TemporalDecomposition>
</VideoSegment>
<VideoSegment id="shot180_29">
<MediaTime>
<MediaTimePoint>T00:03:18:18953F30000</MediaTimePoint>
<MediaDuration>PT00H00M02S20080N30000F</MediaDuration>
</MediaTime>
<TemporalDecomposition>
<VideoSegment id="shot180_29_RKF">
<MediaTime>
<MediaTimePoint>T00:03:19:27992F30000</MediaTimePoint>
</MediaTime>
</VideoSegment>
</TemporalDecomposition>
</VideoSegment>
<VideoSegment id="shot180_30">
<MediaTime>
<MediaTimePoint>T00:03:21:9033F30000</MediaTimePoint>
<MediaDuration>PT00H00M04S8128N30000F</MediaDuration>
</MediaTime>
<TemporalDecomposition>
<VideoSegment id="shot180_30_NRKF_1">
<MediaTime>
<MediaTimePoint>T00:03:22:8062F30000</MediaTimePoint>
</MediaTime>
</VideoSegment>
<VideoSegment id="shot180_30_RKF">
<MediaTime>
<MediaTimePoint>T00:03:23:12096F30000</MediaTimePoint>
</MediaTime>
</VideoSegment>
<VideoSegment id="shot180_30_NRKF_2">
<MediaTime>
<MediaTimePoint>T00:03:24:12126F30000</MediaTimePoint>
</MediaTime>
</VideoSegment>
</TemporalDecomposition>
</VideoSegment>
<VideoSegment id="shot180_31">
<MediaTime>
<MediaTimePoint>T00:03:25:17161F30000</MediaTimePoint>
<MediaDuration>PT00H00M06S19199N30000F</MediaDuration>
</MediaTime>
<TemporalDecomposition>
<VideoSegment id="shot180_31_NRKF_1">
<MediaTime>
<MediaTimePoint>T00:03:26:16190F30000</MediaTimePoint>
</MediaTime>
</VideoSegment>
<VideoSegment id="shot180_31_RKF">
<MediaTime>
<MediaTimePoint>T00:03:28:26260F30000</MediaTimePoint>
</MediaTime>
</VideoSegment>
<VideoSegment id="shot180_31_NRKF_2">
<MediaTime>
<MediaTimePoint>T00:03:29:26290F30000</MediaTimePoint>
</MediaTime>
</VideoSegment>
</TemporalDecomposition>
</VideoSegment>
<VideoSegment id="shot180_32">
<MediaTime>
<MediaTimePoint>T00:03:32:6360F30000</MediaTimePoint>
<MediaDuration>PT00H00M02S4064N30000F</MediaDuration>
</MediaTime>
<TemporalDecomposition>
<VideoSegment id="shot180_32_RKF">
<MediaTime>
<MediaTimePoint>T00:03:33:7391F30000</MediaTimePoint>
</MediaTime>
</VideoSegment>
</TemporalDecomposition>
</VideoSegment>
<VideoSegment id="shot180_33">
<MediaTime>
<MediaTimePoint>T00:03:34:10424F30000</MediaTimePoint>
<MediaDuration>PT00H00M05S26176N30000F</MediaDuration>
</MediaTime>
<TemporalDecomposition>
<VideoSegment id="shot180_33_RKF">
<MediaTime>
<MediaTimePoint>T00:03:37:7511F30000</MediaTimePoint>
</MediaTime>
</VideoSegment>
</TemporalDecomposition>
</VideoSegment>
<VideoSegment id="shot180_34">
<MediaTime>
<MediaTimePoint>T00:03:40:6600F30000</MediaTimePoint>
<MediaDuration>PT00H00M02S6066N30000F</MediaDuration>
</MediaTime>
<TemporalDecomposition>
<VideoSegment id="shot180_34_RKF">
<MediaTime>
<MediaTimePoint>T00:03:41:8632F30000</MediaTimePoint>
</MediaTime>
</VideoSegment>
</TemporalDecomposition>
</VideoSegment>
<VideoSegment id="shot180_35">
<MediaTime>
<MediaTimePoint>T00:03:42:12666F30000</MediaTimePoint>
<MediaDuration>PT00H01M20S15413N30000F</MediaDuration>
</MediaTime>
<TemporalDecomposition>
<VideoSegment id="shot180_35_RKF">
<MediaTime>
<MediaTimePoint>T00:04:22:19872F30000</MediaTimePoint>
</MediaTime>
</VideoSegment>
</TemporalDecomposition>
</VideoSegment>
<VideoSegment id="shot180_36">
<MediaTime>
<MediaTimePoint>T00:05:02:28079F30000</MediaTimePoint>
<MediaDuration>PT00H00M03S18108N30000F</MediaDuration>
</MediaTime>
<TemporalDecomposition>
<VideoSegment id="shot180_36_RKF">
<MediaTime>
<MediaTimePoint>T00:05:04:21132F30000</MediaTimePoint>
</MediaTime>
</VideoSegment>
</TemporalDecomposition>
</VideoSegment>
<VideoSegment id="shot180_37">
<MediaTime>
<MediaTimePoint>T00:05:06:16187F30000</MediaTimePoint>
<MediaDuration>PT00H00M09S16286N30000F</MediaDuration>
</MediaTime>
<TemporalDecomposition>
<VideoSegment id="shot180_37_RKF">
<MediaTime>
<MediaTimePoint>T00:05:11:8329F30000</MediaTimePoint>
</MediaTime>
</VideoSegment>
</TemporalDecomposition>
</VideoSegment>
<VideoSegment id="shot180_38">
<MediaTime>
<MediaTimePoint>T00:05:16:2473F30000</MediaTimePoint>
<MediaDuration>PT00H00M28S13853N30000F</MediaDuration>
</MediaTime>
<TemporalDecomposition>
<VideoSegment id="shot180_38_RKF">
<MediaTime>
<MediaTimePoint>T00:05:30:8899F30000</MediaTimePoint>
</MediaTime>
</VideoSegment>
</TemporalDecomposition>
</VideoSegment>
<VideoSegment id="shot180_39">
<MediaTime>
<MediaTimePoint>T00:05:44:16326F30000</MediaTimePoint>
<MediaDuration>PT00H00M23S5695N30000F</MediaDuration>
</MediaTime>
<TemporalDecomposition>
<VideoSegment id="shot180_39_RKF">
<MediaTime>
<MediaTimePoint>T00:05:56:3673F30000</MediaTimePoint>
</MediaTime>
</VideoSegment>
</TemporalDecomposition>
</VideoSegment>
<VideoSegment id="shot180_40">
<MediaTime>
<MediaTimePoint>T00:06:07:22021F30000</MediaTimePoint>
<MediaDuration>PT00H00M14S7427N30000F</MediaDuration>
</MediaTime>
<TemporalDecomposition>
<VideoSegment id="shot180_40_RKF">
<MediaTime>
<MediaTimePoint>T00:06:14:25234F30000</MediaTimePoint>
</MediaTime>
</VideoSegment>
</TemporalDecomposition>
</VideoSegment>
<VideoSegment id="shot180_41">
<MediaTime>
<MediaTimePoint>T00:06:21:29448F30000</MediaTimePoint>
<MediaDuration>PT00H00M24S23743N30000F</MediaDuration>
</MediaTime>
<TemporalDecomposition>
<VideoSegment id="shot180_41_RKF">
<MediaTime>
<MediaTimePoint>T00:06:34:10819F30000</MediaTimePoint>
</MediaTime>
</VideoSegment>
</TemporalDecomposition>
</VideoSegment>
<VideoSegment id="shot180_42">
<MediaTime>
<MediaTimePoint>T00:06:46:23191F30000</MediaTimePoint>
<MediaDuration>PT00H00M07S9219N30000F</MediaDuration>
</MediaTime>
<TemporalDecomposition>
<VideoSegment id="shot180_42_RKF">
<MediaTime>
<MediaTimePoint>T00:06:50:12300F30000</MediaTimePoint>
</MediaTime>
</VideoSegment>
</TemporalDecomposition>
</VideoSegment>
<VideoSegment id="shot180_43">
<MediaTime>
<MediaTimePoint>T00:06:54:2410F30000</MediaTimePoint>
<MediaDuration>PT00H00M07S3213N30000F</MediaDuration>
</MediaTime>
<TemporalDecomposition>
<VideoSegment id="shot180_43_RKF">
<MediaTime>
<MediaTimePoint>T00:06:57:18516F30000</MediaTimePoint>
</MediaTime>
</VideoSegment>
</TemporalDecomposition>
</VideoSegment>
<VideoSegment id="shot180_44">
<MediaTime>
<MediaTimePoint>T00:07:01:5623F30000</MediaTimePoint>
<MediaDuration>PT00H01M15S17265N30000F</MediaDuration>
</MediaTime>
<TemporalDecomposition>
<VideoSegment id="shot180_44_NRKF_1">
<MediaTime>
<MediaTimePoint>T00:07:01:29647F30000</MediaTimePoint>
</MediaTime>
</VideoSegment>
<VideoSegment id="shot180_44_RKF">
<MediaTime>
<MediaTimePoint>T00:07:38:28755F30000</MediaTimePoint>
</MediaTime>
</VideoSegment>
<VideoSegment id="shot180_44_NRKF_2">
<MediaTime>
<MediaTimePoint>T00:07:39:23780F30000</MediaTimePoint>
</MediaTime>
</VideoSegment>
</TemporalDecomposition>
</VideoSegment>
<VideoSegment id="shot180_45">
<MediaTime>
<MediaTimePoint>T00:08:16:22888F30000</MediaTimePoint>
<MediaDuration>PT00H00M03S26116N30000F</MediaDuration>
</MediaTime>
<TemporalDecomposition>
<VideoSegment id="shot180_45_RKF">
<MediaTime>
<MediaTimePoint>T00:08:18:19945F30000</MediaTimePoint>
</MediaTime>
</VideoSegment>
</TemporalDecomposition>
</VideoSegment>
<VideoSegment id="shot180_46">
<MediaTime>
<MediaTimePoint>T00:08:20:19004F30000</MediaTimePoint>
<MediaDuration>PT00H00M03S1091N30000F</MediaDuration>
</MediaTime>
<TemporalDecomposition>
<VideoSegment id="shot180_46_RKF">
<MediaTime>
<MediaTimePoint>T00:08:22:4049F30000</MediaTimePoint>
</MediaTime>
</VideoSegment>
</TemporalDecomposition>
</VideoSegment>
<VideoSegment id="shot180_47">
<MediaTime>
<MediaTimePoint>T00:08:23:20095F30000</MediaTimePoint>
<MediaDuration>PT00H00M03S29119N30000F</MediaDuration>
</MediaTime>
<TemporalDecomposition>
<VideoSegment id="shot180_47_RKF">
<MediaTime>
<MediaTimePoint>T00:08:25:19154F30000</MediaTimePoint>
</MediaTime>
</VideoSegment>
</TemporalDecomposition>
</VideoSegment>
<VideoSegment id="shot180_48">
<MediaTime>
<MediaTimePoint>T00:08:27:19214F30000</MediaTimePoint>
<MediaDuration>PT00H00M03S8098N30000F</MediaDuration>
</MediaTime>
<TemporalDecomposition>
<VideoSegment id="shot180_48_RKF">
<MediaTime>
<MediaTimePoint>T00:08:29:7262F30000</MediaTimePoint>
</MediaTime>
</VideoSegment>
</TemporalDecomposition>
</VideoSegment>
<VideoSegment id="shot180_49">
<MediaTime>
<MediaTimePoint>T00:08:30:27312F30000</MediaTimePoint>
<MediaDuration>PT00H00M04S120N30000F</MediaDuration>
</MediaTime>
<TemporalDecomposition>
<VideoSegment id="shot180_49_RKF">
<MediaTime>
<MediaTimePoint>T00:08:32:26371F30000</MediaTimePoint>
</MediaTime>
</VideoSegment>
</TemporalDecomposition>
</VideoSegment>
<VideoSegment id="shot180_50">
<MediaTime>
<MediaTimePoint>T00:08:34:27432F30000</MediaTimePoint>
<MediaDuration>PT00H00M03S20110N30000F</MediaDuration>
</MediaTime>
<TemporalDecomposition>
<VideoSegment id="shot180_50_RKF">
<MediaTime>
<MediaTimePoint>T00:08:36:21486F30000</MediaTimePoint>
</MediaTime>
</VideoSegment>
</TemporalDecomposition>
</VideoSegment>
<VideoSegment id="shot180_51">
<MediaTime>
<MediaTimePoint>T00:08:38:17542F30000</MediaTimePoint>
<MediaDuration>PT00H00M02S20080N30000F</MediaDuration>
</MediaTime>
<TemporalDecomposition>
<VideoSegment id="shot180_51_RKF">
<MediaTime>
<MediaTimePoint>T00:08:39:26581F30000</MediaTimePoint>
</MediaTime>
</VideoSegment>
</TemporalDecomposition>
</VideoSegment>
<VideoSegment id="shot180_52">
<MediaTime>
<MediaTimePoint>T00:08:41:7622F30000</MediaTimePoint>
<MediaDuration>PT00H00M04S25145N30000F</MediaDuration>
</MediaTime>
<TemporalDecomposition>
<VideoSegment id="shot180_52_NRKF_1">
<MediaTime>
<MediaTimePoint>T00:08:41:17632F30000</MediaTimePoint>
</MediaTime>
</VideoSegment>
<VideoSegment id="shot180_52_RKF">
<MediaTime>
<MediaTimePoint>T00:08:43:19694F30000</MediaTimePoint>
</MediaTime>
</VideoSegment>
<VideoSegment id="shot180_52_NRKF_2">
<MediaTime>
<MediaTimePoint>T00:08:44:705F30000</MediaTimePoint>
</MediaTime>
</VideoSegment>
</TemporalDecomposition>
</VideoSegment>
<VideoSegment id="shot180_53">
<MediaTime>
<MediaTimePoint>T00:08:46:2767F30000</MediaTimePoint>
<MediaDuration>PT00H00M07S4214N30000F</MediaDuration>
</MediaTime>
<TemporalDecomposition>
<VideoSegment id="shot180_53_RKF">
<MediaTime>
<MediaTimePoint>T00:08:49:18873F30000</MediaTimePoint>
</MediaTime>
</VideoSegment>
</TemporalDecomposition>
</VideoSegment>
<VideoSegment id="shot180_54">
<MediaTime>
<MediaTimePoint>T00:08:53:6981F30000</MediaTimePoint>
<MediaDuration>PT00H00M02S23083N30000F</MediaDuration>
</MediaTime>
<TemporalDecomposition>
<VideoSegment id="shot180_54_RKF">
<MediaTime>
<MediaTimePoint>T00:08:54:18022F30000</MediaTimePoint>
</MediaTime>
</VideoSegment>
</TemporalDecomposition>
</VideoSegment>
<VideoSegment id="shot180_55">
<MediaTime>
<MediaTimePoint>T00:08:56:64F30000</MediaTimePoint>
<MediaDuration>PT00H00M09S22292N30000F</MediaDuration>
</MediaTime>
<TemporalDecomposition>
<VideoSegment id="shot180_55_NRKF_1">
<MediaTime>
<MediaTimePoint>T00:08:56:7071F30000</MediaTimePoint>
</MediaTime>
</VideoSegment>
<VideoSegment id="shot180_55_NRKF_2">
<MediaTime>
<MediaTimePoint>T00:08:57:7101F30000</MediaTimePoint>
</MediaTime>
</VideoSegment>
<VideoSegment id="shot180_55_RKF">
<MediaTime>
<MediaTimePoint>T00:09:00:25209F30000</MediaTimePoint>
</MediaTime>
</VideoSegment>
<VideoSegment id="shot180_55_NRKF_3">
<MediaTime>
<MediaTimePoint>T00:09:01:25239F30000</MediaTimePoint>
</MediaTime>
</VideoSegment>
</TemporalDecomposition>
</VideoSegment>
<VideoSegment id="shot180_56">
<MediaTime>
<MediaTimePoint>T00:09:05:22356F30000</MediaTimePoint>
<MediaDuration>PT00H00M05S5155N30000F</MediaDuration>
</MediaTime>
<TemporalDecomposition>
<VideoSegment id="shot180_56_RKF">
<MediaTime>
<MediaTimePoint>T00:09:08:9433F30000</MediaTimePoint>
</MediaTime>
</VideoSegment>
</TemporalDecomposition>
</VideoSegment>
<VideoSegment id="shot180_57">
<MediaTime>
<MediaTimePoint>T00:09:10:27511F30000</MediaTimePoint>
<MediaDuration>PT00H00M04S14134N30000F</MediaDuration>
</MediaTime>
<TemporalDecomposition>
<VideoSegment id="shot180_57_RKF">
<MediaTime>
<MediaTimePoint>T00:09:13:3577F30000</MediaTimePoint>
</MediaTime>
</VideoSegment>
</TemporalDecomposition>
</VideoSegment>
<VideoSegment id="shot180_58">
<MediaTime>
<MediaTimePoint>T00:09:15:11645F30000</MediaTimePoint>
<MediaDuration>PT00H00M03S1091N30000F</MediaDuration>
</MediaTime>
<TemporalDecomposition>
<VideoSegment id="shot180_58_RKF">
<MediaTime>
<MediaTimePoint>T00:09:16:26690F30000</MediaTimePoint>
</MediaTime>
</VideoSegment>
</TemporalDecomposition>
</VideoSegment>
<VideoSegment id="shot180_59">
<MediaTime>
<MediaTimePoint>T00:09:18:12736F30000</MediaTimePoint>
<MediaDuration>PT00H00M04S19139N30000F</MediaDuration>
</MediaTime>
<TemporalDecomposition>
<VideoSegment id="shot180_59_RKF">
<MediaTime>
<MediaTimePoint>T00:09:20:21805F30000</MediaTimePoint>
</MediaTime>
</VideoSegment>
</TemporalDecomposition>
</VideoSegment>
<VideoSegment id="shot180_60">
<MediaTime>
<MediaTimePoint>T00:09:23:1875F30000</MediaTimePoint>
<MediaDuration>PT00H00M05S24174N30000F</MediaDuration>
</MediaTime>
<TemporalDecomposition>
<VideoSegment id="shot180_60_NRKF_1">
<MediaTime>
<MediaTimePoint>T00:09:23:18892F30000</MediaTimePoint>
</MediaTime>
</VideoSegment>
<VideoSegment id="shot180_60_RKF">
<MediaTime>
<MediaTimePoint>T00:09:25:27961F30000</MediaTimePoint>
</MediaTime>
</VideoSegment>
<VideoSegment id="shot180_60_NRKF_2">
<MediaTime>
<MediaTimePoint>T00:09:26:15979F30000</MediaTimePoint>
</MediaTime>
</VideoSegment>
</TemporalDecomposition>
</VideoSegment>
<VideoSegment id="shot180_61">
<MediaTime>
<MediaTimePoint>T00:09:28:26049F30000</MediaTimePoint>
<MediaDuration>PT00H00M12S10370N30000F</MediaDuration>
</MediaTime>
<TemporalDecomposition>
<VideoSegment id="shot180_61_RKF">
<MediaTime>
<MediaTimePoint>T00:09:35:233F30000</MediaTimePoint>
</MediaTime>
</VideoSegment>
</TemporalDecomposition>
</VideoSegment>
<VideoSegment id="shot180_62">
<MediaTime>
<MediaTimePoint>T00:09:41:6419F30000</MediaTimePoint>
<MediaDuration>PT00H00M02S8068N30000F</MediaDuration>
</MediaTime>
<TemporalDecomposition>
<VideoSegment id="shot180_62_NRKF_1">
<MediaTime>
<MediaTimePoint>T00:09:41:20433F30000</MediaTimePoint>
</MediaTime>
</VideoSegment>
<VideoSegment id="shot180_62_RKF">
<MediaTime>
<MediaTimePoint>T00:09:42:9452F30000</MediaTimePoint>
</MediaTime>
</VideoSegment>
<VideoSegment id="shot180_62_NRKF_2">
<MediaTime>
<MediaTimePoint>T00:09:42:15458F30000</MediaTimePoint>
</MediaTime>
</VideoSegment>
<VideoSegment id="shot180_62_NRKF_3">
<MediaTime>
<MediaTimePoint>T00:09:43:4477F30000</MediaTimePoint>
</MediaTime>
</VideoSegment>
</TemporalDecomposition>
</VideoSegment>
<VideoSegment id="shot180_63">
<MediaTime>
<MediaTimePoint>T00:09:43:14487F30000</MediaTimePoint>
<MediaDuration>PT00H00M02S17077N30000F</MediaDuration>
</MediaTime>
<TemporalDecomposition>
<VideoSegment id="shot180_63_NRKF_1">
<MediaTime>
<MediaTimePoint>T00:09:43:26499F30000</MediaTimePoint>
</MediaTime>
</VideoSegment>
<VideoSegment id="shot180_63_NRKF_2">
<MediaTime>
<MediaTimePoint>T00:09:44:12515F30000</MediaTimePoint>
</MediaTime>
</VideoSegment>
<VideoSegment id="shot180_63_NRKF_3">
<MediaTime>
<MediaTimePoint>T00:09:44:18521F30000</MediaTimePoint>
</MediaTime>
</VideoSegment>
<VideoSegment id="shot180_63_RKF">
<MediaTime>
<MediaTimePoint>T00:09:44:22525F30000</MediaTimePoint>
</MediaTime>
</VideoSegment>
<VideoSegment id="shot180_63_NRKF_4">
<MediaTime>
<MediaTimePoint>T00:09:45:10543F30000</MediaTimePoint>
</MediaTime>
</VideoSegment>
</TemporalDecomposition>
</VideoSegment>
<VideoSegment id="shot180_64">
<MediaTime>
<MediaTimePoint>T00:09:46:1564F30000</MediaTimePoint>
<MediaDuration>PT00H00M03S1091N30000F</MediaDuration>
</MediaTime>
<TemporalDecomposition>
<VideoSegment id="shot180_64_NRKF_1">
<MediaTime>
<MediaTimePoint>T00:09:46:16579F30000</MediaTimePoint>
</MediaTime>
</VideoSegment>
<VideoSegment id="shot180_64_NRKF_2">
<MediaTime>
<MediaTimePoint>T00:09:47:10603F30000</MediaTimePoint>
</MediaTime>
</VideoSegment>
<VideoSegment id="shot180_64_RKF">
<MediaTime>
<MediaTimePoint>T00:09:47:16609F30000</MediaTimePoint>
</MediaTime>
</VideoSegment>
<VideoSegment id="shot180_64_NRKF_3">
<MediaTime>
<MediaTimePoint>T00:09:48:10633F30000</MediaTimePoint>
</MediaTime>
</VideoSegment>
</TemporalDecomposition>
</VideoSegment>
<VideoSegment id="shot180_65">
<MediaTime>
<MediaTimePoint>T00:09:49:2655F30000</MediaTimePoint>
<MediaDuration>PT00H00M02S5065N30000F</MediaDuration>
</MediaTime>
<TemporalDecomposition>
<VideoSegment id="shot180_65_NRKF_1">
<MediaTime>
<MediaTimePoint>T00:09:49:7660F30000</MediaTimePoint>
</MediaTime>
</VideoSegment>
<VideoSegment id="shot180_65_NRKF_2">
<MediaTime>
<MediaTimePoint>T00:09:49:20673F30000</MediaTimePoint>
</MediaTime>
</VideoSegment>
<VideoSegment id="shot180_65_RKF">
<MediaTime>
<MediaTimePoint>T00:09:50:4687F30000</MediaTimePoint>
</MediaTime>
</VideoSegment>
<VideoSegment id="shot180_65_NRKF_3">
<MediaTime>
<MediaTimePoint>T00:09:50:6689F30000</MediaTimePoint>
</MediaTime>
</VideoSegment>
<VideoSegment id="shot180_65_NRKF_4">
<MediaTime>
<MediaTimePoint>T00:09:50:26709F30000</MediaTimePoint>
</MediaTime>
</VideoSegment>
</TemporalDecomposition>
</VideoSegment>
<VideoSegment id="shot180_66">
<MediaTime>
<MediaTimePoint>T00:09:51:7720F30000</MediaTimePoint>
<MediaDuration>PT00H00M02S6066N30000F</MediaDuration>
</MediaTime>
<TemporalDecomposition>
<VideoSegment id="shot180_66_NRKF_1">
<MediaTime>
<MediaTimePoint>T00:09:51:13726F30000</MediaTimePoint>
</MediaTime>
</VideoSegment>
<VideoSegment id="shot180_66_NRKF_2">
<MediaTime>
<MediaTimePoint>T00:09:51:23736F30000</MediaTimePoint>
</MediaTime>
</VideoSegment>
<VideoSegment id="shot180_66_NRKF_3">
<MediaTime>
<MediaTimePoint>T00:09:52:2745F30000</MediaTimePoint>
</MediaTime>
</VideoSegment>
<VideoSegment id="shot180_66_RKF">
<MediaTime>
<MediaTimePoint>T00:09:52:9752F30000</MediaTimePoint>
</MediaTime>
</VideoSegment>
<VideoSegment id="shot180_66_NRKF_4">
<MediaTime>
<MediaTimePoint>T00:09:52:25768F30000</MediaTimePoint>
</MediaTime>
</VideoSegment>
</TemporalDecomposition>
</VideoSegment>
<VideoSegment id="shot180_67">
<MediaTime>
<MediaTimePoint>T00:09:53:13786F30000</MediaTimePoint>
<MediaDuration>PT00H00M02S18078N30000F</MediaDuration>
</MediaTime>
<TemporalDecomposition>
<VideoSegment id="shot180_67_NRKF_1">
<MediaTime>
<MediaTimePoint>T00:09:53:25798F30000</MediaTimePoint>
</MediaTime>
</VideoSegment>
<VideoSegment id="shot180_67_RKF">
<MediaTime>
<MediaTimePoint>T00:09:54:21824F30000</MediaTimePoint>
</MediaTime>
</VideoSegment>
<VideoSegment id="shot180_67_NRKF_2">
<MediaTime>
<MediaTimePoint>T00:09:54:23826F30000</MediaTimePoint>
</MediaTime>
</VideoSegment>
<VideoSegment id="shot180_67_NRKF_3">
<MediaTime>
<MediaTimePoint>T00:09:55:20853F30000</MediaTimePoint>
</MediaTime>
</VideoSegment>
</TemporalDecomposition>
</VideoSegment>
<VideoSegment id="shot180_68">
<MediaTime>
<MediaTimePoint>T00:09:56:1864F30000</MediaTimePoint>
<MediaDuration>PT00H00M02S22082N30000F</MediaDuration>
</MediaTime>
<TemporalDecomposition>
<VideoSegment id="shot180_68_NRKF_1">
<MediaTime>
<MediaTimePoint>T00:09:56:5868F30000</MediaTimePoint>
</MediaTime>
</VideoSegment>
<VideoSegment id="shot180_68_NRKF_2">
<MediaTime>
<MediaTimePoint>T00:09:56:16879F30000</MediaTimePoint>
</MediaTime>
</VideoSegment>
<VideoSegment id="shot180_68_NRKF_3">
<MediaTime>
<MediaTimePoint>T00:09:56:27890F30000</MediaTimePoint>
</MediaTime>
</VideoSegment>
<VideoSegment id="shot180_68_RKF">
<MediaTime>
<MediaTimePoint>T00:09:57:11904F30000</MediaTimePoint>
</MediaTime>
</VideoSegment>
<VideoSegment id="shot180_68_NRKF_4">
<MediaTime>
<MediaTimePoint>T00:09:57:13906F30000</MediaTimePoint>
</MediaTime>
</VideoSegment>
<VideoSegment id="shot180_68_NRKF_5">
<MediaTime>
<MediaTimePoint>T00:09:58:7930F30000</MediaTimePoint>
</MediaTime>
</VideoSegment>
</TemporalDecomposition>
</VideoSegment>
<VideoSegment id="shot180_69">
<MediaTime>
<MediaTimePoint>T00:09:58:23946F30000</MediaTimePoint>
<MediaDuration>PT00H00M04S120N30000F</MediaDuration>
</MediaTime>
<TemporalDecomposition>
<VideoSegment id="shot180_69_NRKF_1">
<MediaTime>
<MediaTimePoint>T00:09:59:1954F30000</MediaTimePoint>
</MediaTime>
</VideoSegment>
<VideoSegment id="shot180_69_NRKF_2">
<MediaTime>
<MediaTimePoint>T00:10:00:983F30000</MediaTimePoint>
</MediaTime>
</VideoSegment>
<VideoSegment id="shot180_69_RKF">
<MediaTime>
<MediaTimePoint>T00:10:00:23005F30000</MediaTimePoint>
</MediaTime>
</VideoSegment>
<VideoSegment id="shot180_69_NRKF_3">
<MediaTime>
<MediaTimePoint>T00:10:01:22034F30000</MediaTimePoint>
</MediaTime>
</VideoSegment>
</TemporalDecomposition>
</VideoSegment>
<VideoSegment id="shot180_70">
<MediaTime>
<MediaTimePoint>T00:10:02:24066F30000</MediaTimePoint>
<MediaDuration>PT00H00M03S10100N30000F</MediaDuration>
</MediaTime>
<TemporalDecomposition>
<VideoSegment id="shot180_70_NRKF_1">
<MediaTime>
<MediaTimePoint>T00:10:03:72F30000</MediaTimePoint>
</MediaTime>
</VideoSegment>
<VideoSegment id="shot180_70_NRKF_2">
<MediaTime>
<MediaTimePoint>T00:10:03:11083F30000</MediaTimePoint>
</MediaTime>
</VideoSegment>
<VideoSegment id="shot180_70_NRKF_3">
<MediaTime>
<MediaTimePoint>T00:10:03:20092F30000</MediaTimePoint>
</MediaTime>
</VideoSegment>
<VideoSegment id="shot180_70_NRKF_4">
<MediaTime>
<MediaTimePoint>T00:10:04:2104F30000</MediaTimePoint>
</MediaTime>
</VideoSegment>
<VideoSegment id="shot180_70_RKF">
<MediaTime>
<MediaTimePoint>T00:10:04:13115F30000</MediaTimePoint>
</MediaTime>
</VideoSegment>
<VideoSegment id="shot180_70_NRKF_5">
<MediaTime>
<MediaTimePoint>T00:10:05:6138F30000</MediaTimePoint>
</MediaTime>
</VideoSegment>
</TemporalDecomposition>
</VideoSegment>
<VideoSegment id="shot180_71">
<MediaTime>
<MediaTimePoint>T00:10:06:4166F30000</MediaTimePoint>
<MediaDuration>PT00H00M02S22082N30000F</MediaDuration>
</MediaTime>
<TemporalDecomposition>
<VideoSegment id="shot180_71_NRKF_1">
<MediaTime>
<MediaTimePoint>T00:10:06:5167F30000</MediaTimePoint>
</MediaTime>
</VideoSegment>
<VideoSegment id="shot180_71_NRKF_2">
<MediaTime>
<MediaTimePoint>T00:10:06:26188F30000</MediaTimePoint>
</MediaTime>
</VideoSegment>
<VideoSegment id="shot180_71_RKF">
<MediaTime>
<MediaTimePoint>T00:10:07:14206F30000</MediaTimePoint>
</MediaTime>
</VideoSegment>
<VideoSegment id="shot180_71_NRKF_3">
<MediaTime>
<MediaTimePoint>T00:10:08:5227F30000</MediaTimePoint>
</MediaTime>
</VideoSegment>
</TemporalDecomposition>
</VideoSegment>
<VideoSegment id="shot180_72">
<MediaTime>
<MediaTimePoint>T00:10:08:26248F30000</MediaTimePoint>
<MediaDuration>PT00H00M03S24114N30000F</MediaDuration>
</MediaTime>
<TemporalDecomposition>
<VideoSegment id="shot180_72_NRKF_1">
<MediaTime>
<MediaTimePoint>T00:10:09:18270F30000</MediaTimePoint>
</MediaTime>
</VideoSegment>
<VideoSegment id="shot180_72_NRKF_2">
<MediaTime>
<MediaTimePoint>T00:10:10:18300F30000</MediaTimePoint>
</MediaTime>
</VideoSegment>
<VideoSegment id="shot180_72_RKF">
<MediaTime>
<MediaTimePoint>T00:10:10:22304F30000</MediaTimePoint>
</MediaTime>
</VideoSegment>
<VideoSegment id="shot180_72_NRKF_3">
<MediaTime>
<MediaTimePoint>T00:10:11:22334F30000</MediaTimePoint>
</MediaTime>
</VideoSegment>
</TemporalDecomposition>
</VideoSegment>
<VideoSegment id="shot180_73">
<MediaTime>
<MediaTimePoint>T00:10:12:20362F30000</MediaTimePoint>
<MediaDuration>PT00H00M02S13073N30000F</MediaDuration>
</MediaTime>
<TemporalDecomposition>
<VideoSegment id="shot180_73_NRKF_1">
<MediaTime>
<MediaTimePoint>T00:10:13:3375F30000</MediaTimePoint>
</MediaTime>
</VideoSegment>
<VideoSegment id="shot180_73_RKF">
<MediaTime>
<MediaTimePoint>T00:10:13:26398F30000</MediaTimePoint>
</MediaTime>
</VideoSegment>
<VideoSegment id="shot180_73_NRKF_2">
<MediaTime>
<MediaTimePoint>T00:10:13:27399F30000</MediaTimePoint>
</MediaTime>
</VideoSegment>
<VideoSegment id="shot180_73_NRKF_3">
<MediaTime>
<MediaTimePoint>T00:10:14:20422F30000</MediaTimePoint>
</MediaTime>
</VideoSegment>
</TemporalDecomposition>
</VideoSegment>
<VideoSegment id="shot180_74">
<MediaTime>
<MediaTimePoint>T00:10:15:3435F30000</MediaTimePoint>
<MediaDuration>PT00H00M02S10070N30000F</MediaDuration>
</MediaTime>
<TemporalDecomposition>
<VideoSegment id="shot180_74_NRKF_1">
<MediaTime>
<MediaTimePoint>T00:10:15:7439F30000</MediaTimePoint>
</MediaTime>
</VideoSegment>
<VideoSegment id="shot180_74_NRKF_2">
<MediaTime>
<MediaTimePoint>T00:10:15:16448F30000</MediaTimePoint>
</MediaTime>
</VideoSegment>
<VideoSegment id="shot180_74_NRKF_3">
<MediaTime>
<MediaTimePoint>T00:10:16:5467F30000</MediaTimePoint>
</MediaTime>
</VideoSegment>
<VideoSegment id="shot180_74_RKF">
<MediaTime>
<MediaTimePoint>T00:10:16:7469F30000</MediaTimePoint>
</MediaTime>
</VideoSegment>
<VideoSegment id="shot180_74_NRKF_4">
<MediaTime>
<MediaTimePoint>T00:10:16:25487F30000</MediaTimePoint>
</MediaTime>
</VideoSegment>
<VideoSegment id="shot180_74_NRKF_5">
<MediaTime>
<MediaTimePoint>T00:10:17:6498F30000</MediaTimePoint>
</MediaTime>
</VideoSegment>
</TemporalDecomposition>
</VideoSegment>
<VideoSegment id="shot180_75">
<MediaTime>
<MediaTimePoint>T00:10:17:13505F30000</MediaTimePoint>
<MediaDuration>PT00H00M03S90N30000F</MediaDuration>
</MediaTime>
<TemporalDecomposition>
<VideoSegment id="shot180_75_NRKF_1">
<MediaTime>
<MediaTimePoint>T00:10:17:20512F30000</MediaTimePoint>
</MediaTime>
</VideoSegment>
<VideoSegment id="shot180_75_RKF">
<MediaTime>
<MediaTimePoint>T00:10:18:27549F30000</MediaTimePoint>
</MediaTime>
</VideoSegment>
<VideoSegment id="shot180_75_NRKF_2">
<MediaTime>
<MediaTimePoint>T00:10:19:5557F30000</MediaTimePoint>
</MediaTime>
</VideoSegment>
</TemporalDecomposition>
</VideoSegment>
<VideoSegment id="shot180_76">
<MediaTime>
<MediaTimePoint>T00:10:20:13595F30000</MediaTimePoint>
<MediaDuration>PT00H00M03S26116N30000F</MediaDuration>
</MediaTime>
<TemporalDecomposition>
<VideoSegment id="shot180_76_NRKF_1">
<MediaTime>
<MediaTimePoint>T00:10:20:27609F30000</MediaTimePoint>
</MediaTime>
</VideoSegment>
<VideoSegment id="shot180_76_NRKF_2">
<MediaTime>
<MediaTimePoint>T00:10:21:24636F30000</MediaTimePoint>
</MediaTime>
</VideoSegment>
<VideoSegment id="shot180_76_RKF">
<MediaTime>
<MediaTimePoint>T00:10:22:10652F30000</MediaTimePoint>
</MediaTime>
</VideoSegment>
<VideoSegment id="shot180_76_NRKF_3">
<MediaTime>
<MediaTimePoint>T00:10:23:7679F30000</MediaTimePoint>
</MediaTime>
</VideoSegment>
</TemporalDecomposition>
</VideoSegment>
<VideoSegment id="shot180_77">
<MediaTime>
<MediaTimePoint>T00:10:24:9711F30000</MediaTimePoint>
<MediaDuration>PT00H00M02S2062N30000F</MediaDuration>
</MediaTime>
<TemporalDecomposition>
<VideoSegment id="shot180_77_NRKF_1">
<MediaTime>
<MediaTimePoint>T00:10:24:12714F30000</MediaTimePoint>
</MediaTime>
</VideoSegment>
<VideoSegment id="shot180_77_NRKF_2">
<MediaTime>
<MediaTimePoint>T00:10:24:24726F30000</MediaTimePoint>
</MediaTime>
</VideoSegment>
<VideoSegment id="shot180_77_RKF">
<MediaTime>
<MediaTimePoint>T00:10:25:9741F30000</MediaTimePoint>
</MediaTime>
</VideoSegment>
<VideoSegment id="shot180_77_NRKF_3">
<MediaTime>
<MediaTimePoint>T00:10:25:11743F30000</MediaTimePoint>
</MediaTime>
</VideoSegment>
<VideoSegment id="shot180_77_NRKF_4">
<MediaTime>
<MediaTimePoint>T00:10:26:762F30000</MediaTimePoint>
</MediaTime>
</VideoSegment>
</TemporalDecomposition>
</VideoSegment>
<VideoSegment id="shot180_78">
<MediaTime>
<MediaTimePoint>T00:10:26:11773F30000</MediaTimePoint>
<MediaDuration>PT00H00M03S16106N30000F</MediaDuration>
</MediaTime>
<TemporalDecomposition>
<VideoSegment id="shot180_78_NRKF_1">
<MediaTime>
<MediaTimePoint>T00:10:26:20782F30000</MediaTimePoint>
</MediaTime>
</VideoSegment>
<VideoSegment id="shot180_78_NRKF_2">
<MediaTime>
<MediaTimePoint>T00:10:27:12804F30000</MediaTimePoint>
</MediaTime>
</VideoSegment>
<VideoSegment id="shot180_78_RKF">
<MediaTime>
<MediaTimePoint>T00:10:28:3825F30000</MediaTimePoint>
</MediaTime>
</VideoSegment>
<VideoSegment id="shot180_78_NRKF_3">
<MediaTime>
<MediaTimePoint>T00:10:28:25847F30000</MediaTimePoint>
</MediaTime>
</VideoSegment>
</TemporalDecomposition>
</VideoSegment>
<VideoSegment id="shot180_79">
<MediaTime>
<MediaTimePoint>T00:10:29:27879F30000</MediaTimePoint>
<MediaDuration>PT00H00M03S23113N30000F</MediaDuration>
</MediaTime>
<TemporalDecomposition>
<VideoSegment id="shot180_79_NRKF_1">
<MediaTime>
<MediaTimePoint>T00:10:30:17899F30000</MediaTimePoint>
</MediaTime>
</VideoSegment>
<VideoSegment id="shot180_79_NRKF_2">
<MediaTime>
<MediaTimePoint>T00:10:31:17929F30000</MediaTimePoint>
</MediaTime>
</VideoSegment>
<VideoSegment id="shot180_79_RKF">
<MediaTime>
<MediaTimePoint>T00:10:31:23935F30000</MediaTimePoint>
</MediaTime>
</VideoSegment>
<VideoSegment id="shot180_79_NRKF_3">
<MediaTime>
<MediaTimePoint>T00:10:32:23965F30000</MediaTimePoint>
</MediaTime>
</VideoSegment>
</TemporalDecomposition>
</VideoSegment>
<VideoSegment id="shot180_80">
<MediaTime>
<MediaTimePoint>T00:10:33:20992F30000</MediaTimePoint>
<MediaDuration>PT00H00M04S27147N30000F</MediaDuration>
</MediaTime>
<TemporalDecomposition>
<VideoSegment id="shot180_80_NRKF_1">
<MediaTime>
<MediaTimePoint>T00:10:34:12013F30000</MediaTimePoint>
</MediaTime>
</VideoSegment>
<VideoSegment id="shot180_80_RKF">
<MediaTime>
<MediaTimePoint>T00:10:36:4065F30000</MediaTimePoint>
</MediaTime>
</VideoSegment>
<VideoSegment id="shot180_80_NRKF_2">
<MediaTime>
<MediaTimePoint>T00:10:36:25086F30000</MediaTimePoint>
</MediaTime>
</VideoSegment>
</TemporalDecomposition>
</VideoSegment>
<VideoSegment id="shot180_81">
<MediaTime>
<MediaTimePoint>T00:10:38:18139F30000</MediaTimePoint>
<MediaDuration>PT00H00M02S5065N30000F</MediaDuration>
</MediaTime>
<TemporalDecomposition>
<VideoSegment id="shot180_81_RKF">
<MediaTime>
<MediaTimePoint>T00:10:39:20171F30000</MediaTimePoint>
</MediaTime>
</VideoSegment>
</TemporalDecomposition>
</VideoSegment>
<VideoSegment id="shot180_82">
<MediaTime>
<MediaTimePoint>T00:10:40:23204F30000</MediaTimePoint>
<MediaDuration>PT00H00M02S2062N30000F</MediaDuration>
</MediaTime>
<TemporalDecomposition>
<VideoSegment id="shot180_82_NRKF_1">
<MediaTime>
<MediaTimePoint>T00:10:41:11222F30000</MediaTimePoint>
</MediaTime>
</VideoSegment>
<VideoSegment id="shot180_82_RKF">
<MediaTime>
<MediaTimePoint>T00:10:41:23234F30000</MediaTimePoint>
</MediaTime>
</VideoSegment>
<VideoSegment id="shot180_82_NRKF_2">
<MediaTime>
<MediaTimePoint>T00:10:42:12253F30000</MediaTimePoint>
</MediaTime>
</VideoSegment>
</TemporalDecomposition>
</VideoSegment>
<VideoSegment id="shot180_83">
<MediaTime>
<MediaTimePoint>T00:10:42:25266F30000</MediaTimePoint>
<MediaDuration>PT00H00M02S6066N30000F</MediaDuration>
</MediaTime>
<TemporalDecomposition>
<VideoSegment id="shot180_83_RKF">
<MediaTime>
<MediaTimePoint>T00:10:43:27298F30000</MediaTimePoint>
</MediaTime>
</VideoSegment>
</TemporalDecomposition>
</VideoSegment>
<VideoSegment id="shot180_84">
<MediaTime>
<MediaTimePoint>T00:10:45:1332F30000</MediaTimePoint>
<MediaDuration>PT00H00M02S5065N30000F</MediaDuration>
</MediaTime>
<TemporalDecomposition>
<VideoSegment id="shot180_84_NRKF_1">
<MediaTime>
<MediaTimePoint>T00:10:45:15346F30000</MediaTimePoint>
</MediaTime>
</VideoSegment>
<VideoSegment id="shot180_84_RKF">
<MediaTime>
<MediaTimePoint>T00:10:46:3364F30000</MediaTimePoint>
</MediaTime>
</VideoSegment>
<VideoSegment id="shot180_84_NRKF_2">
<MediaTime>
<MediaTimePoint>T00:10:46:18379F30000</MediaTimePoint>
</MediaTime>
</VideoSegment>
</TemporalDecomposition>
</VideoSegment>
<VideoSegment id="shot180_85">
<MediaTime>
<MediaTimePoint>T00:10:47:6397F30000</MediaTimePoint>
<MediaDuration>PT00H00M02S18078N30000F</MediaDuration>
</MediaTime>
<TemporalDecomposition>
<VideoSegment id="shot180_85_NRKF_1">
<MediaTime>
<MediaTimePoint>T00:10:48:4425F30000</MediaTimePoint>
</MediaTime>
</VideoSegment>
<VideoSegment id="shot180_85_RKF">
<MediaTime>
<MediaTimePoint>T00:10:48:14435F30000</MediaTimePoint>
</MediaTime>
</VideoSegment>
<VideoSegment id="shot180_85_NRKF_2">
<MediaTime>
<MediaTimePoint>T00:10:49:13464F30000</MediaTimePoint>
</MediaTime>
</VideoSegment>
</TemporalDecomposition>
</VideoSegment>
<VideoSegment id="shot180_86">
<MediaTime>
<MediaTimePoint>T00:10:49:24475F30000</MediaTimePoint>
<MediaDuration>PT00H00M02S3063N30000F</MediaDuration>
</MediaTime>
<TemporalDecomposition>
<VideoSegment id="shot180_86_NRKF_1">
<MediaTime>
<MediaTimePoint>T00:10:50:1482F30000</MediaTimePoint>
</MediaTime>
</VideoSegment>
<VideoSegment id="shot180_86_NRKF_2">
<MediaTime>
<MediaTimePoint>T00:10:50:18499F30000</MediaTimePoint>
</MediaTime>
</VideoSegment>
<VideoSegment id="shot180_86_RKF">
<MediaTime>
<MediaTimePoint>T00:10:50:25506F30000</MediaTimePoint>
</MediaTime>
</VideoSegment>
<VideoSegment id="shot180_86_NRKF_3">
<MediaTime>
<MediaTimePoint>T00:10:51:12523F30000</MediaTimePoint>
</MediaTime>
</VideoSegment>
</TemporalDecomposition>
</VideoSegment>
<VideoSegment id="shot180_87">
<MediaTime>
<MediaTimePoint>T00:10:51:27538F30000</MediaTimePoint>
<MediaDuration>PT00H00M02S4064N30000F</MediaDuration>
</MediaTime>
<TemporalDecomposition>
<VideoSegment id="shot180_87_NRKF_1">
<MediaTime>
<MediaTimePoint>T00:10:52:14555F30000</MediaTimePoint>
</MediaTime>
</VideoSegment>
<VideoSegment id="shot180_87_RKF">
<MediaTime>
<MediaTimePoint>T00:10:52:28569F30000</MediaTimePoint>
</MediaTime>
</VideoSegment>
<VideoSegment id="shot180_87_NRKF_2">
<MediaTime>
<MediaTimePoint>T00:10:53:16587F30000</MediaTimePoint>
</MediaTime>
</VideoSegment>
</TemporalDecomposition>
</VideoSegment>
<VideoSegment id="shot180_88">
<MediaTime>
<MediaTimePoint>T00:10:54:1602F30000</MediaTimePoint>
<MediaDuration>PT00H00M03S1091N30000F</MediaDuration>
</MediaTime>
<TemporalDecomposition>
<VideoSegment id="shot180_88_NRKF_1">
<MediaTime>
<MediaTimePoint>T00:10:54:29630F30000</MediaTimePoint>
</MediaTime>
</VideoSegment>
<VideoSegment id="shot180_88_RKF">
<MediaTime>
<MediaTimePoint>T00:10:55:16647F30000</MediaTimePoint>
</MediaTime>
</VideoSegment>
<VideoSegment id="shot180_88_NRKF_2">
<MediaTime>
<MediaTimePoint>T00:10:56:14675F30000</MediaTimePoint>
</MediaTime>
</VideoSegment>
</TemporalDecomposition>
</VideoSegment>
<VideoSegment id="shot180_89">
<MediaTime>
<MediaTimePoint>T00:10:57:2693F30000</MediaTimePoint>
<MediaDuration>PT00H00M03S27117N30000F</MediaDuration>
</MediaTime>
<TemporalDecomposition>
<VideoSegment id="shot180_89_NRKF_1">
<MediaTime>
<MediaTimePoint>T00:10:57:9700F30000</MediaTimePoint>
</MediaTime>
</VideoSegment>
<VideoSegment id="shot180_89_NRKF_2">
<MediaTime>
<MediaTimePoint>T00:10:58:9730F30000</MediaTimePoint>
</MediaTime>
</VideoSegment>
<VideoSegment id="shot180_89_RKF">
<MediaTime>
<MediaTimePoint>T00:10:59:751F30000</MediaTimePoint>
</MediaTime>
</VideoSegment>
<VideoSegment id="shot180_89_NRKF_3">
<MediaTime>
<MediaTimePoint>T00:11:00:781F30000</MediaTimePoint>
</MediaTime>
</VideoSegment>
</TemporalDecomposition>
</VideoSegment>
<VideoSegment id="shot180_90">
<MediaTime>
<MediaTimePoint>T00:11:00:29810F30000</MediaTimePoint>
<MediaDuration>PT00H00M02S5065N30000F</MediaDuration>
</MediaTime>
<TemporalDecomposition>
<VideoSegment id="shot180_90_NRKF_1">
<MediaTime>
<MediaTimePoint>T00:11:01:7818F30000</MediaTimePoint>
</MediaTime>
</VideoSegment>
<VideoSegment id="shot180_90_NRKF_2">
<MediaTime>
<MediaTimePoint>T00:11:01:16827F30000</MediaTimePoint>
</MediaTime>
</VideoSegment>
<VideoSegment id="shot180_90_RKF">
<MediaTime>
<MediaTimePoint>T00:11:02:1842F30000</MediaTimePoint>
</MediaTime>
</VideoSegment>
<VideoSegment id="shot180_90_NRKF_3">
<MediaTime>
<MediaTimePoint>T00:11:02:2843F30000</MediaTimePoint>
</MediaTime>
</VideoSegment>
<VideoSegment id="shot180_90_NRKF_4">
<MediaTime>
<MediaTimePoint>T00:11:02:25866F30000</MediaTimePoint>
</MediaTime>
</VideoSegment>
</TemporalDecomposition>
</VideoSegment>
<VideoSegment id="shot180_91">
<MediaTime>
<MediaTimePoint>T00:11:03:4875F30000</MediaTimePoint>
<MediaDuration>PT00H00M02S19079N30000F</MediaDuration>
</MediaTime>
<TemporalDecomposition>
<VideoSegment id="shot180_91_NRKF_1">
<MediaTime>
<MediaTimePoint>T00:11:03:22893F30000</MediaTimePoint>
</MediaTime>
</VideoSegment>
<VideoSegment id="shot180_91_RKF">
<MediaTime>
<MediaTimePoint>T00:11:04:13914F30000</MediaTimePoint>
</MediaTime>
</VideoSegment>
<VideoSegment id="shot180_91_NRKF_2">
<MediaTime>
<MediaTimePoint>T00:11:04:22923F30000</MediaTimePoint>
</MediaTime>
</VideoSegment>
<VideoSegment id="shot180_91_NRKF_3">
<MediaTime>
<MediaTimePoint>T00:11:05:13944F30000</MediaTimePoint>
</MediaTime>
</VideoSegment>
</TemporalDecomposition>
</VideoSegment>
<VideoSegment id="shot180_92">
<MediaTime>
<MediaTimePoint>T00:11:05:23954F30000</MediaTimePoint>
<MediaDuration>PT00H00M02S8068N30000F</MediaDuration>
</MediaTime>
<TemporalDecomposition>
<VideoSegment id="shot180_92_NRKF_1">
<MediaTime>
<MediaTimePoint>T00:11:06:2963F30000</MediaTimePoint>
</MediaTime>
</VideoSegment>
<VideoSegment id="shot180_92_RKF">
<MediaTime>
<MediaTimePoint>T00:11:06:26987F30000</MediaTimePoint>
</MediaTime>
</VideoSegment>
<VideoSegment id="shot180_92_NRKF_2">
<MediaTime>
<MediaTimePoint>T00:11:07:6997F30000</MediaTimePoint>
</MediaTime>
</VideoSegment>
</TemporalDecomposition>
</VideoSegment>
<VideoSegment id="shot180_93">
<MediaTime>
<MediaTimePoint>T00:11:08:2022F30000</MediaTimePoint>
<MediaDuration>PT00H00M03S22112N30000F</MediaDuration>
</MediaTime>
<TemporalDecomposition>
<VideoSegment id="shot180_93_RKF">
<MediaTime>
<MediaTimePoint>T00:11:09:27077F30000</MediaTimePoint>
</MediaTime>
</VideoSegment>
</TemporalDecomposition>
</VideoSegment>
<VideoSegment id="shot180_94">
<MediaTime>
<MediaTimePoint>T00:11:11:24134F30000</MediaTimePoint>
<MediaDuration>PT00H00M03S18108N30000F</MediaDuration>
</MediaTime>
<TemporalDecomposition>
<VideoSegment id="shot180_94_RKF">
<MediaTime>
<MediaTimePoint>T00:11:13:17187F30000</MediaTimePoint>
</MediaTime>
</VideoSegment>
</TemporalDecomposition>
</VideoSegment>
<VideoSegment id="shot180_95">
<MediaTime>
<MediaTimePoint>T00:11:15:12242F30000</MediaTimePoint>
<MediaDuration>PT00H00M08S9249N30000F</MediaDuration>
</MediaTime>
<TemporalDecomposition>
<VideoSegment id="shot180_95_RKF">
<MediaTime>
<MediaTimePoint>T00:11:19:16366F30000</MediaTimePoint>
</MediaTime>
</VideoSegment>
</TemporalDecomposition>
</VideoSegment>
<VideoSegment id="shot180_96">
<MediaTime>
<MediaTimePoint>T00:11:23:21491F30000</MediaTimePoint>
<MediaDuration>PT00H00M03S12102N30000F</MediaDuration>
</MediaTime>
<TemporalDecomposition>
<VideoSegment id="shot180_96_NRKF_1">
<MediaTime>
<MediaTimePoint>T00:11:24:12512F30000</MediaTimePoint>
</MediaTime>
</VideoSegment>
<VideoSegment id="shot180_96_NRKF_2">
<MediaTime>
<MediaTimePoint>T00:11:25:11541F30000</MediaTimePoint>
</MediaTime>
</VideoSegment>
<VideoSegment id="shot180_96_RKF">
<MediaTime>
<MediaTimePoint>T00:11:25:11541F30000</MediaTimePoint>
</MediaTime>
</VideoSegment>
<VideoSegment id="shot180_96_NRKF_3">
<MediaTime>
<MediaTimePoint>T00:11:26:11571F30000</MediaTimePoint>
</MediaTime>
</VideoSegment>
</TemporalDecomposition>
</VideoSegment>
<VideoSegment id="shot180_97">
<MediaTime>
<MediaTimePoint>T00:11:27:3593F30000</MediaTimePoint>
<MediaDuration>PT00H00M02S5065N30000F</MediaDuration>
</MediaTime>
<TemporalDecomposition>
<VideoSegment id="shot180_97_NRKF_1">
<MediaTime>
<MediaTimePoint>T00:11:27:25615F30000</MediaTimePoint>
</MediaTime>
</VideoSegment>
<VideoSegment id="shot180_97_RKF">
<MediaTime>
<MediaTimePoint>T00:11:28:5625F30000</MediaTimePoint>
</MediaTime>
</VideoSegment>
<VideoSegment id="shot180_97_NRKF_2">
<MediaTime>
<MediaTimePoint>T00:11:28:22642F30000</MediaTimePoint>
</MediaTime>
</VideoSegment>
<VideoSegment id="shot180_97_NRKF_3">
<MediaTime>
<MediaTimePoint>T00:11:28:29649F30000</MediaTimePoint>
</MediaTime>
</VideoSegment>
<VideoSegment id="shot180_97_NRKF_4">
<MediaTime>
<MediaTimePoint>T00:11:29:5655F30000</MediaTimePoint>
</MediaTime>
</VideoSegment>
</TemporalDecomposition>
</VideoSegment>
<VideoSegment id="shot180_98">
<MediaTime>
<MediaTimePoint>T00:11:29:8658F30000</MediaTimePoint>
<MediaDuration>PT00H00M03S90N30000F</MediaDuration>
</MediaTime>
<TemporalDecomposition>
<VideoSegment id="shot180_98_NRKF_1">
<MediaTime>
<MediaTimePoint>T00:11:29:13663F30000</MediaTimePoint>
</MediaTime>
</VideoSegment>
<VideoSegment id="shot180_98_NRKF_2">
<MediaTime>
<MediaTimePoint>T00:11:29:22672F30000</MediaTimePoint>
</MediaTime>
</VideoSegment>
<VideoSegment id="shot180_98_NRKF_3">
<MediaTime>
<MediaTimePoint>T00:11:30:16696F30000</MediaTimePoint>
</MediaTime>
</VideoSegment>
<VideoSegment id="shot180_98_RKF">
<MediaTime>
<MediaTimePoint>T00:11:30:22702F30000</MediaTimePoint>
</MediaTime>
</VideoSegment>
<VideoSegment id="shot180_98_NRKF_4">
<MediaTime>
<MediaTimePoint>T00:11:31:21731F30000</MediaTimePoint>
</MediaTime>
</VideoSegment>
</TemporalDecomposition>
</VideoSegment>
<VideoSegment id="shot180_99">
<MediaTime>
<MediaTimePoint>T00:11:32:8748F30000</MediaTimePoint>
<MediaDuration>PT00H00M02S1061N30000F</MediaDuration>
</MediaTime>
<TemporalDecomposition>
<VideoSegment id="shot180_99_NRKF_1">
<MediaTime>
<MediaTimePoint>T00:11:32:14754F30000</MediaTimePoint>
</MediaTime>
</VideoSegment>
<VideoSegment id="shot180_99_NRKF_2">
<MediaTime>
<MediaTimePoint>T00:11:33:770F30000</MediaTimePoint>
</MediaTime>
</VideoSegment>
<VideoSegment id="shot180_99_RKF">
<MediaTime>
<MediaTimePoint>T00:11:33:8778F30000</MediaTimePoint>
</MediaTime>
</VideoSegment>
<VideoSegment id="shot180_99_NRKF_3">
<MediaTime>
<MediaTimePoint>T00:11:33:15785F30000</MediaTimePoint>
</MediaTime>
</VideoSegment>
<VideoSegment id="shot180_99_NRKF_4">
<MediaTime>
<MediaTimePoint>T00:11:34:800F30000</MediaTimePoint>
</MediaTime>
</VideoSegment>
</TemporalDecomposition>
</VideoSegment>
<VideoSegment id="shot180_100">
<MediaTime>
<MediaTimePoint>T00:11:34:9809F30000</MediaTimePoint>
<MediaDuration>PT00H00M04S1121N30000F</MediaDuration>
</MediaTime>
<TemporalDecomposition>
<VideoSegment id="shot180_100_NRKF_1">
<MediaTime>
<MediaTimePoint>T00:11:34:17817F30000</MediaTimePoint>
</MediaTime>
</VideoSegment>
<VideoSegment id="shot180_100_RKF">
<MediaTime>
<MediaTimePoint>T00:11:36:9869F30000</MediaTimePoint>
</MediaTime>
</VideoSegment>
<VideoSegment id="shot180_100_NRKF_2">
<MediaTime>
<MediaTimePoint>T00:11:36:17877F30000</MediaTimePoint>
</MediaTime>
</VideoSegment>
</TemporalDecomposition>
</VideoSegment>
<VideoSegment id="shot180_101">
<MediaTime>
<MediaTimePoint>T00:11:38:10930F30000</MediaTimePoint>
<MediaDuration>PT00H00M02S21081N30000F</MediaDuration>
</MediaTime>
<TemporalDecomposition>
<VideoSegment id="shot180_101_RKF">
<MediaTime>
<MediaTimePoint>T00:11:39:20970F30000</MediaTimePoint>
</MediaTime>
</VideoSegment>
</TemporalDecomposition>
</VideoSegment>
<VideoSegment id="shot180_102">
<MediaTime>
<MediaTimePoint>T00:11:41:2011F30000</MediaTimePoint>
<MediaDuration>PT00H00M26S29809N30000F</MediaDuration>
</MediaTime>
<TemporalDecomposition>
<VideoSegment id="shot180_102_RKF">
<MediaTime>
<MediaTimePoint>T00:11:54:16415F30000</MediaTimePoint>
</MediaTime>
</VideoSegment>
</TemporalDecomposition>
</VideoSegment>
<VideoSegment id="shot180_103">
<MediaTime>
<MediaTimePoint>T00:12:08:1820F30000</MediaTimePoint>
<MediaDuration>PT00H00M41S5234N30000F</MediaDuration>
</MediaTime>
<TemporalDecomposition>
<VideoSegment id="shot180_103_RKF">
<MediaTime>
<MediaTimePoint>T00:12:28:18436F30000</MediaTimePoint>
</MediaTime>
</VideoSegment>
</TemporalDecomposition>
</VideoSegment>
<VideoSegment id="shot180_104">
<MediaTime>
<MediaTimePoint>T00:12:49:7054F30000</MediaTimePoint>
<MediaDuration>PT00H00M04S9129N30000F</MediaDuration>
</MediaTime>
<TemporalDecomposition>
<VideoSegment id="shot180_104_RKF">
<MediaTime>
<MediaTimePoint>T00:12:51:11118F30000</MediaTimePoint>
</MediaTime>
</VideoSegment>
</TemporalDecomposition>
</VideoSegment>
<VideoSegment id="shot180_105">
<MediaTime>
<MediaTimePoint>T00:12:53:16183F30000</MediaTimePoint>
<MediaDuration>PT00H00M03S4094N30000F</MediaDuration>
</MediaTime>
<TemporalDecomposition>
<VideoSegment id="shot180_105_RKF">
<MediaTime>
<MediaTimePoint>T00:12:55:2229F30000</MediaTimePoint>
</MediaTime>
</VideoSegment>
</TemporalDecomposition>
</VideoSegment>
<VideoSegment id="shot180_106">
<MediaTime>
<MediaTimePoint>T00:12:56:20277F30000</MediaTimePoint>
<MediaDuration>PT00H00M02S3063N30000F</MediaDuration>
</MediaTime>
<TemporalDecomposition>
<VideoSegment id="shot180_106_RKF">
<MediaTime>
<MediaTimePoint>T00:12:57:21308F30000</MediaTimePoint>
</MediaTime>
</VideoSegment>
</TemporalDecomposition>
</VideoSegment>
<VideoSegment id="shot180_107">
<MediaTime>
<MediaTimePoint>T00:12:58:23340F30000</MediaTimePoint>
<MediaDuration>PT00H00M02S10070N30000F</MediaDuration>
</MediaTime>
<TemporalDecomposition>
<VideoSegment id="shot180_107_RKF">
<MediaTime>
<MediaTimePoint>T00:12:59:27374F30000</MediaTimePoint>
</MediaTime>
</VideoSegment>
</TemporalDecomposition>
</VideoSegment>
<VideoSegment id="shot180_108">
<MediaTime>
<MediaTimePoint>T00:13:01:3410F30000</MediaTimePoint>
<MediaDuration>PT00H00M06S2182N30000F</MediaDuration>
</MediaTime>
<TemporalDecomposition>
<VideoSegment id="shot180_108_RKF">
<MediaTime>
<MediaTimePoint>T00:13:04:3500F30000</MediaTimePoint>
</MediaTime>
</VideoSegment>
</TemporalDecomposition>
</VideoSegment>
<VideoSegment id="shot180_109">
<MediaTime>
<MediaTimePoint>T00:13:07:5592F30000</MediaTimePoint>
<MediaDuration>PT00H00M02S2062N30000F</MediaDuration>
</MediaTime>
<TemporalDecomposition>
<VideoSegment id="shot180_109_NRKF_1">
<MediaTime>
<MediaTimePoint>T00:13:07:16603F30000</MediaTimePoint>
</MediaTime>
</VideoSegment>
<VideoSegment id="shot180_109_RKF">
<MediaTime>
<MediaTimePoint>T00:13:08:5622F30000</MediaTimePoint>
</MediaTime>
</VideoSegment>
<VideoSegment id="shot180_109_NRKF_2">
<MediaTime>
<MediaTimePoint>T00:13:08:17634F30000</MediaTimePoint>
</MediaTime>
</VideoSegment>
</TemporalDecomposition>
</VideoSegment>
<VideoSegment id="shot180_110">
<MediaTime>
<MediaTimePoint>T00:13:09:7654F30000</MediaTimePoint>
<MediaDuration>PT00H00M07S7217N30000F</MediaDuration>
</MediaTime>
<TemporalDecomposition>
<VideoSegment id="shot180_110_NRKF_1">
<MediaTime>
<MediaTimePoint>T00:13:09:29676F30000</MediaTimePoint>
</MediaTime>
</VideoSegment>
<VideoSegment id="shot180_110_RKF">
<MediaTime>
<MediaTimePoint>T00:13:12:25762F30000</MediaTimePoint>
</MediaTime>
</VideoSegment>
<VideoSegment id="shot180_110_NRKF_2">
<MediaTime>
<MediaTimePoint>T00:13:13:17784F30000</MediaTimePoint>
</MediaTime>
</VideoSegment>
</TemporalDecomposition>
</VideoSegment>
<VideoSegment id="shot180_111">
<MediaTime>
<MediaTimePoint>T00:13:16:14871F30000</MediaTimePoint>
<MediaDuration>PT00H00M17S29539N30000F</MediaDuration>
</MediaTime>
<TemporalDecomposition>
<VideoSegment id="shot180_111_RKF">
<MediaTime>
<MediaTimePoint>T00:13:25:14140F30000</MediaTimePoint>
</MediaTime>
</VideoSegment>
</TemporalDecomposition>
</VideoSegment>
<VideoSegment id="shot180_112">
<MediaTime>
<MediaTimePoint>T00:13:34:14410F30000</MediaTimePoint>
<MediaDuration>PT00H00M05S21171N30000F</MediaDuration>
</MediaTime>
<TemporalDecomposition>
<VideoSegment id="shot180_112_RKF">
<MediaTime>
<MediaTimePoint>T00:13:37:9495F30000</MediaTimePoint>
</MediaTime>
</VideoSegment>
</TemporalDecomposition>
</VideoSegment>
<VideoSegment id="shot180_113">
<MediaTime>
<MediaTimePoint>T00:13:40:5581F30000</MediaTimePoint>
<MediaDuration>PT00H00M07S20230N30000F</MediaDuration>
</MediaTime>
<TemporalDecomposition>
<VideoSegment id="shot180_113_RKF">
<MediaTime>
<MediaTimePoint>T00:13:43:29695F30000</MediaTimePoint>
</MediaTime>
</VideoSegment>
</TemporalDecomposition>
</VideoSegment>
<VideoSegment id="shot180_114">
<MediaTime>
<MediaTimePoint>T00:13:47:25811F30000</MediaTimePoint>
<MediaDuration>PT00H00M02S25085N30000F</MediaDuration>
</MediaTime>
<TemporalDecomposition>
<VideoSegment id="shot180_114_RKF">
<MediaTime>
<MediaTimePoint>T00:13:49:7853F30000</MediaTimePoint>
</MediaTime>
</VideoSegment>
</TemporalDecomposition>
</VideoSegment>
<VideoSegment id="shot180_115">
<MediaTime>
<MediaTimePoint>T00:13:50:20896F30000</MediaTimePoint>
<MediaDuration>PT00H00M02S15075N30000F</MediaDuration>
</MediaTime>
<TemporalDecomposition>
<VideoSegment id="shot180_115_RKF">
<MediaTime>
<MediaTimePoint>T00:13:51:27933F30000</MediaTimePoint>
</MediaTime>
</VideoSegment>
</TemporalDecomposition>
</VideoSegment>
<VideoSegment id="shot180_116">
<MediaTime>
<MediaTimePoint>T00:13:53:5971F30000</MediaTimePoint>
<MediaDuration>PT00H00M06S25205N30000F</MediaDuration>
</MediaTime>
<TemporalDecomposition>
<VideoSegment id="shot180_116_RKF">
<MediaTime>
<MediaTimePoint>T00:13:56:18073F30000</MediaTimePoint>
</MediaTime>
</VideoSegment>
</TemporalDecomposition>
</VideoSegment>
<VideoSegment id="shot180_117">
<MediaTime>
<MediaTimePoint>T00:14:00:1176F30000</MediaTimePoint>
<MediaDuration>PT00H00M04S120N30000F</MediaDuration>
</MediaTime>
<TemporalDecomposition>
<VideoSegment id="shot180_117_RKF">
<MediaTime>
<MediaTimePoint>T00:14:02:235F30000</MediaTimePoint>
</MediaTime>
</VideoSegment>
</TemporalDecomposition>
</VideoSegment>
<VideoSegment id="shot180_118">
<MediaTime>
<MediaTimePoint>T00:14:04:1296F30000</MediaTimePoint>
<MediaDuration>PT00H00M34S5024N30000F</MediaDuration>
</MediaTime>
<TemporalDecomposition>
<VideoSegment id="shot180_118_RKF">
<MediaTime>
<MediaTimePoint>T00:14:21:2807F30000</MediaTimePoint>
</MediaTime>
</VideoSegment>
</TemporalDecomposition>
</VideoSegment>
<VideoSegment id="shot180_119">
<MediaTime>
<MediaTimePoint>T00:14:38:6320F30000</MediaTimePoint>
<MediaDuration>PT00H00M05S17167N30000F</MediaDuration>
</MediaTime>
<TemporalDecomposition>
<VideoSegment id="shot180_119_RKF">
<MediaTime>
<MediaTimePoint>T00:14:40:29403F30000</MediaTimePoint>
</MediaTime>
</VideoSegment>
</TemporalDecomposition>
</VideoSegment>
<VideoSegment id="shot180_120">
<MediaTime>
<MediaTimePoint>T00:14:43:23487F30000</MediaTimePoint>
<MediaDuration>PT00H00M08S25265N30000F</MediaDuration>
</MediaTime>
<TemporalDecomposition>
<VideoSegment id="shot180_120_RKF">
<MediaTime>
<MediaTimePoint>T00:14:48:5619F30000</MediaTimePoint>
</MediaTime>
</VideoSegment>
</TemporalDecomposition>
</VideoSegment>
<VideoSegment id="shot180_121">
<MediaTime>
<MediaTimePoint>T00:14:52:18752F30000</MediaTimePoint>
<MediaDuration>PT00H00M03S18108N30000F</MediaDuration>
</MediaTime>
<TemporalDecomposition>
<VideoSegment id="shot180_121_RKF">
<MediaTime>
<MediaTimePoint>T00:14:54:11805F30000</MediaTimePoint>
</MediaTime>
</VideoSegment>
</TemporalDecomposition>
</VideoSegment>
<VideoSegment id="shot180_122">
<MediaTime>
<MediaTimePoint>T00:14:56:6860F30000</MediaTimePoint>
<MediaDuration>PT00H00M05S20170N30000F</MediaDuration>
</MediaTime>
<TemporalDecomposition>
<VideoSegment id="shot180_122_RKF">
<MediaTime>
<MediaTimePoint>T00:14:59:944F30000</MediaTimePoint>
</MediaTime>
</VideoSegment>
</TemporalDecomposition>
</VideoSegment>
<VideoSegment id="shot180_123">
<MediaTime>
<MediaTimePoint>T00:15:01:27030F30000</MediaTimePoint>
<MediaDuration>PT00H00M05S19169N30000F</MediaDuration>
</MediaTime>
<TemporalDecomposition>
<VideoSegment id="shot180_123_RKF">
<MediaTime>
<MediaTimePoint>T00:15:04:21114F30000</MediaTimePoint>
</MediaTime>
</VideoSegment>
</TemporalDecomposition>
</VideoSegment>
<VideoSegment id="shot180_124">
<MediaTime>
<MediaTimePoint>T00:15:07:16199F30000</MediaTimePoint>
<MediaDuration>PT00H00M12S19379N30000F</MediaDuration>
</MediaTime>
<TemporalDecomposition>
<VideoSegment id="shot180_124_RKF">
<MediaTime>
<MediaTimePoint>T00:15:13:25388F30000</MediaTimePoint>
</MediaTime>
</VideoSegment>
</TemporalDecomposition>
</VideoSegment>
<VideoSegment id="shot180_125">
<MediaTime>
<MediaTimePoint>T00:15:20:5578F30000</MediaTimePoint>
<MediaDuration>PT00H00M10S3303N30000F</MediaDuration>
</MediaTime>
<TemporalDecomposition>
<VideoSegment id="shot180_125_RKF">
<MediaTime>
<MediaTimePoint>T00:15:25:6729F30000</MediaTimePoint>
</MediaTime>
</VideoSegment>
</TemporalDecomposition>
</VideoSegment>
<VideoSegment id="shot180_126">
<MediaTime>
<MediaTimePoint>T00:15:30:8881F30000</MediaTimePoint>
<MediaDuration>PT00H00M03S3093N30000F</MediaDuration>
</MediaTime>
<TemporalDecomposition>
<VideoSegment id="shot180_126_RKF">
<MediaTime>
<MediaTimePoint>T00:15:31:24927F30000</MediaTimePoint>
</MediaTime>
</VideoSegment>
</TemporalDecomposition>
</VideoSegment>
<VideoSegment id="shot180_127">
<MediaTime>
<MediaTimePoint>T00:15:33:11974F30000</MediaTimePoint>
<MediaDuration>PT00H00M03S20110N30000F</MediaDuration>
</MediaTime>
<TemporalDecomposition>
<VideoSegment id="shot180_127_RKF">
<MediaTime>
<MediaTimePoint>T00:15:35:6028F30000</MediaTimePoint>
</MediaTime>
</VideoSegment>
</TemporalDecomposition>
</VideoSegment>
<VideoSegment id="shot180_128">
<MediaTime>
<MediaTimePoint>T00:15:37:2084F30000</MediaTimePoint>
<MediaDuration>PT00H00M40S3202N30000F</MediaDuration>
</MediaTime>
<TemporalDecomposition>
<VideoSegment id="shot180_128_NRKF_1">
<MediaTime>
<MediaTimePoint>T00:15:38:1113F30000</MediaTimePoint>
</MediaTime>
</VideoSegment>
<VideoSegment id="shot180_128_RKF">
<MediaTime>
<MediaTimePoint>T00:15:57:2684F30000</MediaTimePoint>
</MediaTime>
</VideoSegment>
<VideoSegment id="shot180_128_NRKF_2">
<MediaTime>
<MediaTimePoint>T00:15:58:2714F30000</MediaTimePoint>
</MediaTime>
</VideoSegment>
</TemporalDecomposition>
</VideoSegment>
<VideoSegment id="shot180_129">
<MediaTime>
<MediaTimePoint>T00:16:17:5286F30000</MediaTimePoint>
<MediaDuration>PT00H00M02S10070N30000F</MediaDuration>
</MediaTime>
<TemporalDecomposition>
<VideoSegment id="shot180_129_RKF">
<MediaTime>
<MediaTimePoint>T00:16:18:9320F30000</MediaTimePoint>
</MediaTime>
</VideoSegment>
</TemporalDecomposition>
</VideoSegment>
<VideoSegment id="shot180_130">
<MediaTime>
<MediaTimePoint>T00:16:19:15356F30000</MediaTimePoint>
<MediaDuration>PT00H00M07S15225N30000F</MediaDuration>
</MediaTime>
<TemporalDecomposition>
<VideoSegment id="shot180_130_RKF">
<MediaTime>
<MediaTimePoint>T00:16:23:7468F30000</MediaTimePoint>
</MediaTime>
</VideoSegment>
</TemporalDecomposition>
</VideoSegment>
<VideoSegment id="shot180_131">
<MediaTime>
<MediaTimePoint>T00:16:27:581F30000</MediaTimePoint>
<MediaDuration>PT00H00M12S18378N30000F</MediaDuration>
</MediaTime>
<TemporalDecomposition>
<VideoSegment id="shot180_131_RKF">
<MediaTime>
<MediaTimePoint>T00:16:33:8769F30000</MediaTimePoint>
</MediaTime>
</VideoSegment>
</TemporalDecomposition>
</VideoSegment>
<VideoSegment id="shot180_132">
<MediaTime>
<MediaTimePoint>T00:16:39:18959F30000</MediaTimePoint>
<MediaDuration>PT00H00M02S2062N30000F</MediaDuration>
</MediaTime>
<TemporalDecomposition>
<VideoSegment id="shot180_132_RKF">
<MediaTime>
<MediaTimePoint>T00:16:40:18989F30000</MediaTimePoint>
</MediaTime>
</VideoSegment>
</TemporalDecomposition>
</VideoSegment>
<VideoSegment id="shot180_133">
<MediaTime>
<MediaTimePoint>T00:16:41:21021F30000</MediaTimePoint>
<MediaDuration>PT00H00M06S10190N30000F</MediaDuration>
</MediaTime>
<TemporalDecomposition>
<VideoSegment id="shot180_133_RKF">
<MediaTime>
<MediaTimePoint>T00:16:44:25115F30000</MediaTimePoint>
</MediaTime>
</VideoSegment>
</TemporalDecomposition>
</VideoSegment>
<VideoSegment id="shot180_134">
<MediaTime>
<MediaTimePoint>T00:16:48:1211F30000</MediaTimePoint>
<MediaDuration>PT00H00M04S9129N30000F</MediaDuration>
</MediaTime>
<TemporalDecomposition>
<VideoSegment id="shot180_134_RKF">
<MediaTime>
<MediaTimePoint>T00:16:50:5275F30000</MediaTimePoint>
</MediaTime>
</VideoSegment>
</TemporalDecomposition>
</VideoSegment>
<VideoSegment id="shot180_135">
<MediaTime>
<MediaTimePoint>T00:16:52:10340F30000</MediaTimePoint>
<MediaDuration>PT00H00M14S22442N30000F</MediaDuration>
</MediaTime>
<TemporalDecomposition>
<VideoSegment id="shot180_135_RKF">
<MediaTime>
<MediaTimePoint>T00:16:59:20560F30000</MediaTimePoint>
</MediaTime>
</VideoSegment>
</TemporalDecomposition>
</VideoSegment>
<VideoSegment id="shot180_136">
<MediaTime>
<MediaTimePoint>T00:17:07:2782F30000</MediaTimePoint>
<MediaDuration>PT00H00M11S5335N30000F</MediaDuration>
</MediaTime>
<TemporalDecomposition>
<VideoSegment id="shot180_136_RKF">
<MediaTime>
<MediaTimePoint>T00:17:12:19949F30000</MediaTimePoint>
</MediaTime>
</VideoSegment>
</TemporalDecomposition>
</VideoSegment>
<VideoSegment id="shot180_137">
<MediaTime>
<MediaTimePoint>T00:17:18:8117F30000</MediaTimePoint>
<MediaDuration>PT00H00M04S8128N30000F</MediaDuration>
</MediaTime>
<TemporalDecomposition>
<VideoSegment id="shot180_137_RKF">
<MediaTime>
<MediaTimePoint>T00:17:20:11180F30000</MediaTimePoint>
</MediaTime>
</VideoSegment>
</TemporalDecomposition>
</VideoSegment>
<VideoSegment id="shot180_138">
<MediaTime>
<MediaTimePoint>T00:17:22:16245F30000</MediaTimePoint>
<MediaDuration>PT00H00M17S3513N30000F</MediaDuration>
</MediaTime>
<TemporalDecomposition>
<VideoSegment id="shot180_138_RKF">
<MediaTime>
<MediaTimePoint>T00:17:31:2501F30000</MediaTimePoint>
</MediaTime>
</VideoSegment>
</TemporalDecomposition>
</VideoSegment>
<VideoSegment id="shot180_139">
<MediaTime>
<MediaTimePoint>T00:17:39:19758F30000</MediaTimePoint>
<MediaDuration>PT00H00M04S18138N30000F</MediaDuration>
</MediaTime>
<TemporalDecomposition>
<VideoSegment id="shot180_139_RKF">
<MediaTime>
<MediaTimePoint>T00:17:41:27826F30000</MediaTimePoint>
</MediaTime>
</VideoSegment>
</TemporalDecomposition>
</VideoSegment>
<VideoSegment id="shot180_140">
<MediaTime>
<MediaTimePoint>T00:17:44:7896F30000</MediaTimePoint>
<MediaDuration>PT00H00M13S5395N30000F</MediaDuration>
</MediaTime>
<TemporalDecomposition>
<VideoSegment id="shot180_140_RKF">
<MediaTime>
<MediaTimePoint>T00:17:50:25093F30000</MediaTimePoint>
</MediaTime>
</VideoSegment>
</TemporalDecomposition>
</VideoSegment>
<VideoSegment id="shot180_141">
<MediaTime>
<MediaTimePoint>T00:17:57:13291F30000</MediaTimePoint>
<MediaDuration>PT00H00M03S15105N30000F</MediaDuration>
</MediaTime>
<TemporalDecomposition>
<VideoSegment id="shot180_141_NRKF_1">
<MediaTime>
<MediaTimePoint>T00:17:58:9317F30000</MediaTimePoint>
</MediaTime>
</VideoSegment>
<VideoSegment id="shot180_141_RKF">
<MediaTime>
<MediaTimePoint>T00:17:59:5343F30000</MediaTimePoint>
</MediaTime>
</VideoSegment>
<VideoSegment id="shot180_141_NRKF_2">
<MediaTime>
<MediaTimePoint>T00:18:00:2370F30000</MediaTimePoint>
</MediaTime>
</VideoSegment>
</TemporalDecomposition>
</VideoSegment>
<VideoSegment id="shot180_142">
<MediaTime>
<MediaTimePoint>T00:18:00:28396F30000</MediaTimePoint>
<MediaDuration>PT00H00M04S5125N30000F</MediaDuration>
</MediaTime>
<TemporalDecomposition>
<VideoSegment id="shot180_142_RKF">
<MediaTime>
<MediaTimePoint>T00:18:03:458F30000</MediaTimePoint>
</MediaTime>
</VideoSegment>
</TemporalDecomposition>
</VideoSegment>
<VideoSegment id="shot180_143">
<MediaTime>
<MediaTimePoint>T00:18:05:3521F30000</MediaTimePoint>
<MediaDuration>PT00H00M03S26116N30000F</MediaDuration>
</MediaTime>
<TemporalDecomposition>
<VideoSegment id="shot180_143_RKF">
<MediaTime>
<MediaTimePoint>T00:18:07:578F30000</MediaTimePoint>
</MediaTime>
</VideoSegment>
</TemporalDecomposition>
</VideoSegment>
<VideoSegment id="shot180_144">
<MediaTime>
<MediaTimePoint>T00:18:08:29637F30000</MediaTimePoint>
<MediaDuration>PT00H00M14S3423N30000F</MediaDuration>
</MediaTime>
<TemporalDecomposition>
<VideoSegment id="shot180_144_RKF">
<MediaTime>
<MediaTimePoint>T00:18:16:848F30000</MediaTimePoint>
</MediaTime>
</VideoSegment>
</TemporalDecomposition>
</VideoSegment>
<VideoSegment id="shot180_145">
<MediaTime>
<MediaTimePoint>T00:18:23:3060F30000</MediaTimePoint>
<MediaDuration>PT00H00M10S8308N30000F</MediaDuration>
</MediaTime>
<TemporalDecomposition>
<VideoSegment id="shot180_145_RKF">
<MediaTime>
<MediaTimePoint>T00:18:28:6213F30000</MediaTimePoint>
</MediaTime>
</VideoSegment>
</TemporalDecomposition>
</VideoSegment>
<VideoSegment id="shot180_146">
<MediaTime>
<MediaTimePoint>T00:18:33:11368F30000</MediaTimePoint>
<MediaDuration>PT00H00M11S12342N30000F</MediaDuration>
</MediaTime>
<TemporalDecomposition>
<VideoSegment id="shot180_146_RKF">
<MediaTime>
<MediaTimePoint>T00:18:39:1538F30000</MediaTimePoint>
</MediaTime>
</VideoSegment>
</TemporalDecomposition>
</VideoSegment>
<VideoSegment id="shot180_147">
<MediaTime>
<MediaTimePoint>T00:18:44:23710F30000</MediaTimePoint>
<MediaDuration>PT00H00M04S27147N30000F</MediaDuration>
</MediaTime>
<TemporalDecomposition>
<VideoSegment id="shot180_147_RKF">
<MediaTime>
<MediaTimePoint>T00:18:47:6783F30000</MediaTimePoint>
</MediaTime>
</VideoSegment>
</TemporalDecomposition>
</VideoSegment>
<VideoSegment id="shot180_148">
<MediaTime>
<MediaTimePoint>T00:18:49:20857F30000</MediaTimePoint>
<MediaDuration>PT00H00M04S12132N30000F</MediaDuration>
</MediaTime>
<TemporalDecomposition>
<VideoSegment id="shot180_148_RKF">
<MediaTime>
<MediaTimePoint>T00:18:51:25922F30000</MediaTimePoint>
</MediaTime>
</VideoSegment>
</TemporalDecomposition>
</VideoSegment>
<VideoSegment id="shot180_149">
<MediaTime>
<MediaTimePoint>T00:18:54:2989F30000</MediaTimePoint>
<MediaDuration>PT00H00M02S18078N30000F</MediaDuration>
</MediaTime>
<TemporalDecomposition>
<VideoSegment id="shot180_149_NRKF_1">
<MediaTime>
<MediaTimePoint>T00:18:54:12999F30000</MediaTimePoint>
</MediaTime>
</VideoSegment>
<VideoSegment id="shot180_149_RKF">
<MediaTime>
<MediaTimePoint>T00:18:55:11027F30000</MediaTimePoint>
</MediaTime>
</VideoSegment>
<VideoSegment id="shot180_149_NRKF_2">
<MediaTime>
<MediaTimePoint>T00:18:55:22038F30000</MediaTimePoint>
</MediaTime>
</VideoSegment>
</TemporalDecomposition>
</VideoSegment>
<VideoSegment id="shot180_150">
<MediaTime>
<MediaTimePoint>T00:18:56:21067F30000</MediaTimePoint>
<MediaDuration>PT00H00M05S29179N30000F</MediaDuration>
</MediaTime>
<TemporalDecomposition>
<VideoSegment id="shot180_150_RKF">
<MediaTime>
<MediaTimePoint>T00:18:59:20156F30000</MediaTimePoint>
</MediaTime>
</VideoSegment>
</TemporalDecomposition>
</VideoSegment>
<VideoSegment id="shot180_151">
<MediaTime>
<MediaTimePoint>T00:19:02:20246F30000</MediaTimePoint>
<MediaDuration>PT00H00M04S10130N30000F</MediaDuration>
</MediaTime>
<TemporalDecomposition>
<VideoSegment id="shot180_151_RKF">
<MediaTime>
<MediaTimePoint>T00:19:04:24310F30000</MediaTimePoint>
</MediaTime>
</VideoSegment>
</TemporalDecomposition>
</VideoSegment>
<VideoSegment id="shot180_152">
<MediaTime>
<MediaTimePoint>T00:19:07:376F30000</MediaTimePoint>
<MediaDuration>PT00H00M02S15075N30000F</MediaDuration>
</MediaTime>
<TemporalDecomposition>
<VideoSegment id="shot180_152_RKF">
<MediaTime>
<MediaTimePoint>T00:19:08:7413F30000</MediaTimePoint>
</MediaTime>
</VideoSegment>
</TemporalDecomposition>
</VideoSegment>
<VideoSegment id="shot180_153">
<MediaTime>
<MediaTimePoint>T00:19:09:15451F30000</MediaTimePoint>
<MediaDuration>PT00H00M05S7157N30000F</MediaDuration>
</MediaTime>
<TemporalDecomposition>
<VideoSegment id="shot180_153_NRKF_1">
<MediaTime>
<MediaTimePoint>T00:19:09:26462F30000</MediaTimePoint>
</MediaTime>
</VideoSegment>
<VideoSegment id="shot180_153_RKF">
<MediaTime>
<MediaTimePoint>T00:19:12:3529F30000</MediaTimePoint>
</MediaTime>
</VideoSegment>
<VideoSegment id="shot180_153_NRKF_2">
<MediaTime>
<MediaTimePoint>T00:19:12:15541F30000</MediaTimePoint>
</MediaTime>
</VideoSegment>
</TemporalDecomposition>
</VideoSegment>
<VideoSegment id="shot180_154">
<MediaTime>
<MediaTimePoint>T00:19:14:22608F30000</MediaTimePoint>
<MediaDuration>PT00H00M14S15435N30000F</MediaDuration>
</MediaTime>
<TemporalDecomposition>
<VideoSegment id="shot180_154_RKF">
<MediaTime>
<MediaTimePoint>T00:19:21:29825F30000</MediaTimePoint>
</MediaTime>
</VideoSegment>
</TemporalDecomposition>
</VideoSegment>
<VideoSegment id="shot180_155">
<MediaTime>
<MediaTimePoint>T00:19:29:8043F30000</MediaTimePoint>
<MediaDuration>PT00H02M20S8204N30000F</MediaDuration>
</MediaTime>
<TemporalDecomposition>
<VideoSegment id="shot180_155_RKF">
<MediaTime>
<MediaTimePoint>T00:20:39:11144F30000</MediaTimePoint>
</MediaTime>
</VideoSegment>
</TemporalDecomposition>
</VideoSegment>
<VideoSegment id="shot180_156">
<MediaTime>
<MediaTimePoint>T00:21:49:16247F30000</MediaTimePoint>
<MediaDuration>PT00H00M22S4664N30000F</MediaDuration>
</MediaTime>
<TemporalDecomposition>
<VideoSegment id="shot180_156_RKF">
<MediaTime>
<MediaTimePoint>T00:22:00:17578F30000</MediaTimePoint>
</MediaTime>
</VideoSegment>
</TemporalDecomposition>
</VideoSegment>
<VideoSegment id="shot180_157">
<MediaTime>
<MediaTimePoint>T00:22:11:20911F30000</MediaTimePoint>
<MediaDuration>PT00H00M09S18288N30000F</MediaDuration>
</MediaTime>
<TemporalDecomposition>
<VideoSegment id="shot180_157_RKF">
<MediaTime>
<MediaTimePoint>T00:22:16:14054F30000</MediaTimePoint>
</MediaTime>
</VideoSegment>
</TemporalDecomposition>
</VideoSegment>
<VideoSegment id="shot180_158">
<MediaTime>
<MediaTimePoint>T00:22:21:9199F30000</MediaTimePoint>
<MediaDuration>PT00H00M03S8098N30000F</MediaDuration>
</MediaTime>
<TemporalDecomposition>
<VideoSegment id="shot180_158_RKF">
<MediaTime>
<MediaTimePoint>T00:22:22:27247F30000</MediaTimePoint>
</MediaTime>
</VideoSegment>
</TemporalDecomposition>
</VideoSegment>
<VideoSegment id="shot180_159">
<MediaTime>
<MediaTimePoint>T00:22:24:17297F30000</MediaTimePoint>
<MediaDuration>PT00H00M03S23113N30000F</MediaDuration>
</MediaTime>
<TemporalDecomposition>
<VideoSegment id="shot180_159_RKF">
<MediaTime>
<MediaTimePoint>T00:22:26:13353F30000</MediaTimePoint>
</MediaTime>
</VideoSegment>
</TemporalDecomposition>
</VideoSegment>
<VideoSegment id="shot180_160">
<MediaTime>
<MediaTimePoint>T00:22:28:10410F30000</MediaTimePoint>
<MediaDuration>PT00H00M03S26116N30000F</MediaDuration>
</MediaTime>
<TemporalDecomposition>
<VideoSegment id="shot180_160_RKF">
<MediaTime>
<MediaTimePoint>T00:22:30:7467F30000</MediaTimePoint>
</MediaTime>
</VideoSegment>
</TemporalDecomposition>
</VideoSegment>
<VideoSegment id="shot180_161">
<MediaTime>
<MediaTimePoint>T00:22:32:6526F30000</MediaTimePoint>
<MediaDuration>PT00H00M02S10070N30000F</MediaDuration>
</MediaTime>
<TemporalDecomposition>
<VideoSegment id="shot180_161_RKF">
<MediaTime>
<MediaTimePoint>T00:22:33:10560F30000</MediaTimePoint>
</MediaTime>
</VideoSegment>
</TemporalDecomposition>
</VideoSegment>
<VideoSegment id="shot180_162">
<MediaTime>
<MediaTimePoint>T00:22:34:16596F30000</MediaTimePoint>
<MediaDuration>PT00H00M10S8308N30000F</MediaDuration>
</MediaTime>
<TemporalDecomposition>
<VideoSegment id="shot180_162_RKF">
<MediaTime>
<MediaTimePoint>T00:22:39:19749F30000</MediaTimePoint>
</MediaTime>
</VideoSegment>
</TemporalDecomposition>
</VideoSegment>
<VideoSegment id="shot180_163">
<MediaTime>
<MediaTimePoint>T00:22:44:24904F30000</MediaTimePoint>
<MediaDuration>PT00H00M03S12102N30000F</MediaDuration>
</MediaTime>
<TemporalDecomposition>
<VideoSegment id="shot180_163_RKF">
<MediaTime>
<MediaTimePoint>T00:22:46:14954F30000</MediaTimePoint>
</MediaTime>
</VideoSegment>
</TemporalDecomposition>
</VideoSegment>
<VideoSegment id="shot180_164">
<MediaTime>
<MediaTimePoint>T00:22:48:7006F30000</MediaTimePoint>
<MediaDuration>PT00H00M08S2242N30000F</MediaDuration>
</MediaTime>
<TemporalDecomposition>
<VideoSegment id="shot180_164_RKF">
<MediaTime>
<MediaTimePoint>T00:22:52:7126F30000</MediaTimePoint>
</MediaTime>
</VideoSegment>
</TemporalDecomposition>
</VideoSegment>
<VideoSegment id="shot180_165">
<MediaTime>
<MediaTimePoint>T00:22:56:9248F30000</MediaTimePoint>
<MediaDuration>PT00H00M03S7097N30000F</MediaDuration>
</MediaTime>
<TemporalDecomposition>
<VideoSegment id="shot180_165_RKF">
<MediaTime>
<MediaTimePoint>T00:22:57:27296F30000</MediaTimePoint>
</MediaTime>
</VideoSegment>
</TemporalDecomposition>
</VideoSegment>
<VideoSegment id="shot180_166">
<MediaTime>
<MediaTimePoint>T00:22:59:16345F30000</MediaTimePoint>
<MediaDuration>PT00H00M57S29738N30000F</MediaDuration>
</MediaTime>
<TemporalDecomposition>
<VideoSegment id="shot180_166_RKF">
<MediaTime>
<MediaTimePoint>T00:23:28:15213F30000</MediaTimePoint>
</MediaTime>
</VideoSegment>
</TemporalDecomposition>
</VideoSegment>
<VideoSegment id="shot180_167">
<MediaTime>
<MediaTimePoint>T00:23:57:16083F30000</MediaTimePoint>
<MediaDuration>PT00H00M04S15135N30000F</MediaDuration>
</MediaTime>
<TemporalDecomposition>
<VideoSegment id="shot180_167_RKF">
<MediaTime>
<MediaTimePoint>T00:23:59:23150F30000</MediaTimePoint>
</MediaTime>
</VideoSegment>
</TemporalDecomposition>
</VideoSegment>
<VideoSegment id="shot180_168">
<MediaTime>
<MediaTimePoint>T00:24:02:1218F30000</MediaTimePoint>
<MediaDuration>PT00H00M09S7277N30000F</MediaDuration>
</MediaTime>
<TemporalDecomposition>
<VideoSegment id="shot180_168_RKF">
<MediaTime>
<MediaTimePoint>T00:24:06:19356F30000</MediaTimePoint>
</MediaTime>
</VideoSegment>
</TemporalDecomposition>
</VideoSegment>
<VideoSegment id="shot180_169">
<MediaTime>
<MediaTimePoint>T00:24:11:8495F30000</MediaTimePoint>
<MediaDuration>PT00H00M03S14104N30000F</MediaDuration>
</MediaTime>
<TemporalDecomposition>
<VideoSegment id="shot180_169_RKF">
<MediaTime>
<MediaTimePoint>T00:24:12:29546F30000</MediaTimePoint>
</MediaTime>
</VideoSegment>
</TemporalDecomposition>
</VideoSegment>
<VideoSegment id="shot180_170">
<MediaTime>
<MediaTimePoint>T00:24:14:22599F30000</MediaTimePoint>
<MediaDuration>PT00H00M02S19079N30000F</MediaDuration>
</MediaTime>
<TemporalDecomposition>
<VideoSegment id="shot180_170_RKF">
<MediaTime>
<MediaTimePoint>T00:24:16:1638F30000</MediaTimePoint>
</MediaTime>
</VideoSegment>
</TemporalDecomposition>
</VideoSegment>
<VideoSegment id="shot180_171">
<MediaTime>
<MediaTimePoint>T00:24:17:11678F30000</MediaTimePoint>
<MediaDuration>PT00H00M04S3123N30000F</MediaDuration>
</MediaTime>
<TemporalDecomposition>
<VideoSegment id="shot180_171_RKF">
<MediaTime>
<MediaTimePoint>T00:24:19:12739F30000</MediaTimePoint>
</MediaTime>
</VideoSegment>
</TemporalDecomposition>
</VideoSegment>
<VideoSegment id="shot180_172">
<MediaTime>
<MediaTimePoint>T00:24:21:14801F30000</MediaTimePoint>
<MediaDuration>PT00H00M04S12132N30000F</MediaDuration>
</MediaTime>
<TemporalDecomposition>
<VideoSegment id="shot180_172_RKF">
<MediaTime>
<MediaTimePoint>T00:24:23:19866F30000</MediaTimePoint>
</MediaTime>
</VideoSegment>
</TemporalDecomposition>
</VideoSegment>
<VideoSegment id="shot180_173">
<MediaTime>
<MediaTimePoint>T00:24:25:26933F30000</MediaTimePoint>
<MediaDuration>PT00H00M24S27747N30000F</MediaDuration>
</MediaTime>
<TemporalDecomposition>
<VideoSegment id="shot180_173_RKF">
<MediaTime>
<MediaTimePoint>T00:24:38:10306F30000</MediaTimePoint>
</MediaTime>
</VideoSegment>
</TemporalDecomposition>
</VideoSegment>
<VideoSegment id="shot180_174">
<MediaTime>
<MediaTimePoint>T00:24:50:24680F30000</MediaTimePoint>
<MediaDuration>PT00H00M14S420N30000F</MediaDuration>
</MediaTime>
<TemporalDecomposition>
<VideoSegment id="shot180_174_RKF">
<MediaTime>
<MediaTimePoint>T00:24:57:23889F30000</MediaTimePoint>
</MediaTime>
</VideoSegment>
</TemporalDecomposition>
</VideoSegment>
<VideoSegment id="shot180_175">
<MediaTime>
<MediaTimePoint>T00:25:04:25100F30000</MediaTimePoint>
<MediaDuration>PT00H00M02S7067N30000F</MediaDuration>
</MediaTime>
<TemporalDecomposition>
<VideoSegment id="shot180_175_RKF">
<MediaTime>
<MediaTimePoint>T00:25:05:28133F30000</MediaTimePoint>
</MediaTime>
</VideoSegment>
</TemporalDecomposition>
</VideoSegment>
<VideoSegment id="shot180_176">
<MediaTime>
<MediaTimePoint>T00:25:07:2167F30000</MediaTimePoint>
<MediaDuration>PT00H00M05S16166N30000F</MediaDuration>
</MediaTime>
<TemporalDecomposition>
<VideoSegment id="shot180_176_RKF">
<MediaTime>
<MediaTimePoint>T00:25:09:24249F30000</MediaTimePoint>
</MediaTime>
</VideoSegment>
</TemporalDecomposition>
</VideoSegment>
<VideoSegment id="shot180_177">
<MediaTime>
<MediaTimePoint>T00:25:12:18333F30000</MediaTimePoint>
<MediaDuration>PT00H00M08S25265N30000F</MediaDuration>
</MediaTime>
<TemporalDecomposition>
<VideoSegment id="shot180_177_RKF">
<MediaTime>
<MediaTimePoint>T00:25:17:465F30000</MediaTimePoint>
</MediaTime>
</VideoSegment>
</TemporalDecomposition>
</VideoSegment>
<VideoSegment id="shot180_178">
<MediaTime>
<MediaTimePoint>T00:25:21:13598F30000</MediaTimePoint>
<MediaDuration>PT00H00M17S4514N30000F</MediaDuration>
</MediaTime>
<TemporalDecomposition>
<VideoSegment id="shot180_178_RKF">
<MediaTime>
<MediaTimePoint>T00:25:29:29854F30000</MediaTimePoint>
</MediaTime>
</VideoSegment>
</TemporalDecomposition>
</VideoSegment>
<VideoSegment id="shot180_179">
<MediaTime>
<MediaTimePoint>T00:25:38:18112F30000</MediaTimePoint>
<MediaDuration>PT00H00M05S2152N30000F</MediaDuration>
</MediaTime>
<TemporalDecomposition>
<VideoSegment id="shot180_179_RKF">
<MediaTime>
<MediaTimePoint>T00:25:41:3187F30000</MediaTimePoint>
</MediaTime>
</VideoSegment>
</TemporalDecomposition>
</VideoSegment>
<VideoSegment id="shot180_180">
<MediaTime>
<MediaTimePoint>T00:25:43:20264F30000</MediaTimePoint>
<MediaDuration>PT00H00M02S16076N30000F</MediaDuration>
</MediaTime>
<TemporalDecomposition>
<VideoSegment id="shot180_180_RKF">
<MediaTime>
<MediaTimePoint>T00:25:44:27301F30000</MediaTimePoint>
</MediaTime>
</VideoSegment>
</TemporalDecomposition>
</VideoSegment>
<VideoSegment id="shot180_181">
<MediaTime>
<MediaTimePoint>T00:25:46:6340F30000</MediaTimePoint>
<MediaDuration>PT00H00M08S3243N30000F</MediaDuration>
</MediaTime>
<TemporalDecomposition>
<VideoSegment id="shot180_181_RKF">
<MediaTime>
<MediaTimePoint>T00:25:50:7461F30000</MediaTimePoint>
</MediaTime>
</VideoSegment>
</TemporalDecomposition>
</VideoSegment>
<VideoSegment id="shot180_182">
<MediaTime>
<MediaTimePoint>T00:25:54:9583F30000</MediaTimePoint>
<MediaDuration>PT00H00M14S29449N30000F</MediaDuration>
</MediaTime>
<TemporalDecomposition>
<VideoSegment id="shot180_182_RKF">
<MediaTime>
<MediaTimePoint>T00:26:01:23807F30000</MediaTimePoint>
</MediaTime>
</VideoSegment>
</TemporalDecomposition>
</VideoSegment>
<VideoSegment id="shot180_183">
<MediaTime>
<MediaTimePoint>T00:26:09:9032F30000</MediaTimePoint>
<MediaDuration>PT00H00M08S13253N30000F</MediaDuration>
</MediaTime>
<TemporalDecomposition>
<VideoSegment id="shot180_183_RKF">
<MediaTime>
<MediaTimePoint>T00:26:13:15158F30000</MediaTimePoint>
</MediaTime>
</VideoSegment>
</TemporalDecomposition>
</VideoSegment>
<VideoSegment id="shot180_184">
<MediaTime>
<MediaTimePoint>T00:26:17:22285F30000</MediaTimePoint>
<MediaDuration>PT00H00M03S19109N30000F</MediaDuration>
</MediaTime>
<TemporalDecomposition>
<VideoSegment id="shot180_184_RKF">
<MediaTime>
<MediaTimePoint>T00:26:19:16339F30000</MediaTimePoint>
</MediaTime>
</VideoSegment>
</TemporalDecomposition>
</VideoSegment>
<VideoSegment id="shot180_185">
<MediaTime>
<MediaTimePoint>T00:26:21:11394F30000</MediaTimePoint>
<MediaDuration>PT00H00M03S25115N30000F</MediaDuration>
</MediaTime>
<TemporalDecomposition>
<VideoSegment id="shot180_185_RKF">
<MediaTime>
<MediaTimePoint>T00:26:23:8451F30000</MediaTimePoint>
</MediaTime>
</VideoSegment>
</TemporalDecomposition>
</VideoSegment>
<VideoSegment id="shot180_186">
<MediaTime>
<MediaTimePoint>T00:26:25:6509F30000</MediaTimePoint>
<MediaDuration>PT00H00M04S9129N30000F</MediaDuration>
</MediaTime>
<TemporalDecomposition>
<VideoSegment id="shot180_186_RKF">
<MediaTime>
<MediaTimePoint>T00:26:27:10573F30000</MediaTimePoint>
</MediaTime>
</VideoSegment>
</TemporalDecomposition>
</VideoSegment>
<VideoSegment id="shot180_187">
<MediaTime>
<MediaTimePoint>T00:26:29:15638F30000</MediaTimePoint>
<MediaDuration>PT00H00M04S23143N30000F</MediaDuration>
</MediaTime>
<TemporalDecomposition>
<VideoSegment id="shot180_187_RKF">
<MediaTime>
<MediaTimePoint>T00:26:31:26709F30000</MediaTimePoint>
</MediaTime>
</VideoSegment>
</TemporalDecomposition>
</VideoSegment>
<VideoSegment id="shot180_188">
<MediaTime>
<MediaTimePoint>T00:26:34:8781F30000</MediaTimePoint>
<MediaDuration>PT00H00M04S6126N30000F</MediaDuration>
</MediaTime>
<TemporalDecomposition>
<VideoSegment id="shot180_188_RKF">
<MediaTime>
<MediaTimePoint>T00:26:36:10843F30000</MediaTimePoint>
</MediaTime>
</VideoSegment>
</TemporalDecomposition>
</VideoSegment>
<VideoSegment id="shot180_189">
<MediaTime>
<MediaTimePoint>T00:26:38:14907F30000</MediaTimePoint>
<MediaDuration>PT00H00M03S10100N30000F</MediaDuration>
</MediaTime>
<TemporalDecomposition>
<VideoSegment id="shot180_189_RKF">
<MediaTime>
<MediaTimePoint>T00:26:40:3956F30000</MediaTimePoint>
</MediaTime>
</VideoSegment>
</TemporalDecomposition>
</VideoSegment>
<VideoSegment id="shot180_190">
<MediaTime>
<MediaTimePoint>T00:26:41:25007F30000</MediaTimePoint>
<MediaDuration>PT00H00M02S2062N30000F</MediaDuration>
</MediaTime>
<TemporalDecomposition>
<VideoSegment id="shot180_190_RKF">
<MediaTime>
<MediaTimePoint>T00:26:42:25037F30000</MediaTimePoint>
</MediaTime>
</VideoSegment>
</TemporalDecomposition>
</VideoSegment>
<VideoSegment id="shot180_191">
<MediaTime>
<MediaTimePoint>T00:26:43:27069F30000</MediaTimePoint>
<MediaDuration>PT00H00M03S29119N30000F</MediaDuration>
</MediaTime>
<TemporalDecomposition>
<VideoSegment id="shot180_191_RKF">
<MediaTime>
<MediaTimePoint>T00:26:45:26128F30000</MediaTimePoint>
</MediaTime>
</VideoSegment>
</TemporalDecomposition>
</VideoSegment>
<VideoSegment id="shot180_192">
<MediaTime>
<MediaTimePoint>T00:26:47:26188F30000</MediaTimePoint>
<MediaDuration>PT00H00M04S28148N30000F</MediaDuration>
</MediaTime>
<TemporalDecomposition>
<VideoSegment id="shot180_192_RKF">
<MediaTime>
<MediaTimePoint>T00:26:50:9261F30000</MediaTimePoint>
</MediaTime>
</VideoSegment>
</TemporalDecomposition>
</VideoSegment>
<VideoSegment id="shot180_193">
<MediaTime>
<MediaTimePoint>T00:26:52:24336F30000</MediaTimePoint>
<MediaDuration>PT00H00M16S26506N30000F</MediaDuration>
</MediaTime>
<TemporalDecomposition>
<VideoSegment id="shot180_193_RKF">
<MediaTime>
<MediaTimePoint>T00:27:01:6588F30000</MediaTimePoint>
</MediaTime>
</VideoSegment>
</TemporalDecomposition>
</VideoSegment>
<VideoSegment id="shot180_194">
<MediaTime>
<MediaTimePoint>T00:27:09:20842F30000</MediaTimePoint>
<MediaDuration>PT00H00M03S3093N30000F</MediaDuration>
</MediaTime>
<TemporalDecomposition>
<VideoSegment id="shot180_194_RKF">
<MediaTime>
<MediaTimePoint>T00:27:11:6888F30000</MediaTimePoint>
</MediaTime>
</VideoSegment>
</TemporalDecomposition>
</VideoSegment>
<VideoSegment id="shot180_195">
<MediaTime>
<MediaTimePoint>T00:27:12:23935F30000</MediaTimePoint>
<MediaDuration>PT00H00M02S8068N30000F</MediaDuration>
</MediaTime>
<TemporalDecomposition>
<VideoSegment id="shot180_195_RKF">
<MediaTime>
<MediaTimePoint>T00:27:13:26968F30000</MediaTimePoint>
</MediaTime>
</VideoSegment>
</TemporalDecomposition>
</VideoSegment>
<VideoSegment id="shot180_196">
<MediaTime>
<MediaTimePoint>T00:27:15:2003F30000</MediaTimePoint>
<MediaDuration>PT00H00M05S21171N30000F</MediaDuration>
</MediaTime>
<TemporalDecomposition>
<VideoSegment id="shot180_196_RKF">
<MediaTime>
<MediaTimePoint>T00:27:17:27088F30000</MediaTimePoint>
</MediaTime>
</VideoSegment>
</TemporalDecomposition>
</VideoSegment>
<VideoSegment id="shot180_197">
<MediaTime>
<MediaTimePoint>T00:27:20:23174F30000</MediaTimePoint>
<MediaDuration>PT00H00M04S12132N30000F</MediaDuration>
</MediaTime>
<TemporalDecomposition>
<VideoSegment id="shot180_197_RKF">
<MediaTime>
<MediaTimePoint>T00:27:22:28239F30000</MediaTimePoint>
</MediaTime>
</VideoSegment>
</TemporalDecomposition>
</VideoSegment>
<VideoSegment id="shot180_198">
<MediaTime>
<MediaTimePoint>T00:27:25:5306F30000</MediaTimePoint>
<MediaDuration>PT00H00M09S16286N30000F</MediaDuration>
</MediaTime>
<TemporalDecomposition>
<VideoSegment id="shot180_198_RKF">
<MediaTime>
<MediaTimePoint>T00:27:29:27448F30000</MediaTimePoint>
</MediaTime>
</VideoSegment>
</TemporalDecomposition>
</VideoSegment>
<VideoSegment id="shot180_199">
<MediaTime>
<MediaTimePoint>T00:27:34:21592F30000</MediaTimePoint>
<MediaDuration>PT00H00M13S12402N30000F</MediaDuration>
</MediaTime>
<TemporalDecomposition>
<VideoSegment id="shot180_199_NRKF_1">
<MediaTime>
<MediaTimePoint>T00:27:35:1602F30000</MediaTimePoint>
</MediaTime>
</VideoSegment>
<VideoSegment id="shot180_199_RKF">
<MediaTime>
<MediaTimePoint>T00:27:41:11792F30000</MediaTimePoint>
</MediaTime>
</VideoSegment>
<VideoSegment id="shot180_199_NRKF_2">
<MediaTime>
<MediaTimePoint>T00:27:41:22803F30000</MediaTimePoint>
</MediaTime>
</VideoSegment>
</TemporalDecomposition>
</VideoSegment>
<VideoSegment id="shot180_200">
<MediaTime>
<MediaTimePoint>T00:27:48:3994F30000</MediaTimePoint>
<MediaDuration>PT00H00M12S14374N30000F</MediaDuration>
</MediaTime>
<TemporalDecomposition>
<VideoSegment id="shot180_200_RKF">
<MediaTime>
<MediaTimePoint>T00:27:54:10180F30000</MediaTimePoint>
</MediaTime>
</VideoSegment>
</TemporalDecomposition>
</VideoSegment>
<VideoSegment id="shot180_201">
<MediaTime>
<MediaTimePoint>T00:28:00:18368F30000</MediaTimePoint>
<MediaDuration>PT00H00M04S6126N30000F</MediaDuration>
</MediaTime>
<TemporalDecomposition>
<VideoSegment id="shot180_201_NRKF_1">
<MediaTime>
<MediaTimePoint>T00:28:01:8388F30000</MediaTimePoint>
</MediaTime>
</VideoSegment>
<VideoSegment id="shot180_201_RKF">
<MediaTime>
<MediaTimePoint>T00:28:02:20430F30000</MediaTimePoint>
</MediaTime>
</VideoSegment>
<VideoSegment id="shot180_201_NRKF_2">
<MediaTime>
<MediaTimePoint>T00:28:03:11451F30000</MediaTimePoint>
</MediaTime>
</VideoSegment>
</TemporalDecomposition>
</VideoSegment>
<VideoSegment id="shot180_202">
<MediaTime>
<MediaTimePoint>T00:28:04:24494F30000</MediaTimePoint>
<MediaDuration>PT00H00M05S18168N30000F</MediaDuration>
</MediaTime>
<TemporalDecomposition>
<VideoSegment id="shot180_202_RKF">
<MediaTime>
<MediaTimePoint>T00:28:07:17577F30000</MediaTimePoint>
</MediaTime>
</VideoSegment>
</TemporalDecomposition>
</VideoSegment>
<VideoSegment id="shot180_203">
<MediaTime>
<MediaTimePoint>T00:28:10:12662F30000</MediaTimePoint>
<MediaDuration>PT00H00M09S17287N30000F</MediaDuration>
</MediaTime>
<TemporalDecomposition>
<VideoSegment id="shot180_203_RKF">
<MediaTime>
<MediaTimePoint>T00:28:15:5805F30000</MediaTimePoint>
</MediaTime>
</VideoSegment>
</TemporalDecomposition>
</VideoSegment>
</TemporalDecomposition>
</Video>
</MultimediaContent>
</Description>
</Mpeg7>
