<?xml version="1.0" encoding="UTF-8"?>
<Mpeg7 xmlns="urn:mpeg:mpeg7:schema:2001" xmlns:mpeg7="urn:mpeg:mpeg7:schema:2001" xmlns:xsi="http://www.w3.org/2001/XMLSchema-instance">
<Description xsi:type="ContentEntityType">
<MultimediaContent xsi:type="VideoType">
<Video id="TRECVID2005_195">
<MediaLocator>
<MediaUri>20041107_130001_LBC_LBCNEWS2_ARB.mpg</MediaUri>
</MediaLocator>
<MediaTime>
<MediaTimePoint>T00:00:00:0F30000</MediaTimePoint>
<MediaDuration>PT00H24M58S29925N30000F</MediaDuration>
</MediaTime>
<TemporalDecomposition gap="false" overlap="false">
<VideoSegment id="shot195_1">
<MediaTime>
<MediaTimePoint>T00:00:00:0F30000</MediaTimePoint>
<MediaDuration>PT00H00M02S3063N30000F</MediaDuration>
</MediaTime>
<TemporalDecomposition>
<VideoSegment id="shot195_1_NRKF_1">
<MediaTime>
<MediaTimePoint>T00:00:00:20020F30000</MediaTimePoint>
</MediaTime>
</VideoSegment>
<VideoSegment id="shot195_1_RKF">
<MediaTime>
<MediaTimePoint>T00:00:01:1031F30000</MediaTimePoint>
</MediaTime>
</VideoSegment>
<VideoSegment id="shot195_1_NRKF_2">
<MediaTime>
<MediaTimePoint>T00:00:01:22052F30000</MediaTimePoint>
</MediaTime>
</VideoSegment>
</TemporalDecomposition>
</VideoSegment>
<VideoSegment id="shot195_2">
<MediaTime>
<MediaTimePoint>T00:00:02:3063F30000</MediaTimePoint>
<MediaDuration>PT00H00M02S25085N30000F</MediaDuration>
</MediaTime>
<TemporalDecomposition>
<VideoSegment id="shot195_2_NRKF_1">
<MediaTime>
<MediaTimePoint>T00:00:02:17077F30000</MediaTimePoint>
</MediaTime>
</VideoSegment>
<VideoSegment id="shot195_2_RKF">
<MediaTime>
<MediaTimePoint>T00:00:03:15105F30000</MediaTimePoint>
</MediaTime>
</VideoSegment>
<VideoSegment id="shot195_2_NRKF_2">
<MediaTime>
<MediaTimePoint>T00:00:03:16106F30000</MediaTimePoint>
</MediaTime>
</VideoSegment>
<VideoSegment id="shot195_2_NRKF_3">
<MediaTime>
<MediaTimePoint>T00:00:04:14134F30000</MediaTimePoint>
</MediaTime>
</VideoSegment>
</TemporalDecomposition>
</VideoSegment>
<VideoSegment id="shot195_3">
<MediaTime>
<MediaTimePoint>T00:00:04:28148F30000</MediaTimePoint>
<MediaDuration>PT00H00M03S19109N30000F</MediaDuration>
</MediaTime>
<TemporalDecomposition>
<VideoSegment id="shot195_3_NRKF_1">
<MediaTime>
<MediaTimePoint>T00:00:05:9159F30000</MediaTimePoint>
</MediaTime>
</VideoSegment>
<VideoSegment id="shot195_3_RKF">
<MediaTime>
<MediaTimePoint>T00:00:06:22202F30000</MediaTimePoint>
</MediaTime>
</VideoSegment>
<VideoSegment id="shot195_3_NRKF_2">
<MediaTime>
<MediaTimePoint>T00:00:07:4214F30000</MediaTimePoint>
</MediaTime>
</VideoSegment>
</TemporalDecomposition>
</VideoSegment>
<VideoSegment id="shot195_4">
<MediaTime>
<MediaTimePoint>T00:00:08:17257F30000</MediaTimePoint>
<MediaDuration>PT00H00M02S19079N30000F</MediaDuration>
</MediaTime>
<TemporalDecomposition>
<VideoSegment id="shot195_4_RKF">
<MediaTime>
<MediaTimePoint>T00:00:09:26296F30000</MediaTimePoint>
</MediaTime>
</VideoSegment>
</TemporalDecomposition>
</VideoSegment>
<VideoSegment id="shot195_5">
<MediaTime>
<MediaTimePoint>T00:00:11:6336F30000</MediaTimePoint>
<MediaDuration>PT00H00M02S3063N30000F</MediaDuration>
</MediaTime>
<TemporalDecomposition>
<VideoSegment id="shot195_5_NRKF_1">
<MediaTime>
<MediaTimePoint>T00:00:11:17347F30000</MediaTimePoint>
</MediaTime>
</VideoSegment>
<VideoSegment id="shot195_5_RKF">
<MediaTime>
<MediaTimePoint>T00:00:12:7367F30000</MediaTimePoint>
</MediaTime>
</VideoSegment>
<VideoSegment id="shot195_5_NRKF_2">
<MediaTime>
<MediaTimePoint>T00:00:12:19379F30000</MediaTimePoint>
</MediaTime>
</VideoSegment>
</TemporalDecomposition>
</VideoSegment>
<VideoSegment id="shot195_6">
<MediaTime>
<MediaTimePoint>T00:00:13:9399F30000</MediaTimePoint>
<MediaDuration>PT00H00M04S28148N30000F</MediaDuration>
</MediaTime>
<TemporalDecomposition>
<VideoSegment id="shot195_6_NRKF_1">
<MediaTime>
<MediaTimePoint>T00:00:14:5425F30000</MediaTimePoint>
</MediaTime>
</VideoSegment>
<VideoSegment id="shot195_6_RKF">
<MediaTime>
<MediaTimePoint>T00:00:15:22472F30000</MediaTimePoint>
</MediaTime>
</VideoSegment>
<VideoSegment id="shot195_6_NRKF_2">
<MediaTime>
<MediaTimePoint>T00:00:16:19499F30000</MediaTimePoint>
</MediaTime>
</VideoSegment>
</TemporalDecomposition>
</VideoSegment>
<VideoSegment id="shot195_7">
<MediaTime>
<MediaTimePoint>T00:00:18:7547F30000</MediaTimePoint>
<MediaDuration>PT00H00M06S6186N30000F</MediaDuration>
</MediaTime>
<TemporalDecomposition>
<VideoSegment id="shot195_7_RKF">
<MediaTime>
<MediaTimePoint>T00:00:21:9639F30000</MediaTimePoint>
</MediaTime>
</VideoSegment>
</TemporalDecomposition>
</VideoSegment>
<VideoSegment id="shot195_8">
<MediaTime>
<MediaTimePoint>T00:00:24:13733F30000</MediaTimePoint>
<MediaDuration>PT00H00M03S13103N30000F</MediaDuration>
</MediaTime>
<TemporalDecomposition>
<VideoSegment id="shot195_8_RKF">
<MediaTime>
<MediaTimePoint>T00:00:26:4784F30000</MediaTimePoint>
</MediaTime>
</VideoSegment>
</TemporalDecomposition>
</VideoSegment>
<VideoSegment id="shot195_9">
<MediaTime>
<MediaTimePoint>T00:00:27:26836F30000</MediaTimePoint>
<MediaDuration>PT00H00M02S14074N30000F</MediaDuration>
</MediaTime>
<TemporalDecomposition>
<VideoSegment id="shot195_9_NRKF_1">
<MediaTime>
<MediaTimePoint>T00:00:28:14854F30000</MediaTimePoint>
</MediaTime>
</VideoSegment>
<VideoSegment id="shot195_9_RKF">
<MediaTime>
<MediaTimePoint>T00:00:29:2872F30000</MediaTimePoint>
</MediaTime>
</VideoSegment>
<VideoSegment id="shot195_9_NRKF_2">
<MediaTime>
<MediaTimePoint>T00:00:29:21891F30000</MediaTimePoint>
</MediaTime>
</VideoSegment>
</TemporalDecomposition>
</VideoSegment>
<VideoSegment id="shot195_10">
<MediaTime>
<MediaTimePoint>T00:00:30:10910F30000</MediaTimePoint>
<MediaDuration>PT00H00M13S13403N30000F</MediaDuration>
</MediaTime>
<TemporalDecomposition>
<VideoSegment id="shot195_10_NRKF_1">
<MediaTime>
<MediaTimePoint>T00:00:30:22922F30000</MediaTimePoint>
</MediaTime>
</VideoSegment>
<VideoSegment id="shot195_10_NRKF_2">
<MediaTime>
<MediaTimePoint>T00:00:31:15945F30000</MediaTimePoint>
</MediaTime>
</VideoSegment>
<VideoSegment id="shot195_10_NRKF_3">
<MediaTime>
<MediaTimePoint>T00:00:32:1961F30000</MediaTimePoint>
</MediaTime>
</VideoSegment>
<VideoSegment id="shot195_10_RKF">
<MediaTime>
<MediaTimePoint>T00:00:37:2111F30000</MediaTimePoint>
</MediaTime>
</VideoSegment>
<VideoSegment id="shot195_10_NRKF_4">
<MediaTime>
<MediaTimePoint>T00:00:38:139F30000</MediaTimePoint>
</MediaTime>
</VideoSegment>
</TemporalDecomposition>
</VideoSegment>
<VideoSegment id="shot195_11">
<MediaTime>
<MediaTimePoint>T00:00:43:24313F30000</MediaTimePoint>
<MediaDuration>PT00H00M02S3063N30000F</MediaDuration>
</MediaTime>
<TemporalDecomposition>
<VideoSegment id="shot195_11_NRKF_1">
<MediaTime>
<MediaTimePoint>T00:00:44:4323F30000</MediaTimePoint>
</MediaTime>
</VideoSegment>
<VideoSegment id="shot195_11_RKF">
<MediaTime>
<MediaTimePoint>T00:00:44:25344F30000</MediaTimePoint>
</MediaTime>
</VideoSegment>
<VideoSegment id="shot195_11_NRKF_2">
<MediaTime>
<MediaTimePoint>T00:00:45:5354F30000</MediaTimePoint>
</MediaTime>
</VideoSegment>
</TemporalDecomposition>
</VideoSegment>
<VideoSegment id="shot195_12">
<MediaTime>
<MediaTimePoint>T00:00:45:27376F30000</MediaTimePoint>
<MediaDuration>PT00H00M02S8068N30000F</MediaDuration>
</MediaTime>
<TemporalDecomposition>
<VideoSegment id="shot195_12_NRKF_1">
<MediaTime>
<MediaTimePoint>T00:00:46:8387F30000</MediaTimePoint>
</MediaTime>
</VideoSegment>
<VideoSegment id="shot195_12_RKF">
<MediaTime>
<MediaTimePoint>T00:00:47:409F30000</MediaTimePoint>
</MediaTime>
</VideoSegment>
<VideoSegment id="shot195_12_NRKF_2">
<MediaTime>
<MediaTimePoint>T00:00:47:12421F30000</MediaTimePoint>
</MediaTime>
</VideoSegment>
</TemporalDecomposition>
</VideoSegment>
<VideoSegment id="shot195_13">
<MediaTime>
<MediaTimePoint>T00:00:48:5444F30000</MediaTimePoint>
<MediaDuration>PT00H00M02S20080N30000F</MediaDuration>
</MediaTime>
<TemporalDecomposition>
<VideoSegment id="shot195_13_NRKF_1">
<MediaTime>
<MediaTimePoint>T00:00:48:25464F30000</MediaTimePoint>
</MediaTime>
</VideoSegment>
<VideoSegment id="shot195_13_RKF">
<MediaTime>
<MediaTimePoint>T00:00:49:14483F30000</MediaTimePoint>
</MediaTime>
</VideoSegment>
<VideoSegment id="shot195_13_NRKF_2">
<MediaTime>
<MediaTimePoint>T00:00:50:5504F30000</MediaTimePoint>
</MediaTime>
</VideoSegment>
</TemporalDecomposition>
</VideoSegment>
<VideoSegment id="shot195_14">
<MediaTime>
<MediaTimePoint>T00:00:50:25524F30000</MediaTimePoint>
<MediaDuration>PT00H00M03S29119N30000F</MediaDuration>
</MediaTime>
<TemporalDecomposition>
<VideoSegment id="shot195_14_NRKF_1">
<MediaTime>
<MediaTimePoint>T00:00:51:16545F30000</MediaTimePoint>
</MediaTime>
</VideoSegment>
<VideoSegment id="shot195_14_RKF">
<MediaTime>
<MediaTimePoint>T00:00:52:24583F30000</MediaTimePoint>
</MediaTime>
</VideoSegment>
<VideoSegment id="shot195_14_NRKF_2">
<MediaTime>
<MediaTimePoint>T00:00:53:16605F30000</MediaTimePoint>
</MediaTime>
</VideoSegment>
</TemporalDecomposition>
</VideoSegment>
<VideoSegment id="shot195_15">
<MediaTime>
<MediaTimePoint>T00:00:54:24643F30000</MediaTimePoint>
<MediaDuration>PT00H00M02S19079N30000F</MediaDuration>
</MediaTime>
<TemporalDecomposition>
<VideoSegment id="shot195_15_NRKF_1">
<MediaTime>
<MediaTimePoint>T00:00:55:14663F30000</MediaTimePoint>
</MediaTime>
</VideoSegment>
<VideoSegment id="shot195_15_RKF">
<MediaTime>
<MediaTimePoint>T00:00:56:3682F30000</MediaTimePoint>
</MediaTime>
</VideoSegment>
<VideoSegment id="shot195_15_NRKF_2">
<MediaTime>
<MediaTimePoint>T00:00:56:13692F30000</MediaTimePoint>
</MediaTime>
</VideoSegment>
<VideoSegment id="shot195_15_NRKF_3">
<MediaTime>
<MediaTimePoint>T00:00:57:2711F30000</MediaTimePoint>
</MediaTime>
</VideoSegment>
</TemporalDecomposition>
</VideoSegment>
<VideoSegment id="shot195_16">
<MediaTime>
<MediaTimePoint>T00:00:57:13722F30000</MediaTimePoint>
<MediaDuration>PT00H00M02S15075N30000F</MediaDuration>
</MediaTime>
<TemporalDecomposition>
<VideoSegment id="shot195_16_NRKF_1">
<MediaTime>
<MediaTimePoint>T00:00:57:26735F30000</MediaTimePoint>
</MediaTime>
</VideoSegment>
<VideoSegment id="shot195_16_RKF">
<MediaTime>
<MediaTimePoint>T00:00:58:20759F30000</MediaTimePoint>
</MediaTime>
</VideoSegment>
<VideoSegment id="shot195_16_NRKF_2">
<MediaTime>
<MediaTimePoint>T00:00:58:22761F30000</MediaTimePoint>
</MediaTime>
</VideoSegment>
<VideoSegment id="shot195_16_NRKF_3">
<MediaTime>
<MediaTimePoint>T00:00:59:15784F30000</MediaTimePoint>
</MediaTime>
</VideoSegment>
</TemporalDecomposition>
</VideoSegment>
<VideoSegment id="shot195_17">
<MediaTime>
<MediaTimePoint>T00:00:59:28797F30000</MediaTimePoint>
<MediaDuration>PT00H00M03S8098N30000F</MediaDuration>
</MediaTime>
<TemporalDecomposition>
<VideoSegment id="shot195_17_NRKF_1">
<MediaTime>
<MediaTimePoint>T00:01:00:12811F30000</MediaTimePoint>
</MediaTime>
</VideoSegment>
<VideoSegment id="shot195_17_RKF">
<MediaTime>
<MediaTimePoint>T00:01:01:16845F30000</MediaTimePoint>
</MediaTime>
</VideoSegment>
<VideoSegment id="shot195_17_NRKF_2">
<MediaTime>
<MediaTimePoint>T00:01:02:1860F30000</MediaTimePoint>
</MediaTime>
</VideoSegment>
</TemporalDecomposition>
</VideoSegment>
<VideoSegment id="shot195_18">
<MediaTime>
<MediaTimePoint>T00:01:03:6895F30000</MediaTimePoint>
<MediaDuration>PT00H00M02S25085N30000F</MediaDuration>
</MediaTime>
<TemporalDecomposition>
<VideoSegment id="shot195_18_NRKF_1">
<MediaTime>
<MediaTimePoint>T00:01:04:5924F30000</MediaTimePoint>
</MediaTime>
</VideoSegment>
<VideoSegment id="shot195_18_RKF">
<MediaTime>
<MediaTimePoint>T00:01:04:18937F30000</MediaTimePoint>
</MediaTime>
</VideoSegment>
<VideoSegment id="shot195_18_NRKF_2">
<MediaTime>
<MediaTimePoint>T00:01:05:17966F30000</MediaTimePoint>
</MediaTime>
</VideoSegment>
</TemporalDecomposition>
</VideoSegment>
<VideoSegment id="shot195_19">
<MediaTime>
<MediaTimePoint>T00:01:06:1980F30000</MediaTimePoint>
<MediaDuration>PT00H00M02S1061N30000F</MediaDuration>
</MediaTime>
<TemporalDecomposition>
<VideoSegment id="shot195_19_NRKF_1">
<MediaTime>
<MediaTimePoint>T00:01:06:17996F30000</MediaTimePoint>
</MediaTime>
</VideoSegment>
<VideoSegment id="shot195_19_RKF">
<MediaTime>
<MediaTimePoint>T00:01:07:2010F30000</MediaTimePoint>
</MediaTime>
</VideoSegment>
<VideoSegment id="shot195_19_NRKF_2">
<MediaTime>
<MediaTimePoint>T00:01:07:17025F30000</MediaTimePoint>
</MediaTime>
</VideoSegment>
<VideoSegment id="shot195_19_NRKF_3">
<MediaTime>
<MediaTimePoint>T00:01:08:38F30000</MediaTimePoint>
</MediaTime>
</VideoSegment>
</TemporalDecomposition>
</VideoSegment>
<VideoSegment id="shot195_20">
<MediaTime>
<MediaTimePoint>T00:01:08:3041F30000</MediaTimePoint>
<MediaDuration>PT00H00M09S19289N30000F</MediaDuration>
</MediaTime>
<TemporalDecomposition>
<VideoSegment id="shot195_20_RKF">
<MediaTime>
<MediaTimePoint>T00:01:12:27185F30000</MediaTimePoint>
</MediaTime>
</VideoSegment>
</TemporalDecomposition>
</VideoSegment>
<VideoSegment id="shot195_21">
<MediaTime>
<MediaTimePoint>T00:01:17:22330F30000</MediaTimePoint>
<MediaDuration>PT00H00M04S12132N30000F</MediaDuration>
</MediaTime>
<TemporalDecomposition>
<VideoSegment id="shot195_21_NRKF_1">
<MediaTime>
<MediaTimePoint>T00:01:17:25333F30000</MediaTimePoint>
</MediaTime>
</VideoSegment>
<VideoSegment id="shot195_21_RKF">
<MediaTime>
<MediaTimePoint>T00:01:19:27395F30000</MediaTimePoint>
</MediaTime>
</VideoSegment>
<VideoSegment id="shot195_21_NRKF_2">
<MediaTime>
<MediaTimePoint>T00:01:20:1399F30000</MediaTimePoint>
</MediaTime>
</VideoSegment>
</TemporalDecomposition>
</VideoSegment>
<VideoSegment id="shot195_22">
<MediaTime>
<MediaTimePoint>T00:01:22:4462F30000</MediaTimePoint>
<MediaDuration>PT00H00M03S18108N30000F</MediaDuration>
</MediaTime>
<TemporalDecomposition>
<VideoSegment id="shot195_22_NRKF_1">
<MediaTime>
<MediaTimePoint>T00:01:22:15473F30000</MediaTimePoint>
</MediaTime>
</VideoSegment>
<VideoSegment id="shot195_22_RKF">
<MediaTime>
<MediaTimePoint>T00:01:23:27515F30000</MediaTimePoint>
</MediaTime>
</VideoSegment>
<VideoSegment id="shot195_22_NRKF_2">
<MediaTime>
<MediaTimePoint>T00:01:24:9527F30000</MediaTimePoint>
</MediaTime>
</VideoSegment>
</TemporalDecomposition>
</VideoSegment>
<VideoSegment id="shot195_23">
<MediaTime>
<MediaTimePoint>T00:01:25:22570F30000</MediaTimePoint>
<MediaDuration>PT00H00M04S22142N30000F</MediaDuration>
</MediaTime>
<TemporalDecomposition>
<VideoSegment id="shot195_23_RKF">
<MediaTime>
<MediaTimePoint>T00:01:28:2640F30000</MediaTimePoint>
</MediaTime>
</VideoSegment>
</TemporalDecomposition>
</VideoSegment>
<VideoSegment id="shot195_24">
<MediaTime>
<MediaTimePoint>T00:01:30:14712F30000</MediaTimePoint>
<MediaDuration>PT00H00M03S12102N30000F</MediaDuration>
</MediaTime>
<TemporalDecomposition>
<VideoSegment id="shot195_24_RKF">
<MediaTime>
<MediaTimePoint>T00:01:32:4762F30000</MediaTimePoint>
</MediaTime>
</VideoSegment>
</TemporalDecomposition>
</VideoSegment>
<VideoSegment id="shot195_25">
<MediaTime>
<MediaTimePoint>T00:01:33:26814F30000</MediaTimePoint>
<MediaDuration>PT00H00M02S19079N30000F</MediaDuration>
</MediaTime>
<TemporalDecomposition>
<VideoSegment id="shot195_25_RKF">
<MediaTime>
<MediaTimePoint>T00:01:35:5853F30000</MediaTimePoint>
</MediaTime>
</VideoSegment>
</TemporalDecomposition>
</VideoSegment>
<VideoSegment id="shot195_26">
<MediaTime>
<MediaTimePoint>T00:01:36:15893F30000</MediaTimePoint>
<MediaDuration>PT00H00M02S17077N30000F</MediaDuration>
</MediaTime>
<TemporalDecomposition>
<VideoSegment id="shot195_26_NRKF_1">
<MediaTime>
<MediaTimePoint>T00:01:37:4912F30000</MediaTimePoint>
</MediaTime>
</VideoSegment>
<VideoSegment id="shot195_26_RKF">
<MediaTime>
<MediaTimePoint>T00:01:37:23931F30000</MediaTimePoint>
</MediaTime>
</VideoSegment>
<VideoSegment id="shot195_26_NRKF_2">
<MediaTime>
<MediaTimePoint>T00:01:38:13951F30000</MediaTimePoint>
</MediaTime>
</VideoSegment>
</TemporalDecomposition>
</VideoSegment>
<VideoSegment id="shot195_27">
<MediaTime>
<MediaTimePoint>T00:01:39:2970F30000</MediaTimePoint>
<MediaDuration>PT00H00M04S3123N30000F</MediaDuration>
</MediaTime>
<TemporalDecomposition>
<VideoSegment id="shot195_27_RKF">
<MediaTime>
<MediaTimePoint>T00:01:41:4031F30000</MediaTimePoint>
</MediaTime>
</VideoSegment>
</TemporalDecomposition>
</VideoSegment>
<VideoSegment id="shot195_28">
<MediaTime>
<MediaTimePoint>T00:01:43:6093F30000</MediaTimePoint>
<MediaDuration>PT00H00M02S12072N30000F</MediaDuration>
</MediaTime>
<TemporalDecomposition>
<VideoSegment id="shot195_28_NRKF_1">
<MediaTime>
<MediaTimePoint>T00:01:43:10097F30000</MediaTimePoint>
</MediaTime>
</VideoSegment>
<VideoSegment id="shot195_28_NRKF_2">
<MediaTime>
<MediaTimePoint>T00:01:43:28115F30000</MediaTimePoint>
</MediaTime>
</VideoSegment>
<VideoSegment id="shot195_28_RKF">
<MediaTime>
<MediaTimePoint>T00:01:44:11128F30000</MediaTimePoint>
</MediaTime>
</VideoSegment>
<VideoSegment id="shot195_28_NRKF_3">
<MediaTime>
<MediaTimePoint>T00:01:44:29146F30000</MediaTimePoint>
</MediaTime>
</VideoSegment>
</TemporalDecomposition>
</VideoSegment>
<VideoSegment id="shot195_29">
<MediaTime>
<MediaTimePoint>T00:01:45:18165F30000</MediaTimePoint>
<MediaDuration>PT00H00M02S13073N30000F</MediaDuration>
</MediaTime>
<TemporalDecomposition>
<VideoSegment id="shot195_29_NRKF_1">
<MediaTime>
<MediaTimePoint>T00:01:46:5182F30000</MediaTimePoint>
</MediaTime>
</VideoSegment>
<VideoSegment id="shot195_29_RKF">
<MediaTime>
<MediaTimePoint>T00:01:46:24201F30000</MediaTimePoint>
</MediaTime>
</VideoSegment>
<VideoSegment id="shot195_29_NRKF_2">
<MediaTime>
<MediaTimePoint>T00:01:47:12219F30000</MediaTimePoint>
</MediaTime>
</VideoSegment>
</TemporalDecomposition>
</VideoSegment>
<VideoSegment id="shot195_30">
<MediaTime>
<MediaTimePoint>T00:01:48:1238F30000</MediaTimePoint>
<MediaDuration>PT00H00M02S5065N30000F</MediaDuration>
</MediaTime>
<TemporalDecomposition>
<VideoSegment id="shot195_30_RKF">
<MediaTime>
<MediaTimePoint>T00:01:49:3270F30000</MediaTimePoint>
</MediaTime>
</VideoSegment>
</TemporalDecomposition>
</VideoSegment>
<VideoSegment id="shot195_31">
<MediaTime>
<MediaTimePoint>T00:01:50:6303F30000</MediaTimePoint>
<MediaDuration>PT00H00M02S6066N30000F</MediaDuration>
</MediaTime>
<TemporalDecomposition>
<VideoSegment id="shot195_31_RKF">
<MediaTime>
<MediaTimePoint>T00:01:51:8335F30000</MediaTimePoint>
</MediaTime>
</VideoSegment>
</TemporalDecomposition>
</VideoSegment>
<VideoSegment id="shot195_32">
<MediaTime>
<MediaTimePoint>T00:01:52:12369F30000</MediaTimePoint>
<MediaDuration>PT00H00M02S2062N30000F</MediaDuration>
</MediaTime>
<TemporalDecomposition>
<VideoSegment id="shot195_32_NRKF_1">
<MediaTime>
<MediaTimePoint>T00:01:53:1388F30000</MediaTimePoint>
</MediaTime>
</VideoSegment>
<VideoSegment id="shot195_32_RKF">
<MediaTime>
<MediaTimePoint>T00:01:53:12399F30000</MediaTimePoint>
</MediaTime>
</VideoSegment>
<VideoSegment id="shot195_32_NRKF_2">
<MediaTime>
<MediaTimePoint>T00:01:54:2419F30000</MediaTimePoint>
</MediaTime>
</VideoSegment>
</TemporalDecomposition>
</VideoSegment>
<VideoSegment id="shot195_33">
<MediaTime>
<MediaTimePoint>T00:01:54:14431F30000</MediaTimePoint>
<MediaDuration>PT00H00M04S14134N30000F</MediaDuration>
</MediaTime>
<TemporalDecomposition>
<VideoSegment id="shot195_33_NRKF_1">
<MediaTime>
<MediaTimePoint>T00:01:54:17434F30000</MediaTimePoint>
</MediaTime>
</VideoSegment>
<VideoSegment id="shot195_33_NRKF_2">
<MediaTime>
<MediaTimePoint>T00:01:54:25442F30000</MediaTimePoint>
</MediaTime>
</VideoSegment>
<VideoSegment id="shot195_33_RKF">
<MediaTime>
<MediaTimePoint>T00:01:56:20497F30000</MediaTimePoint>
</MediaTime>
</VideoSegment>
<VideoSegment id="shot195_33_NRKF_3">
<MediaTime>
<MediaTimePoint>T00:01:56:28505F30000</MediaTimePoint>
</MediaTime>
</VideoSegment>
</TemporalDecomposition>
</VideoSegment>
<VideoSegment id="shot195_34">
<MediaTime>
<MediaTimePoint>T00:01:58:28565F30000</MediaTimePoint>
<MediaDuration>PT00H00M03S15105N30000F</MediaDuration>
</MediaTime>
<TemporalDecomposition>
<VideoSegment id="shot195_34_RKF">
<MediaTime>
<MediaTimePoint>T00:02:00:20617F30000</MediaTimePoint>
</MediaTime>
</VideoSegment>
</TemporalDecomposition>
</VideoSegment>
<VideoSegment id="shot195_35">
<MediaTime>
<MediaTimePoint>T00:02:02:13670F30000</MediaTimePoint>
<MediaDuration>PT00H00M06S9189N30000F</MediaDuration>
</MediaTime>
<TemporalDecomposition>
<VideoSegment id="shot195_35_RKF">
<MediaTime>
<MediaTimePoint>T00:02:05:17764F30000</MediaTimePoint>
</MediaTime>
</VideoSegment>
</TemporalDecomposition>
</VideoSegment>
<VideoSegment id="shot195_36">
<MediaTime>
<MediaTimePoint>T00:02:08:22859F30000</MediaTimePoint>
<MediaDuration>PT00H00M04S4124N30000F</MediaDuration>
</MediaTime>
<TemporalDecomposition>
<VideoSegment id="shot195_36_RKF">
<MediaTime>
<MediaTimePoint>T00:02:10:23920F30000</MediaTimePoint>
</MediaTime>
</VideoSegment>
</TemporalDecomposition>
</VideoSegment>
<VideoSegment id="shot195_37">
<MediaTime>
<MediaTimePoint>T00:02:12:26983F30000</MediaTimePoint>
<MediaDuration>PT00H00M58S22761N30000F</MediaDuration>
</MediaTime>
<TemporalDecomposition>
<VideoSegment id="shot195_37_RKF">
<MediaTime>
<MediaTimePoint>T00:02:42:7863F30000</MediaTimePoint>
</MediaTime>
</VideoSegment>
</TemporalDecomposition>
</VideoSegment>
<VideoSegment id="shot195_38">
<MediaTime>
<MediaTimePoint>T00:03:11:19744F30000</MediaTimePoint>
<MediaDuration>PT00H00M08S16256N30000F</MediaDuration>
</MediaTime>
<TemporalDecomposition>
<VideoSegment id="shot195_38_RKF">
<MediaTime>
<MediaTimePoint>T00:03:15:26871F30000</MediaTimePoint>
</MediaTime>
</VideoSegment>
</TemporalDecomposition>
</VideoSegment>
<VideoSegment id="shot195_39">
<MediaTime>
<MediaTimePoint>T00:03:20:6000F30000</MediaTimePoint>
<MediaDuration>PT00H00M03S5095N30000F</MediaDuration>
</MediaTime>
<TemporalDecomposition>
<VideoSegment id="shot195_39_RKF">
<MediaTime>
<MediaTimePoint>T00:03:21:23047F30000</MediaTimePoint>
</MediaTime>
</VideoSegment>
</TemporalDecomposition>
</VideoSegment>
<VideoSegment id="shot195_40">
<MediaTime>
<MediaTimePoint>T00:03:23:11095F30000</MediaTimePoint>
<MediaDuration>PT00H00M03S20110N30000F</MediaDuration>
</MediaTime>
<TemporalDecomposition>
<VideoSegment id="shot195_40_RKF">
<MediaTime>
<MediaTimePoint>T00:03:25:5149F30000</MediaTimePoint>
</MediaTime>
</VideoSegment>
</TemporalDecomposition>
</VideoSegment>
<VideoSegment id="shot195_41">
<MediaTime>
<MediaTimePoint>T00:03:27:1205F30000</MediaTimePoint>
<MediaDuration>PT00H00M04S9129N30000F</MediaDuration>
</MediaTime>
<TemporalDecomposition>
<VideoSegment id="shot195_41_RKF">
<MediaTime>
<MediaTimePoint>T00:03:29:5269F30000</MediaTimePoint>
</MediaTime>
</VideoSegment>
</TemporalDecomposition>
</VideoSegment>
<VideoSegment id="shot195_42">
<MediaTime>
<MediaTimePoint>T00:03:31:10334F30000</MediaTimePoint>
<MediaDuration>PT00H00M02S17077N30000F</MediaDuration>
</MediaTime>
<TemporalDecomposition>
<VideoSegment id="shot195_42_RKF">
<MediaTime>
<MediaTimePoint>T00:03:32:18372F30000</MediaTimePoint>
</MediaTime>
</VideoSegment>
</TemporalDecomposition>
</VideoSegment>
<VideoSegment id="shot195_43">
<MediaTime>
<MediaTimePoint>T00:03:33:27411F30000</MediaTimePoint>
<MediaDuration>PT00H00M04S8128N30000F</MediaDuration>
</MediaTime>
<TemporalDecomposition>
<VideoSegment id="shot195_43_RKF">
<MediaTime>
<MediaTimePoint>T00:03:36:474F30000</MediaTimePoint>
</MediaTime>
</VideoSegment>
</TemporalDecomposition>
</VideoSegment>
<VideoSegment id="shot195_44">
<MediaTime>
<MediaTimePoint>T00:03:38:5539F30000</MediaTimePoint>
<MediaDuration>PT00H00M07S25235N30000F</MediaDuration>
</MediaTime>
<TemporalDecomposition>
<VideoSegment id="shot195_44_RKF">
<MediaTime>
<MediaTimePoint>T00:03:42:2656F30000</MediaTimePoint>
</MediaTime>
</VideoSegment>
</TemporalDecomposition>
</VideoSegment>
<VideoSegment id="shot195_45">
<MediaTime>
<MediaTimePoint>T00:03:46:774F30000</MediaTimePoint>
<MediaDuration>PT00H00M02S17077N30000F</MediaDuration>
</MediaTime>
<TemporalDecomposition>
<VideoSegment id="shot195_45_RKF">
<MediaTime>
<MediaTimePoint>T00:03:47:8812F30000</MediaTimePoint>
</MediaTime>
</VideoSegment>
</TemporalDecomposition>
</VideoSegment>
<VideoSegment id="shot195_46">
<MediaTime>
<MediaTimePoint>T00:03:48:17851F30000</MediaTimePoint>
<MediaDuration>PT00H00M04S7127N30000F</MediaDuration>
</MediaTime>
<TemporalDecomposition>
<VideoSegment id="shot195_46_RKF">
<MediaTime>
<MediaTimePoint>T00:03:50:20914F30000</MediaTimePoint>
</MediaTime>
</VideoSegment>
</TemporalDecomposition>
</VideoSegment>
<VideoSegment id="shot195_47">
<MediaTime>
<MediaTimePoint>T00:03:52:24978F30000</MediaTimePoint>
<MediaDuration>PT00H00M10S6306N30000F</MediaDuration>
</MediaTime>
<TemporalDecomposition>
<VideoSegment id="shot195_47_RKF">
<MediaTime>
<MediaTimePoint>T00:03:57:27130F30000</MediaTimePoint>
</MediaTime>
</VideoSegment>
</TemporalDecomposition>
</VideoSegment>
<VideoSegment id="shot195_48">
<MediaTime>
<MediaTimePoint>T00:04:03:1284F30000</MediaTimePoint>
<MediaDuration>PT00H00M15S18468N30000F</MediaDuration>
</MediaTime>
<TemporalDecomposition>
<VideoSegment id="shot195_48_RKF">
<MediaTime>
<MediaTimePoint>T00:04:10:24517F30000</MediaTimePoint>
</MediaTime>
</VideoSegment>
</TemporalDecomposition>
</VideoSegment>
<VideoSegment id="shot195_49">
<MediaTime>
<MediaTimePoint>T00:04:18:19752F30000</MediaTimePoint>
<MediaDuration>PT00H00M04S18138N30000F</MediaDuration>
</MediaTime>
<TemporalDecomposition>
<VideoSegment id="shot195_49_RKF">
<MediaTime>
<MediaTimePoint>T00:04:20:27820F30000</MediaTimePoint>
</MediaTime>
</VideoSegment>
</TemporalDecomposition>
</VideoSegment>
<VideoSegment id="shot195_50">
<MediaTime>
<MediaTimePoint>T00:04:23:7890F30000</MediaTimePoint>
<MediaDuration>PT00H00M09S5275N30000F</MediaDuration>
</MediaTime>
<TemporalDecomposition>
<VideoSegment id="shot195_50_RKF">
<MediaTime>
<MediaTimePoint>T00:04:27:25027F30000</MediaTimePoint>
</MediaTime>
</VideoSegment>
</TemporalDecomposition>
</VideoSegment>
<VideoSegment id="shot195_51">
<MediaTime>
<MediaTimePoint>T00:04:32:13165F30000</MediaTimePoint>
<MediaDuration>PT00H00M07S4214N30000F</MediaDuration>
</MediaTime>
<TemporalDecomposition>
<VideoSegment id="shot195_51_RKF">
<MediaTime>
<MediaTimePoint>T00:04:35:29271F30000</MediaTimePoint>
</MediaTime>
</VideoSegment>
</TemporalDecomposition>
</VideoSegment>
<VideoSegment id="shot195_52">
<MediaTime>
<MediaTimePoint>T00:04:39:17379F30000</MediaTimePoint>
<MediaDuration>PT00H00M05S17167N30000F</MediaDuration>
</MediaTime>
<TemporalDecomposition>
<VideoSegment id="shot195_52_RKF">
<MediaTime>
<MediaTimePoint>T00:04:42:10462F30000</MediaTimePoint>
</MediaTime>
</VideoSegment>
</TemporalDecomposition>
</VideoSegment>
<VideoSegment id="shot195_53">
<MediaTime>
<MediaTimePoint>T00:04:45:4546F30000</MediaTimePoint>
<MediaDuration>PT00H00M51S18547N30000F</MediaDuration>
</MediaTime>
<TemporalDecomposition>
<VideoSegment id="shot195_53_RKF">
<MediaTime>
<MediaTimePoint>T00:05:10:28319F30000</MediaTimePoint>
</MediaTime>
</VideoSegment>
</TemporalDecomposition>
</VideoSegment>
<VideoSegment id="shot195_54">
<MediaTime>
<MediaTimePoint>T00:05:36:23093F30000</MediaTimePoint>
<MediaDuration>PT00H00M04S5125N30000F</MediaDuration>
</MediaTime>
<TemporalDecomposition>
<VideoSegment id="shot195_54_RKF">
<MediaTime>
<MediaTimePoint>T00:05:38:25155F30000</MediaTimePoint>
</MediaTime>
</VideoSegment>
</TemporalDecomposition>
</VideoSegment>
<VideoSegment id="shot195_55">
<MediaTime>
<MediaTimePoint>T00:05:40:28218F30000</MediaTimePoint>
<MediaDuration>PT00H00M03S26116N30000F</MediaDuration>
</MediaTime>
<TemporalDecomposition>
<VideoSegment id="shot195_55_RKF">
<MediaTime>
<MediaTimePoint>T00:05:42:25275F30000</MediaTimePoint>
</MediaTime>
</VideoSegment>
</TemporalDecomposition>
</VideoSegment>
<VideoSegment id="shot195_56">
<MediaTime>
<MediaTimePoint>T00:05:44:24334F30000</MediaTimePoint>
<MediaDuration>PT00H00M06S29209N30000F</MediaDuration>
</MediaTime>
<TemporalDecomposition>
<VideoSegment id="shot195_56_RKF">
<MediaTime>
<MediaTimePoint>T00:05:48:8438F30000</MediaTimePoint>
</MediaTime>
</VideoSegment>
</TemporalDecomposition>
</VideoSegment>
<VideoSegment id="shot195_57">
<MediaTime>
<MediaTimePoint>T00:05:51:23543F30000</MediaTimePoint>
<MediaDuration>PT00H00M03S18108N30000F</MediaDuration>
</MediaTime>
<TemporalDecomposition>
<VideoSegment id="shot195_57_RKF">
<MediaTime>
<MediaTimePoint>T00:05:53:16596F30000</MediaTimePoint>
</MediaTime>
</VideoSegment>
</TemporalDecomposition>
</VideoSegment>
<VideoSegment id="shot195_58">
<MediaTime>
<MediaTimePoint>T00:05:55:11651F30000</MediaTimePoint>
<MediaDuration>PT00H00M02S19079N30000F</MediaDuration>
</MediaTime>
<TemporalDecomposition>
<VideoSegment id="shot195_58_RKF">
<MediaTime>
<MediaTimePoint>T00:05:56:20690F30000</MediaTimePoint>
</MediaTime>
</VideoSegment>
</TemporalDecomposition>
</VideoSegment>
<VideoSegment id="shot195_59">
<MediaTime>
<MediaTimePoint>T00:05:58:730F30000</MediaTimePoint>
<MediaDuration>PT00H01M18S6344N30000F</MediaDuration>
</MediaTime>
<TemporalDecomposition>
<VideoSegment id="shot195_59_RKF">
<MediaTime>
<MediaTimePoint>T00:06:37:2901F30000</MediaTimePoint>
</MediaTime>
</VideoSegment>
</TemporalDecomposition>
</VideoSegment>
<VideoSegment id="shot195_60">
<MediaTime>
<MediaTimePoint>T00:07:16:7074F30000</MediaTimePoint>
<MediaDuration>PT00H00M06S6186N30000F</MediaDuration>
</MediaTime>
<TemporalDecomposition>
<VideoSegment id="shot195_60_RKF">
<MediaTime>
<MediaTimePoint>T00:07:19:9166F30000</MediaTimePoint>
</MediaTime>
</VideoSegment>
</TemporalDecomposition>
</VideoSegment>
<VideoSegment id="shot195_61">
<MediaTime>
<MediaTimePoint>T00:07:22:13260F30000</MediaTimePoint>
<MediaDuration>PT00H00M03S22112N30000F</MediaDuration>
</MediaTime>
<TemporalDecomposition>
<VideoSegment id="shot195_61_RKF">
<MediaTime>
<MediaTimePoint>T00:07:24:8315F30000</MediaTimePoint>
</MediaTime>
</VideoSegment>
</TemporalDecomposition>
</VideoSegment>
<VideoSegment id="shot195_62">
<MediaTime>
<MediaTimePoint>T00:07:26:5372F30000</MediaTimePoint>
<MediaDuration>PT00H00M23S18708N30000F</MediaDuration>
</MediaTime>
<TemporalDecomposition>
<VideoSegment id="shot195_62_RKF">
<MediaTime>
<MediaTimePoint>T00:07:37:28725F30000</MediaTimePoint>
</MediaTime>
</VideoSegment>
</TemporalDecomposition>
</VideoSegment>
<VideoSegment id="shot195_63">
<MediaTime>
<MediaTimePoint>T00:07:49:24080F30000</MediaTimePoint>
<MediaDuration>PT00H00M28S20860N30000F</MediaDuration>
</MediaTime>
<TemporalDecomposition>
<VideoSegment id="shot195_63_RKF">
<MediaTime>
<MediaTimePoint>T00:08:04:3509F30000</MediaTimePoint>
</MediaTime>
</VideoSegment>
</TemporalDecomposition>
</VideoSegment>
<VideoSegment id="shot195_64">
<MediaTime>
<MediaTimePoint>T00:08:18:14940F30000</MediaTimePoint>
<MediaDuration>PT00H00M07S26236N30000F</MediaDuration>
</MediaTime>
<TemporalDecomposition>
<VideoSegment id="shot195_64_RKF">
<MediaTime>
<MediaTimePoint>T00:08:22:12057F30000</MediaTimePoint>
</MediaTime>
</VideoSegment>
</TemporalDecomposition>
</VideoSegment>
<VideoSegment id="shot195_65">
<MediaTime>
<MediaTimePoint>T00:08:26:11176F30000</MediaTimePoint>
<MediaDuration>PT00H00M07S20230N30000F</MediaDuration>
</MediaTime>
<TemporalDecomposition>
<VideoSegment id="shot195_65_RKF">
<MediaTime>
<MediaTimePoint>T00:08:30:5290F30000</MediaTimePoint>
</MediaTime>
</VideoSegment>
</TemporalDecomposition>
</VideoSegment>
<VideoSegment id="shot195_66">
<MediaTime>
<MediaTimePoint>T00:08:34:1406F30000</MediaTimePoint>
<MediaDuration>PT00H00M09S20290N30000F</MediaDuration>
</MediaTime>
<TemporalDecomposition>
<VideoSegment id="shot195_66_RKF">
<MediaTime>
<MediaTimePoint>T00:08:38:25550F30000</MediaTimePoint>
</MediaTime>
</VideoSegment>
</TemporalDecomposition>
</VideoSegment>
<VideoSegment id="shot195_67">
<MediaTime>
<MediaTimePoint>T00:08:43:21696F30000</MediaTimePoint>
<MediaDuration>PT00H00M03S22112N30000F</MediaDuration>
</MediaTime>
<TemporalDecomposition>
<VideoSegment id="shot195_67_RKF">
<MediaTime>
<MediaTimePoint>T00:08:45:16751F30000</MediaTimePoint>
</MediaTime>
</VideoSegment>
</TemporalDecomposition>
</VideoSegment>
<VideoSegment id="shot195_68">
<MediaTime>
<MediaTimePoint>T00:08:47:13808F30000</MediaTimePoint>
<MediaDuration>PT00H00M03S5095N30000F</MediaDuration>
</MediaTime>
<TemporalDecomposition>
<VideoSegment id="shot195_68_RKF">
<MediaTime>
<MediaTimePoint>T00:08:49:855F30000</MediaTimePoint>
</MediaTime>
</VideoSegment>
</TemporalDecomposition>
</VideoSegment>
<VideoSegment id="shot195_69">
<MediaTime>
<MediaTimePoint>T00:08:50:18903F30000</MediaTimePoint>
<MediaDuration>PT00H00M02S17077N30000F</MediaDuration>
</MediaTime>
<TemporalDecomposition>
<VideoSegment id="shot195_69_RKF">
<MediaTime>
<MediaTimePoint>T00:08:51:26941F30000</MediaTimePoint>
</MediaTime>
</VideoSegment>
</TemporalDecomposition>
</VideoSegment>
<VideoSegment id="shot195_70">
<MediaTime>
<MediaTimePoint>T00:08:53:5980F30000</MediaTimePoint>
<MediaDuration>PT00H00M02S3063N30000F</MediaDuration>
</MediaTime>
<TemporalDecomposition>
<VideoSegment id="shot195_70_RKF">
<MediaTime>
<MediaTimePoint>T00:08:54:7011F30000</MediaTimePoint>
</MediaTime>
</VideoSegment>
</TemporalDecomposition>
</VideoSegment>
<VideoSegment id="shot195_71">
<MediaTime>
<MediaTimePoint>T00:08:55:9043F30000</MediaTimePoint>
<MediaDuration>PT00H00M05S20170N30000F</MediaDuration>
</MediaTime>
<TemporalDecomposition>
<VideoSegment id="shot195_71_RKF">
<MediaTime>
<MediaTimePoint>T00:08:58:3127F30000</MediaTimePoint>
</MediaTime>
</VideoSegment>
</TemporalDecomposition>
</VideoSegment>
<VideoSegment id="shot195_72">
<MediaTime>
<MediaTimePoint>T00:09:00:29213F30000</MediaTimePoint>
<MediaDuration>PT00H00M02S10070N30000F</MediaDuration>
</MediaTime>
<TemporalDecomposition>
<VideoSegment id="shot195_72_RKF">
<MediaTime>
<MediaTimePoint>T00:09:02:3247F30000</MediaTimePoint>
</MediaTime>
</VideoSegment>
</TemporalDecomposition>
</VideoSegment>
<VideoSegment id="shot195_73">
<MediaTime>
<MediaTimePoint>T00:09:03:9283F30000</MediaTimePoint>
<MediaDuration>PT00H00M05S2152N30000F</MediaDuration>
</MediaTime>
<TemporalDecomposition>
<VideoSegment id="shot195_73_RKF">
<MediaTime>
<MediaTimePoint>T00:09:05:24358F30000</MediaTimePoint>
</MediaTime>
</VideoSegment>
</TemporalDecomposition>
</VideoSegment>
<VideoSegment id="shot195_74">
<MediaTime>
<MediaTimePoint>T00:09:08:11435F30000</MediaTimePoint>
<MediaDuration>PT00H00M07S10220N30000F</MediaDuration>
</MediaTime>
<TemporalDecomposition>
<VideoSegment id="shot195_74_RKF">
<MediaTime>
<MediaTimePoint>T00:09:12:544F30000</MediaTimePoint>
</MediaTime>
</VideoSegment>
</TemporalDecomposition>
</VideoSegment>
<VideoSegment id="shot195_75">
<MediaTime>
<MediaTimePoint>T00:09:15:21655F30000</MediaTimePoint>
<MediaDuration>PT00H00M03S14104N30000F</MediaDuration>
</MediaTime>
<TemporalDecomposition>
<VideoSegment id="shot195_75_RKF">
<MediaTime>
<MediaTimePoint>T00:09:17:12706F30000</MediaTimePoint>
</MediaTime>
</VideoSegment>
</TemporalDecomposition>
</VideoSegment>
<VideoSegment id="shot195_76">
<MediaTime>
<MediaTimePoint>T00:09:19:5759F30000</MediaTimePoint>
<MediaDuration>PT00H00M06S19199N30000F</MediaDuration>
</MediaTime>
<TemporalDecomposition>
<VideoSegment id="shot195_76_RKF">
<MediaTime>
<MediaTimePoint>T00:09:22:14858F30000</MediaTimePoint>
</MediaTime>
</VideoSegment>
</TemporalDecomposition>
</VideoSegment>
<VideoSegment id="shot195_77">
<MediaTime>
<MediaTimePoint>T00:09:25:24958F30000</MediaTimePoint>
<MediaDuration>PT00H00M07S14224N30000F</MediaDuration>
</MediaTime>
<TemporalDecomposition>
<VideoSegment id="shot195_77_RKF">
<MediaTime>
<MediaTimePoint>T00:09:29:16069F30000</MediaTimePoint>
</MediaTime>
</VideoSegment>
</TemporalDecomposition>
</VideoSegment>
<VideoSegment id="shot195_78">
<MediaTime>
<MediaTimePoint>T00:09:33:9182F30000</MediaTimePoint>
<MediaDuration>PT00H00M09S6276N30000F</MediaDuration>
</MediaTime>
<TemporalDecomposition>
<VideoSegment id="shot195_78_RKF">
<MediaTime>
<MediaTimePoint>T00:09:37:26319F30000</MediaTimePoint>
</MediaTime>
</VideoSegment>
</TemporalDecomposition>
</VideoSegment>
<VideoSegment id="shot195_79">
<MediaTime>
<MediaTimePoint>T00:09:42:15458F30000</MediaTimePoint>
<MediaDuration>PT00H00M06S24204N30000F</MediaDuration>
</MediaTime>
<TemporalDecomposition>
<VideoSegment id="shot195_79_RKF">
<MediaTime>
<MediaTimePoint>T00:09:45:26559F30000</MediaTimePoint>
</MediaTime>
</VideoSegment>
</TemporalDecomposition>
</VideoSegment>
<VideoSegment id="shot195_80">
<MediaTime>
<MediaTimePoint>T00:09:49:9662F30000</MediaTimePoint>
<MediaDuration>PT00H00M02S16076N30000F</MediaDuration>
</MediaTime>
<TemporalDecomposition>
<VideoSegment id="shot195_80_RKF">
<MediaTime>
<MediaTimePoint>T00:09:50:16699F30000</MediaTimePoint>
</MediaTime>
</VideoSegment>
</TemporalDecomposition>
</VideoSegment>
<VideoSegment id="shot195_81">
<MediaTime>
<MediaTimePoint>T00:09:51:25738F30000</MediaTimePoint>
<MediaDuration>PT00H00M05S9159N30000F</MediaDuration>
</MediaTime>
<TemporalDecomposition>
<VideoSegment id="shot195_81_RKF">
<MediaTime>
<MediaTimePoint>T00:09:54:14817F30000</MediaTimePoint>
</MediaTime>
</VideoSegment>
</TemporalDecomposition>
</VideoSegment>
<VideoSegment id="shot195_82">
<MediaTime>
<MediaTimePoint>T00:09:57:4897F30000</MediaTimePoint>
<MediaDuration>PT00H00M05S23173N30000F</MediaDuration>
</MediaTime>
<TemporalDecomposition>
<VideoSegment id="shot195_82_RKF">
<MediaTime>
<MediaTimePoint>T00:10:00:983F30000</MediaTimePoint>
</MediaTime>
</VideoSegment>
</TemporalDecomposition>
</VideoSegment>
<VideoSegment id="shot195_83">
<MediaTime>
<MediaTimePoint>T00:10:02:28070F30000</MediaTimePoint>
<MediaDuration>PT00H00M03S1091N30000F</MediaDuration>
</MediaTime>
<TemporalDecomposition>
<VideoSegment id="shot195_83_RKF">
<MediaTime>
<MediaTimePoint>T00:10:04:13115F30000</MediaTimePoint>
</MediaTime>
</VideoSegment>
</TemporalDecomposition>
</VideoSegment>
<VideoSegment id="shot195_84">
<MediaTime>
<MediaTimePoint>T00:10:05:29161F30000</MediaTimePoint>
<MediaDuration>PT00H00M02S5065N30000F</MediaDuration>
</MediaTime>
<TemporalDecomposition>
<VideoSegment id="shot195_84_RKF">
<MediaTime>
<MediaTimePoint>T00:10:07:1193F30000</MediaTimePoint>
</MediaTime>
</VideoSegment>
</TemporalDecomposition>
</VideoSegment>
<VideoSegment id="shot195_85">
<MediaTime>
<MediaTimePoint>T00:10:08:4226F30000</MediaTimePoint>
<MediaDuration>PT00H00M14S18438N30000F</MediaDuration>
</MediaTime>
<TemporalDecomposition>
<VideoSegment id="shot195_85_NRKF_1">
<MediaTime>
<MediaTimePoint>T00:10:09:2254F30000</MediaTimePoint>
</MediaTime>
</VideoSegment>
<VideoSegment id="shot195_85_RKF">
<MediaTime>
<MediaTimePoint>T00:10:15:12444F30000</MediaTimePoint>
</MediaTime>
</VideoSegment>
<VideoSegment id="shot195_85_NRKF_2">
<MediaTime>
<MediaTimePoint>T00:10:16:11473F30000</MediaTimePoint>
</MediaTime>
</VideoSegment>
</TemporalDecomposition>
</VideoSegment>
<VideoSegment id="shot195_86">
<MediaTime>
<MediaTimePoint>T00:10:22:22664F30000</MediaTimePoint>
<MediaDuration>PT00H00M03S90N30000F</MediaDuration>
</MediaTime>
<TemporalDecomposition>
<VideoSegment id="shot195_86_RKF">
<MediaTime>
<MediaTimePoint>T00:10:24:6708F30000</MediaTimePoint>
</MediaTime>
</VideoSegment>
</TemporalDecomposition>
</VideoSegment>
<VideoSegment id="shot195_87">
<MediaTime>
<MediaTimePoint>T00:10:25:22754F30000</MediaTimePoint>
<MediaDuration>PT00H00M02S24084N30000F</MediaDuration>
</MediaTime>
<TemporalDecomposition>
<VideoSegment id="shot195_87_RKF">
<MediaTime>
<MediaTimePoint>T00:10:27:3795F30000</MediaTimePoint>
</MediaTime>
</VideoSegment>
</TemporalDecomposition>
</VideoSegment>
<VideoSegment id="shot195_88">
<MediaTime>
<MediaTimePoint>T00:10:28:16838F30000</MediaTimePoint>
<MediaDuration>PT00H00M06S26206N30000F</MediaDuration>
</MediaTime>
<TemporalDecomposition>
<VideoSegment id="shot195_88_RKF">
<MediaTime>
<MediaTimePoint>T00:10:31:28940F30000</MediaTimePoint>
</MediaTime>
</VideoSegment>
</TemporalDecomposition>
</VideoSegment>
<VideoSegment id="shot195_89">
<MediaTime>
<MediaTimePoint>T00:10:35:13044F30000</MediaTimePoint>
<MediaDuration>PT00H00M02S11071N30000F</MediaDuration>
</MediaTime>
<TemporalDecomposition>
<VideoSegment id="shot195_89_RKF">
<MediaTime>
<MediaTimePoint>T00:10:36:18079F30000</MediaTimePoint>
</MediaTime>
</VideoSegment>
</TemporalDecomposition>
</VideoSegment>
<VideoSegment id="shot195_90">
<MediaTime>
<MediaTimePoint>T00:10:37:24115F30000</MediaTimePoint>
<MediaDuration>PT00H00M02S10070N30000F</MediaDuration>
</MediaTime>
<TemporalDecomposition>
<VideoSegment id="shot195_90_RKF">
<MediaTime>
<MediaTimePoint>T00:10:38:28149F30000</MediaTimePoint>
</MediaTime>
</VideoSegment>
</TemporalDecomposition>
</VideoSegment>
<VideoSegment id="shot195_91">
<MediaTime>
<MediaTimePoint>T00:10:40:4185F30000</MediaTimePoint>
<MediaDuration>PT00H00M02S13073N30000F</MediaDuration>
</MediaTime>
<TemporalDecomposition>
<VideoSegment id="shot195_91_RKF">
<MediaTime>
<MediaTimePoint>T00:10:41:10221F30000</MediaTimePoint>
</MediaTime>
</VideoSegment>
</TemporalDecomposition>
</VideoSegment>
<VideoSegment id="shot195_92">
<MediaTime>
<MediaTimePoint>T00:10:42:17258F30000</MediaTimePoint>
<MediaDuration>PT00H00M02S27087N30000F</MediaDuration>
</MediaTime>
<TemporalDecomposition>
<VideoSegment id="shot195_92_RKF">
<MediaTime>
<MediaTimePoint>T00:10:44:301F30000</MediaTimePoint>
</MediaTime>
</VideoSegment>
</TemporalDecomposition>
</VideoSegment>
<VideoSegment id="shot195_93">
<MediaTime>
<MediaTimePoint>T00:10:45:14345F30000</MediaTimePoint>
<MediaDuration>PT00H00M50S27526N30000F</MediaDuration>
</MediaTime>
<TemporalDecomposition>
<VideoSegment id="shot195_93_RKF">
<MediaTime>
<MediaTimePoint>T00:11:10:27107F30000</MediaTimePoint>
</MediaTime>
</VideoSegment>
</TemporalDecomposition>
</VideoSegment>
<VideoSegment id="shot195_94">
<MediaTime>
<MediaTimePoint>T00:11:36:11871F30000</MediaTimePoint>
<MediaDuration>PT00H00M02S15075N30000F</MediaDuration>
</MediaTime>
<TemporalDecomposition>
<VideoSegment id="shot195_94_RKF">
<MediaTime>
<MediaTimePoint>T00:11:37:18908F30000</MediaTimePoint>
</MediaTime>
</VideoSegment>
</TemporalDecomposition>
</VideoSegment>
<VideoSegment id="shot195_95">
<MediaTime>
<MediaTimePoint>T00:11:38:26946F30000</MediaTimePoint>
<MediaDuration>PT00H00M02S1061N30000F</MediaDuration>
</MediaTime>
<TemporalDecomposition>
<VideoSegment id="shot195_95_RKF">
<MediaTime>
<MediaTimePoint>T00:11:39:26976F30000</MediaTimePoint>
</MediaTime>
</VideoSegment>
</TemporalDecomposition>
</VideoSegment>
<VideoSegment id="shot195_96">
<MediaTime>
<MediaTimePoint>T00:11:40:28007F30000</MediaTimePoint>
<MediaDuration>PT00H00M02S14074N30000F</MediaDuration>
</MediaTime>
<TemporalDecomposition>
<VideoSegment id="shot195_96_RKF">
<MediaTime>
<MediaTimePoint>T00:11:42:4043F30000</MediaTimePoint>
</MediaTime>
</VideoSegment>
</TemporalDecomposition>
</VideoSegment>
<VideoSegment id="shot195_97">
<MediaTime>
<MediaTimePoint>T00:11:43:12081F30000</MediaTimePoint>
<MediaDuration>PT00H00M28S27867N30000F</MediaDuration>
</MediaTime>
<TemporalDecomposition>
<VideoSegment id="shot195_97_NRKF_1">
<MediaTime>
<MediaTimePoint>T00:11:44:9108F30000</MediaTimePoint>
</MediaTime>
</VideoSegment>
<VideoSegment id="shot195_97_RKF">
<MediaTime>
<MediaTimePoint>T00:11:57:25514F30000</MediaTimePoint>
</MediaTime>
</VideoSegment>
<VideoSegment id="shot195_97_NRKF_2">
<MediaTime>
<MediaTimePoint>T00:11:58:23542F30000</MediaTimePoint>
</MediaTime>
</VideoSegment>
</TemporalDecomposition>
</VideoSegment>
<VideoSegment id="shot195_98">
<MediaTime>
<MediaTimePoint>T00:12:12:9948F30000</MediaTimePoint>
<MediaDuration>PT00H00M37S6115N30000F</MediaDuration>
</MediaTime>
<TemporalDecomposition>
<VideoSegment id="shot195_98_RKF">
<MediaTime>
<MediaTimePoint>T00:12:30:27505F30000</MediaTimePoint>
</MediaTime>
</VideoSegment>
</TemporalDecomposition>
</VideoSegment>
<VideoSegment id="shot195_99">
<MediaTime>
<MediaTimePoint>T00:12:49:16063F30000</MediaTimePoint>
<MediaDuration>PT00H00M14S19439N30000F</MediaDuration>
</MediaTime>
<TemporalDecomposition>
<VideoSegment id="shot195_99_RKF">
<MediaTime>
<MediaTimePoint>T00:12:56:25282F30000</MediaTimePoint>
</MediaTime>
</VideoSegment>
</TemporalDecomposition>
</VideoSegment>
<VideoSegment id="shot195_100">
<MediaTime>
<MediaTimePoint>T00:13:04:5502F30000</MediaTimePoint>
<MediaDuration>PT00H00M07S9219N30000F</MediaDuration>
</MediaTime>
<TemporalDecomposition>
<VideoSegment id="shot195_100_RKF">
<MediaTime>
<MediaTimePoint>T00:13:07:24611F30000</MediaTimePoint>
</MediaTime>
</VideoSegment>
</TemporalDecomposition>
</VideoSegment>
<VideoSegment id="shot195_101">
<MediaTime>
<MediaTimePoint>T00:13:11:14721F30000</MediaTimePoint>
<MediaDuration>PT00H00M04S17137N30000F</MediaDuration>
</MediaTime>
<TemporalDecomposition>
<VideoSegment id="shot195_101_RKF">
<MediaTime>
<MediaTimePoint>T00:13:13:22789F30000</MediaTimePoint>
</MediaTime>
</VideoSegment>
</TemporalDecomposition>
</VideoSegment>
<VideoSegment id="shot195_102">
<MediaTime>
<MediaTimePoint>T00:13:16:1858F30000</MediaTimePoint>
<MediaDuration>PT00H00M29S14884N30000F</MediaDuration>
</MediaTime>
<TemporalDecomposition>
<VideoSegment id="shot195_102_RKF">
<MediaTime>
<MediaTimePoint>T00:13:30:23299F30000</MediaTimePoint>
</MediaTime>
</VideoSegment>
</TemporalDecomposition>
</VideoSegment>
<VideoSegment id="shot195_103">
<MediaTime>
<MediaTimePoint>T00:13:45:16742F30000</MediaTimePoint>
<MediaDuration>PT00H00M13S2392N30000F</MediaDuration>
</MediaTime>
<TemporalDecomposition>
<VideoSegment id="shot195_103_RKF">
<MediaTime>
<MediaTimePoint>T00:13:52:1937F30000</MediaTimePoint>
</MediaTime>
</VideoSegment>
</TemporalDecomposition>
</VideoSegment>
<VideoSegment id="shot195_104">
<MediaTime>
<MediaTimePoint>T00:13:58:19134F30000</MediaTimePoint>
<MediaDuration>PT00H01M12S4162N30000F</MediaDuration>
</MediaTime>
<TemporalDecomposition>
<VideoSegment id="shot195_104_RKF">
<MediaTime>
<MediaTimePoint>T00:14:34:20214F30000</MediaTimePoint>
</MediaTime>
</VideoSegment>
</TemporalDecomposition>
</VideoSegment>
<VideoSegment id="shot195_105">
<MediaTime>
<MediaTimePoint>T00:15:10:23296F30000</MediaTimePoint>
<MediaDuration>PT00H00M12S5365N30000F</MediaDuration>
</MediaTime>
<TemporalDecomposition>
<VideoSegment id="shot195_105_RKF">
<MediaTime>
<MediaTimePoint>T00:15:16:25478F30000</MediaTimePoint>
</MediaTime>
</VideoSegment>
</TemporalDecomposition>
</VideoSegment>
<VideoSegment id="shot195_106">
<MediaTime>
<MediaTimePoint>T00:15:22:28661F30000</MediaTimePoint>
<MediaDuration>PT00H00M04S5125N30000F</MediaDuration>
</MediaTime>
<TemporalDecomposition>
<VideoSegment id="shot195_106_RKF">
<MediaTime>
<MediaTimePoint>T00:15:25:723F30000</MediaTimePoint>
</MediaTime>
</VideoSegment>
</TemporalDecomposition>
</VideoSegment>
<VideoSegment id="shot195_107">
<MediaTime>
<MediaTimePoint>T00:15:27:3786F30000</MediaTimePoint>
<MediaDuration>PT00H00M03S19109N30000F</MediaDuration>
</MediaTime>
<TemporalDecomposition>
<VideoSegment id="shot195_107_RKF">
<MediaTime>
<MediaTimePoint>T00:15:28:27840F30000</MediaTimePoint>
</MediaTime>
</VideoSegment>
</TemporalDecomposition>
</VideoSegment>
<VideoSegment id="shot195_108">
<MediaTime>
<MediaTimePoint>T00:15:30:22895F30000</MediaTimePoint>
<MediaDuration>PT00H00M03S10100N30000F</MediaDuration>
</MediaTime>
<TemporalDecomposition>
<VideoSegment id="shot195_108_RKF">
<MediaTime>
<MediaTimePoint>T00:15:32:11944F30000</MediaTimePoint>
</MediaTime>
</VideoSegment>
</TemporalDecomposition>
</VideoSegment>
<VideoSegment id="shot195_109">
<MediaTime>
<MediaTimePoint>T00:15:34:2995F30000</MediaTimePoint>
<MediaDuration>PT00H00M03S17107N30000F</MediaDuration>
</MediaTime>
<TemporalDecomposition>
<VideoSegment id="shot195_109_RKF">
<MediaTime>
<MediaTimePoint>T00:15:35:26048F30000</MediaTimePoint>
</MediaTime>
</VideoSegment>
</TemporalDecomposition>
</VideoSegment>
<VideoSegment id="shot195_110">
<MediaTime>
<MediaTimePoint>T00:15:37:20102F30000</MediaTimePoint>
<MediaDuration>PT00H00M03S21111N30000F</MediaDuration>
</MediaTime>
<TemporalDecomposition>
<VideoSegment id="shot195_110_RKF">
<MediaTime>
<MediaTimePoint>T00:15:39:15157F30000</MediaTimePoint>
</MediaTime>
</VideoSegment>
</TemporalDecomposition>
</VideoSegment>
<VideoSegment id="shot195_111">
<MediaTime>
<MediaTimePoint>T00:15:41:11213F30000</MediaTimePoint>
<MediaDuration>PT00H00M02S20080N30000F</MediaDuration>
</MediaTime>
<TemporalDecomposition>
<VideoSegment id="shot195_111_RKF">
<MediaTime>
<MediaTimePoint>T00:15:42:20252F30000</MediaTimePoint>
</MediaTime>
</VideoSegment>
</TemporalDecomposition>
</VideoSegment>
<VideoSegment id="shot195_112">
<MediaTime>
<MediaTimePoint>T00:15:44:1293F30000</MediaTimePoint>
<MediaDuration>PT00H00M03S16106N30000F</MediaDuration>
</MediaTime>
<TemporalDecomposition>
<VideoSegment id="shot195_112_RKF">
<MediaTime>
<MediaTimePoint>T00:15:45:23345F30000</MediaTimePoint>
</MediaTime>
</VideoSegment>
</TemporalDecomposition>
</VideoSegment>
<VideoSegment id="shot195_113">
<MediaTime>
<MediaTimePoint>T00:15:47:17399F30000</MediaTimePoint>
<MediaDuration>PT00H00M03S18108N30000F</MediaDuration>
</MediaTime>
<TemporalDecomposition>
<VideoSegment id="shot195_113_RKF">
<MediaTime>
<MediaTimePoint>T00:15:49:10452F30000</MediaTimePoint>
</MediaTime>
</VideoSegment>
</TemporalDecomposition>
</VideoSegment>
<VideoSegment id="shot195_114">
<MediaTime>
<MediaTimePoint>T00:15:51:5507F30000</MediaTimePoint>
<MediaDuration>PT00H00M03S23113N30000F</MediaDuration>
</MediaTime>
<TemporalDecomposition>
<VideoSegment id="shot195_114_RKF">
<MediaTime>
<MediaTimePoint>T00:15:53:1563F30000</MediaTimePoint>
</MediaTime>
</VideoSegment>
</TemporalDecomposition>
</VideoSegment>
<VideoSegment id="shot195_115">
<MediaTime>
<MediaTimePoint>T00:15:54:28620F30000</MediaTimePoint>
<MediaDuration>PT00H00M06S8188N30000F</MediaDuration>
</MediaTime>
<TemporalDecomposition>
<VideoSegment id="shot195_115_RKF">
<MediaTime>
<MediaTimePoint>T00:15:58:1713F30000</MediaTimePoint>
</MediaTime>
</VideoSegment>
</TemporalDecomposition>
</VideoSegment>
<VideoSegment id="shot195_116">
<MediaTime>
<MediaTimePoint>T00:16:01:6808F30000</MediaTimePoint>
<MediaDuration>PT00H00M26S28808N30000F</MediaDuration>
</MediaTime>
<TemporalDecomposition>
<VideoSegment id="shot195_116_RKF">
<MediaTime>
<MediaTimePoint>T00:16:14:20211F30000</MediaTimePoint>
</MediaTime>
</VideoSegment>
</TemporalDecomposition>
</VideoSegment>
<VideoSegment id="shot195_117">
<MediaTime>
<MediaTimePoint>T00:16:28:5616F30000</MediaTimePoint>
<MediaDuration>PT00H00M03S17107N30000F</MediaDuration>
</MediaTime>
<TemporalDecomposition>
<VideoSegment id="shot195_117_RKF">
<MediaTime>
<MediaTimePoint>T00:16:29:28669F30000</MediaTimePoint>
</MediaTime>
</VideoSegment>
</TemporalDecomposition>
</VideoSegment>
<VideoSegment id="shot195_118">
<MediaTime>
<MediaTimePoint>T00:16:31:22723F30000</MediaTimePoint>
<MediaDuration>PT00H00M16S5485N30000F</MediaDuration>
</MediaTime>
<TemporalDecomposition>
<VideoSegment id="shot195_118_RKF">
<MediaTime>
<MediaTimePoint>T00:16:39:24965F30000</MediaTimePoint>
</MediaTime>
</VideoSegment>
</TemporalDecomposition>
</VideoSegment>
<VideoSegment id="shot195_119">
<MediaTime>
<MediaTimePoint>T00:16:47:28208F30000</MediaTimePoint>
<MediaDuration>PT00H00M08S11251N30000F</MediaDuration>
</MediaTime>
<TemporalDecomposition>
<VideoSegment id="shot195_119_RKF">
<MediaTime>
<MediaTimePoint>T00:16:52:3333F30000</MediaTimePoint>
</MediaTime>
</VideoSegment>
</TemporalDecomposition>
</VideoSegment>
<VideoSegment id="shot195_120">
<MediaTime>
<MediaTimePoint>T00:16:56:9459F30000</MediaTimePoint>
<MediaDuration>PT00H00M21S20650N30000F</MediaDuration>
</MediaTime>
<TemporalDecomposition>
<VideoSegment id="shot195_120_RKF">
<MediaTime>
<MediaTimePoint>T00:17:07:3783F30000</MediaTimePoint>
</MediaTime>
</VideoSegment>
</TemporalDecomposition>
</VideoSegment>
<VideoSegment id="shot195_121">
<MediaTime>
<MediaTimePoint>T00:17:18:109F30000</MediaTimePoint>
<MediaDuration>PT00H00M03S7097N30000F</MediaDuration>
</MediaTime>
<TemporalDecomposition>
<VideoSegment id="shot195_121_RKF">
<MediaTime>
<MediaTimePoint>T00:17:19:18157F30000</MediaTimePoint>
</MediaTime>
</VideoSegment>
</TemporalDecomposition>
</VideoSegment>
<VideoSegment id="shot195_122">
<MediaTime>
<MediaTimePoint>T00:17:21:7206F30000</MediaTimePoint>
<MediaDuration>PT00H00M04S10130N30000F</MediaDuration>
</MediaTime>
<TemporalDecomposition>
<VideoSegment id="shot195_122_NRKF_1">
<MediaTime>
<MediaTimePoint>T00:17:21:16215F30000</MediaTimePoint>
</MediaTime>
</VideoSegment>
<VideoSegment id="shot195_122_RKF">
<MediaTime>
<MediaTimePoint>T00:17:23:11270F30000</MediaTimePoint>
</MediaTime>
</VideoSegment>
<VideoSegment id="shot195_122_NRKF_2">
<MediaTime>
<MediaTimePoint>T00:17:23:21280F30000</MediaTimePoint>
</MediaTime>
</VideoSegment>
</TemporalDecomposition>
</VideoSegment>
<VideoSegment id="shot195_123">
<MediaTime>
<MediaTimePoint>T00:17:25:17336F30000</MediaTimePoint>
<MediaDuration>PT00H00M04S10130N30000F</MediaDuration>
</MediaTime>
<TemporalDecomposition>
<VideoSegment id="shot195_123_RKF">
<MediaTime>
<MediaTimePoint>T00:17:27:21400F30000</MediaTimePoint>
</MediaTime>
</VideoSegment>
</TemporalDecomposition>
</VideoSegment>
<VideoSegment id="shot195_124">
<MediaTime>
<MediaTimePoint>T00:17:29:27466F30000</MediaTimePoint>
<MediaDuration>PT00H00M03S13103N30000F</MediaDuration>
</MediaTime>
<TemporalDecomposition>
<VideoSegment id="shot195_124_RKF">
<MediaTime>
<MediaTimePoint>T00:17:31:18517F30000</MediaTimePoint>
</MediaTime>
</VideoSegment>
</TemporalDecomposition>
</VideoSegment>
<VideoSegment id="shot195_125">
<MediaTime>
<MediaTimePoint>T00:17:33:10569F30000</MediaTimePoint>
<MediaDuration>PT00H00M07S1211N30000F</MediaDuration>
</MediaTime>
<TemporalDecomposition>
<VideoSegment id="shot195_125_RKF">
<MediaTime>
<MediaTimePoint>T00:17:36:25674F30000</MediaTimePoint>
</MediaTime>
</VideoSegment>
</TemporalDecomposition>
</VideoSegment>
<VideoSegment id="shot195_126">
<MediaTime>
<MediaTimePoint>T00:17:40:11780F30000</MediaTimePoint>
<MediaDuration>PT00H00M21S16646N30000F</MediaDuration>
</MediaTime>
<TemporalDecomposition>
<VideoSegment id="shot195_126_RKF">
<MediaTime>
<MediaTimePoint>T00:17:51:4102F30000</MediaTimePoint>
</MediaTime>
</VideoSegment>
</TemporalDecomposition>
</VideoSegment>
<VideoSegment id="shot195_127">
<MediaTime>
<MediaTimePoint>T00:18:01:28426F30000</MediaTimePoint>
<MediaDuration>PT00H00M02S22082N30000F</MediaDuration>
</MediaTime>
<TemporalDecomposition>
<VideoSegment id="shot195_127_RKF">
<MediaTime>
<MediaTimePoint>T00:18:03:8466F30000</MediaTimePoint>
</MediaTime>
</VideoSegment>
</TemporalDecomposition>
</VideoSegment>
<VideoSegment id="shot195_128">
<MediaTime>
<MediaTimePoint>T00:18:04:20508F30000</MediaTimePoint>
<MediaDuration>PT00H00M07S7217N30000F</MediaDuration>
</MediaTime>
<TemporalDecomposition>
<VideoSegment id="shot195_128_RKF">
<MediaTime>
<MediaTimePoint>T00:18:08:8616F30000</MediaTimePoint>
</MediaTime>
</VideoSegment>
</TemporalDecomposition>
</VideoSegment>
<VideoSegment id="shot195_129">
<MediaTime>
<MediaTimePoint>T00:18:11:27725F30000</MediaTimePoint>
<MediaDuration>PT00H00M15S23473N30000F</MediaDuration>
</MediaTime>
<TemporalDecomposition>
<VideoSegment id="shot195_129_NRKF_1">
<MediaTime>
<MediaTimePoint>T00:18:12:22750F30000</MediaTimePoint>
</MediaTime>
</VideoSegment>
<VideoSegment id="shot195_129_RKF">
<MediaTime>
<MediaTimePoint>T00:18:19:23961F30000</MediaTimePoint>
</MediaTime>
</VideoSegment>
<VideoSegment id="shot195_129_NRKF_2">
<MediaTime>
<MediaTimePoint>T00:18:20:19987F30000</MediaTimePoint>
</MediaTime>
</VideoSegment>
</TemporalDecomposition>
</VideoSegment>
<VideoSegment id="shot195_130">
<MediaTime>
<MediaTimePoint>T00:18:27:21198F30000</MediaTimePoint>
<MediaDuration>PT00H00M02S27087N30000F</MediaDuration>
</MediaTime>
<TemporalDecomposition>
<VideoSegment id="shot195_130_RKF">
<MediaTime>
<MediaTimePoint>T00:18:29:4241F30000</MediaTimePoint>
</MediaTime>
</VideoSegment>
</TemporalDecomposition>
</VideoSegment>
<VideoSegment id="shot195_131">
<MediaTime>
<MediaTimePoint>T00:18:30:18285F30000</MediaTimePoint>
<MediaDuration>PT00H00M05S150N30000F</MediaDuration>
</MediaTime>
<TemporalDecomposition>
<VideoSegment id="shot195_131_NRKF_1">
<MediaTime>
<MediaTimePoint>T00:18:30:27294F30000</MediaTimePoint>
</MediaTime>
</VideoSegment>
<VideoSegment id="shot195_131_RKF">
<MediaTime>
<MediaTimePoint>T00:18:33:2359F30000</MediaTimePoint>
</MediaTime>
</VideoSegment>
<VideoSegment id="shot195_131_NRKF_2">
<MediaTime>
<MediaTimePoint>T00:18:33:12369F30000</MediaTimePoint>
</MediaTime>
</VideoSegment>
</TemporalDecomposition>
</VideoSegment>
<VideoSegment id="shot195_132">
<MediaTime>
<MediaTimePoint>T00:18:35:18435F30000</MediaTimePoint>
<MediaDuration>PT00H00M04S7127N30000F</MediaDuration>
</MediaTime>
<TemporalDecomposition>
<VideoSegment id="shot195_132_RKF">
<MediaTime>
<MediaTimePoint>T00:18:37:21498F30000</MediaTimePoint>
</MediaTime>
</VideoSegment>
</TemporalDecomposition>
</VideoSegment>
<VideoSegment id="shot195_133">
<MediaTime>
<MediaTimePoint>T00:18:39:25562F30000</MediaTimePoint>
<MediaDuration>PT00H00M04S120N30000F</MediaDuration>
</MediaTime>
<TemporalDecomposition>
<VideoSegment id="shot195_133_RKF">
<MediaTime>
<MediaTimePoint>T00:18:41:24621F30000</MediaTimePoint>
</MediaTime>
</VideoSegment>
</TemporalDecomposition>
</VideoSegment>
<VideoSegment id="shot195_134">
<MediaTime>
<MediaTimePoint>T00:18:43:25682F30000</MediaTimePoint>
<MediaDuration>PT00H00M06S16196N30000F</MediaDuration>
</MediaTime>
<TemporalDecomposition>
<VideoSegment id="shot195_134_RKF">
<MediaTime>
<MediaTimePoint>T00:18:47:2779F30000</MediaTimePoint>
</MediaTime>
</VideoSegment>
</TemporalDecomposition>
</VideoSegment>
<VideoSegment id="shot195_135">
<MediaTime>
<MediaTimePoint>T00:18:50:11878F30000</MediaTimePoint>
<MediaDuration>PT00H00M02S27087N30000F</MediaDuration>
</MediaTime>
<TemporalDecomposition>
<VideoSegment id="shot195_135_RKF">
<MediaTime>
<MediaTimePoint>T00:18:51:24921F30000</MediaTimePoint>
</MediaTime>
</VideoSegment>
</TemporalDecomposition>
</VideoSegment>
<VideoSegment id="shot195_136">
<MediaTime>
<MediaTimePoint>T00:18:53:8965F30000</MediaTimePoint>
<MediaDuration>PT00H00M02S24084N30000F</MediaDuration>
</MediaTime>
<TemporalDecomposition>
<VideoSegment id="shot195_136_RKF">
<MediaTime>
<MediaTimePoint>T00:18:54:20006F30000</MediaTimePoint>
</MediaTime>
</VideoSegment>
</TemporalDecomposition>
</VideoSegment>
<VideoSegment id="shot195_137">
<MediaTime>
<MediaTimePoint>T00:18:56:3049F30000</MediaTimePoint>
<MediaDuration>PT00H00M02S11071N30000F</MediaDuration>
</MediaTime>
<TemporalDecomposition>
<VideoSegment id="shot195_137_RKF">
<MediaTime>
<MediaTimePoint>T00:18:57:8084F30000</MediaTimePoint>
</MediaTime>
</VideoSegment>
</TemporalDecomposition>
</VideoSegment>
<VideoSegment id="shot195_138">
<MediaTime>
<MediaTimePoint>T00:18:58:14120F30000</MediaTimePoint>
<MediaDuration>PT00H00M02S15075N30000F</MediaDuration>
</MediaTime>
<TemporalDecomposition>
<VideoSegment id="shot195_138_RKF">
<MediaTime>
<MediaTimePoint>T00:18:59:21157F30000</MediaTimePoint>
</MediaTime>
</VideoSegment>
</TemporalDecomposition>
</VideoSegment>
<VideoSegment id="shot195_139">
<MediaTime>
<MediaTimePoint>T00:19:00:29195F30000</MediaTimePoint>
<MediaDuration>PT00H00M02S12072N30000F</MediaDuration>
</MediaTime>
<TemporalDecomposition>
<VideoSegment id="shot195_139_RKF">
<MediaTime>
<MediaTimePoint>T00:19:02:4230F30000</MediaTimePoint>
</MediaTime>
</VideoSegment>
</TemporalDecomposition>
</VideoSegment>
<VideoSegment id="shot195_140">
<MediaTime>
<MediaTimePoint>T00:19:03:11267F30000</MediaTimePoint>
<MediaDuration>PT00H00M05S22172N30000F</MediaDuration>
</MediaTime>
<TemporalDecomposition>
<VideoSegment id="shot195_140_RKF">
<MediaTime>
<MediaTimePoint>T00:19:06:6352F30000</MediaTimePoint>
</MediaTime>
</VideoSegment>
</TemporalDecomposition>
</VideoSegment>
<VideoSegment id="shot195_141">
<MediaTime>
<MediaTimePoint>T00:19:09:3439F30000</MediaTimePoint>
<MediaDuration>PT00H00M02S1061N30000F</MediaDuration>
</MediaTime>
<TemporalDecomposition>
<VideoSegment id="shot195_141_RKF">
<MediaTime>
<MediaTimePoint>T00:19:10:3469F30000</MediaTimePoint>
</MediaTime>
</VideoSegment>
</TemporalDecomposition>
</VideoSegment>
<VideoSegment id="shot195_142">
<MediaTime>
<MediaTimePoint>T00:19:11:4500F30000</MediaTimePoint>
<MediaDuration>PT00H00M02S5065N30000F</MediaDuration>
</MediaTime>
<TemporalDecomposition>
<VideoSegment id="shot195_142_RKF">
<MediaTime>
<MediaTimePoint>T00:19:12:6532F30000</MediaTimePoint>
</MediaTime>
</VideoSegment>
</TemporalDecomposition>
</VideoSegment>
<VideoSegment id="shot195_143">
<MediaTime>
<MediaTimePoint>T00:19:13:9565F30000</MediaTimePoint>
<MediaDuration>PT00H00M07S24234N30000F</MediaDuration>
</MediaTime>
<TemporalDecomposition>
<VideoSegment id="shot195_143_RKF">
<MediaTime>
<MediaTimePoint>T00:19:17:5681F30000</MediaTimePoint>
</MediaTime>
</VideoSegment>
</TemporalDecomposition>
</VideoSegment>
<VideoSegment id="shot195_144">
<MediaTime>
<MediaTimePoint>T00:19:21:3799F30000</MediaTimePoint>
<MediaDuration>PT00H00M07S15225N30000F</MediaDuration>
</MediaTime>
<TemporalDecomposition>
<VideoSegment id="shot195_144_NRKF_1">
<MediaTime>
<MediaTimePoint>T00:19:21:23819F30000</MediaTimePoint>
</MediaTime>
</VideoSegment>
<VideoSegment id="shot195_144_RKF">
<MediaTime>
<MediaTimePoint>T00:19:24:25911F30000</MediaTimePoint>
</MediaTime>
</VideoSegment>
<VideoSegment id="shot195_144_NRKF_2">
<MediaTime>
<MediaTimePoint>T00:19:25:15931F30000</MediaTimePoint>
</MediaTime>
</VideoSegment>
</TemporalDecomposition>
</VideoSegment>
<VideoSegment id="shot195_145">
<MediaTime>
<MediaTimePoint>T00:19:28:19024F30000</MediaTimePoint>
<MediaDuration>PT00H00M02S27087N30000F</MediaDuration>
</MediaTime>
<TemporalDecomposition>
<VideoSegment id="shot195_145_RKF">
<MediaTime>
<MediaTimePoint>T00:19:30:2067F30000</MediaTimePoint>
</MediaTime>
</VideoSegment>
</TemporalDecomposition>
</VideoSegment>
<VideoSegment id="shot195_146">
<MediaTime>
<MediaTimePoint>T00:19:31:16111F30000</MediaTimePoint>
<MediaDuration>PT00H00M04S16136N30000F</MediaDuration>
</MediaTime>
<TemporalDecomposition>
<VideoSegment id="shot195_146_RKF">
<MediaTime>
<MediaTimePoint>T00:19:33:23178F30000</MediaTimePoint>
</MediaTime>
</VideoSegment>
</TemporalDecomposition>
</VideoSegment>
<VideoSegment id="shot195_147">
<MediaTime>
<MediaTimePoint>T00:19:36:2247F30000</MediaTimePoint>
<MediaDuration>PT00H00M04S13133N30000F</MediaDuration>
</MediaTime>
<TemporalDecomposition>
<VideoSegment id="shot195_147_RKF">
<MediaTime>
<MediaTimePoint>T00:19:38:8313F30000</MediaTimePoint>
</MediaTime>
</VideoSegment>
</TemporalDecomposition>
</VideoSegment>
<VideoSegment id="shot195_148">
<MediaTime>
<MediaTimePoint>T00:19:40:15380F30000</MediaTimePoint>
<MediaDuration>PT00H00M17S1511N30000F</MediaDuration>
</MediaTime>
<TemporalDecomposition>
<VideoSegment id="shot195_148_RKF">
<MediaTime>
<MediaTimePoint>T00:19:49:635F30000</MediaTimePoint>
</MediaTime>
</VideoSegment>
</TemporalDecomposition>
</VideoSegment>
<VideoSegment id="shot195_149">
<MediaTime>
<MediaTimePoint>T00:19:57:16891F30000</MediaTimePoint>
<MediaDuration>PT00H00M05S5155N30000F</MediaDuration>
</MediaTime>
<TemporalDecomposition>
<VideoSegment id="shot195_149_RKF">
<MediaTime>
<MediaTimePoint>T00:20:00:3968F30000</MediaTimePoint>
</MediaTime>
</VideoSegment>
</TemporalDecomposition>
</VideoSegment>
<VideoSegment id="shot195_150">
<MediaTime>
<MediaTimePoint>T00:20:02:22046F30000</MediaTimePoint>
<MediaDuration>PT00H00M03S23113N30000F</MediaDuration>
</MediaTime>
<TemporalDecomposition>
<VideoSegment id="shot195_150_RKF">
<MediaTime>
<MediaTimePoint>T00:20:04:18102F30000</MediaTimePoint>
</MediaTime>
</VideoSegment>
</TemporalDecomposition>
</VideoSegment>
<VideoSegment id="shot195_151">
<MediaTime>
<MediaTimePoint>T00:20:06:15159F30000</MediaTimePoint>
<MediaDuration>PT00H00M06S19199N30000F</MediaDuration>
</MediaTime>
<TemporalDecomposition>
<VideoSegment id="shot195_151_RKF">
<MediaTime>
<MediaTimePoint>T00:20:09:24258F30000</MediaTimePoint>
</MediaTime>
</VideoSegment>
</TemporalDecomposition>
</VideoSegment>
<VideoSegment id="shot195_152">
<MediaTime>
<MediaTimePoint>T00:20:13:4358F30000</MediaTimePoint>
<MediaDuration>PT00H00M02S25085N30000F</MediaDuration>
</MediaTime>
<TemporalDecomposition>
<VideoSegment id="shot195_152_RKF">
<MediaTime>
<MediaTimePoint>T00:20:14:16400F30000</MediaTimePoint>
</MediaTime>
</VideoSegment>
</TemporalDecomposition>
</VideoSegment>
<VideoSegment id="shot195_153">
<MediaTime>
<MediaTimePoint>T00:20:15:29443F30000</MediaTimePoint>
<MediaDuration>PT00H00M02S24084N30000F</MediaDuration>
</MediaTime>
<TemporalDecomposition>
<VideoSegment id="shot195_153_RKF">
<MediaTime>
<MediaTimePoint>T00:20:17:10484F30000</MediaTimePoint>
</MediaTime>
</VideoSegment>
</TemporalDecomposition>
</VideoSegment>
<VideoSegment id="shot195_154">
<MediaTime>
<MediaTimePoint>T00:20:18:23527F30000</MediaTimePoint>
<MediaDuration>PT00H00M02S14074N30000F</MediaDuration>
</MediaTime>
<TemporalDecomposition>
<VideoSegment id="shot195_154_RKF">
<MediaTime>
<MediaTimePoint>T00:20:19:29563F30000</MediaTimePoint>
</MediaTime>
</VideoSegment>
</TemporalDecomposition>
</VideoSegment>
<VideoSegment id="shot195_155">
<MediaTime>
<MediaTimePoint>T00:20:21:7601F30000</MediaTimePoint>
<MediaDuration>PT00H00M02S18078N30000F</MediaDuration>
</MediaTime>
<TemporalDecomposition>
<VideoSegment id="shot195_155_RKF">
<MediaTime>
<MediaTimePoint>T00:20:22:15639F30000</MediaTimePoint>
</MediaTime>
</VideoSegment>
</TemporalDecomposition>
</VideoSegment>
<VideoSegment id="shot195_156">
<MediaTime>
<MediaTimePoint>T00:20:23:25679F30000</MediaTimePoint>
<MediaDuration>PT00H00M02S15075N30000F</MediaDuration>
</MediaTime>
<TemporalDecomposition>
<VideoSegment id="shot195_156_RKF">
<MediaTime>
<MediaTimePoint>T00:20:25:2716F30000</MediaTimePoint>
</MediaTime>
</VideoSegment>
</TemporalDecomposition>
</VideoSegment>
<VideoSegment id="shot195_157">
<MediaTime>
<MediaTimePoint>T00:20:26:10754F30000</MediaTimePoint>
<MediaDuration>PT00H00M02S8068N30000F</MediaDuration>
</MediaTime>
<TemporalDecomposition>
<VideoSegment id="shot195_157_RKF">
<MediaTime>
<MediaTimePoint>T00:20:27:13787F30000</MediaTimePoint>
</MediaTime>
</VideoSegment>
</TemporalDecomposition>
</VideoSegment>
<VideoSegment id="shot195_158">
<MediaTime>
<MediaTimePoint>T00:20:28:18822F30000</MediaTimePoint>
<MediaDuration>PT00H00M02S12072N30000F</MediaDuration>
</MediaTime>
<TemporalDecomposition>
<VideoSegment id="shot195_158_RKF">
<MediaTime>
<MediaTimePoint>T00:20:29:23857F30000</MediaTimePoint>
</MediaTime>
</VideoSegment>
</TemporalDecomposition>
</VideoSegment>
<VideoSegment id="shot195_159">
<MediaTime>
<MediaTimePoint>T00:20:31:894F30000</MediaTimePoint>
<MediaDuration>PT00H00M02S14074N30000F</MediaDuration>
</MediaTime>
<TemporalDecomposition>
<VideoSegment id="shot195_159_RKF">
<MediaTime>
<MediaTimePoint>T00:20:32:6930F30000</MediaTimePoint>
</MediaTime>
</VideoSegment>
</TemporalDecomposition>
</VideoSegment>
<VideoSegment id="shot195_160">
<MediaTime>
<MediaTimePoint>T00:20:33:14968F30000</MediaTimePoint>
<MediaDuration>PT00H00M02S16076N30000F</MediaDuration>
</MediaTime>
<TemporalDecomposition>
<VideoSegment id="shot195_160_RKF">
<MediaTime>
<MediaTimePoint>T00:20:34:22005F30000</MediaTimePoint>
</MediaTime>
</VideoSegment>
</TemporalDecomposition>
</VideoSegment>
<VideoSegment id="shot195_161">
<MediaTime>
<MediaTimePoint>T00:20:36:1044F30000</MediaTimePoint>
<MediaDuration>PT00H00M02S8068N30000F</MediaDuration>
</MediaTime>
<TemporalDecomposition>
<VideoSegment id="shot195_161_RKF">
<MediaTime>
<MediaTimePoint>T00:20:37:4077F30000</MediaTimePoint>
</MediaTime>
</VideoSegment>
</TemporalDecomposition>
</VideoSegment>
<VideoSegment id="shot195_162">
<MediaTime>
<MediaTimePoint>T00:20:38:9112F30000</MediaTimePoint>
<MediaDuration>PT00H00M02S12072N30000F</MediaDuration>
</MediaTime>
<TemporalDecomposition>
<VideoSegment id="shot195_162_RKF">
<MediaTime>
<MediaTimePoint>T00:20:39:14147F30000</MediaTimePoint>
</MediaTime>
</VideoSegment>
</TemporalDecomposition>
</VideoSegment>
<VideoSegment id="shot195_163">
<MediaTime>
<MediaTimePoint>T00:20:40:21184F30000</MediaTimePoint>
<MediaDuration>PT00H00M02S14074N30000F</MediaDuration>
</MediaTime>
<TemporalDecomposition>
<VideoSegment id="shot195_163_RKF">
<MediaTime>
<MediaTimePoint>T00:20:41:27220F30000</MediaTimePoint>
</MediaTime>
</VideoSegment>
</TemporalDecomposition>
</VideoSegment>
<VideoSegment id="shot195_164">
<MediaTime>
<MediaTimePoint>T00:20:43:5258F30000</MediaTimePoint>
<MediaDuration>PT00H00M02S18078N30000F</MediaDuration>
</MediaTime>
<TemporalDecomposition>
<VideoSegment id="shot195_164_RKF">
<MediaTime>
<MediaTimePoint>T00:20:44:13296F30000</MediaTimePoint>
</MediaTime>
</VideoSegment>
</TemporalDecomposition>
</VideoSegment>
<VideoSegment id="shot195_165">
<MediaTime>
<MediaTimePoint>T00:20:45:23336F30000</MediaTimePoint>
<MediaDuration>PT00H00M09S13283N30000F</MediaDuration>
</MediaTime>
<TemporalDecomposition>
<VideoSegment id="shot195_165_RKF">
<MediaTime>
<MediaTimePoint>T00:20:50:14477F30000</MediaTimePoint>
</MediaTime>
</VideoSegment>
</TemporalDecomposition>
</VideoSegment>
<VideoSegment id="shot195_166">
<MediaTime>
<MediaTimePoint>T00:20:55:6619F30000</MediaTimePoint>
<MediaDuration>PT00H00M17S7517N30000F</MediaDuration>
</MediaTime>
<TemporalDecomposition>
<VideoSegment id="shot195_166_RKF">
<MediaTime>
<MediaTimePoint>T00:21:03:24877F30000</MediaTimePoint>
</MediaTime>
</VideoSegment>
</TemporalDecomposition>
</VideoSegment>
<VideoSegment id="shot195_167">
<MediaTime>
<MediaTimePoint>T00:21:12:14136F30000</MediaTimePoint>
<MediaDuration>PT00H00M04S2122N30000F</MediaDuration>
</MediaTime>
<TemporalDecomposition>
<VideoSegment id="shot195_167_RKF">
<MediaTime>
<MediaTimePoint>T00:21:14:14196F30000</MediaTimePoint>
</MediaTime>
</VideoSegment>
</TemporalDecomposition>
</VideoSegment>
<VideoSegment id="shot195_168">
<MediaTime>
<MediaTimePoint>T00:21:16:16258F30000</MediaTimePoint>
<MediaDuration>PT00H00M12S13373N30000F</MediaDuration>
</MediaTime>
<TemporalDecomposition>
<VideoSegment id="shot195_168_RKF">
<MediaTime>
<MediaTimePoint>T00:21:22:22444F30000</MediaTimePoint>
</MediaTime>
</VideoSegment>
</TemporalDecomposition>
</VideoSegment>
<VideoSegment id="shot195_169">
<MediaTime>
<MediaTimePoint>T00:21:28:29631F30000</MediaTimePoint>
<MediaDuration>PT00H00M10S9309N30000F</MediaDuration>
</MediaTime>
<TemporalDecomposition>
<VideoSegment id="shot195_169_RKF">
<MediaTime>
<MediaTimePoint>T00:21:34:3785F30000</MediaTimePoint>
</MediaTime>
</VideoSegment>
</TemporalDecomposition>
</VideoSegment>
<VideoSegment id="shot195_170">
<MediaTime>
<MediaTimePoint>T00:21:39:8940F30000</MediaTimePoint>
<MediaDuration>PT00H00M06S14194N30000F</MediaDuration>
</MediaTime>
<TemporalDecomposition>
<VideoSegment id="shot195_170_RKF">
<MediaTime>
<MediaTimePoint>T00:21:42:15036F30000</MediaTimePoint>
</MediaTime>
</VideoSegment>
</TemporalDecomposition>
</VideoSegment>
<VideoSegment id="shot195_171">
<MediaTime>
<MediaTimePoint>T00:21:45:23134F30000</MediaTimePoint>
<MediaDuration>PT00H00M12S2362N30000F</MediaDuration>
</MediaTime>
<TemporalDecomposition>
<VideoSegment id="shot195_171_RKF">
<MediaTime>
<MediaTimePoint>T00:21:51:23314F30000</MediaTimePoint>
</MediaTime>
</VideoSegment>
</TemporalDecomposition>
</VideoSegment>
<VideoSegment id="shot195_172">
<MediaTime>
<MediaTimePoint>T00:21:57:25496F30000</MediaTimePoint>
<MediaDuration>PT00H00M02S14074N30000F</MediaDuration>
</MediaTime>
<TemporalDecomposition>
<VideoSegment id="shot195_172_RKF">
<MediaTime>
<MediaTimePoint>T00:21:59:1532F30000</MediaTimePoint>
</MediaTime>
</VideoSegment>
</TemporalDecomposition>
</VideoSegment>
<VideoSegment id="shot195_173">
<MediaTime>
<MediaTimePoint>T00:22:00:9570F30000</MediaTimePoint>
<MediaDuration>PT00H00M03S7097N30000F</MediaDuration>
</MediaTime>
<TemporalDecomposition>
<VideoSegment id="shot195_173_RKF">
<MediaTime>
<MediaTimePoint>T00:22:01:27618F30000</MediaTimePoint>
</MediaTime>
</VideoSegment>
</TemporalDecomposition>
</VideoSegment>
<VideoSegment id="shot195_174">
<MediaTime>
<MediaTimePoint>T00:22:03:16667F30000</MediaTimePoint>
<MediaDuration>PT00H00M02S21081N30000F</MediaDuration>
</MediaTime>
<TemporalDecomposition>
<VideoSegment id="shot195_174_RKF">
<MediaTime>
<MediaTimePoint>T00:22:04:26707F30000</MediaTimePoint>
</MediaTime>
</VideoSegment>
</TemporalDecomposition>
</VideoSegment>
<VideoSegment id="shot195_175">
<MediaTime>
<MediaTimePoint>T00:22:06:7748F30000</MediaTimePoint>
<MediaDuration>PT00H00M04S10130N30000F</MediaDuration>
</MediaTime>
<TemporalDecomposition>
<VideoSegment id="shot195_175_RKF">
<MediaTime>
<MediaTimePoint>T00:22:08:11812F30000</MediaTimePoint>
</MediaTime>
</VideoSegment>
</TemporalDecomposition>
</VideoSegment>
<VideoSegment id="shot195_176">
<MediaTime>
<MediaTimePoint>T00:22:10:17878F30000</MediaTimePoint>
<MediaDuration>PT00H00M06S15195N30000F</MediaDuration>
</MediaTime>
<TemporalDecomposition>
<VideoSegment id="shot195_176_RKF">
<MediaTime>
<MediaTimePoint>T00:22:13:24975F30000</MediaTimePoint>
</MediaTime>
</VideoSegment>
</TemporalDecomposition>
</VideoSegment>
<VideoSegment id="shot195_177">
<MediaTime>
<MediaTimePoint>T00:22:17:3073F30000</MediaTimePoint>
<MediaDuration>PT00H00M08S21261N30000F</MediaDuration>
</MediaTime>
<TemporalDecomposition>
<VideoSegment id="shot195_177_NRKF_1">
<MediaTime>
<MediaTimePoint>T00:22:17:17087F30000</MediaTimePoint>
</MediaTime>
</VideoSegment>
<VideoSegment id="shot195_177_RKF">
<MediaTime>
<MediaTimePoint>T00:22:21:13203F30000</MediaTimePoint>
</MediaTime>
</VideoSegment>
<VideoSegment id="shot195_177_NRKF_2">
<MediaTime>
<MediaTimePoint>T00:22:21:27217F30000</MediaTimePoint>
</MediaTime>
</VideoSegment>
</TemporalDecomposition>
</VideoSegment>
<VideoSegment id="shot195_178">
<MediaTime>
<MediaTimePoint>T00:22:25:24334F30000</MediaTimePoint>
<MediaDuration>PT00H00M04S3123N30000F</MediaDuration>
</MediaTime>
<TemporalDecomposition>
<VideoSegment id="shot195_178_NRKF_1">
<MediaTime>
<MediaTimePoint>T00:22:26:4344F30000</MediaTimePoint>
</MediaTime>
</VideoSegment>
<VideoSegment id="shot195_178_RKF">
<MediaTime>
<MediaTimePoint>T00:22:27:25395F30000</MediaTimePoint>
</MediaTime>
</VideoSegment>
<VideoSegment id="shot195_178_NRKF_2">
<MediaTime>
<MediaTimePoint>T00:22:28:5405F30000</MediaTimePoint>
</MediaTime>
</VideoSegment>
</TemporalDecomposition>
</VideoSegment>
<VideoSegment id="shot195_179">
<MediaTime>
<MediaTimePoint>T00:22:29:27457F30000</MediaTimePoint>
<MediaDuration>PT00H00M07S2212N30000F</MediaDuration>
</MediaTime>
<TemporalDecomposition>
<VideoSegment id="shot195_179_RKF">
<MediaTime>
<MediaTimePoint>T00:22:33:12562F30000</MediaTimePoint>
</MediaTime>
</VideoSegment>
</TemporalDecomposition>
</VideoSegment>
<VideoSegment id="shot195_180">
<MediaTime>
<MediaTimePoint>T00:22:36:29669F30000</MediaTimePoint>
<MediaDuration>PT00H00M03S26116N30000F</MediaDuration>
</MediaTime>
<TemporalDecomposition>
<VideoSegment id="shot195_180_RKF">
<MediaTime>
<MediaTimePoint>T00:22:38:26726F30000</MediaTimePoint>
</MediaTime>
</VideoSegment>
</TemporalDecomposition>
</VideoSegment>
<VideoSegment id="shot195_181">
<MediaTime>
<MediaTimePoint>T00:22:40:25785F30000</MediaTimePoint>
<MediaDuration>PT00H00M17S14524N30000F</MediaDuration>
</MediaTime>
<TemporalDecomposition>
<VideoSegment id="shot195_181_RKF">
<MediaTime>
<MediaTimePoint>T00:22:49:17046F30000</MediaTimePoint>
</MediaTime>
</VideoSegment>
</TemporalDecomposition>
</VideoSegment>
<VideoSegment id="shot195_182">
<MediaTime>
<MediaTimePoint>T00:22:58:10309F30000</MediaTimePoint>
<MediaDuration>PT00H00M35S4053N30000F</MediaDuration>
</MediaTime>
<TemporalDecomposition>
<VideoSegment id="shot195_182_RKF">
<MediaTime>
<MediaTimePoint>T00:23:15:26835F30000</MediaTimePoint>
</MediaTime>
</VideoSegment>
</TemporalDecomposition>
</VideoSegment>
<VideoSegment id="shot195_183">
<MediaTime>
<MediaTimePoint>T00:23:33:14362F30000</MediaTimePoint>
<MediaDuration>PT00H00M09S20290N30000F</MediaDuration>
</MediaTime>
<TemporalDecomposition>
<VideoSegment id="shot195_183_NRKF_1">
<MediaTime>
<MediaTimePoint>T00:23:33:22370F30000</MediaTimePoint>
</MediaTime>
</VideoSegment>
<VideoSegment id="shot195_183_RKF">
<MediaTime>
<MediaTimePoint>T00:23:38:8506F30000</MediaTimePoint>
</MediaTime>
</VideoSegment>
<VideoSegment id="shot195_183_NRKF_2">
<MediaTime>
<MediaTimePoint>T00:23:38:17515F30000</MediaTimePoint>
</MediaTime>
</VideoSegment>
</TemporalDecomposition>
</VideoSegment>
<VideoSegment id="shot195_184">
<MediaTime>
<MediaTimePoint>T00:23:43:4652F30000</MediaTimePoint>
<MediaDuration>PT00H00M44S2321N30000F</MediaDuration>
</MediaTime>
<TemporalDecomposition>
<VideoSegment id="shot195_184_RKF">
<MediaTime>
<MediaTimePoint>T00:24:05:5312F30000</MediaTimePoint>
</MediaTime>
</VideoSegment>
</TemporalDecomposition>
</VideoSegment>
<VideoSegment id="shot195_185">
<MediaTime>
<MediaTimePoint>T00:24:27:6973F30000</MediaTimePoint>
<MediaDuration>PT00H00M29S870N30000F</MediaDuration>
</MediaTime>
<TemporalDecomposition>
<VideoSegment id="shot195_185_RKF">
<MediaTime>
<MediaTimePoint>T00:24:41:21407F30000</MediaTimePoint>
</MediaTime>
</VideoSegment>
</TemporalDecomposition>
</VideoSegment>
<VideoSegment id="shot195_186">
<MediaTime>
<MediaTimePoint>T00:24:56:7843F30000</MediaTimePoint>
<MediaDuration>PT00H00M02S22082N30000F</MediaDuration>
</MediaTime>
<TemporalDecomposition>
<VideoSegment id="shot195_186_RKF">
<MediaTime>
<MediaTimePoint>T00:24:57:17883F30000</MediaTimePoint>
</MediaTime>
</VideoSegment>
</TemporalDecomposition>
</VideoSegment>
</TemporalDecomposition>
</Video>
</MultimediaContent>
</Description>
</Mpeg7>
