<?xml version="1.0" encoding="UTF-8"?>
<Mpeg7 xmlns="urn:mpeg:mpeg7:schema:2001" xmlns:mpeg7="urn:mpeg:mpeg7:schema:2001" xmlns:xsi="http://www.w3.org/2001/XMLSchema-instance">
<Description xsi:type="ContentEntityType">
<MultimediaContent xsi:type="VideoType">
<Video id="TRECVID2005_23">
<MediaLocator>
<MediaUri>20041118_130000_LBC_LBCNEWS2_ARB.mpg</MediaUri>
</MediaLocator>
<MediaTime>
<MediaTimePoint>T00:00:00:0F30000</MediaTimePoint>
<MediaDuration>PT00H24M59S29955N30000F</MediaDuration>
</MediaTime>
<TemporalDecomposition gap="false" overlap="false">
<VideoSegment id="shot23_1">
<MediaTime>
<MediaTimePoint>T00:00:00:0F30000</MediaTimePoint>
<MediaDuration>PT00H00M03S5095N30000F</MediaDuration>
</MediaTime>
<TemporalDecomposition>
<VideoSegment id="shot23_1_NRKF_1">
<MediaTime>
<MediaTimePoint>T00:00:00:11011F30000</MediaTimePoint>
</MediaTime>
</VideoSegment>
<VideoSegment id="shot23_1_RKF">
<MediaTime>
<MediaTimePoint>T00:00:01:17047F30000</MediaTimePoint>
</MediaTime>
</VideoSegment>
<VideoSegment id="shot23_1_NRKF_2">
<MediaTime>
<MediaTimePoint>T00:00:01:28058F30000</MediaTimePoint>
</MediaTime>
</VideoSegment>
</TemporalDecomposition>
</VideoSegment>
<VideoSegment id="shot23_2">
<MediaTime>
<MediaTimePoint>T00:00:03:5095F30000</MediaTimePoint>
<MediaDuration>PT00H00M05S21171N30000F</MediaDuration>
</MediaTime>
<TemporalDecomposition>
<VideoSegment id="shot23_2_RKF">
<MediaTime>
<MediaTimePoint>T00:00:06:180F30000</MediaTimePoint>
</MediaTime>
</VideoSegment>
</TemporalDecomposition>
</VideoSegment>
<VideoSegment id="shot23_3">
<MediaTime>
<MediaTimePoint>T00:00:08:26266F30000</MediaTimePoint>
<MediaDuration>PT00H00M02S24084N30000F</MediaDuration>
</MediaTime>
<TemporalDecomposition>
<VideoSegment id="shot23_3_NRKF_1">
<MediaTime>
<MediaTimePoint>T00:00:09:10280F30000</MediaTimePoint>
</MediaTime>
</VideoSegment>
<VideoSegment id="shot23_3_NRKF_2">
<MediaTime>
<MediaTimePoint>T00:00:10:6306F30000</MediaTimePoint>
</MediaTime>
</VideoSegment>
<VideoSegment id="shot23_3_RKF">
<MediaTime>
<MediaTimePoint>T00:00:10:7307F30000</MediaTimePoint>
</MediaTime>
</VideoSegment>
<VideoSegment id="shot23_3_NRKF_3">
<MediaTime>
<MediaTimePoint>T00:00:11:4334F30000</MediaTimePoint>
</MediaTime>
</VideoSegment>
</TemporalDecomposition>
</VideoSegment>
<VideoSegment id="shot23_4">
<MediaTime>
<MediaTimePoint>T00:00:11:20350F30000</MediaTimePoint>
<MediaDuration>PT00H00M02S28088N30000F</MediaDuration>
</MediaTime>
<TemporalDecomposition>
<VideoSegment id="shot23_4_NRKF_1">
<MediaTime>
<MediaTimePoint>T00:00:12:7367F30000</MediaTimePoint>
</MediaTime>
</VideoSegment>
<VideoSegment id="shot23_4_RKF">
<MediaTime>
<MediaTimePoint>T00:00:13:3393F30000</MediaTimePoint>
</MediaTime>
</VideoSegment>
<VideoSegment id="shot23_4_NRKF_2">
<MediaTime>
<MediaTimePoint>T00:00:13:21411F30000</MediaTimePoint>
</MediaTime>
</VideoSegment>
</TemporalDecomposition>
</VideoSegment>
<VideoSegment id="shot23_5">
<MediaTime>
<MediaTimePoint>T00:00:14:18438F30000</MediaTimePoint>
<MediaDuration>PT00H00M02S9069N30000F</MediaDuration>
</MediaTime>
<TemporalDecomposition>
<VideoSegment id="shot23_5_NRKF_1">
<MediaTime>
<MediaTimePoint>T00:00:15:1451F30000</MediaTimePoint>
</MediaTime>
</VideoSegment>
<VideoSegment id="shot23_5_RKF">
<MediaTime>
<MediaTimePoint>T00:00:15:22472F30000</MediaTimePoint>
</MediaTime>
</VideoSegment>
<VideoSegment id="shot23_5_NRKF_2">
<MediaTime>
<MediaTimePoint>T00:00:16:6486F30000</MediaTimePoint>
</MediaTime>
</VideoSegment>
</TemporalDecomposition>
</VideoSegment>
<VideoSegment id="shot23_6">
<MediaTime>
<MediaTimePoint>T00:00:16:27507F30000</MediaTimePoint>
<MediaDuration>PT00H00M02S18078N30000F</MediaDuration>
</MediaTime>
<TemporalDecomposition>
<VideoSegment id="shot23_6_NRKF_1">
<MediaTime>
<MediaTimePoint>T00:00:17:6516F30000</MediaTimePoint>
</MediaTime>
</VideoSegment>
<VideoSegment id="shot23_6_RKF">
<MediaTime>
<MediaTimePoint>T00:00:18:5545F30000</MediaTimePoint>
</MediaTime>
</VideoSegment>
<VideoSegment id="shot23_6_NRKF_2">
<MediaTime>
<MediaTimePoint>T00:00:18:15555F30000</MediaTimePoint>
</MediaTime>
</VideoSegment>
</TemporalDecomposition>
</VideoSegment>
<VideoSegment id="shot23_7">
<MediaTime>
<MediaTimePoint>T00:00:19:15585F30000</MediaTimePoint>
<MediaDuration>PT00H00M02S10070N30000F</MediaDuration>
</MediaTime>
<TemporalDecomposition>
<VideoSegment id="shot23_7_NRKF_1">
<MediaTime>
<MediaTimePoint>T00:00:20:3603F30000</MediaTimePoint>
</MediaTime>
</VideoSegment>
<VideoSegment id="shot23_7_RKF">
<MediaTime>
<MediaTimePoint>T00:00:20:19619F30000</MediaTimePoint>
</MediaTime>
</VideoSegment>
<VideoSegment id="shot23_7_NRKF_2">
<MediaTime>
<MediaTimePoint>T00:00:21:8638F30000</MediaTimePoint>
</MediaTime>
</VideoSegment>
</TemporalDecomposition>
</VideoSegment>
<VideoSegment id="shot23_8">
<MediaTime>
<MediaTimePoint>T00:00:21:25655F30000</MediaTimePoint>
<MediaDuration>PT00H00M02S9069N30000F</MediaDuration>
</MediaTime>
<TemporalDecomposition>
<VideoSegment id="shot23_8_RKF">
<MediaTime>
<MediaTimePoint>T00:00:22:29689F30000</MediaTimePoint>
</MediaTime>
</VideoSegment>
</TemporalDecomposition>
</VideoSegment>
<VideoSegment id="shot23_9">
<MediaTime>
<MediaTimePoint>T00:00:24:4724F30000</MediaTimePoint>
<MediaDuration>PT00H00M02S6066N30000F</MediaDuration>
</MediaTime>
<TemporalDecomposition>
<VideoSegment id="shot23_9_RKF">
<MediaTime>
<MediaTimePoint>T00:00:25:6756F30000</MediaTimePoint>
</MediaTime>
</VideoSegment>
</TemporalDecomposition>
</VideoSegment>
<VideoSegment id="shot23_10">
<MediaTime>
<MediaTimePoint>T00:00:26:10790F30000</MediaTimePoint>
<MediaDuration>PT00H00M03S16106N30000F</MediaDuration>
</MediaTime>
<TemporalDecomposition>
<VideoSegment id="shot23_10_RKF">
<MediaTime>
<MediaTimePoint>T00:00:28:2842F30000</MediaTimePoint>
</MediaTime>
</VideoSegment>
</TemporalDecomposition>
</VideoSegment>
<VideoSegment id="shot23_11">
<MediaTime>
<MediaTimePoint>T00:00:29:26896F30000</MediaTimePoint>
<MediaDuration>PT00H00M06S12192N30000F</MediaDuration>
</MediaTime>
<TemporalDecomposition>
<VideoSegment id="shot23_11_RKF">
<MediaTime>
<MediaTimePoint>T00:00:33:1991F30000</MediaTimePoint>
</MediaTime>
</VideoSegment>
</TemporalDecomposition>
</VideoSegment>
<VideoSegment id="shot23_12">
<MediaTime>
<MediaTimePoint>T00:00:36:9088F30000</MediaTimePoint>
<MediaDuration>PT00H00M02S27087N30000F</MediaDuration>
</MediaTime>
<TemporalDecomposition>
<VideoSegment id="shot23_12_NRKF_1">
<MediaTime>
<MediaTimePoint>T00:00:36:22101F30000</MediaTimePoint>
</MediaTime>
</VideoSegment>
<VideoSegment id="shot23_12_NRKF_2">
<MediaTime>
<MediaTimePoint>T00:00:37:17126F30000</MediaTimePoint>
</MediaTime>
</VideoSegment>
<VideoSegment id="shot23_12_RKF">
<MediaTime>
<MediaTimePoint>T00:00:37:22131F30000</MediaTimePoint>
</MediaTime>
</VideoSegment>
<VideoSegment id="shot23_12_NRKF_3">
<MediaTime>
<MediaTimePoint>T00:00:38:16155F30000</MediaTimePoint>
</MediaTime>
</VideoSegment>
</TemporalDecomposition>
</VideoSegment>
<VideoSegment id="shot23_13">
<MediaTime>
<MediaTimePoint>T00:00:39:6175F30000</MediaTimePoint>
<MediaDuration>PT00H00M04S26146N30000F</MediaDuration>
</MediaTime>
<TemporalDecomposition>
<VideoSegment id="shot23_13_NRKF_1">
<MediaTime>
<MediaTimePoint>T00:00:39:27196F30000</MediaTimePoint>
</MediaTime>
</VideoSegment>
<VideoSegment id="shot23_13_RKF">
<MediaTime>
<MediaTimePoint>T00:00:41:18247F30000</MediaTimePoint>
</MediaTime>
</VideoSegment>
<VideoSegment id="shot23_13_NRKF_2">
<MediaTime>
<MediaTimePoint>T00:00:42:10269F30000</MediaTimePoint>
</MediaTime>
</VideoSegment>
</TemporalDecomposition>
</VideoSegment>
<VideoSegment id="shot23_14">
<MediaTime>
<MediaTimePoint>T00:00:44:2321F30000</MediaTimePoint>
<MediaDuration>PT00H00M02S20080N30000F</MediaDuration>
</MediaTime>
<TemporalDecomposition>
<VideoSegment id="shot23_14_NRKF_1">
<MediaTime>
<MediaTimePoint>T00:00:44:28347F30000</MediaTimePoint>
</MediaTime>
</VideoSegment>
<VideoSegment id="shot23_14_RKF">
<MediaTime>
<MediaTimePoint>T00:00:45:11360F30000</MediaTimePoint>
</MediaTime>
</VideoSegment>
<VideoSegment id="shot23_14_NRKF_2">
<MediaTime>
<MediaTimePoint>T00:00:46:8387F30000</MediaTimePoint>
</MediaTime>
</VideoSegment>
</TemporalDecomposition>
</VideoSegment>
<VideoSegment id="shot23_15">
<MediaTime>
<MediaTimePoint>T00:00:46:22401F30000</MediaTimePoint>
<MediaDuration>PT00H00M14S28448N30000F</MediaDuration>
</MediaTime>
<TemporalDecomposition>
<VideoSegment id="shot23_15_NRKF_1">
<MediaTime>
<MediaTimePoint>T00:00:46:27406F30000</MediaTimePoint>
</MediaTime>
</VideoSegment>
<VideoSegment id="shot23_15_RKF">
<MediaTime>
<MediaTimePoint>T00:00:54:5624F30000</MediaTimePoint>
</MediaTime>
</VideoSegment>
<VideoSegment id="shot23_15_NRKF_2">
<MediaTime>
<MediaTimePoint>T00:00:54:11630F30000</MediaTimePoint>
</MediaTime>
</VideoSegment>
</TemporalDecomposition>
</VideoSegment>
<VideoSegment id="shot23_16">
<MediaTime>
<MediaTimePoint>T00:01:01:20849F30000</MediaTimePoint>
<MediaDuration>PT00H00M06S25205N30000F</MediaDuration>
</MediaTime>
<TemporalDecomposition>
<VideoSegment id="shot23_16_RKF">
<MediaTime>
<MediaTimePoint>T00:01:05:2951F30000</MediaTimePoint>
</MediaTime>
</VideoSegment>
</TemporalDecomposition>
</VideoSegment>
<VideoSegment id="shot23_17">
<MediaTime>
<MediaTimePoint>T00:01:08:16054F30000</MediaTimePoint>
<MediaDuration>PT00H00M03S4094N30000F</MediaDuration>
</MediaTime>
<TemporalDecomposition>
<VideoSegment id="shot23_17_RKF">
<MediaTime>
<MediaTimePoint>T00:01:10:2100F30000</MediaTimePoint>
</MediaTime>
</VideoSegment>
</TemporalDecomposition>
</VideoSegment>
<VideoSegment id="shot23_18">
<MediaTime>
<MediaTimePoint>T00:01:11:20148F30000</MediaTimePoint>
<MediaDuration>PT00H00M03S5095N30000F</MediaDuration>
</MediaTime>
<TemporalDecomposition>
<VideoSegment id="shot23_18_RKF">
<MediaTime>
<MediaTimePoint>T00:01:13:7195F30000</MediaTimePoint>
</MediaTime>
</VideoSegment>
</TemporalDecomposition>
</VideoSegment>
<VideoSegment id="shot23_19">
<MediaTime>
<MediaTimePoint>T00:01:14:25243F30000</MediaTimePoint>
<MediaDuration>PT00H00M03S19109N30000F</MediaDuration>
</MediaTime>
<TemporalDecomposition>
<VideoSegment id="shot23_19_NRKF_1">
<MediaTime>
<MediaTimePoint>T00:01:15:15263F30000</MediaTimePoint>
</MediaTime>
</VideoSegment>
<VideoSegment id="shot23_19_RKF">
<MediaTime>
<MediaTimePoint>T00:01:16:19297F30000</MediaTimePoint>
</MediaTime>
</VideoSegment>
<VideoSegment id="shot23_19_NRKF_2">
<MediaTime>
<MediaTimePoint>T00:01:17:10318F30000</MediaTimePoint>
</MediaTime>
</VideoSegment>
</TemporalDecomposition>
</VideoSegment>
<VideoSegment id="shot23_20">
<MediaTime>
<MediaTimePoint>T00:01:18:14352F30000</MediaTimePoint>
<MediaDuration>PT00H00M02S5065N30000F</MediaDuration>
</MediaTime>
<TemporalDecomposition>
<VideoSegment id="shot23_20_RKF">
<MediaTime>
<MediaTimePoint>T00:01:19:16384F30000</MediaTimePoint>
</MediaTime>
</VideoSegment>
</TemporalDecomposition>
</VideoSegment>
<VideoSegment id="shot23_21">
<MediaTime>
<MediaTimePoint>T00:01:20:19417F30000</MediaTimePoint>
<MediaDuration>PT00H00M02S20080N30000F</MediaDuration>
</MediaTime>
<TemporalDecomposition>
<VideoSegment id="shot23_21_NRKF_1">
<MediaTime>
<MediaTimePoint>T00:01:21:1429F30000</MediaTimePoint>
</MediaTime>
</VideoSegment>
<VideoSegment id="shot23_21_RKF">
<MediaTime>
<MediaTimePoint>T00:01:21:28456F30000</MediaTimePoint>
</MediaTime>
</VideoSegment>
<VideoSegment id="shot23_21_NRKF_2">
<MediaTime>
<MediaTimePoint>T00:01:22:11469F30000</MediaTimePoint>
</MediaTime>
</VideoSegment>
</TemporalDecomposition>
</VideoSegment>
<VideoSegment id="shot23_22">
<MediaTime>
<MediaTimePoint>T00:01:23:9497F30000</MediaTimePoint>
<MediaDuration>PT00H00M04S23143N30000F</MediaDuration>
</MediaTime>
<TemporalDecomposition>
<VideoSegment id="shot23_22_RKF">
<MediaTime>
<MediaTimePoint>T00:01:25:20568F30000</MediaTimePoint>
</MediaTime>
</VideoSegment>
</TemporalDecomposition>
</VideoSegment>
<VideoSegment id="shot23_23">
<MediaTime>
<MediaTimePoint>T00:01:28:2640F30000</MediaTimePoint>
<MediaDuration>PT00H00M03S13103N30000F</MediaDuration>
</MediaTime>
<TemporalDecomposition>
<VideoSegment id="shot23_23_RKF">
<MediaTime>
<MediaTimePoint>T00:01:29:23691F30000</MediaTimePoint>
</MediaTime>
</VideoSegment>
</TemporalDecomposition>
</VideoSegment>
<VideoSegment id="shot23_24">
<MediaTime>
<MediaTimePoint>T00:01:31:15743F30000</MediaTimePoint>
<MediaDuration>PT00H00M02S18078N30000F</MediaDuration>
</MediaTime>
<TemporalDecomposition>
<VideoSegment id="shot23_24_NRKF_1">
<MediaTime>
<MediaTimePoint>T00:01:32:6764F30000</MediaTimePoint>
</MediaTime>
</VideoSegment>
<VideoSegment id="shot23_24_RKF">
<MediaTime>
<MediaTimePoint>T00:01:32:23781F30000</MediaTimePoint>
</MediaTime>
</VideoSegment>
<VideoSegment id="shot23_24_NRKF_2">
<MediaTime>
<MediaTimePoint>T00:01:33:15803F30000</MediaTimePoint>
</MediaTime>
</VideoSegment>
</TemporalDecomposition>
</VideoSegment>
<VideoSegment id="shot23_25">
<MediaTime>
<MediaTimePoint>T00:01:34:3821F30000</MediaTimePoint>
<MediaDuration>PT00H00M03S11101N30000F</MediaDuration>
</MediaTime>
<TemporalDecomposition>
<VideoSegment id="shot23_25_NRKF_1">
<MediaTime>
<MediaTimePoint>T00:01:34:17835F30000</MediaTimePoint>
</MediaTime>
</VideoSegment>
<VideoSegment id="shot23_25_NRKF_2">
<MediaTime>
<MediaTimePoint>T00:01:35:15863F30000</MediaTimePoint>
</MediaTime>
</VideoSegment>
<VideoSegment id="shot23_25_RKF">
<MediaTime>
<MediaTimePoint>T00:01:35:23871F30000</MediaTimePoint>
</MediaTime>
</VideoSegment>
<VideoSegment id="shot23_25_NRKF_3">
<MediaTime>
<MediaTimePoint>T00:01:36:21899F30000</MediaTimePoint>
</MediaTime>
</VideoSegment>
</TemporalDecomposition>
</VideoSegment>
<VideoSegment id="shot23_26">
<MediaTime>
<MediaTimePoint>T00:01:37:14922F30000</MediaTimePoint>
<MediaDuration>PT00H00M03S15105N30000F</MediaDuration>
</MediaTime>
<TemporalDecomposition>
<VideoSegment id="shot23_26_RKF">
<MediaTime>
<MediaTimePoint>T00:01:39:6974F30000</MediaTimePoint>
</MediaTime>
</VideoSegment>
</TemporalDecomposition>
</VideoSegment>
<VideoSegment id="shot23_27">
<MediaTime>
<MediaTimePoint>T00:01:41:27F30000</MediaTimePoint>
<MediaDuration>PT00H00M02S13073N30000F</MediaDuration>
</MediaTime>
<TemporalDecomposition>
<VideoSegment id="shot23_27_RKF">
<MediaTime>
<MediaTimePoint>T00:01:42:6063F30000</MediaTimePoint>
</MediaTime>
</VideoSegment>
</TemporalDecomposition>
</VideoSegment>
<VideoSegment id="shot23_28">
<MediaTime>
<MediaTimePoint>T00:01:43:13100F30000</MediaTimePoint>
<MediaDuration>PT00H00M03S9099N30000F</MediaDuration>
</MediaTime>
<TemporalDecomposition>
<VideoSegment id="shot23_28_RKF">
<MediaTime>
<MediaTimePoint>T00:01:45:2149F30000</MediaTimePoint>
</MediaTime>
</VideoSegment>
</TemporalDecomposition>
</VideoSegment>
<VideoSegment id="shot23_29">
<MediaTime>
<MediaTimePoint>T00:01:46:22199F30000</MediaTimePoint>
<MediaDuration>PT00H00M07S28238N30000F</MediaDuration>
</MediaTime>
<TemporalDecomposition>
<VideoSegment id="shot23_29_RKF">
<MediaTime>
<MediaTimePoint>T00:01:50:20317F30000</MediaTimePoint>
</MediaTime>
</VideoSegment>
</TemporalDecomposition>
</VideoSegment>
<VideoSegment id="shot23_30">
<MediaTime>
<MediaTimePoint>T00:01:54:20437F30000</MediaTimePoint>
<MediaDuration>PT00H00M04S15135N30000F</MediaDuration>
</MediaTime>
<TemporalDecomposition>
<VideoSegment id="shot23_30_NRKF_1">
<MediaTime>
<MediaTimePoint>T00:01:54:23440F30000</MediaTimePoint>
</MediaTime>
</VideoSegment>
<VideoSegment id="shot23_30_RKF">
<MediaTime>
<MediaTimePoint>T00:01:56:27504F30000</MediaTimePoint>
</MediaTime>
</VideoSegment>
<VideoSegment id="shot23_30_NRKF_2">
<MediaTime>
<MediaTimePoint>T00:01:57:1508F30000</MediaTimePoint>
</MediaTime>
</VideoSegment>
</TemporalDecomposition>
</VideoSegment>
<VideoSegment id="shot23_31">
<MediaTime>
<MediaTimePoint>T00:01:59:5572F30000</MediaTimePoint>
<MediaDuration>PT00H00M03S7097N30000F</MediaDuration>
</MediaTime>
<TemporalDecomposition>
<VideoSegment id="shot23_31_RKF">
<MediaTime>
<MediaTimePoint>T00:02:00:23620F30000</MediaTimePoint>
</MediaTime>
</VideoSegment>
</TemporalDecomposition>
</VideoSegment>
<VideoSegment id="shot23_32">
<MediaTime>
<MediaTimePoint>T00:02:02:12669F30000</MediaTimePoint>
<MediaDuration>PT00H00M24S2722N30000F</MediaDuration>
</MediaTime>
<TemporalDecomposition>
<VideoSegment id="shot23_32_RKF">
<MediaTime>
<MediaTimePoint>T00:02:14:13029F30000</MediaTimePoint>
</MediaTime>
</VideoSegment>
</TemporalDecomposition>
</VideoSegment>
<VideoSegment id="shot23_33">
<MediaTime>
<MediaTimePoint>T00:02:26:15391F30000</MediaTimePoint>
<MediaDuration>PT00H00M04S6126N30000F</MediaDuration>
</MediaTime>
<TemporalDecomposition>
<VideoSegment id="shot23_33_NRKF_1">
<MediaTime>
<MediaTimePoint>T00:02:26:16392F30000</MediaTimePoint>
</MediaTime>
</VideoSegment>
<VideoSegment id="shot23_33_NRKF_2">
<MediaTime>
<MediaTimePoint>T00:02:27:3409F30000</MediaTimePoint>
</MediaTime>
</VideoSegment>
<VideoSegment id="shot23_33_RKF">
<MediaTime>
<MediaTimePoint>T00:02:28:17453F30000</MediaTimePoint>
</MediaTime>
</VideoSegment>
<VideoSegment id="shot23_33_NRKF_3">
<MediaTime>
<MediaTimePoint>T00:02:29:4470F30000</MediaTimePoint>
</MediaTime>
</VideoSegment>
</TemporalDecomposition>
</VideoSegment>
<VideoSegment id="shot23_34">
<MediaTime>
<MediaTimePoint>T00:02:30:21517F30000</MediaTimePoint>
<MediaDuration>PT00H00M03S24114N30000F</MediaDuration>
</MediaTime>
<TemporalDecomposition>
<VideoSegment id="shot23_34_NRKF_1">
<MediaTime>
<MediaTimePoint>T00:02:31:8534F30000</MediaTimePoint>
</MediaTime>
</VideoSegment>
<VideoSegment id="shot23_34_RKF">
<MediaTime>
<MediaTimePoint>T00:02:32:17573F30000</MediaTimePoint>
</MediaTime>
</VideoSegment>
<VideoSegment id="shot23_34_NRKF_2">
<MediaTime>
<MediaTimePoint>T00:02:33:5591F30000</MediaTimePoint>
</MediaTime>
</VideoSegment>
</TemporalDecomposition>
</VideoSegment>
<VideoSegment id="shot23_35">
<MediaTime>
<MediaTimePoint>T00:02:34:15631F30000</MediaTimePoint>
<MediaDuration>PT00H00M03S11101N30000F</MediaDuration>
</MediaTime>
<TemporalDecomposition>
<VideoSegment id="shot23_35_NRKF_1">
<MediaTime>
<MediaTimePoint>T00:02:35:10656F30000</MediaTimePoint>
</MediaTime>
</VideoSegment>
<VideoSegment id="shot23_35_RKF">
<MediaTime>
<MediaTimePoint>T00:02:36:5681F30000</MediaTimePoint>
</MediaTime>
</VideoSegment>
<VideoSegment id="shot23_35_NRKF_2">
<MediaTime>
<MediaTimePoint>T00:02:37:1707F30000</MediaTimePoint>
</MediaTime>
</VideoSegment>
</TemporalDecomposition>
</VideoSegment>
<VideoSegment id="shot23_36">
<MediaTime>
<MediaTimePoint>T00:02:37:26732F30000</MediaTimePoint>
<MediaDuration>PT00H00M07S24234N30000F</MediaDuration>
</MediaTime>
<TemporalDecomposition>
<VideoSegment id="shot23_36_RKF">
<MediaTime>
<MediaTimePoint>T00:02:41:22848F30000</MediaTimePoint>
</MediaTime>
</VideoSegment>
</TemporalDecomposition>
</VideoSegment>
<VideoSegment id="shot23_37">
<MediaTime>
<MediaTimePoint>T00:02:45:20966F30000</MediaTimePoint>
<MediaDuration>PT00H00M06S2182N30000F</MediaDuration>
</MediaTime>
<TemporalDecomposition>
<VideoSegment id="shot23_37_RKF">
<MediaTime>
<MediaTimePoint>T00:02:48:21056F30000</MediaTimePoint>
</MediaTime>
</VideoSegment>
</TemporalDecomposition>
</VideoSegment>
<VideoSegment id="shot23_38">
<MediaTime>
<MediaTimePoint>T00:02:51:23148F30000</MediaTimePoint>
<MediaDuration>PT00H00M13S8398N30000F</MediaDuration>
</MediaTime>
<TemporalDecomposition>
<VideoSegment id="shot23_38_RKF">
<MediaTime>
<MediaTimePoint>T00:02:58:11346F30000</MediaTimePoint>
</MediaTime>
</VideoSegment>
</TemporalDecomposition>
</VideoSegment>
<VideoSegment id="shot23_39">
<MediaTime>
<MediaTimePoint>T00:03:05:1546F30000</MediaTimePoint>
<MediaDuration>PT00H00M04S4124N30000F</MediaDuration>
</MediaTime>
<TemporalDecomposition>
<VideoSegment id="shot23_39_NRKF_1">
<MediaTime>
<MediaTimePoint>T00:03:05:10555F30000</MediaTimePoint>
</MediaTime>
</VideoSegment>
<VideoSegment id="shot23_39_RKF">
<MediaTime>
<MediaTimePoint>T00:03:07:2607F30000</MediaTimePoint>
</MediaTime>
</VideoSegment>
<VideoSegment id="shot23_39_NRKF_2">
<MediaTime>
<MediaTimePoint>T00:03:07:12617F30000</MediaTimePoint>
</MediaTime>
</VideoSegment>
</TemporalDecomposition>
</VideoSegment>
<VideoSegment id="shot23_40">
<MediaTime>
<MediaTimePoint>T00:03:09:5670F30000</MediaTimePoint>
<MediaDuration>PT00H00M05S6156N30000F</MediaDuration>
</MediaTime>
<TemporalDecomposition>
<VideoSegment id="shot23_40_RKF">
<MediaTime>
<MediaTimePoint>T00:03:11:22747F30000</MediaTimePoint>
</MediaTime>
</VideoSegment>
</TemporalDecomposition>
</VideoSegment>
<VideoSegment id="shot23_41">
<MediaTime>
<MediaTimePoint>T00:03:14:11826F30000</MediaTimePoint>
<MediaDuration>PT00H00M58S26765N30000F</MediaDuration>
</MediaTime>
<TemporalDecomposition>
<VideoSegment id="shot23_41_NRKF_1">
<MediaTime>
<MediaTimePoint>T00:03:14:17832F30000</MediaTimePoint>
</MediaTime>
</VideoSegment>
<VideoSegment id="shot23_41_RKF">
<MediaTime>
<MediaTimePoint>T00:03:43:24708F30000</MediaTimePoint>
</MediaTime>
</VideoSegment>
<VideoSegment id="shot23_41_NRKF_2">
<MediaTime>
<MediaTimePoint>T00:03:44:1715F30000</MediaTimePoint>
</MediaTime>
</VideoSegment>
</TemporalDecomposition>
</VideoSegment>
<VideoSegment id="shot23_42">
<MediaTime>
<MediaTimePoint>T00:04:13:8591F30000</MediaTimePoint>
<MediaDuration>PT00H00M08S27267N30000F</MediaDuration>
</MediaTime>
<TemporalDecomposition>
<VideoSegment id="shot23_42_RKF">
<MediaTime>
<MediaTimePoint>T00:04:17:21724F30000</MediaTimePoint>
</MediaTime>
</VideoSegment>
</TemporalDecomposition>
</VideoSegment>
<VideoSegment id="shot23_43">
<MediaTime>
<MediaTimePoint>T00:04:22:5858F30000</MediaTimePoint>
<MediaDuration>PT00H03M29S18282N30000F</MediaDuration>
</MediaTime>
<TemporalDecomposition>
<VideoSegment id="shot23_43_RKF">
<MediaTime>
<MediaTimePoint>T00:06:06:28998F30000</MediaTimePoint>
</MediaTime>
</VideoSegment>
</TemporalDecomposition>
</VideoSegment>
<VideoSegment id="shot23_44">
<MediaTime>
<MediaTimePoint>T00:07:51:24140F30000</MediaTimePoint>
<MediaDuration>PT00H00M17S9519N30000F</MediaDuration>
</MediaTime>
<TemporalDecomposition>
<VideoSegment id="shot23_44_RKF">
<MediaTime>
<MediaTimePoint>T00:08:00:13399F30000</MediaTimePoint>
</MediaTime>
</VideoSegment>
</TemporalDecomposition>
</VideoSegment>
<VideoSegment id="shot23_45">
<MediaTime>
<MediaTimePoint>T00:08:09:3659F30000</MediaTimePoint>
<MediaDuration>PT00H00M03S5095N30000F</MediaDuration>
</MediaTime>
<TemporalDecomposition>
<VideoSegment id="shot23_45_RKF">
<MediaTime>
<MediaTimePoint>T00:08:10:20706F30000</MediaTimePoint>
</MediaTime>
</VideoSegment>
</TemporalDecomposition>
</VideoSegment>
<VideoSegment id="shot23_46">
<MediaTime>
<MediaTimePoint>T00:08:12:8754F30000</MediaTimePoint>
<MediaDuration>PT00H00M04S1121N30000F</MediaDuration>
</MediaTime>
<TemporalDecomposition>
<VideoSegment id="shot23_46_RKF">
<MediaTime>
<MediaTimePoint>T00:08:14:8814F30000</MediaTimePoint>
</MediaTime>
</VideoSegment>
</TemporalDecomposition>
</VideoSegment>
<VideoSegment id="shot23_47">
<MediaTime>
<MediaTimePoint>T00:08:16:9875F30000</MediaTimePoint>
<MediaDuration>PT00H00M04S1121N30000F</MediaDuration>
</MediaTime>
<TemporalDecomposition>
<VideoSegment id="shot23_47_RKF">
<MediaTime>
<MediaTimePoint>T00:08:18:9935F30000</MediaTimePoint>
</MediaTime>
</VideoSegment>
</TemporalDecomposition>
</VideoSegment>
<VideoSegment id="shot23_48">
<MediaTime>
<MediaTimePoint>T00:08:20:10996F30000</MediaTimePoint>
<MediaDuration>PT00H00M06S29209N30000F</MediaDuration>
</MediaTime>
<TemporalDecomposition>
<VideoSegment id="shot23_48_RKF">
<MediaTime>
<MediaTimePoint>T00:08:23:25100F30000</MediaTimePoint>
</MediaTime>
</VideoSegment>
</TemporalDecomposition>
</VideoSegment>
<VideoSegment id="shot23_49">
<MediaTime>
<MediaTimePoint>T00:08:27:10205F30000</MediaTimePoint>
<MediaDuration>PT00H02M31S9535N30000F</MediaDuration>
</MediaTime>
<TemporalDecomposition>
<VideoSegment id="shot23_49_RKF">
<MediaTime>
<MediaTimePoint>T00:09:42:29472F30000</MediaTimePoint>
</MediaTime>
</VideoSegment>
</TemporalDecomposition>
</VideoSegment>
<VideoSegment id="shot23_50">
<MediaTime>
<MediaTimePoint>T00:10:58:19740F30000</MediaTimePoint>
<MediaDuration>PT00H00M02S8068N30000F</MediaDuration>
</MediaTime>
<TemporalDecomposition>
<VideoSegment id="shot23_50_RKF">
<MediaTime>
<MediaTimePoint>T00:10:59:22773F30000</MediaTimePoint>
</MediaTime>
</VideoSegment>
</TemporalDecomposition>
</VideoSegment>
<VideoSegment id="shot23_51">
<MediaTime>
<MediaTimePoint>T00:11:00:27808F30000</MediaTimePoint>
<MediaDuration>PT00H00M19S16586N30000F</MediaDuration>
</MediaTime>
<TemporalDecomposition>
<VideoSegment id="shot23_51_RKF">
<MediaTime>
<MediaTimePoint>T00:11:10:20100F30000</MediaTimePoint>
</MediaTime>
</VideoSegment>
</TemporalDecomposition>
</VideoSegment>
<VideoSegment id="shot23_52">
<MediaTime>
<MediaTimePoint>T00:11:20:14394F30000</MediaTimePoint>
<MediaDuration>PT00H00M02S9069N30000F</MediaDuration>
</MediaTime>
<TemporalDecomposition>
<VideoSegment id="shot23_52_RKF">
<MediaTime>
<MediaTimePoint>T00:11:21:18428F30000</MediaTimePoint>
</MediaTime>
</VideoSegment>
</TemporalDecomposition>
</VideoSegment>
<VideoSegment id="shot23_53">
<MediaTime>
<MediaTimePoint>T00:11:22:23463F30000</MediaTimePoint>
<MediaDuration>PT00H01M05S24973N30000F</MediaDuration>
</MediaTime>
<TemporalDecomposition>
<VideoSegment id="shot23_53_RKF">
<MediaTime>
<MediaTimePoint>T00:11:55:20449F30000</MediaTimePoint>
</MediaTime>
</VideoSegment>
</TemporalDecomposition>
</VideoSegment>
<VideoSegment id="shot23_54">
<MediaTime>
<MediaTimePoint>T00:12:28:18436F30000</MediaTimePoint>
<MediaDuration>PT00H00M08S12252N30000F</MediaDuration>
</MediaTime>
<TemporalDecomposition>
<VideoSegment id="shot23_54_RKF">
<MediaTime>
<MediaTimePoint>T00:12:32:23561F30000</MediaTimePoint>
</MediaTime>
</VideoSegment>
</TemporalDecomposition>
</VideoSegment>
<VideoSegment id="shot23_55">
<MediaTime>
<MediaTimePoint>T00:12:37:688F30000</MediaTimePoint>
<MediaDuration>PT00H00M02S28088N30000F</MediaDuration>
</MediaTime>
<TemporalDecomposition>
<VideoSegment id="shot23_55_RKF">
<MediaTime>
<MediaTimePoint>T00:12:38:13731F30000</MediaTimePoint>
</MediaTime>
</VideoSegment>
</TemporalDecomposition>
</VideoSegment>
<VideoSegment id="shot23_56">
<MediaTime>
<MediaTimePoint>T00:12:39:28776F30000</MediaTimePoint>
<MediaDuration>PT00H00M28S10850N30000F</MediaDuration>
</MediaTime>
<TemporalDecomposition>
<VideoSegment id="shot23_56_RKF">
<MediaTime>
<MediaTimePoint>T00:12:54:3200F30000</MediaTimePoint>
</MediaTime>
</VideoSegment>
</TemporalDecomposition>
</VideoSegment>
<VideoSegment id="shot23_57">
<MediaTime>
<MediaTimePoint>T00:13:08:9626F30000</MediaTimePoint>
<MediaDuration>PT00H00M02S13073N30000F</MediaDuration>
</MediaTime>
<TemporalDecomposition>
<VideoSegment id="shot23_57_RKF">
<MediaTime>
<MediaTimePoint>T00:13:09:15662F30000</MediaTimePoint>
</MediaTime>
</VideoSegment>
</TemporalDecomposition>
</VideoSegment>
<VideoSegment id="shot23_58">
<MediaTime>
<MediaTimePoint>T00:13:10:22699F30000</MediaTimePoint>
<MediaDuration>PT00H00M29S4874N30000F</MediaDuration>
</MediaTime>
<TemporalDecomposition>
<VideoSegment id="shot23_58_RKF">
<MediaTime>
<MediaTimePoint>T00:13:25:9135F30000</MediaTimePoint>
</MediaTime>
</VideoSegment>
</TemporalDecomposition>
</VideoSegment>
<VideoSegment id="shot23_59">
<MediaTime>
<MediaTimePoint>T00:13:39:27573F30000</MediaTimePoint>
<MediaDuration>PT00H00M10S5305N30000F</MediaDuration>
</MediaTime>
<TemporalDecomposition>
<VideoSegment id="shot23_59_RKF">
<MediaTime>
<MediaTimePoint>T00:13:44:29725F30000</MediaTimePoint>
</MediaTime>
</VideoSegment>
</TemporalDecomposition>
</VideoSegment>
<VideoSegment id="shot23_60">
<MediaTime>
<MediaTimePoint>T00:13:50:2878F30000</MediaTimePoint>
<MediaDuration>PT00H00M03S20110N30000F</MediaDuration>
</MediaTime>
<TemporalDecomposition>
<VideoSegment id="shot23_60_RKF">
<MediaTime>
<MediaTimePoint>T00:13:51:26932F30000</MediaTimePoint>
</MediaTime>
</VideoSegment>
</TemporalDecomposition>
</VideoSegment>
<VideoSegment id="shot23_61">
<MediaTime>
<MediaTimePoint>T00:13:53:22988F30000</MediaTimePoint>
<MediaDuration>PT00H00M03S14104N30000F</MediaDuration>
</MediaTime>
<TemporalDecomposition>
<VideoSegment id="shot23_61_NRKF_1">
<MediaTime>
<MediaTimePoint>T00:13:53:24990F30000</MediaTimePoint>
</MediaTime>
</VideoSegment>
<VideoSegment id="shot23_61_RKF">
<MediaTime>
<MediaTimePoint>T00:13:55:14039F30000</MediaTimePoint>
</MediaTime>
</VideoSegment>
<VideoSegment id="shot23_61_NRKF_2">
<MediaTime>
<MediaTimePoint>T00:13:55:17042F30000</MediaTimePoint>
</MediaTime>
</VideoSegment>
</TemporalDecomposition>
</VideoSegment>
<VideoSegment id="shot23_62">
<MediaTime>
<MediaTimePoint>T00:13:57:7092F30000</MediaTimePoint>
<MediaDuration>PT00H00M02S18078N30000F</MediaDuration>
</MediaTime>
<TemporalDecomposition>
<VideoSegment id="shot23_62_RKF">
<MediaTime>
<MediaTimePoint>T00:13:58:15130F30000</MediaTimePoint>
</MediaTime>
</VideoSegment>
</TemporalDecomposition>
</VideoSegment>
<VideoSegment id="shot23_63">
<MediaTime>
<MediaTimePoint>T00:13:59:25170F30000</MediaTimePoint>
<MediaDuration>PT00H00M03S10100N30000F</MediaDuration>
</MediaTime>
<TemporalDecomposition>
<VideoSegment id="shot23_63_RKF">
<MediaTime>
<MediaTimePoint>T00:14:01:14219F30000</MediaTimePoint>
</MediaTime>
</VideoSegment>
</TemporalDecomposition>
</VideoSegment>
<VideoSegment id="shot23_64">
<MediaTime>
<MediaTimePoint>T00:14:03:5270F30000</MediaTimePoint>
<MediaDuration>PT00H00M02S28088N30000F</MediaDuration>
</MediaTime>
<TemporalDecomposition>
<VideoSegment id="shot23_64_RKF">
<MediaTime>
<MediaTimePoint>T00:14:04:18313F30000</MediaTimePoint>
</MediaTime>
</VideoSegment>
</TemporalDecomposition>
</VideoSegment>
<VideoSegment id="shot23_65">
<MediaTime>
<MediaTimePoint>T00:14:06:3358F30000</MediaTimePoint>
<MediaDuration>PT00H00M02S11071N30000F</MediaDuration>
</MediaTime>
<TemporalDecomposition>
<VideoSegment id="shot23_65_RKF">
<MediaTime>
<MediaTimePoint>T00:14:07:8393F30000</MediaTimePoint>
</MediaTime>
</VideoSegment>
</TemporalDecomposition>
</VideoSegment>
<VideoSegment id="shot23_66">
<MediaTime>
<MediaTimePoint>T00:14:08:14429F30000</MediaTimePoint>
<MediaDuration>PT00H00M15S5455N30000F</MediaDuration>
</MediaTime>
<TemporalDecomposition>
<VideoSegment id="shot23_66_RKF">
<MediaTime>
<MediaTimePoint>T00:14:16:1656F30000</MediaTimePoint>
</MediaTime>
</VideoSegment>
</TemporalDecomposition>
</VideoSegment>
<VideoSegment id="shot23_67">
<MediaTime>
<MediaTimePoint>T00:14:23:19884F30000</MediaTimePoint>
<MediaDuration>PT00H00M05S8158N30000F</MediaDuration>
</MediaTime>
<TemporalDecomposition>
<VideoSegment id="shot23_67_RKF">
<MediaTime>
<MediaTimePoint>T00:14:26:7962F30000</MediaTimePoint>
</MediaTime>
</VideoSegment>
</TemporalDecomposition>
</VideoSegment>
<VideoSegment id="shot23_68">
<MediaTime>
<MediaTimePoint>T00:14:28:28042F30000</MediaTimePoint>
<MediaDuration>PT00H00M02S9069N30000F</MediaDuration>
</MediaTime>
<TemporalDecomposition>
<VideoSegment id="shot23_68_RKF">
<MediaTime>
<MediaTimePoint>T00:14:30:2076F30000</MediaTimePoint>
</MediaTime>
</VideoSegment>
</TemporalDecomposition>
</VideoSegment>
<VideoSegment id="shot23_69">
<MediaTime>
<MediaTimePoint>T00:14:31:7111F30000</MediaTimePoint>
<MediaDuration>PT00H00M05S9159N30000F</MediaDuration>
</MediaTime>
<TemporalDecomposition>
<VideoSegment id="shot23_69_NRKF_1">
<MediaTime>
<MediaTimePoint>T00:14:32:2136F30000</MediaTimePoint>
</MediaTime>
</VideoSegment>
<VideoSegment id="shot23_69_RKF">
<MediaTime>
<MediaTimePoint>T00:14:33:26190F30000</MediaTimePoint>
</MediaTime>
</VideoSegment>
<VideoSegment id="shot23_69_NRKF_2">
<MediaTime>
<MediaTimePoint>T00:14:34:22216F30000</MediaTimePoint>
</MediaTime>
</VideoSegment>
</TemporalDecomposition>
</VideoSegment>
<VideoSegment id="shot23_70">
<MediaTime>
<MediaTimePoint>T00:14:36:16270F30000</MediaTimePoint>
<MediaDuration>PT00H00M02S12072N30000F</MediaDuration>
</MediaTime>
<TemporalDecomposition>
<VideoSegment id="shot23_70_RKF">
<MediaTime>
<MediaTimePoint>T00:14:37:21305F30000</MediaTimePoint>
</MediaTime>
</VideoSegment>
</TemporalDecomposition>
</VideoSegment>
<VideoSegment id="shot23_71">
<MediaTime>
<MediaTimePoint>T00:14:38:28342F30000</MediaTimePoint>
<MediaDuration>PT00H00M03S13103N30000F</MediaDuration>
</MediaTime>
<TemporalDecomposition>
<VideoSegment id="shot23_71_RKF">
<MediaTime>
<MediaTimePoint>T00:14:40:19393F30000</MediaTimePoint>
</MediaTime>
</VideoSegment>
</TemporalDecomposition>
</VideoSegment>
<VideoSegment id="shot23_72">
<MediaTime>
<MediaTimePoint>T00:14:42:11445F30000</MediaTimePoint>
<MediaDuration>PT00H00M10S14314N30000F</MediaDuration>
</MediaTime>
<TemporalDecomposition>
<VideoSegment id="shot23_72_RKF">
<MediaTime>
<MediaTimePoint>T00:14:47:17601F30000</MediaTimePoint>
</MediaTime>
</VideoSegment>
</TemporalDecomposition>
</VideoSegment>
<VideoSegment id="shot23_73">
<MediaTime>
<MediaTimePoint>T00:14:52:25759F30000</MediaTimePoint>
<MediaDuration>PT00H01M32S19777N30000F</MediaDuration>
</MediaTime>
<TemporalDecomposition>
<VideoSegment id="shot23_73_RKF">
<MediaTime>
<MediaTimePoint>T00:15:39:5147F30000</MediaTimePoint>
</MediaTime>
</VideoSegment>
</TemporalDecomposition>
</VideoSegment>
<VideoSegment id="shot23_74">
<MediaTime>
<MediaTimePoint>T00:16:25:15536F30000</MediaTimePoint>
<MediaDuration>PT00H00M04S6126N30000F</MediaDuration>
</MediaTime>
<TemporalDecomposition>
<VideoSegment id="shot23_74_RKF">
<MediaTime>
<MediaTimePoint>T00:16:27:17598F30000</MediaTimePoint>
</MediaTime>
</VideoSegment>
</TemporalDecomposition>
</VideoSegment>
<VideoSegment id="shot23_75">
<MediaTime>
<MediaTimePoint>T00:16:29:21662F30000</MediaTimePoint>
<MediaDuration>PT00H00M02S3063N30000F</MediaDuration>
</MediaTime>
<TemporalDecomposition>
<VideoSegment id="shot23_75_RKF">
<MediaTime>
<MediaTimePoint>T00:16:30:22693F30000</MediaTimePoint>
</MediaTime>
</VideoSegment>
</TemporalDecomposition>
</VideoSegment>
<VideoSegment id="shot23_76">
<MediaTime>
<MediaTimePoint>T00:16:31:24725F30000</MediaTimePoint>
<MediaDuration>PT00H00M02S9069N30000F</MediaDuration>
</MediaTime>
<TemporalDecomposition>
<VideoSegment id="shot23_76_RKF">
<MediaTime>
<MediaTimePoint>T00:16:32:28759F30000</MediaTimePoint>
</MediaTime>
</VideoSegment>
</TemporalDecomposition>
</VideoSegment>
<VideoSegment id="shot23_77">
<MediaTime>
<MediaTimePoint>T00:16:34:3794F30000</MediaTimePoint>
<MediaDuration>PT00H00M04S29149N30000F</MediaDuration>
</MediaTime>
<TemporalDecomposition>
<VideoSegment id="shot23_77_RKF">
<MediaTime>
<MediaTimePoint>T00:16:36:17868F30000</MediaTimePoint>
</MediaTime>
</VideoSegment>
</TemporalDecomposition>
</VideoSegment>
<VideoSegment id="shot23_78">
<MediaTime>
<MediaTimePoint>T00:16:39:2943F30000</MediaTimePoint>
<MediaDuration>PT00H00M06S7187N30000F</MediaDuration>
</MediaTime>
<TemporalDecomposition>
<VideoSegment id="shot23_78_RKF">
<MediaTime>
<MediaTimePoint>T00:16:42:6036F30000</MediaTimePoint>
</MediaTime>
</VideoSegment>
</TemporalDecomposition>
</VideoSegment>
<VideoSegment id="shot23_79">
<MediaTime>
<MediaTimePoint>T00:16:45:10130F30000</MediaTimePoint>
<MediaDuration>PT00H00M03S11101N30000F</MediaDuration>
</MediaTime>
<TemporalDecomposition>
<VideoSegment id="shot23_79_RKF">
<MediaTime>
<MediaTimePoint>T00:16:47:180F30000</MediaTimePoint>
</MediaTime>
</VideoSegment>
</TemporalDecomposition>
</VideoSegment>
<VideoSegment id="shot23_80">
<MediaTime>
<MediaTimePoint>T00:16:48:21231F30000</MediaTimePoint>
<MediaDuration>PT00H00M03S2092N30000F</MediaDuration>
</MediaTime>
<TemporalDecomposition>
<VideoSegment id="shot23_80_RKF">
<MediaTime>
<MediaTimePoint>T00:16:50:6276F30000</MediaTimePoint>
</MediaTime>
</VideoSegment>
</TemporalDecomposition>
</VideoSegment>
<VideoSegment id="shot23_81">
<MediaTime>
<MediaTimePoint>T00:16:51:23323F30000</MediaTimePoint>
<MediaDuration>PT00H00M06S10190N30000F</MediaDuration>
</MediaTime>
<TemporalDecomposition>
<VideoSegment id="shot23_81_RKF">
<MediaTime>
<MediaTimePoint>T00:16:54:27417F30000</MediaTimePoint>
</MediaTime>
</VideoSegment>
</TemporalDecomposition>
</VideoSegment>
<VideoSegment id="shot23_82">
<MediaTime>
<MediaTimePoint>T00:16:58:3513F30000</MediaTimePoint>
<MediaDuration>PT00H00M05S21171N30000F</MediaDuration>
</MediaTime>
<TemporalDecomposition>
<VideoSegment id="shot23_82_RKF">
<MediaTime>
<MediaTimePoint>T00:17:00:28598F30000</MediaTimePoint>
</MediaTime>
</VideoSegment>
</TemporalDecomposition>
</VideoSegment>
<VideoSegment id="shot23_83">
<MediaTime>
<MediaTimePoint>T00:17:03:24684F30000</MediaTimePoint>
<MediaDuration>PT00H00M02S27087N30000F</MediaDuration>
</MediaTime>
<TemporalDecomposition>
<VideoSegment id="shot23_83_RKF">
<MediaTime>
<MediaTimePoint>T00:17:05:7727F30000</MediaTimePoint>
</MediaTime>
</VideoSegment>
</TemporalDecomposition>
</VideoSegment>
<VideoSegment id="shot23_84">
<MediaTime>
<MediaTimePoint>T00:17:06:21771F30000</MediaTimePoint>
<MediaDuration>PT00H00M03S7097N30000F</MediaDuration>
</MediaTime>
<TemporalDecomposition>
<VideoSegment id="shot23_84_RKF">
<MediaTime>
<MediaTimePoint>T00:17:08:9819F30000</MediaTimePoint>
</MediaTime>
</VideoSegment>
</TemporalDecomposition>
</VideoSegment>
<VideoSegment id="shot23_85">
<MediaTime>
<MediaTimePoint>T00:17:09:28868F30000</MediaTimePoint>
<MediaDuration>PT00H00M03S7097N30000F</MediaDuration>
</MediaTime>
<TemporalDecomposition>
<VideoSegment id="shot23_85_RKF">
<MediaTime>
<MediaTimePoint>T00:17:11:16916F30000</MediaTimePoint>
</MediaTime>
</VideoSegment>
</TemporalDecomposition>
</VideoSegment>
<VideoSegment id="shot23_86">
<MediaTime>
<MediaTimePoint>T00:17:13:5965F30000</MediaTimePoint>
<MediaDuration>PT00H00M03S3093N30000F</MediaDuration>
</MediaTime>
<TemporalDecomposition>
<VideoSegment id="shot23_86_RKF">
<MediaTime>
<MediaTimePoint>T00:17:14:22011F30000</MediaTimePoint>
</MediaTime>
</VideoSegment>
</TemporalDecomposition>
</VideoSegment>
<VideoSegment id="shot23_87">
<MediaTime>
<MediaTimePoint>T00:17:16:9058F30000</MediaTimePoint>
<MediaDuration>PT00H00M02S14074N30000F</MediaDuration>
</MediaTime>
<TemporalDecomposition>
<VideoSegment id="shot23_87_RKF">
<MediaTime>
<MediaTimePoint>T00:17:17:15094F30000</MediaTimePoint>
</MediaTime>
</VideoSegment>
</TemporalDecomposition>
</VideoSegment>
<VideoSegment id="shot23_88">
<MediaTime>
<MediaTimePoint>T00:17:18:23132F30000</MediaTimePoint>
<MediaDuration>PT00H00M03S90N30000F</MediaDuration>
</MediaTime>
<TemporalDecomposition>
<VideoSegment id="shot23_88_RKF">
<MediaTime>
<MediaTimePoint>T00:17:20:7176F30000</MediaTimePoint>
</MediaTime>
</VideoSegment>
</TemporalDecomposition>
</VideoSegment>
<VideoSegment id="shot23_89">
<MediaTime>
<MediaTimePoint>T00:17:21:23222F30000</MediaTimePoint>
<MediaDuration>PT00H00M05S150N30000F</MediaDuration>
</MediaTime>
<TemporalDecomposition>
<VideoSegment id="shot23_89_RKF">
<MediaTime>
<MediaTimePoint>T00:17:24:7296F30000</MediaTimePoint>
</MediaTime>
</VideoSegment>
</TemporalDecomposition>
</VideoSegment>
<VideoSegment id="shot23_90">
<MediaTime>
<MediaTimePoint>T00:17:26:23372F30000</MediaTimePoint>
<MediaDuration>PT00H00M02S18078N30000F</MediaDuration>
</MediaTime>
<TemporalDecomposition>
<VideoSegment id="shot23_90_RKF">
<MediaTime>
<MediaTimePoint>T00:17:28:1410F30000</MediaTimePoint>
</MediaTime>
</VideoSegment>
</TemporalDecomposition>
</VideoSegment>
<VideoSegment id="shot23_91">
<MediaTime>
<MediaTimePoint>T00:17:29:11450F30000</MediaTimePoint>
<MediaDuration>PT00H00M02S24084N30000F</MediaDuration>
</MediaTime>
<TemporalDecomposition>
<VideoSegment id="shot23_91_RKF">
<MediaTime>
<MediaTimePoint>T00:17:30:22491F30000</MediaTimePoint>
</MediaTime>
</VideoSegment>
</TemporalDecomposition>
</VideoSegment>
<VideoSegment id="shot23_92">
<MediaTime>
<MediaTimePoint>T00:17:32:5534F30000</MediaTimePoint>
<MediaDuration>PT00H00M03S28118N30000F</MediaDuration>
</MediaTime>
<TemporalDecomposition>
<VideoSegment id="shot23_92_NRKF_1">
<MediaTime>
<MediaTimePoint>T00:17:32:29558F30000</MediaTimePoint>
</MediaTime>
</VideoSegment>
<VideoSegment id="shot23_92_RKF">
<MediaTime>
<MediaTimePoint>T00:17:34:3592F30000</MediaTimePoint>
</MediaTime>
</VideoSegment>
<VideoSegment id="shot23_92_NRKF_2">
<MediaTime>
<MediaTimePoint>T00:17:34:28617F30000</MediaTimePoint>
</MediaTime>
</VideoSegment>
</TemporalDecomposition>
</VideoSegment>
<VideoSegment id="shot23_93">
<MediaTime>
<MediaTimePoint>T00:17:36:3652F30000</MediaTimePoint>
<MediaDuration>PT00H00M04S120N30000F</MediaDuration>
</MediaTime>
<TemporalDecomposition>
<VideoSegment id="shot23_93_RKF">
<MediaTime>
<MediaTimePoint>T00:17:38:2711F30000</MediaTimePoint>
</MediaTime>
</VideoSegment>
</TemporalDecomposition>
</VideoSegment>
<VideoSegment id="shot23_94">
<MediaTime>
<MediaTimePoint>T00:17:40:3772F30000</MediaTimePoint>
<MediaDuration>PT00H00M04S22142N30000F</MediaDuration>
</MediaTime>
<TemporalDecomposition>
<VideoSegment id="shot23_94_RKF">
<MediaTime>
<MediaTimePoint>T00:17:42:13842F30000</MediaTimePoint>
</MediaTime>
</VideoSegment>
</TemporalDecomposition>
</VideoSegment>
<VideoSegment id="shot23_95">
<MediaTime>
<MediaTimePoint>T00:17:44:25914F30000</MediaTimePoint>
<MediaDuration>PT00H00M02S9069N30000F</MediaDuration>
</MediaTime>
<TemporalDecomposition>
<VideoSegment id="shot23_95_RKF">
<MediaTime>
<MediaTimePoint>T00:17:45:29948F30000</MediaTimePoint>
</MediaTime>
</VideoSegment>
</TemporalDecomposition>
</VideoSegment>
<VideoSegment id="shot23_96">
<MediaTime>
<MediaTimePoint>T00:17:47:4983F30000</MediaTimePoint>
<MediaDuration>PT00H00M02S13073N30000F</MediaDuration>
</MediaTime>
<TemporalDecomposition>
<VideoSegment id="shot23_96_RKF">
<MediaTime>
<MediaTimePoint>T00:17:48:11019F30000</MediaTimePoint>
</MediaTime>
</VideoSegment>
</TemporalDecomposition>
</VideoSegment>
<VideoSegment id="shot23_97">
<MediaTime>
<MediaTimePoint>T00:17:49:18056F30000</MediaTimePoint>
<MediaDuration>PT00H00M06S13193N30000F</MediaDuration>
</MediaTime>
<TemporalDecomposition>
<VideoSegment id="shot23_97_RKF">
<MediaTime>
<MediaTimePoint>T00:17:52:24152F30000</MediaTimePoint>
</MediaTime>
</VideoSegment>
</TemporalDecomposition>
</VideoSegment>
<VideoSegment id="shot23_98">
<MediaTime>
<MediaTimePoint>T00:17:56:1249F30000</MediaTimePoint>
<MediaDuration>PT00H00M03S29119N30000F</MediaDuration>
</MediaTime>
<TemporalDecomposition>
<VideoSegment id="shot23_98_RKF">
<MediaTime>
<MediaTimePoint>T00:17:58:308F30000</MediaTimePoint>
</MediaTime>
</VideoSegment>
</TemporalDecomposition>
</VideoSegment>
<VideoSegment id="shot23_99">
<MediaTime>
<MediaTimePoint>T00:18:00:368F30000</MediaTimePoint>
<MediaDuration>PT00H00M03S90N30000F</MediaDuration>
</MediaTime>
<TemporalDecomposition>
<VideoSegment id="shot23_99_RKF">
<MediaTime>
<MediaTimePoint>T00:18:01:14412F30000</MediaTimePoint>
</MediaTime>
</VideoSegment>
</TemporalDecomposition>
</VideoSegment>
<VideoSegment id="shot23_100">
<MediaTime>
<MediaTimePoint>T00:18:03:458F30000</MediaTimePoint>
<MediaDuration>PT00H00M03S3093N30000F</MediaDuration>
</MediaTime>
<TemporalDecomposition>
<VideoSegment id="shot23_100_RKF">
<MediaTime>
<MediaTimePoint>T00:18:04:16504F30000</MediaTimePoint>
</MediaTime>
</VideoSegment>
</TemporalDecomposition>
</VideoSegment>
<VideoSegment id="shot23_101">
<MediaTime>
<MediaTimePoint>T00:18:06:3551F30000</MediaTimePoint>
<MediaDuration>PT00H00M02S28088N30000F</MediaDuration>
</MediaTime>
<TemporalDecomposition>
<VideoSegment id="shot23_101_RKF">
<MediaTime>
<MediaTimePoint>T00:18:07:16594F30000</MediaTimePoint>
</MediaTime>
</VideoSegment>
</TemporalDecomposition>
</VideoSegment>
<VideoSegment id="shot23_102">
<MediaTime>
<MediaTimePoint>T00:18:09:1639F30000</MediaTimePoint>
<MediaDuration>PT00H00M04S14134N30000F</MediaDuration>
</MediaTime>
<TemporalDecomposition>
<VideoSegment id="shot23_102_NRKF_1">
<MediaTime>
<MediaTimePoint>T00:18:10:668F30000</MediaTimePoint>
</MediaTime>
</VideoSegment>
<VideoSegment id="shot23_102_RKF">
<MediaTime>
<MediaTimePoint>T00:18:11:7705F30000</MediaTimePoint>
</MediaTime>
</VideoSegment>
<VideoSegment id="shot23_102_NRKF_2">
<MediaTime>
<MediaTimePoint>T00:18:12:7735F30000</MediaTimePoint>
</MediaTime>
</VideoSegment>
</TemporalDecomposition>
</VideoSegment>
<VideoSegment id="shot23_103">
<MediaTime>
<MediaTimePoint>T00:18:13:15773F30000</MediaTimePoint>
<MediaDuration>PT00H00M40S25224N30000F</MediaDuration>
</MediaTime>
<TemporalDecomposition>
<VideoSegment id="shot23_103_RKF">
<MediaTime>
<MediaTimePoint>T00:18:33:27384F30000</MediaTimePoint>
</MediaTime>
</VideoSegment>
</TemporalDecomposition>
</VideoSegment>
<VideoSegment id="shot23_104">
<MediaTime>
<MediaTimePoint>T00:18:54:10997F30000</MediaTimePoint>
<MediaDuration>PT00H00M31S29959N30000F</MediaDuration>
</MediaTime>
<TemporalDecomposition>
<VideoSegment id="shot23_104_RKF">
<MediaTime>
<MediaTimePoint>T00:19:10:10476F30000</MediaTimePoint>
</MediaTime>
</VideoSegment>
</TemporalDecomposition>
</VideoSegment>
<VideoSegment id="shot23_105">
<MediaTime>
<MediaTimePoint>T00:19:26:10956F30000</MediaTimePoint>
<MediaDuration>PT00H00M14S420N30000F</MediaDuration>
</MediaTime>
<TemporalDecomposition>
<VideoSegment id="shot23_105_RKF">
<MediaTime>
<MediaTimePoint>T00:19:33:10165F30000</MediaTimePoint>
</MediaTime>
</VideoSegment>
</TemporalDecomposition>
</VideoSegment>
<VideoSegment id="shot23_106">
<MediaTime>
<MediaTimePoint>T00:19:40:11376F30000</MediaTimePoint>
<MediaDuration>PT00H00M06S26206N30000F</MediaDuration>
</MediaTime>
<TemporalDecomposition>
<VideoSegment id="shot23_106_RKF">
<MediaTime>
<MediaTimePoint>T00:19:43:23478F30000</MediaTimePoint>
</MediaTime>
</VideoSegment>
</TemporalDecomposition>
</VideoSegment>
<VideoSegment id="shot23_107">
<MediaTime>
<MediaTimePoint>T00:19:47:7582F30000</MediaTimePoint>
<MediaDuration>PT00H00M02S14074N30000F</MediaDuration>
</MediaTime>
<TemporalDecomposition>
<VideoSegment id="shot23_107_RKF">
<MediaTime>
<MediaTimePoint>T00:19:48:13618F30000</MediaTimePoint>
</MediaTime>
</VideoSegment>
</TemporalDecomposition>
</VideoSegment>
<VideoSegment id="shot23_108">
<MediaTime>
<MediaTimePoint>T00:19:49:21656F30000</MediaTimePoint>
<MediaDuration>PT00H00M05S11161N30000F</MediaDuration>
</MediaTime>
<TemporalDecomposition>
<VideoSegment id="shot23_108_RKF">
<MediaTime>
<MediaTimePoint>T00:19:52:11736F30000</MediaTimePoint>
</MediaTime>
</VideoSegment>
</TemporalDecomposition>
</VideoSegment>
<VideoSegment id="shot23_109">
<MediaTime>
<MediaTimePoint>T00:19:55:2817F30000</MediaTimePoint>
<MediaDuration>PT00H00M06S6186N30000F</MediaDuration>
</MediaTime>
<TemporalDecomposition>
<VideoSegment id="shot23_109_RKF">
<MediaTime>
<MediaTimePoint>T00:19:58:4909F30000</MediaTimePoint>
</MediaTime>
</VideoSegment>
</TemporalDecomposition>
</VideoSegment>
<VideoSegment id="shot23_110">
<MediaTime>
<MediaTimePoint>T00:20:01:9003F30000</MediaTimePoint>
<MediaDuration>PT00H00M05S24174N30000F</MediaDuration>
</MediaTime>
<TemporalDecomposition>
<VideoSegment id="shot23_110_RKF">
<MediaTime>
<MediaTimePoint>T00:20:04:5089F30000</MediaTimePoint>
</MediaTime>
</VideoSegment>
</TemporalDecomposition>
</VideoSegment>
<VideoSegment id="shot23_111">
<MediaTime>
<MediaTimePoint>T00:20:07:3177F30000</MediaTimePoint>
<MediaDuration>PT00H00M05S10160N30000F</MediaDuration>
</MediaTime>
<TemporalDecomposition>
<VideoSegment id="shot23_111_RKF">
<MediaTime>
<MediaTimePoint>T00:20:09:22256F30000</MediaTimePoint>
</MediaTime>
</VideoSegment>
</TemporalDecomposition>
</VideoSegment>
<VideoSegment id="shot23_112">
<MediaTime>
<MediaTimePoint>T00:20:12:13337F30000</MediaTimePoint>
<MediaDuration>PT00H00M02S27087N30000F</MediaDuration>
</MediaTime>
<TemporalDecomposition>
<VideoSegment id="shot23_112_RKF">
<MediaTime>
<MediaTimePoint>T00:20:13:26380F30000</MediaTimePoint>
</MediaTime>
</VideoSegment>
</TemporalDecomposition>
</VideoSegment>
<VideoSegment id="shot23_113">
<MediaTime>
<MediaTimePoint>T00:20:15:10424F30000</MediaTimePoint>
<MediaDuration>PT00H00M03S22112N30000F</MediaDuration>
</MediaTime>
<TemporalDecomposition>
<VideoSegment id="shot23_113_RKF">
<MediaTime>
<MediaTimePoint>T00:20:17:5479F30000</MediaTimePoint>
</MediaTime>
</VideoSegment>
</TemporalDecomposition>
</VideoSegment>
<VideoSegment id="shot23_114">
<MediaTime>
<MediaTimePoint>T00:20:19:2536F30000</MediaTimePoint>
<MediaDuration>PT00H00M03S13103N30000F</MediaDuration>
</MediaTime>
<TemporalDecomposition>
<VideoSegment id="shot23_114_RKF">
<MediaTime>
<MediaTimePoint>T00:20:20:23587F30000</MediaTimePoint>
</MediaTime>
</VideoSegment>
</TemporalDecomposition>
</VideoSegment>
<VideoSegment id="shot23_115">
<MediaTime>
<MediaTimePoint>T00:20:22:15639F30000</MediaTimePoint>
<MediaDuration>PT00H00M03S23113N30000F</MediaDuration>
</MediaTime>
<TemporalDecomposition>
<VideoSegment id="shot23_115_RKF">
<MediaTime>
<MediaTimePoint>T00:20:24:11695F30000</MediaTimePoint>
</MediaTime>
</VideoSegment>
</TemporalDecomposition>
</VideoSegment>
<VideoSegment id="shot23_116">
<MediaTime>
<MediaTimePoint>T00:20:26:8752F30000</MediaTimePoint>
<MediaDuration>PT00H00M02S24084N30000F</MediaDuration>
</MediaTime>
<TemporalDecomposition>
<VideoSegment id="shot23_116_RKF">
<MediaTime>
<MediaTimePoint>T00:20:27:19793F30000</MediaTimePoint>
</MediaTime>
</VideoSegment>
</TemporalDecomposition>
</VideoSegment>
<VideoSegment id="shot23_117">
<MediaTime>
<MediaTimePoint>T00:20:29:2836F30000</MediaTimePoint>
<MediaDuration>PT00H00M07S15225N30000F</MediaDuration>
</MediaTime>
<TemporalDecomposition>
<VideoSegment id="shot23_117_RKF">
<MediaTime>
<MediaTimePoint>T00:20:32:24948F30000</MediaTimePoint>
</MediaTime>
</VideoSegment>
</TemporalDecomposition>
</VideoSegment>
<VideoSegment id="shot23_118">
<MediaTime>
<MediaTimePoint>T00:20:36:18061F30000</MediaTimePoint>
<MediaDuration>PT00H00M03S17107N30000F</MediaDuration>
</MediaTime>
<TemporalDecomposition>
<VideoSegment id="shot23_118_RKF">
<MediaTime>
<MediaTimePoint>T00:20:38:11114F30000</MediaTimePoint>
</MediaTime>
</VideoSegment>
</TemporalDecomposition>
</VideoSegment>
<VideoSegment id="shot23_119">
<MediaTime>
<MediaTimePoint>T00:20:40:5168F30000</MediaTimePoint>
<MediaDuration>PT00H00M03S28118N30000F</MediaDuration>
</MediaTime>
<TemporalDecomposition>
<VideoSegment id="shot23_119_RKF">
<MediaTime>
<MediaTimePoint>T00:20:42:3226F30000</MediaTimePoint>
</MediaTime>
</VideoSegment>
</TemporalDecomposition>
</VideoSegment>
<VideoSegment id="shot23_120">
<MediaTime>
<MediaTimePoint>T00:20:44:3286F30000</MediaTimePoint>
<MediaDuration>PT00H00M06S2182N30000F</MediaDuration>
</MediaTime>
<TemporalDecomposition>
<VideoSegment id="shot23_120_RKF">
<MediaTime>
<MediaTimePoint>T00:20:47:3376F30000</MediaTimePoint>
</MediaTime>
</VideoSegment>
</TemporalDecomposition>
</VideoSegment>
<VideoSegment id="shot23_121">
<MediaTime>
<MediaTimePoint>T00:20:50:5468F30000</MediaTimePoint>
<MediaDuration>PT00H00M03S1091N30000F</MediaDuration>
</MediaTime>
<TemporalDecomposition>
<VideoSegment id="shot23_121_RKF">
<MediaTime>
<MediaTimePoint>T00:20:51:20513F30000</MediaTimePoint>
</MediaTime>
</VideoSegment>
</TemporalDecomposition>
</VideoSegment>
<VideoSegment id="shot23_122">
<MediaTime>
<MediaTimePoint>T00:20:53:6559F30000</MediaTimePoint>
<MediaDuration>PT00H00M03S11101N30000F</MediaDuration>
</MediaTime>
<TemporalDecomposition>
<VideoSegment id="shot23_122_RKF">
<MediaTime>
<MediaTimePoint>T00:20:54:26609F30000</MediaTimePoint>
</MediaTime>
</VideoSegment>
</TemporalDecomposition>
</VideoSegment>
<VideoSegment id="shot23_123">
<MediaTime>
<MediaTimePoint>T00:20:56:17660F30000</MediaTimePoint>
<MediaDuration>PT00H00M03S29119N30000F</MediaDuration>
</MediaTime>
<TemporalDecomposition>
<VideoSegment id="shot23_123_RKF">
<MediaTime>
<MediaTimePoint>T00:20:58:16719F30000</MediaTimePoint>
</MediaTime>
</VideoSegment>
</TemporalDecomposition>
</VideoSegment>
<VideoSegment id="shot23_124">
<MediaTime>
<MediaTimePoint>T00:21:00:16779F30000</MediaTimePoint>
<MediaDuration>PT00H00M04S27147N30000F</MediaDuration>
</MediaTime>
<TemporalDecomposition>
<VideoSegment id="shot23_124_RKF">
<MediaTime>
<MediaTimePoint>T00:21:02:29852F30000</MediaTimePoint>
</MediaTime>
</VideoSegment>
</TemporalDecomposition>
</VideoSegment>
<VideoSegment id="shot23_125">
<MediaTime>
<MediaTimePoint>T00:21:05:13926F30000</MediaTimePoint>
<MediaDuration>PT00H00M02S7067N30000F</MediaDuration>
</MediaTime>
<TemporalDecomposition>
<VideoSegment id="shot23_125_RKF">
<MediaTime>
<MediaTimePoint>T00:21:06:16959F30000</MediaTimePoint>
</MediaTime>
</VideoSegment>
</TemporalDecomposition>
</VideoSegment>
<VideoSegment id="shot23_126">
<MediaTime>
<MediaTimePoint>T00:21:07:20993F30000</MediaTimePoint>
<MediaDuration>PT00H00M03S9099N30000F</MediaDuration>
</MediaTime>
<TemporalDecomposition>
<VideoSegment id="shot23_126_NRKF_1">
<MediaTime>
<MediaTimePoint>T00:21:08:3005F30000</MediaTimePoint>
</MediaTime>
</VideoSegment>
<VideoSegment id="shot23_126_RKF">
<MediaTime>
<MediaTimePoint>T00:21:09:10042F30000</MediaTimePoint>
</MediaTime>
</VideoSegment>
<VideoSegment id="shot23_126_NRKF_2">
<MediaTime>
<MediaTimePoint>T00:21:09:22054F30000</MediaTimePoint>
</MediaTime>
</VideoSegment>
</TemporalDecomposition>
</VideoSegment>
<VideoSegment id="shot23_127">
<MediaTime>
<MediaTimePoint>T00:21:11:92F30000</MediaTimePoint>
<MediaDuration>PT00H00M02S21081N30000F</MediaDuration>
</MediaTime>
<TemporalDecomposition>
<VideoSegment id="shot23_127_RKF">
<MediaTime>
<MediaTimePoint>T00:21:12:10132F30000</MediaTimePoint>
</MediaTime>
</VideoSegment>
</TemporalDecomposition>
</VideoSegment>
<VideoSegment id="shot23_128">
<MediaTime>
<MediaTimePoint>T00:21:13:21173F30000</MediaTimePoint>
<MediaDuration>PT00H00M08S26266N30000F</MediaDuration>
</MediaTime>
<TemporalDecomposition>
<VideoSegment id="shot23_128_RKF">
<MediaTime>
<MediaTimePoint>T00:21:18:3305F30000</MediaTimePoint>
</MediaTime>
</VideoSegment>
</TemporalDecomposition>
</VideoSegment>
<VideoSegment id="shot23_129">
<MediaTime>
<MediaTimePoint>T00:21:22:17439F30000</MediaTimePoint>
<MediaDuration>PT00H00M03S4094N30000F</MediaDuration>
</MediaTime>
<TemporalDecomposition>
<VideoSegment id="shot23_129_RKF">
<MediaTime>
<MediaTimePoint>T00:21:24:3485F30000</MediaTimePoint>
</MediaTime>
</VideoSegment>
</TemporalDecomposition>
</VideoSegment>
<VideoSegment id="shot23_130">
<MediaTime>
<MediaTimePoint>T00:21:25:21533F30000</MediaTimePoint>
<MediaDuration>PT00H00M03S15105N30000F</MediaDuration>
</MediaTime>
<TemporalDecomposition>
<VideoSegment id="shot23_130_RKF">
<MediaTime>
<MediaTimePoint>T00:21:27:13585F30000</MediaTimePoint>
</MediaTime>
</VideoSegment>
</TemporalDecomposition>
</VideoSegment>
<VideoSegment id="shot23_131">
<MediaTime>
<MediaTimePoint>T00:21:29:6638F30000</MediaTimePoint>
<MediaDuration>PT00H00M03S18108N30000F</MediaDuration>
</MediaTime>
<TemporalDecomposition>
<VideoSegment id="shot23_131_RKF">
<MediaTime>
<MediaTimePoint>T00:21:30:29691F30000</MediaTimePoint>
</MediaTime>
</VideoSegment>
</TemporalDecomposition>
</VideoSegment>
<VideoSegment id="shot23_132">
<MediaTime>
<MediaTimePoint>T00:21:32:24746F30000</MediaTimePoint>
<MediaDuration>PT00H00M03S6096N30000F</MediaDuration>
</MediaTime>
<TemporalDecomposition>
<VideoSegment id="shot23_132_RKF">
<MediaTime>
<MediaTimePoint>T00:21:34:11793F30000</MediaTimePoint>
</MediaTime>
</VideoSegment>
</TemporalDecomposition>
</VideoSegment>
<VideoSegment id="shot23_133">
<MediaTime>
<MediaTimePoint>T00:21:36:842F30000</MediaTimePoint>
<MediaDuration>PT00H00M04S4124N30000F</MediaDuration>
</MediaTime>
<TemporalDecomposition>
<VideoSegment id="shot23_133_RKF">
<MediaTime>
<MediaTimePoint>T00:21:38:1903F30000</MediaTimePoint>
</MediaTime>
</VideoSegment>
</TemporalDecomposition>
</VideoSegment>
<VideoSegment id="shot23_134">
<MediaTime>
<MediaTimePoint>T00:21:40:4966F30000</MediaTimePoint>
<MediaDuration>PT00H00M02S21081N30000F</MediaDuration>
</MediaTime>
<TemporalDecomposition>
<VideoSegment id="shot23_134_RKF">
<MediaTime>
<MediaTimePoint>T00:21:41:15006F30000</MediaTimePoint>
</MediaTime>
</VideoSegment>
</TemporalDecomposition>
</VideoSegment>
<VideoSegment id="shot23_135">
<MediaTime>
<MediaTimePoint>T00:21:42:26047F30000</MediaTimePoint>
<MediaDuration>PT00H00M02S15075N30000F</MediaDuration>
</MediaTime>
<TemporalDecomposition>
<VideoSegment id="shot23_135_NRKF_1">
<MediaTime>
<MediaTimePoint>T00:21:43:3054F30000</MediaTimePoint>
</MediaTime>
</VideoSegment>
<VideoSegment id="shot23_135_RKF">
<MediaTime>
<MediaTimePoint>T00:21:44:3084F30000</MediaTimePoint>
</MediaTime>
</VideoSegment>
<VideoSegment id="shot23_135_NRKF_2">
<MediaTime>
<MediaTimePoint>T00:21:44:11092F30000</MediaTimePoint>
</MediaTime>
</VideoSegment>
</TemporalDecomposition>
</VideoSegment>
<VideoSegment id="shot23_136">
<MediaTime>
<MediaTimePoint>T00:21:45:11122F30000</MediaTimePoint>
<MediaDuration>PT00H00M02S8068N30000F</MediaDuration>
</MediaTime>
<TemporalDecomposition>
<VideoSegment id="shot23_136_RKF">
<MediaTime>
<MediaTimePoint>T00:21:46:14155F30000</MediaTimePoint>
</MediaTime>
</VideoSegment>
</TemporalDecomposition>
</VideoSegment>
<VideoSegment id="shot23_137">
<MediaTime>
<MediaTimePoint>T00:21:47:19190F30000</MediaTimePoint>
<MediaDuration>PT00H00M03S2092N30000F</MediaDuration>
</MediaTime>
<TemporalDecomposition>
<VideoSegment id="shot23_137_RKF">
<MediaTime>
<MediaTimePoint>T00:21:49:4235F30000</MediaTimePoint>
</MediaTime>
</VideoSegment>
</TemporalDecomposition>
</VideoSegment>
<VideoSegment id="shot23_138">
<MediaTime>
<MediaTimePoint>T00:21:50:21282F30000</MediaTimePoint>
<MediaDuration>PT00H00M02S8068N30000F</MediaDuration>
</MediaTime>
<TemporalDecomposition>
<VideoSegment id="shot23_138_RKF">
<MediaTime>
<MediaTimePoint>T00:21:51:24315F30000</MediaTimePoint>
</MediaTime>
</VideoSegment>
</TemporalDecomposition>
</VideoSegment>
<VideoSegment id="shot23_139">
<MediaTime>
<MediaTimePoint>T00:21:52:29350F30000</MediaTimePoint>
<MediaDuration>PT00H00M02S29089N30000F</MediaDuration>
</MediaTime>
<TemporalDecomposition>
<VideoSegment id="shot23_139_RKF">
<MediaTime>
<MediaTimePoint>T00:21:54:13394F30000</MediaTimePoint>
</MediaTime>
</VideoSegment>
</TemporalDecomposition>
</VideoSegment>
<VideoSegment id="shot23_140">
<MediaTime>
<MediaTimePoint>T00:21:55:28439F30000</MediaTimePoint>
<MediaDuration>PT00H00M03S2092N30000F</MediaDuration>
</MediaTime>
<TemporalDecomposition>
<VideoSegment id="shot23_140_RKF">
<MediaTime>
<MediaTimePoint>T00:21:57:13484F30000</MediaTimePoint>
</MediaTime>
</VideoSegment>
</TemporalDecomposition>
</VideoSegment>
<VideoSegment id="shot23_141">
<MediaTime>
<MediaTimePoint>T00:21:59:531F30000</MediaTimePoint>
<MediaDuration>PT00H00M10S19319N30000F</MediaDuration>
</MediaTime>
<TemporalDecomposition>
<VideoSegment id="shot23_141_RKF">
<MediaTime>
<MediaTimePoint>T00:22:04:9690F30000</MediaTimePoint>
</MediaTime>
</VideoSegment>
</TemporalDecomposition>
</VideoSegment>
<VideoSegment id="shot23_142">
<MediaTime>
<MediaTimePoint>T00:22:09:19850F30000</MediaTimePoint>
<MediaDuration>PT00H00M04S2122N30000F</MediaDuration>
</MediaTime>
<TemporalDecomposition>
<VideoSegment id="shot23_142_NRKF_1">
<MediaTime>
<MediaTimePoint>T00:22:10:9870F30000</MediaTimePoint>
</MediaTime>
</VideoSegment>
<VideoSegment id="shot23_142_RKF">
<MediaTime>
<MediaTimePoint>T00:22:11:19910F30000</MediaTimePoint>
</MediaTime>
</VideoSegment>
<VideoSegment id="shot23_142_NRKF_2">
<MediaTime>
<MediaTimePoint>T00:22:12:10931F30000</MediaTimePoint>
</MediaTime>
</VideoSegment>
</TemporalDecomposition>
</VideoSegment>
<VideoSegment id="shot23_143">
<MediaTime>
<MediaTimePoint>T00:22:13:21972F30000</MediaTimePoint>
<MediaDuration>PT00H00M04S5125N30000F</MediaDuration>
</MediaTime>
<TemporalDecomposition>
<VideoSegment id="shot23_143_NRKF_1">
<MediaTime>
<MediaTimePoint>T00:22:14:11992F30000</MediaTimePoint>
</MediaTime>
</VideoSegment>
<VideoSegment id="shot23_143_RKF">
<MediaTime>
<MediaTimePoint>T00:22:15:24034F30000</MediaTimePoint>
</MediaTime>
</VideoSegment>
<VideoSegment id="shot23_143_NRKF_2">
<MediaTime>
<MediaTimePoint>T00:22:16:15055F30000</MediaTimePoint>
</MediaTime>
</VideoSegment>
</TemporalDecomposition>
</VideoSegment>
<VideoSegment id="shot23_144">
<MediaTime>
<MediaTimePoint>T00:22:17:27097F30000</MediaTimePoint>
<MediaDuration>PT00H00M02S2062N30000F</MediaDuration>
</MediaTime>
<TemporalDecomposition>
<VideoSegment id="shot23_144_NRKF_1">
<MediaTime>
<MediaTimePoint>T00:22:18:3103F30000</MediaTimePoint>
</MediaTime>
</VideoSegment>
<VideoSegment id="shot23_144_NRKF_2">
<MediaTime>
<MediaTimePoint>T00:22:18:19119F30000</MediaTimePoint>
</MediaTime>
</VideoSegment>
<VideoSegment id="shot23_144_RKF">
<MediaTime>
<MediaTimePoint>T00:22:18:27127F30000</MediaTimePoint>
</MediaTime>
</VideoSegment>
<VideoSegment id="shot23_144_NRKF_3">
<MediaTime>
<MediaTimePoint>T00:22:19:1131F30000</MediaTimePoint>
</MediaTime>
</VideoSegment>
<VideoSegment id="shot23_144_NRKF_4">
<MediaTime>
<MediaTimePoint>T00:22:19:16146F30000</MediaTimePoint>
</MediaTime>
</VideoSegment>
</TemporalDecomposition>
</VideoSegment>
<VideoSegment id="shot23_145">
<MediaTime>
<MediaTimePoint>T00:22:19:29159F30000</MediaTimePoint>
<MediaDuration>PT00H00M04S2122N30000F</MediaDuration>
</MediaTime>
<TemporalDecomposition>
<VideoSegment id="shot23_145_NRKF_1">
<MediaTime>
<MediaTimePoint>T00:22:20:12172F30000</MediaTimePoint>
</MediaTime>
</VideoSegment>
<VideoSegment id="shot23_145_RKF">
<MediaTime>
<MediaTimePoint>T00:22:21:29219F30000</MediaTimePoint>
</MediaTime>
</VideoSegment>
<VideoSegment id="shot23_145_NRKF_2">
<MediaTime>
<MediaTimePoint>T00:22:22:13233F30000</MediaTimePoint>
</MediaTime>
</VideoSegment>
</TemporalDecomposition>
</VideoSegment>
<VideoSegment id="shot23_146">
<MediaTime>
<MediaTimePoint>T00:22:24:1281F30000</MediaTimePoint>
<MediaDuration>PT00H00M06S16196N30000F</MediaDuration>
</MediaTime>
<TemporalDecomposition>
<VideoSegment id="shot23_146_NRKF_1">
<MediaTime>
<MediaTimePoint>T00:22:24:21301F30000</MediaTimePoint>
</MediaTime>
</VideoSegment>
<VideoSegment id="shot23_146_RKF">
<MediaTime>
<MediaTimePoint>T00:22:27:8378F30000</MediaTimePoint>
</MediaTime>
</VideoSegment>
<VideoSegment id="shot23_146_NRKF_2">
<MediaTime>
<MediaTimePoint>T00:22:27:29399F30000</MediaTimePoint>
</MediaTime>
</VideoSegment>
</TemporalDecomposition>
</VideoSegment>
<VideoSegment id="shot23_147">
<MediaTime>
<MediaTimePoint>T00:22:30:17477F30000</MediaTimePoint>
<MediaDuration>PT00H00M02S8068N30000F</MediaDuration>
</MediaTime>
<TemporalDecomposition>
<VideoSegment id="shot23_147_NRKF_1">
<MediaTime>
<MediaTimePoint>T00:22:30:28488F30000</MediaTimePoint>
</MediaTime>
</VideoSegment>
<VideoSegment id="shot23_147_NRKF_2">
<MediaTime>
<MediaTimePoint>T00:22:31:20510F30000</MediaTimePoint>
</MediaTime>
</VideoSegment>
<VideoSegment id="shot23_147_RKF">
<MediaTime>
<MediaTimePoint>T00:22:31:20510F30000</MediaTimePoint>
</MediaTime>
</VideoSegment>
<VideoSegment id="shot23_147_NRKF_3">
<MediaTime>
<MediaTimePoint>T00:22:32:12532F30000</MediaTimePoint>
</MediaTime>
</VideoSegment>
</TemporalDecomposition>
</VideoSegment>
<VideoSegment id="shot23_148">
<MediaTime>
<MediaTimePoint>T00:22:32:25545F30000</MediaTimePoint>
<MediaDuration>PT00H00M02S3063N30000F</MediaDuration>
</MediaTime>
<TemporalDecomposition>
<VideoSegment id="shot23_148_NRKF_1">
<MediaTime>
<MediaTimePoint>T00:22:33:15565F30000</MediaTimePoint>
</MediaTime>
</VideoSegment>
<VideoSegment id="shot23_148_RKF">
<MediaTime>
<MediaTimePoint>T00:22:33:26576F30000</MediaTimePoint>
</MediaTime>
</VideoSegment>
<VideoSegment id="shot23_148_NRKF_2">
<MediaTime>
<MediaTimePoint>T00:22:34:17597F30000</MediaTimePoint>
</MediaTime>
</VideoSegment>
</TemporalDecomposition>
</VideoSegment>
<VideoSegment id="shot23_149">
<MediaTime>
<MediaTimePoint>T00:22:34:28608F30000</MediaTimePoint>
<MediaDuration>PT00H00M04S20140N30000F</MediaDuration>
</MediaTime>
<TemporalDecomposition>
<VideoSegment id="shot23_149_RKF">
<MediaTime>
<MediaTimePoint>T00:22:37:7677F30000</MediaTimePoint>
</MediaTime>
</VideoSegment>
</TemporalDecomposition>
</VideoSegment>
<VideoSegment id="shot23_150">
<MediaTime>
<MediaTimePoint>T00:22:39:18748F30000</MediaTimePoint>
<MediaDuration>PT00H00M03S2092N30000F</MediaDuration>
</MediaTime>
<TemporalDecomposition>
<VideoSegment id="shot23_150_RKF">
<MediaTime>
<MediaTimePoint>T00:22:41:3793F30000</MediaTimePoint>
</MediaTime>
</VideoSegment>
</TemporalDecomposition>
</VideoSegment>
<VideoSegment id="shot23_151">
<MediaTime>
<MediaTimePoint>T00:22:42:20840F30000</MediaTimePoint>
<MediaDuration>PT00H00M02S6066N30000F</MediaDuration>
</MediaTime>
<TemporalDecomposition>
<VideoSegment id="shot23_151_NRKF_1">
<MediaTime>
<MediaTimePoint>T00:22:42:26846F30000</MediaTimePoint>
</MediaTime>
</VideoSegment>
<VideoSegment id="shot23_151_NRKF_2">
<MediaTime>
<MediaTimePoint>T00:22:43:12862F30000</MediaTimePoint>
</MediaTime>
</VideoSegment>
<VideoSegment id="shot23_151_RKF">
<MediaTime>
<MediaTimePoint>T00:22:43:22872F30000</MediaTimePoint>
</MediaTime>
</VideoSegment>
<VideoSegment id="shot23_151_NRKF_3">
<MediaTime>
<MediaTimePoint>T00:22:44:8888F30000</MediaTimePoint>
</MediaTime>
</VideoSegment>
</TemporalDecomposition>
</VideoSegment>
<VideoSegment id="shot23_152">
<MediaTime>
<MediaTimePoint>T00:22:44:26906F30000</MediaTimePoint>
<MediaDuration>PT00H00M03S14104N30000F</MediaDuration>
</MediaTime>
<TemporalDecomposition>
<VideoSegment id="shot23_152_RKF">
<MediaTime>
<MediaTimePoint>T00:22:46:17957F30000</MediaTimePoint>
</MediaTime>
</VideoSegment>
</TemporalDecomposition>
</VideoSegment>
<VideoSegment id="shot23_153">
<MediaTime>
<MediaTimePoint>T00:22:48:11010F30000</MediaTimePoint>
<MediaDuration>PT00H00M02S13073N30000F</MediaDuration>
</MediaTime>
<TemporalDecomposition>
<VideoSegment id="shot23_153_NRKF_1">
<MediaTime>
<MediaTimePoint>T00:22:48:19018F30000</MediaTimePoint>
</MediaTime>
</VideoSegment>
<VideoSegment id="shot23_153_NRKF_2">
<MediaTime>
<MediaTimePoint>T00:22:49:13042F30000</MediaTimePoint>
</MediaTime>
</VideoSegment>
<VideoSegment id="shot23_153_RKF">
<MediaTime>
<MediaTimePoint>T00:22:49:17046F30000</MediaTimePoint>
</MediaTime>
</VideoSegment>
<VideoSegment id="shot23_153_NRKF_3">
<MediaTime>
<MediaTimePoint>T00:22:50:10069F30000</MediaTimePoint>
</MediaTime>
</VideoSegment>
</TemporalDecomposition>
</VideoSegment>
<VideoSegment id="shot23_154">
<MediaTime>
<MediaTimePoint>T00:22:50:24083F30000</MediaTimePoint>
<MediaDuration>PT00H00M04S12132N30000F</MediaDuration>
</MediaTime>
<TemporalDecomposition>
<VideoSegment id="shot23_154_RKF">
<MediaTime>
<MediaTimePoint>T00:22:52:29148F30000</MediaTimePoint>
</MediaTime>
</VideoSegment>
</TemporalDecomposition>
</VideoSegment>
<VideoSegment id="shot23_155">
<MediaTime>
<MediaTimePoint>T00:22:55:6215F30000</MediaTimePoint>
<MediaDuration>PT00H00M08S19259N30000F</MediaDuration>
</MediaTime>
<TemporalDecomposition>
<VideoSegment id="shot23_155_NRKF_1">
<MediaTime>
<MediaTimePoint>T00:22:55:23232F30000</MediaTimePoint>
</MediaTime>
</VideoSegment>
<VideoSegment id="shot23_155_RKF">
<MediaTime>
<MediaTimePoint>T00:22:59:15344F30000</MediaTimePoint>
</MediaTime>
</VideoSegment>
<VideoSegment id="shot23_155_NRKF_2">
<MediaTime>
<MediaTimePoint>T00:23:00:2361F30000</MediaTimePoint>
</MediaTime>
</VideoSegment>
</TemporalDecomposition>
</VideoSegment>
<VideoSegment id="shot23_156">
<MediaTime>
<MediaTimePoint>T00:23:03:25474F30000</MediaTimePoint>
<MediaDuration>PT00H00M03S16106N30000F</MediaDuration>
</MediaTime>
<TemporalDecomposition>
<VideoSegment id="shot23_156_NRKF_1">
<MediaTime>
<MediaTimePoint>T00:23:04:18497F30000</MediaTimePoint>
</MediaTime>
</VideoSegment>
<VideoSegment id="shot23_156_RKF">
<MediaTime>
<MediaTimePoint>T00:23:05:17526F30000</MediaTimePoint>
</MediaTime>
</VideoSegment>
<VideoSegment id="shot23_156_NRKF_2">
<MediaTime>
<MediaTimePoint>T00:23:06:11550F30000</MediaTimePoint>
</MediaTime>
</VideoSegment>
</TemporalDecomposition>
</VideoSegment>
<VideoSegment id="shot23_157">
<MediaTime>
<MediaTimePoint>T00:23:07:11580F30000</MediaTimePoint>
<MediaDuration>PT00H00M03S2092N30000F</MediaDuration>
</MediaTime>
<TemporalDecomposition>
<VideoSegment id="shot23_157_NRKF_1">
<MediaTime>
<MediaTimePoint>T00:23:07:29598F30000</MediaTimePoint>
</MediaTime>
</VideoSegment>
<VideoSegment id="shot23_157_RKF">
<MediaTime>
<MediaTimePoint>T00:23:08:26625F30000</MediaTimePoint>
</MediaTime>
</VideoSegment>
<VideoSegment id="shot23_157_NRKF_2">
<MediaTime>
<MediaTimePoint>T00:23:09:15644F30000</MediaTimePoint>
</MediaTime>
</VideoSegment>
</TemporalDecomposition>
</VideoSegment>
<VideoSegment id="shot23_158">
<MediaTime>
<MediaTimePoint>T00:23:10:13672F30000</MediaTimePoint>
<MediaDuration>PT00H00M03S90N30000F</MediaDuration>
</MediaTime>
<TemporalDecomposition>
<VideoSegment id="shot23_158_RKF">
<MediaTime>
<MediaTimePoint>T00:23:11:27716F30000</MediaTimePoint>
</MediaTime>
</VideoSegment>
</TemporalDecomposition>
</VideoSegment>
<VideoSegment id="shot23_159">
<MediaTime>
<MediaTimePoint>T00:23:13:13762F30000</MediaTimePoint>
<MediaDuration>PT00H00M02S2062N30000F</MediaDuration>
</MediaTime>
<TemporalDecomposition>
<VideoSegment id="shot23_159_NRKF_1">
<MediaTime>
<MediaTimePoint>T00:23:14:9788F30000</MediaTimePoint>
</MediaTime>
</VideoSegment>
<VideoSegment id="shot23_159_RKF">
<MediaTime>
<MediaTimePoint>T00:23:14:13792F30000</MediaTimePoint>
</MediaTime>
</VideoSegment>
<VideoSegment id="shot23_159_NRKF_2">
<MediaTime>
<MediaTimePoint>T00:23:15:10819F30000</MediaTimePoint>
</MediaTime>
</VideoSegment>
</TemporalDecomposition>
</VideoSegment>
<VideoSegment id="shot23_160">
<MediaTime>
<MediaTimePoint>T00:23:15:15824F30000</MediaTimePoint>
<MediaDuration>PT00H00M04S1121N30000F</MediaDuration>
</MediaTime>
<TemporalDecomposition>
<VideoSegment id="shot23_160_RKF">
<MediaTime>
<MediaTimePoint>T00:23:17:15884F30000</MediaTimePoint>
</MediaTime>
</VideoSegment>
</TemporalDecomposition>
</VideoSegment>
<VideoSegment id="shot23_161">
<MediaTime>
<MediaTimePoint>T00:23:19:16945F30000</MediaTimePoint>
<MediaDuration>PT00H00M03S90N30000F</MediaDuration>
</MediaTime>
<TemporalDecomposition>
<VideoSegment id="shot23_161_NRKF_1">
<MediaTime>
<MediaTimePoint>T00:23:20:8967F30000</MediaTimePoint>
</MediaTime>
</VideoSegment>
<VideoSegment id="shot23_161_RKF">
<MediaTime>
<MediaTimePoint>T00:23:21:989F30000</MediaTimePoint>
</MediaTime>
</VideoSegment>
<VideoSegment id="shot23_161_NRKF_2">
<MediaTime>
<MediaTimePoint>T00:23:21:24012F30000</MediaTimePoint>
</MediaTime>
</VideoSegment>
</TemporalDecomposition>
</VideoSegment>
<VideoSegment id="shot23_162">
<MediaTime>
<MediaTimePoint>T00:23:22:17035F30000</MediaTimePoint>
<MediaDuration>PT00H00M02S6066N30000F</MediaDuration>
</MediaTime>
<TemporalDecomposition>
<VideoSegment id="shot23_162_NRKF_1">
<MediaTime>
<MediaTimePoint>T00:23:22:24042F30000</MediaTimePoint>
</MediaTime>
</VideoSegment>
<VideoSegment id="shot23_162_NRKF_2">
<MediaTime>
<MediaTimePoint>T00:23:23:10058F30000</MediaTimePoint>
</MediaTime>
</VideoSegment>
<VideoSegment id="shot23_162_RKF">
<MediaTime>
<MediaTimePoint>T00:23:23:19067F30000</MediaTimePoint>
</MediaTime>
</VideoSegment>
<VideoSegment id="shot23_162_NRKF_3">
<MediaTime>
<MediaTimePoint>T00:23:23:21069F30000</MediaTimePoint>
</MediaTime>
</VideoSegment>
<VideoSegment id="shot23_162_NRKF_4">
<MediaTime>
<MediaTimePoint>T00:23:24:8086F30000</MediaTimePoint>
</MediaTime>
</VideoSegment>
</TemporalDecomposition>
</VideoSegment>
<VideoSegment id="shot23_163">
<MediaTime>
<MediaTimePoint>T00:23:24:23101F30000</MediaTimePoint>
<MediaDuration>PT00H00M02S13073N30000F</MediaDuration>
</MediaTime>
<TemporalDecomposition>
<VideoSegment id="shot23_163_NRKF_1">
<MediaTime>
<MediaTimePoint>T00:23:24:27105F30000</MediaTimePoint>
</MediaTime>
</VideoSegment>
<VideoSegment id="shot23_163_NRKF_2">
<MediaTime>
<MediaTimePoint>T00:23:25:3111F30000</MediaTimePoint>
</MediaTime>
</VideoSegment>
<VideoSegment id="shot23_163_NRKF_3">
<MediaTime>
<MediaTimePoint>T00:23:25:6114F30000</MediaTimePoint>
</MediaTime>
</VideoSegment>
<VideoSegment id="shot23_163_NRKF_4">
<MediaTime>
<MediaTimePoint>T00:23:25:12120F30000</MediaTimePoint>
</MediaTime>
</VideoSegment>
<VideoSegment id="shot23_163_NRKF_5">
<MediaTime>
<MediaTimePoint>T00:23:25:17125F30000</MediaTimePoint>
</MediaTime>
</VideoSegment>
<VideoSegment id="shot23_163_RKF">
<MediaTime>
<MediaTimePoint>T00:23:25:29137F30000</MediaTimePoint>
</MediaTime>
</VideoSegment>
<VideoSegment id="shot23_163_NRKF_6">
<MediaTime>
<MediaTimePoint>T00:23:26:6144F30000</MediaTimePoint>
</MediaTime>
</VideoSegment>
<VideoSegment id="shot23_163_NRKF_7">
<MediaTime>
<MediaTimePoint>T00:23:26:29167F30000</MediaTimePoint>
</MediaTime>
</VideoSegment>
</TemporalDecomposition>
</VideoSegment>
<VideoSegment id="shot23_164">
<MediaTime>
<MediaTimePoint>T00:23:27:6174F30000</MediaTimePoint>
<MediaDuration>PT00H00M02S6066N30000F</MediaDuration>
</MediaTime>
<TemporalDecomposition>
<VideoSegment id="shot23_164_NRKF_1">
<MediaTime>
<MediaTimePoint>T00:23:27:16184F30000</MediaTimePoint>
</MediaTime>
</VideoSegment>
<VideoSegment id="shot23_164_RKF">
<MediaTime>
<MediaTimePoint>T00:23:28:8206F30000</MediaTimePoint>
</MediaTime>
</VideoSegment>
<VideoSegment id="shot23_164_NRKF_2">
<MediaTime>
<MediaTimePoint>T00:23:28:13211F30000</MediaTimePoint>
</MediaTime>
</VideoSegment>
<VideoSegment id="shot23_164_NRKF_3">
<MediaTime>
<MediaTimePoint>T00:23:29:2230F30000</MediaTimePoint>
</MediaTime>
</VideoSegment>
<VideoSegment id="shot23_164_NRKF_4">
<MediaTime>
<MediaTimePoint>T00:23:29:8236F30000</MediaTimePoint>
</MediaTime>
</VideoSegment>
</TemporalDecomposition>
</VideoSegment>
<VideoSegment id="shot23_165">
<MediaTime>
<MediaTimePoint>T00:23:29:12240F30000</MediaTimePoint>
<MediaDuration>PT00H00M04S19139N30000F</MediaDuration>
</MediaTime>
<TemporalDecomposition>
<VideoSegment id="shot23_165_NRKF_1">
<MediaTime>
<MediaTimePoint>T00:23:29:20248F30000</MediaTimePoint>
</MediaTime>
</VideoSegment>
<VideoSegment id="shot23_165_RKF">
<MediaTime>
<MediaTimePoint>T00:23:31:21309F30000</MediaTimePoint>
</MediaTime>
</VideoSegment>
<VideoSegment id="shot23_165_NRKF_2">
<MediaTime>
<MediaTimePoint>T00:23:32:318F30000</MediaTimePoint>
</MediaTime>
</VideoSegment>
</TemporalDecomposition>
</VideoSegment>
<VideoSegment id="shot23_166">
<MediaTime>
<MediaTimePoint>T00:23:34:1379F30000</MediaTimePoint>
<MediaDuration>PT00H00M02S3063N30000F</MediaDuration>
</MediaTime>
<TemporalDecomposition>
<VideoSegment id="shot23_166_NRKF_1">
<MediaTime>
<MediaTimePoint>T00:23:34:9387F30000</MediaTimePoint>
</MediaTime>
</VideoSegment>
<VideoSegment id="shot23_166_NRKF_2">
<MediaTime>
<MediaTimePoint>T00:23:34:24402F30000</MediaTimePoint>
</MediaTime>
</VideoSegment>
<VideoSegment id="shot23_166_RKF">
<MediaTime>
<MediaTimePoint>T00:23:35:2410F30000</MediaTimePoint>
</MediaTime>
</VideoSegment>
<VideoSegment id="shot23_166_NRKF_3">
<MediaTime>
<MediaTimePoint>T00:23:35:17425F30000</MediaTimePoint>
</MediaTime>
</VideoSegment>
</TemporalDecomposition>
</VideoSegment>
<VideoSegment id="shot23_167">
<MediaTime>
<MediaTimePoint>T00:23:36:4442F30000</MediaTimePoint>
<MediaDuration>PT00H00M02S10070N30000F</MediaDuration>
</MediaTime>
<TemporalDecomposition>
<VideoSegment id="shot23_167_NRKF_1">
<MediaTime>
<MediaTimePoint>T00:23:36:21459F30000</MediaTimePoint>
</MediaTime>
</VideoSegment>
<VideoSegment id="shot23_167_RKF">
<MediaTime>
<MediaTimePoint>T00:23:37:8476F30000</MediaTimePoint>
</MediaTime>
</VideoSegment>
<VideoSegment id="shot23_167_NRKF_2">
<MediaTime>
<MediaTimePoint>T00:23:37:14482F30000</MediaTimePoint>
</MediaTime>
</VideoSegment>
<VideoSegment id="shot23_167_NRKF_3">
<MediaTime>
<MediaTimePoint>T00:23:37:23491F30000</MediaTimePoint>
</MediaTime>
</VideoSegment>
<VideoSegment id="shot23_167_NRKF_4">
<MediaTime>
<MediaTimePoint>T00:23:38:5503F30000</MediaTimePoint>
</MediaTime>
</VideoSegment>
</TemporalDecomposition>
</VideoSegment>
<VideoSegment id="shot23_168">
<MediaTime>
<MediaTimePoint>T00:23:38:14512F30000</MediaTimePoint>
<MediaDuration>PT00H00M02S3063N30000F</MediaDuration>
</MediaTime>
<TemporalDecomposition>
<VideoSegment id="shot23_168_NRKF_1">
<MediaTime>
<MediaTimePoint>T00:23:38:15513F30000</MediaTimePoint>
</MediaTime>
</VideoSegment>
<VideoSegment id="shot23_168_NRKF_2">
<MediaTime>
<MediaTimePoint>T00:23:38:25523F30000</MediaTimePoint>
</MediaTime>
</VideoSegment>
<VideoSegment id="shot23_168_RKF">
<MediaTime>
<MediaTimePoint>T00:23:39:15543F30000</MediaTimePoint>
</MediaTime>
</VideoSegment>
<VideoSegment id="shot23_168_NRKF_3">
<MediaTime>
<MediaTimePoint>T00:23:39:24552F30000</MediaTimePoint>
</MediaTime>
</VideoSegment>
</TemporalDecomposition>
</VideoSegment>
<VideoSegment id="shot23_169">
<MediaTime>
<MediaTimePoint>T00:23:40:17575F30000</MediaTimePoint>
<MediaDuration>PT00H00M02S15075N30000F</MediaDuration>
</MediaTime>
<TemporalDecomposition>
<VideoSegment id="shot23_169_NRKF_1">
<MediaTime>
<MediaTimePoint>T00:23:41:10598F30000</MediaTimePoint>
</MediaTime>
</VideoSegment>
<VideoSegment id="shot23_169_RKF">
<MediaTime>
<MediaTimePoint>T00:23:41:24612F30000</MediaTimePoint>
</MediaTime>
</VideoSegment>
<VideoSegment id="shot23_169_NRKF_2">
<MediaTime>
<MediaTimePoint>T00:23:42:17635F30000</MediaTimePoint>
</MediaTime>
</VideoSegment>
</TemporalDecomposition>
</VideoSegment>
<VideoSegment id="shot23_170">
<MediaTime>
<MediaTimePoint>T00:23:43:2650F30000</MediaTimePoint>
<MediaDuration>PT00H00M03S19109N30000F</MediaDuration>
</MediaTime>
<TemporalDecomposition>
<VideoSegment id="shot23_170_NRKF_1">
<MediaTime>
<MediaTimePoint>T00:23:43:15663F30000</MediaTimePoint>
</MediaTime>
</VideoSegment>
<VideoSegment id="shot23_170_NRKF_2">
<MediaTime>
<MediaTimePoint>T00:23:44:13691F30000</MediaTimePoint>
</MediaTime>
</VideoSegment>
<VideoSegment id="shot23_170_RKF">
<MediaTime>
<MediaTimePoint>T00:23:44:26704F30000</MediaTimePoint>
</MediaTime>
</VideoSegment>
<VideoSegment id="shot23_170_NRKF_3">
<MediaTime>
<MediaTimePoint>T00:23:45:24732F30000</MediaTimePoint>
</MediaTime>
</VideoSegment>
</TemporalDecomposition>
</VideoSegment>
<VideoSegment id="shot23_171">
<MediaTime>
<MediaTimePoint>T00:23:46:21759F30000</MediaTimePoint>
<MediaDuration>PT00H00M02S25085N30000F</MediaDuration>
</MediaTime>
<TemporalDecomposition>
<VideoSegment id="shot23_171_RKF">
<MediaTime>
<MediaTimePoint>T00:23:48:3801F30000</MediaTimePoint>
</MediaTime>
</VideoSegment>
</TemporalDecomposition>
</VideoSegment>
<VideoSegment id="shot23_172">
<MediaTime>
<MediaTimePoint>T00:23:49:16844F30000</MediaTimePoint>
<MediaDuration>PT00H00M02S5065N30000F</MediaDuration>
</MediaTime>
<TemporalDecomposition>
<VideoSegment id="shot23_172_NRKF_1">
<MediaTime>
<MediaTimePoint>T00:23:50:4862F30000</MediaTimePoint>
</MediaTime>
</VideoSegment>
<VideoSegment id="shot23_172_RKF">
<MediaTime>
<MediaTimePoint>T00:23:50:18876F30000</MediaTimePoint>
</MediaTime>
</VideoSegment>
<VideoSegment id="shot23_172_NRKF_2">
<MediaTime>
<MediaTimePoint>T00:23:51:6894F30000</MediaTimePoint>
</MediaTime>
</VideoSegment>
</TemporalDecomposition>
</VideoSegment>
<VideoSegment id="shot23_173">
<MediaTime>
<MediaTimePoint>T00:23:51:21909F30000</MediaTimePoint>
<MediaDuration>PT00H00M02S13073N30000F</MediaDuration>
</MediaTime>
<TemporalDecomposition>
<VideoSegment id="shot23_173_NRKF_1">
<MediaTime>
<MediaTimePoint>T00:23:52:6924F30000</MediaTimePoint>
</MediaTime>
</VideoSegment>
<VideoSegment id="shot23_173_RKF">
<MediaTime>
<MediaTimePoint>T00:23:52:27945F30000</MediaTimePoint>
</MediaTime>
</VideoSegment>
<VideoSegment id="shot23_173_NRKF_2">
<MediaTime>
<MediaTimePoint>T00:23:53:13961F30000</MediaTimePoint>
</MediaTime>
</VideoSegment>
</TemporalDecomposition>
</VideoSegment>
<VideoSegment id="shot23_174">
<MediaTime>
<MediaTimePoint>T00:23:54:4982F30000</MediaTimePoint>
<MediaDuration>PT00H00M03S1091N30000F</MediaDuration>
</MediaTime>
<TemporalDecomposition>
<VideoSegment id="shot23_174_RKF">
<MediaTime>
<MediaTimePoint>T00:23:55:20027F30000</MediaTimePoint>
</MediaTime>
</VideoSegment>
</TemporalDecomposition>
</VideoSegment>
<VideoSegment id="shot23_175">
<MediaTime>
<MediaTimePoint>T00:23:57:6073F30000</MediaTimePoint>
<MediaDuration>PT00H00M02S27087N30000F</MediaDuration>
</MediaTime>
<TemporalDecomposition>
<VideoSegment id="shot23_175_NRKF_1">
<MediaTime>
<MediaTimePoint>T00:23:57:26093F30000</MediaTimePoint>
</MediaTime>
</VideoSegment>
<VideoSegment id="shot23_175_RKF">
<MediaTime>
<MediaTimePoint>T00:23:58:19116F30000</MediaTimePoint>
</MediaTime>
</VideoSegment>
<VideoSegment id="shot23_175_NRKF_2">
<MediaTime>
<MediaTimePoint>T00:23:59:10137F30000</MediaTimePoint>
</MediaTime>
</VideoSegment>
</TemporalDecomposition>
</VideoSegment>
<VideoSegment id="shot23_176">
<MediaTime>
<MediaTimePoint>T00:24:00:3160F30000</MediaTimePoint>
<MediaDuration>PT00H00M02S8068N30000F</MediaDuration>
</MediaTime>
<TemporalDecomposition>
<VideoSegment id="shot23_176_RKF">
<MediaTime>
<MediaTimePoint>T00:24:01:6193F30000</MediaTimePoint>
</MediaTime>
</VideoSegment>
</TemporalDecomposition>
</VideoSegment>
<VideoSegment id="shot23_177">
<MediaTime>
<MediaTimePoint>T00:24:02:11228F30000</MediaTimePoint>
<MediaDuration>PT00H00M02S2062N30000F</MediaDuration>
</MediaTime>
<TemporalDecomposition>
<VideoSegment id="shot23_177_NRKF_1">
<MediaTime>
<MediaTimePoint>T00:24:02:29246F30000</MediaTimePoint>
</MediaTime>
</VideoSegment>
<VideoSegment id="shot23_177_RKF">
<MediaTime>
<MediaTimePoint>T00:24:03:11258F30000</MediaTimePoint>
</MediaTime>
</VideoSegment>
<VideoSegment id="shot23_177_NRKF_2">
<MediaTime>
<MediaTimePoint>T00:24:04:277F30000</MediaTimePoint>
</MediaTime>
</VideoSegment>
</TemporalDecomposition>
</VideoSegment>
<VideoSegment id="shot23_178">
<MediaTime>
<MediaTimePoint>T00:24:04:13290F30000</MediaTimePoint>
<MediaDuration>PT00H00M05S3153N30000F</MediaDuration>
</MediaTime>
<TemporalDecomposition>
<VideoSegment id="shot23_178_NRKF_1">
<MediaTime>
<MediaTimePoint>T00:24:04:14291F30000</MediaTimePoint>
</MediaTime>
</VideoSegment>
<VideoSegment id="shot23_178_NRKF_2">
<MediaTime>
<MediaTimePoint>T00:24:05:1308F30000</MediaTimePoint>
</MediaTime>
</VideoSegment>
<VideoSegment id="shot23_178_RKF">
<MediaTime>
<MediaTimePoint>T00:24:06:29366F30000</MediaTimePoint>
</MediaTime>
</VideoSegment>
<VideoSegment id="shot23_178_NRKF_3">
<MediaTime>
<MediaTimePoint>T00:24:07:16383F30000</MediaTimePoint>
</MediaTime>
</VideoSegment>
</TemporalDecomposition>
</VideoSegment>
<VideoSegment id="shot23_179">
<MediaTime>
<MediaTimePoint>T00:24:09:16443F30000</MediaTimePoint>
<MediaDuration>PT00H00M02S10070N30000F</MediaDuration>
</MediaTime>
<TemporalDecomposition>
<VideoSegment id="shot23_179_RKF">
<MediaTime>
<MediaTimePoint>T00:24:10:20477F30000</MediaTimePoint>
</MediaTime>
</VideoSegment>
</TemporalDecomposition>
</VideoSegment>
<VideoSegment id="shot23_180">
<MediaTime>
<MediaTimePoint>T00:24:11:26513F30000</MediaTimePoint>
<MediaDuration>PT00H00M02S16076N30000F</MediaDuration>
</MediaTime>
<TemporalDecomposition>
<VideoSegment id="shot23_180_NRKF_1">
<MediaTime>
<MediaTimePoint>T00:24:12:12529F30000</MediaTimePoint>
</MediaTime>
</VideoSegment>
<VideoSegment id="shot23_180_RKF">
<MediaTime>
<MediaTimePoint>T00:24:13:3550F30000</MediaTimePoint>
</MediaTime>
</VideoSegment>
<VideoSegment id="shot23_180_NRKF_2">
<MediaTime>
<MediaTimePoint>T00:24:13:20567F30000</MediaTimePoint>
</MediaTime>
</VideoSegment>
</TemporalDecomposition>
</VideoSegment>
<VideoSegment id="shot23_181">
<MediaTime>
<MediaTimePoint>T00:24:14:12589F30000</MediaTimePoint>
<MediaDuration>PT00H00M02S20080N30000F</MediaDuration>
</MediaTime>
<TemporalDecomposition>
<VideoSegment id="shot23_181_NRKF_1">
<MediaTime>
<MediaTimePoint>T00:24:14:20597F30000</MediaTimePoint>
</MediaTime>
</VideoSegment>
<VideoSegment id="shot23_181_NRKF_2">
<MediaTime>
<MediaTimePoint>T00:24:15:17624F30000</MediaTimePoint>
</MediaTime>
</VideoSegment>
<VideoSegment id="shot23_181_RKF">
<MediaTime>
<MediaTimePoint>T00:24:15:21628F30000</MediaTimePoint>
</MediaTime>
</VideoSegment>
<VideoSegment id="shot23_181_NRKF_3">
<MediaTime>
<MediaTimePoint>T00:24:16:18655F30000</MediaTimePoint>
</MediaTime>
</VideoSegment>
</TemporalDecomposition>
</VideoSegment>
<VideoSegment id="shot23_182">
<MediaTime>
<MediaTimePoint>T00:24:17:2669F30000</MediaTimePoint>
<MediaDuration>PT00H00M02S29089N30000F</MediaDuration>
</MediaTime>
<TemporalDecomposition>
<VideoSegment id="shot23_182_NRKF_1">
<MediaTime>
<MediaTimePoint>T00:24:17:13680F30000</MediaTimePoint>
</MediaTime>
</VideoSegment>
<VideoSegment id="shot23_182_NRKF_2">
<MediaTime>
<MediaTimePoint>T00:24:18:12709F30000</MediaTimePoint>
</MediaTime>
</VideoSegment>
<VideoSegment id="shot23_182_RKF">
<MediaTime>
<MediaTimePoint>T00:24:18:16713F30000</MediaTimePoint>
</MediaTime>
</VideoSegment>
<VideoSegment id="shot23_182_NRKF_3">
<MediaTime>
<MediaTimePoint>T00:24:19:15742F30000</MediaTimePoint>
</MediaTime>
</VideoSegment>
</TemporalDecomposition>
</VideoSegment>
<VideoSegment id="shot23_183">
<MediaTime>
<MediaTimePoint>T00:24:20:1758F30000</MediaTimePoint>
<MediaDuration>PT00H00M04S3123N30000F</MediaDuration>
</MediaTime>
<TemporalDecomposition>
<VideoSegment id="shot23_183_NRKF_1">
<MediaTime>
<MediaTimePoint>T00:24:20:21778F30000</MediaTimePoint>
</MediaTime>
</VideoSegment>
<VideoSegment id="shot23_183_RKF">
<MediaTime>
<MediaTimePoint>T00:24:22:2819F30000</MediaTimePoint>
</MediaTime>
</VideoSegment>
<VideoSegment id="shot23_183_NRKF_2">
<MediaTime>
<MediaTimePoint>T00:24:22:22839F30000</MediaTimePoint>
</MediaTime>
</VideoSegment>
</TemporalDecomposition>
</VideoSegment>
<VideoSegment id="shot23_184">
<MediaTime>
<MediaTimePoint>T00:24:24:4881F30000</MediaTimePoint>
<MediaDuration>PT00H00M02S9069N30000F</MediaDuration>
</MediaTime>
<TemporalDecomposition>
<VideoSegment id="shot23_184_NRKF_1">
<MediaTime>
<MediaTimePoint>T00:24:24:17894F30000</MediaTimePoint>
</MediaTime>
</VideoSegment>
<VideoSegment id="shot23_184_NRKF_2">
<MediaTime>
<MediaTimePoint>T00:24:25:8915F30000</MediaTimePoint>
</MediaTime>
</VideoSegment>
<VideoSegment id="shot23_184_RKF">
<MediaTime>
<MediaTimePoint>T00:24:25:8915F30000</MediaTimePoint>
</MediaTime>
</VideoSegment>
<VideoSegment id="shot23_184_NRKF_3">
<MediaTime>
<MediaTimePoint>T00:24:25:29936F30000</MediaTimePoint>
</MediaTime>
</VideoSegment>
</TemporalDecomposition>
</VideoSegment>
<VideoSegment id="shot23_185">
<MediaTime>
<MediaTimePoint>T00:24:26:13950F30000</MediaTimePoint>
<MediaDuration>PT00H00M02S7067N30000F</MediaDuration>
</MediaTime>
<TemporalDecomposition>
<VideoSegment id="shot23_185_NRKF_1">
<MediaTime>
<MediaTimePoint>T00:24:26:25962F30000</MediaTimePoint>
</MediaTime>
</VideoSegment>
<VideoSegment id="shot23_185_RKF">
<MediaTime>
<MediaTimePoint>T00:24:27:16983F30000</MediaTimePoint>
</MediaTime>
</VideoSegment>
<VideoSegment id="shot23_185_NRKF_2">
<MediaTime>
<MediaTimePoint>T00:24:27:29996F30000</MediaTimePoint>
</MediaTime>
</VideoSegment>
</TemporalDecomposition>
</VideoSegment>
<VideoSegment id="shot23_186">
<MediaTime>
<MediaTimePoint>T00:24:28:21017F30000</MediaTimePoint>
<MediaDuration>PT00H00M02S20080N30000F</MediaDuration>
</MediaTime>
<TemporalDecomposition>
<VideoSegment id="shot23_186_NRKF_1">
<MediaTime>
<MediaTimePoint>T00:24:29:3029F30000</MediaTimePoint>
</MediaTime>
</VideoSegment>
<VideoSegment id="shot23_186_RKF">
<MediaTime>
<MediaTimePoint>T00:24:30:56F30000</MediaTimePoint>
</MediaTime>
</VideoSegment>
<VideoSegment id="shot23_186_NRKF_2">
<MediaTime>
<MediaTimePoint>T00:24:30:1057F30000</MediaTimePoint>
</MediaTime>
</VideoSegment>
<VideoSegment id="shot23_186_NRKF_3">
<MediaTime>
<MediaTimePoint>T00:24:30:28084F30000</MediaTimePoint>
</MediaTime>
</VideoSegment>
</TemporalDecomposition>
</VideoSegment>
<VideoSegment id="shot23_187">
<MediaTime>
<MediaTimePoint>T00:24:31:11097F30000</MediaTimePoint>
<MediaDuration>PT00H00M02S2062N30000F</MediaDuration>
</MediaTime>
<TemporalDecomposition>
<VideoSegment id="shot23_187_NRKF_1">
<MediaTime>
<MediaTimePoint>T00:24:31:24110F30000</MediaTimePoint>
</MediaTime>
</VideoSegment>
<VideoSegment id="shot23_187_RKF">
<MediaTime>
<MediaTimePoint>T00:24:32:11127F30000</MediaTimePoint>
</MediaTime>
</VideoSegment>
<VideoSegment id="shot23_187_NRKF_2">
<MediaTime>
<MediaTimePoint>T00:24:32:25141F30000</MediaTimePoint>
</MediaTime>
</VideoSegment>
</TemporalDecomposition>
</VideoSegment>
<VideoSegment id="shot23_188">
<MediaTime>
<MediaTimePoint>T00:24:33:13159F30000</MediaTimePoint>
<MediaDuration>PT00H00M02S22082N30000F</MediaDuration>
</MediaTime>
<TemporalDecomposition>
<VideoSegment id="shot23_188_RKF">
<MediaTime>
<MediaTimePoint>T00:24:34:23199F30000</MediaTimePoint>
</MediaTime>
</VideoSegment>
</TemporalDecomposition>
</VideoSegment>
<VideoSegment id="shot23_189">
<MediaTime>
<MediaTimePoint>T00:24:36:5241F30000</MediaTimePoint>
<MediaDuration>PT00H00M03S23113N30000F</MediaDuration>
</MediaTime>
<TemporalDecomposition>
<VideoSegment id="shot23_189_RKF">
<MediaTime>
<MediaTimePoint>T00:24:38:1297F30000</MediaTimePoint>
</MediaTime>
</VideoSegment>
</TemporalDecomposition>
</VideoSegment>
<VideoSegment id="shot23_190">
<MediaTime>
<MediaTimePoint>T00:24:39:28354F30000</MediaTimePoint>
<MediaDuration>PT00H00M02S12072N30000F</MediaDuration>
</MediaTime>
<TemporalDecomposition>
<VideoSegment id="shot23_190_NRKF_1">
<MediaTime>
<MediaTimePoint>T00:24:40:3359F30000</MediaTimePoint>
</MediaTime>
</VideoSegment>
<VideoSegment id="shot23_190_NRKF_2">
<MediaTime>
<MediaTimePoint>T00:24:40:22378F30000</MediaTimePoint>
</MediaTime>
</VideoSegment>
<VideoSegment id="shot23_190_RKF">
<MediaTime>
<MediaTimePoint>T00:24:41:3389F30000</MediaTimePoint>
</MediaTime>
</VideoSegment>
<VideoSegment id="shot23_190_NRKF_3">
<MediaTime>
<MediaTimePoint>T00:24:41:22408F30000</MediaTimePoint>
</MediaTime>
</VideoSegment>
</TemporalDecomposition>
</VideoSegment>
<VideoSegment id="shot23_191">
<MediaTime>
<MediaTimePoint>T00:24:42:10426F30000</MediaTimePoint>
<MediaDuration>PT00H00M03S1091N30000F</MediaDuration>
</MediaTime>
<TemporalDecomposition>
<VideoSegment id="shot23_191_NRKF_1">
<MediaTime>
<MediaTimePoint>T00:24:42:26442F30000</MediaTimePoint>
</MediaTime>
</VideoSegment>
<VideoSegment id="shot23_191_NRKF_2">
<MediaTime>
<MediaTimePoint>T00:24:43:25471F30000</MediaTimePoint>
</MediaTime>
</VideoSegment>
<VideoSegment id="shot23_191_RKF">
<MediaTime>
<MediaTimePoint>T00:24:43:25471F30000</MediaTimePoint>
</MediaTime>
</VideoSegment>
<VideoSegment id="shot23_191_NRKF_3">
<MediaTime>
<MediaTimePoint>T00:24:44:24500F30000</MediaTimePoint>
</MediaTime>
</VideoSegment>
</TemporalDecomposition>
</VideoSegment>
<VideoSegment id="shot23_192">
<MediaTime>
<MediaTimePoint>T00:24:45:11517F30000</MediaTimePoint>
<MediaDuration>PT00H00M02S8068N30000F</MediaDuration>
</MediaTime>
<TemporalDecomposition>
<VideoSegment id="shot23_192_NRKF_1">
<MediaTime>
<MediaTimePoint>T00:24:45:26532F30000</MediaTimePoint>
</MediaTime>
</VideoSegment>
<VideoSegment id="shot23_192_RKF">
<MediaTime>
<MediaTimePoint>T00:24:46:14550F30000</MediaTimePoint>
</MediaTime>
</VideoSegment>
<VideoSegment id="shot23_192_NRKF_2">
<MediaTime>
<MediaTimePoint>T00:24:47:566F30000</MediaTimePoint>
</MediaTime>
</VideoSegment>
</TemporalDecomposition>
</VideoSegment>
<VideoSegment id="shot23_193">
<MediaTime>
<MediaTimePoint>T00:24:47:19585F30000</MediaTimePoint>
<MediaDuration>PT00H00M02S1061N30000F</MediaDuration>
</MediaTime>
<TemporalDecomposition>
<VideoSegment id="shot23_193_NRKF_1">
<MediaTime>
<MediaTimePoint>T00:24:47:25591F30000</MediaTimePoint>
</MediaTime>
</VideoSegment>
<VideoSegment id="shot23_193_NRKF_2">
<MediaTime>
<MediaTimePoint>T00:24:48:12608F30000</MediaTimePoint>
</MediaTime>
</VideoSegment>
<VideoSegment id="shot23_193_RKF">
<MediaTime>
<MediaTimePoint>T00:24:48:19615F30000</MediaTimePoint>
</MediaTime>
</VideoSegment>
<VideoSegment id="shot23_193_NRKF_3">
<MediaTime>
<MediaTimePoint>T00:24:49:6632F30000</MediaTimePoint>
</MediaTime>
</VideoSegment>
</TemporalDecomposition>
</VideoSegment>
<VideoSegment id="shot23_194">
<MediaTime>
<MediaTimePoint>T00:24:49:20646F30000</MediaTimePoint>
<MediaDuration>PT00H00M02S16076N30000F</MediaDuration>
</MediaTime>
<TemporalDecomposition>
<VideoSegment id="shot23_194_NRKF_1">
<MediaTime>
<MediaTimePoint>T00:24:50:3659F30000</MediaTimePoint>
</MediaTime>
</VideoSegment>
<VideoSegment id="shot23_194_NRKF_2">
<MediaTime>
<MediaTimePoint>T00:24:50:27683F30000</MediaTimePoint>
</MediaTime>
</VideoSegment>
<VideoSegment id="shot23_194_RKF">
<MediaTime>
<MediaTimePoint>T00:24:50:27683F30000</MediaTimePoint>
</MediaTime>
</VideoSegment>
<VideoSegment id="shot23_194_NRKF_3">
<MediaTime>
<MediaTimePoint>T00:24:51:22708F30000</MediaTimePoint>
</MediaTime>
</VideoSegment>
</TemporalDecomposition>
</VideoSegment>
<VideoSegment id="shot23_195">
<MediaTime>
<MediaTimePoint>T00:24:52:6722F30000</MediaTimePoint>
<MediaDuration>PT00H00M02S10070N30000F</MediaDuration>
</MediaTime>
<TemporalDecomposition>
<VideoSegment id="shot23_195_NRKF_1">
<MediaTime>
<MediaTimePoint>T00:24:52:21737F30000</MediaTimePoint>
</MediaTime>
</VideoSegment>
<VideoSegment id="shot23_195_RKF">
<MediaTime>
<MediaTimePoint>T00:24:53:10756F30000</MediaTimePoint>
</MediaTime>
</VideoSegment>
<VideoSegment id="shot23_195_NRKF_2">
<MediaTime>
<MediaTimePoint>T00:24:53:26772F30000</MediaTimePoint>
</MediaTime>
</VideoSegment>
</TemporalDecomposition>
</VideoSegment>
<VideoSegment id="shot23_196">
<MediaTime>
<MediaTimePoint>T00:24:54:16792F30000</MediaTimePoint>
<MediaDuration>PT00H00M02S3063N30000F</MediaDuration>
</MediaTime>
<TemporalDecomposition>
<VideoSegment id="shot23_196_NRKF_1">
<MediaTime>
<MediaTimePoint>T00:24:54:29805F30000</MediaTimePoint>
</MediaTime>
</VideoSegment>
<VideoSegment id="shot23_196_RKF">
<MediaTime>
<MediaTimePoint>T00:24:55:17823F30000</MediaTimePoint>
</MediaTime>
</VideoSegment>
<VideoSegment id="shot23_196_NRKF_2">
<MediaTime>
<MediaTimePoint>T00:24:56:1837F30000</MediaTimePoint>
</MediaTime>
</VideoSegment>
</TemporalDecomposition>
</VideoSegment>
<VideoSegment id="shot23_197">
<MediaTime>
<MediaTimePoint>T00:24:56:19855F30000</MediaTimePoint>
<MediaDuration>PT00H00M02S2062N30000F</MediaDuration>
</MediaTime>
<TemporalDecomposition>
<VideoSegment id="shot23_197_NRKF_1">
<MediaTime>
<MediaTimePoint>T00:24:57:4870F30000</MediaTimePoint>
</MediaTime>
</VideoSegment>
<VideoSegment id="shot23_197_RKF">
<MediaTime>
<MediaTimePoint>T00:24:57:19885F30000</MediaTimePoint>
</MediaTime>
</VideoSegment>
<VideoSegment id="shot23_197_NRKF_2">
<MediaTime>
<MediaTimePoint>T00:24:58:5901F30000</MediaTimePoint>
</MediaTime>
</VideoSegment>
</TemporalDecomposition>
</VideoSegment>
<VideoSegment id="shot23_198">
<MediaTime>
<MediaTimePoint>T00:24:58:21917F30000</MediaTimePoint>
<MediaDuration>PT00H00M01S8038N30000F</MediaDuration>
</MediaTime>
<TemporalDecomposition>
<VideoSegment id="shot23_198_RKF">
<MediaTime>
<MediaTimePoint>T00:24:59:9935F30000</MediaTimePoint>
</MediaTime>
</VideoSegment>
</TemporalDecomposition>
</VideoSegment>
</TemporalDecomposition>
</Video>
</MultimediaContent>
</Description>
</Mpeg7>
