<?xml version="1.0" encoding="UTF-8"?>
<Mpeg7 xmlns="urn:mpeg:mpeg7:schema:2001" xmlns:mpeg7="urn:mpeg:mpeg7:schema:2001" xmlns:xsi="http://www.w3.org/2001/XMLSchema-instance">
<Description xsi:type="ContentEntityType">
<MultimediaContent xsi:type="VideoType">
<Video id="TRECVID2005_24">
<MediaLocator>
<MediaUri>20041118_133000_MSNBC_MSNBCNEWS13_ENG.mpg</MediaUri>
</MediaLocator>
<MediaTime>
<MediaTimePoint>T00:00:00:0F30000</MediaTimePoint>
<MediaDuration>PT00H28M19S29949N30000F</MediaDuration>
</MediaTime>
<TemporalDecomposition gap="false" overlap="false">
<VideoSegment id="shot24_1">
<MediaTime>
<MediaTimePoint>T00:00:00:0F30000</MediaTimePoint>
<MediaDuration>PT00H00M15S11461N30000F</MediaDuration>
</MediaTime>
<TemporalDecomposition>
<VideoSegment id="shot24_1_RKF">
<MediaTime>
<MediaTimePoint>T00:00:07:20230F30000</MediaTimePoint>
</MediaTime>
</VideoSegment>
</TemporalDecomposition>
</VideoSegment>
<VideoSegment id="shot24_2">
<MediaTime>
<MediaTimePoint>T00:00:15:11461F30000</MediaTimePoint>
<MediaDuration>PT00H00M06S27207N30000F</MediaDuration>
</MediaTime>
<TemporalDecomposition>
<VideoSegment id="shot24_2_RKF">
<MediaTime>
<MediaTimePoint>T00:00:18:24564F30000</MediaTimePoint>
</MediaTime>
</VideoSegment>
</TemporalDecomposition>
</VideoSegment>
<VideoSegment id="shot24_3">
<MediaTime>
<MediaTimePoint>T00:00:22:8668F30000</MediaTimePoint>
<MediaDuration>PT00H00M20S16616N30000F</MediaDuration>
</MediaTime>
<TemporalDecomposition>
<VideoSegment id="shot24_3_RKF">
<MediaTime>
<MediaTimePoint>T00:00:32:15975F30000</MediaTimePoint>
</MediaTime>
</VideoSegment>
</TemporalDecomposition>
</VideoSegment>
<VideoSegment id="shot24_4">
<MediaTime>
<MediaTimePoint>T00:00:42:25284F30000</MediaTimePoint>
<MediaDuration>PT00H00M13S22412N30000F</MediaDuration>
</MediaTime>
<TemporalDecomposition>
<VideoSegment id="shot24_4_RKF">
<MediaTime>
<MediaTimePoint>T00:00:49:20489F30000</MediaTimePoint>
</MediaTime>
</VideoSegment>
</TemporalDecomposition>
</VideoSegment>
<VideoSegment id="shot24_5">
<MediaTime>
<MediaTimePoint>T00:00:56:17696F30000</MediaTimePoint>
<MediaDuration>PT00H00M23S13703N30000F</MediaDuration>
</MediaTime>
<TemporalDecomposition>
<VideoSegment id="shot24_5_RKF">
<MediaTime>
<MediaTimePoint>T00:01:08:9047F30000</MediaTimePoint>
</MediaTime>
</VideoSegment>
</TemporalDecomposition>
</VideoSegment>
<VideoSegment id="shot24_6">
<MediaTime>
<MediaTimePoint>T00:01:20:1399F30000</MediaTimePoint>
<MediaDuration>PT00H00M13S9399N30000F</MediaDuration>
</MediaTime>
<TemporalDecomposition>
<VideoSegment id="shot24_6_RKF">
<MediaTime>
<MediaTimePoint>T00:01:26:20598F30000</MediaTimePoint>
</MediaTime>
</VideoSegment>
</TemporalDecomposition>
</VideoSegment>
<VideoSegment id="shot24_7">
<MediaTime>
<MediaTimePoint>T00:01:33:10798F30000</MediaTimePoint>
<MediaDuration>PT00H00M15S2452N30000F</MediaDuration>
</MediaTime>
<TemporalDecomposition>
<VideoSegment id="shot24_7_RKF">
<MediaTime>
<MediaTimePoint>T00:01:40:26023F30000</MediaTimePoint>
</MediaTime>
</VideoSegment>
</TemporalDecomposition>
</VideoSegment>
<VideoSegment id="shot24_8">
<MediaTime>
<MediaTimePoint>T00:01:48:13250F30000</MediaTimePoint>
<MediaDuration>PT00H00M43S20309N30000F</MediaDuration>
</MediaTime>
<TemporalDecomposition>
<VideoSegment id="shot24_8_RKF">
<MediaTime>
<MediaTimePoint>T00:02:10:7904F30000</MediaTimePoint>
</MediaTime>
</VideoSegment>
</TemporalDecomposition>
</VideoSegment>
<VideoSegment id="shot24_9">
<MediaTime>
<MediaTimePoint>T00:02:32:3559F30000</MediaTimePoint>
<MediaDuration>PT00H00M07S10220N30000F</MediaDuration>
</MediaTime>
<TemporalDecomposition>
<VideoSegment id="shot24_9_RKF">
<MediaTime>
<MediaTimePoint>T00:02:35:22668F30000</MediaTimePoint>
</MediaTime>
</VideoSegment>
</TemporalDecomposition>
</VideoSegment>
<VideoSegment id="shot24_10">
<MediaTime>
<MediaTimePoint>T00:02:39:13779F30000</MediaTimePoint>
<MediaDuration>PT00H00M22S27687N30000F</MediaDuration>
</MediaTime>
<TemporalDecomposition>
<VideoSegment id="shot24_10_RKF">
<MediaTime>
<MediaTimePoint>T00:02:50:27122F30000</MediaTimePoint>
</MediaTime>
</VideoSegment>
</TemporalDecomposition>
</VideoSegment>
<VideoSegment id="shot24_11">
<MediaTime>
<MediaTimePoint>T00:03:02:11466F30000</MediaTimePoint>
<MediaDuration>PT00H00M17S17527N30000F</MediaDuration>
</MediaTime>
<TemporalDecomposition>
<VideoSegment id="shot24_11_RKF">
<MediaTime>
<MediaTimePoint>T00:03:11:4729F30000</MediaTimePoint>
</MediaTime>
</VideoSegment>
</TemporalDecomposition>
</VideoSegment>
<VideoSegment id="shot24_12">
<MediaTime>
<MediaTimePoint>T00:03:19:28993F30000</MediaTimePoint>
<MediaDuration>PT00H00M16S480N30000F</MediaDuration>
</MediaTime>
<TemporalDecomposition>
<VideoSegment id="shot24_12_RKF">
<MediaTime>
<MediaTimePoint>T00:03:27:28232F30000</MediaTimePoint>
</MediaTime>
</VideoSegment>
</TemporalDecomposition>
</VideoSegment>
<VideoSegment id="shot24_13">
<MediaTime>
<MediaTimePoint>T00:03:35:29473F30000</MediaTimePoint>
<MediaDuration>PT00H01M10S16114N30000F</MediaDuration>
</MediaTime>
<TemporalDecomposition>
<VideoSegment id="shot24_13_RKF">
<MediaTime>
<MediaTimePoint>T00:04:11:6529F30000</MediaTimePoint>
</MediaTime>
</VideoSegment>
</TemporalDecomposition>
</VideoSegment>
<VideoSegment id="shot24_14">
<MediaTime>
<MediaTimePoint>T00:04:46:15587F30000</MediaTimePoint>
<MediaDuration>PT00H00M48S18457N30000F</MediaDuration>
</MediaTime>
<TemporalDecomposition>
<VideoSegment id="shot24_14_RKF">
<MediaTime>
<MediaTimePoint>T00:05:10:24315F30000</MediaTimePoint>
</MediaTime>
</VideoSegment>
</TemporalDecomposition>
</VideoSegment>
<VideoSegment id="shot24_15">
<MediaTime>
<MediaTimePoint>T00:05:35:4044F30000</MediaTimePoint>
<MediaDuration>PT00H00M10S20320N30000F</MediaDuration>
</MediaTime>
<TemporalDecomposition>
<VideoSegment id="shot24_15_RKF">
<MediaTime>
<MediaTimePoint>T00:05:40:13203F30000</MediaTimePoint>
</MediaTime>
</VideoSegment>
</TemporalDecomposition>
</VideoSegment>
<VideoSegment id="shot24_16">
<MediaTime>
<MediaTimePoint>T00:05:45:24364F30000</MediaTimePoint>
<MediaDuration>PT00H00M09S17287N30000F</MediaDuration>
</MediaTime>
<TemporalDecomposition>
<VideoSegment id="shot24_16_RKF">
<MediaTime>
<MediaTimePoint>T00:05:50:17507F30000</MediaTimePoint>
</MediaTime>
</VideoSegment>
</TemporalDecomposition>
</VideoSegment>
<VideoSegment id="shot24_17">
<MediaTime>
<MediaTimePoint>T00:05:55:11651F30000</MediaTimePoint>
<MediaDuration>PT00H00M20S11611N30000F</MediaDuration>
</MediaTime>
<TemporalDecomposition>
<VideoSegment id="shot24_17_RKF">
<MediaTime>
<MediaTimePoint>T00:06:05:16956F30000</MediaTimePoint>
</MediaTime>
</VideoSegment>
</TemporalDecomposition>
</VideoSegment>
<VideoSegment id="shot24_18">
<MediaTime>
<MediaTimePoint>T00:06:15:23262F30000</MediaTimePoint>
<MediaDuration>PT00H00M24S23743N30000F</MediaDuration>
</MediaTime>
<TemporalDecomposition>
<VideoSegment id="shot24_18_RKF">
<MediaTime>
<MediaTimePoint>T00:06:28:4633F30000</MediaTimePoint>
</MediaTime>
</VideoSegment>
</TemporalDecomposition>
</VideoSegment>
<VideoSegment id="shot24_19">
<MediaTime>
<MediaTimePoint>T00:06:40:17005F30000</MediaTimePoint>
<MediaDuration>PT00H00M38S8147N30000F</MediaDuration>
</MediaTime>
<TemporalDecomposition>
<VideoSegment id="shot24_19_RKF">
<MediaTime>
<MediaTimePoint>T00:06:59:20578F30000</MediaTimePoint>
</MediaTime>
</VideoSegment>
</TemporalDecomposition>
</VideoSegment>
<VideoSegment id="shot24_20">
<MediaTime>
<MediaTimePoint>T00:07:18:25152F30000</MediaTimePoint>
<MediaDuration>PT00H00M12S22382N30000F</MediaDuration>
</MediaTime>
<TemporalDecomposition>
<VideoSegment id="shot24_20_RKF">
<MediaTime>
<MediaTimePoint>T00:07:25:5342F30000</MediaTimePoint>
</MediaTime>
</VideoSegment>
</TemporalDecomposition>
</VideoSegment>
<VideoSegment id="shot24_21">
<MediaTime>
<MediaTimePoint>T00:07:31:17534F30000</MediaTimePoint>
<MediaDuration>PT00H00M04S15135N30000F</MediaDuration>
</MediaTime>
<TemporalDecomposition>
<VideoSegment id="shot24_21_RKF">
<MediaTime>
<MediaTimePoint>T00:07:33:24601F30000</MediaTimePoint>
</MediaTime>
</VideoSegment>
</TemporalDecomposition>
</VideoSegment>
<VideoSegment id="shot24_22">
<MediaTime>
<MediaTimePoint>T00:07:36:2669F30000</MediaTimePoint>
<MediaDuration>PT00H00M45S27376N30000F</MediaDuration>
</MediaTime>
<TemporalDecomposition>
<VideoSegment id="shot24_22_RKF">
<MediaTime>
<MediaTimePoint>T00:07:59:356F30000</MediaTimePoint>
</MediaTime>
</VideoSegment>
</TemporalDecomposition>
</VideoSegment>
<VideoSegment id="shot24_23">
<MediaTime>
<MediaTimePoint>T00:08:22:45F30000</MediaTimePoint>
<MediaDuration>PT00H00M06S24204N30000F</MediaDuration>
</MediaTime>
<TemporalDecomposition>
<VideoSegment id="shot24_23_RKF">
<MediaTime>
<MediaTimePoint>T00:08:25:11146F30000</MediaTimePoint>
</MediaTime>
</VideoSegment>
</TemporalDecomposition>
</VideoSegment>
<VideoSegment id="shot24_24">
<MediaTime>
<MediaTimePoint>T00:08:28:24249F30000</MediaTimePoint>
<MediaDuration>PT00H00M05S150N30000F</MediaDuration>
</MediaTime>
<TemporalDecomposition>
<VideoSegment id="shot24_24_RKF">
<MediaTime>
<MediaTimePoint>T00:08:31:8323F30000</MediaTimePoint>
</MediaTime>
</VideoSegment>
</TemporalDecomposition>
</VideoSegment>
<VideoSegment id="shot24_25">
<MediaTime>
<MediaTimePoint>T00:08:33:24399F30000</MediaTimePoint>
<MediaDuration>PT00H00M04S11131N30000F</MediaDuration>
</MediaTime>
<TemporalDecomposition>
<VideoSegment id="shot24_25_RKF">
<MediaTime>
<MediaTimePoint>T00:08:35:29464F30000</MediaTimePoint>
</MediaTime>
</VideoSegment>
</TemporalDecomposition>
</VideoSegment>
<VideoSegment id="shot24_26">
<MediaTime>
<MediaTimePoint>T00:08:38:5530F30000</MediaTimePoint>
<MediaDuration>PT00H00M08S8248N30000F</MediaDuration>
</MediaTime>
<TemporalDecomposition>
<VideoSegment id="shot24_26_RKF">
<MediaTime>
<MediaTimePoint>T00:08:42:8653F30000</MediaTimePoint>
</MediaTime>
</VideoSegment>
</TemporalDecomposition>
</VideoSegment>
<VideoSegment id="shot24_27">
<MediaTime>
<MediaTimePoint>T00:08:46:13778F30000</MediaTimePoint>
<MediaDuration>PT00H00M06S8188N30000F</MediaDuration>
</MediaTime>
<TemporalDecomposition>
<VideoSegment id="shot24_27_RKF">
<MediaTime>
<MediaTimePoint>T00:08:49:16871F30000</MediaTimePoint>
</MediaTime>
</VideoSegment>
</TemporalDecomposition>
</VideoSegment>
<VideoSegment id="shot24_28">
<MediaTime>
<MediaTimePoint>T00:08:52:21966F30000</MediaTimePoint>
<MediaDuration>PT00H00M35S19068N30000F</MediaDuration>
</MediaTime>
<TemporalDecomposition>
<VideoSegment id="shot24_28_RKF">
<MediaTime>
<MediaTimePoint>T00:09:10:15499F30000</MediaTimePoint>
</MediaTime>
</VideoSegment>
</TemporalDecomposition>
</VideoSegment>
<VideoSegment id="shot24_29">
<MediaTime>
<MediaTimePoint>T00:09:28:11034F30000</MediaTimePoint>
<MediaDuration>PT00H00M04S7127N30000F</MediaDuration>
</MediaTime>
<TemporalDecomposition>
<VideoSegment id="shot24_29_RKF">
<MediaTime>
<MediaTimePoint>T00:09:30:14097F30000</MediaTimePoint>
</MediaTime>
</VideoSegment>
</TemporalDecomposition>
</VideoSegment>
<VideoSegment id="shot24_30">
<MediaTime>
<MediaTimePoint>T00:09:32:18161F30000</MediaTimePoint>
<MediaDuration>PT00H00M03S7097N30000F</MediaDuration>
</MediaTime>
<TemporalDecomposition>
<VideoSegment id="shot24_30_NRKF_1">
<MediaTime>
<MediaTimePoint>T00:09:33:15188F30000</MediaTimePoint>
</MediaTime>
</VideoSegment>
<VideoSegment id="shot24_30_RKF">
<MediaTime>
<MediaTimePoint>T00:09:34:6209F30000</MediaTimePoint>
</MediaTime>
</VideoSegment>
<VideoSegment id="shot24_30_NRKF_2">
<MediaTime>
<MediaTimePoint>T00:09:35:4237F30000</MediaTimePoint>
</MediaTime>
</VideoSegment>
</TemporalDecomposition>
</VideoSegment>
<VideoSegment id="shot24_31">
<MediaTime>
<MediaTimePoint>T00:09:35:25258F30000</MediaTimePoint>
<MediaDuration>PT00H01M02S22881N30000F</MediaDuration>
</MediaTime>
<TemporalDecomposition>
<VideoSegment id="shot24_31_RKF">
<MediaTime>
<MediaTimePoint>T00:10:07:6198F30000</MediaTimePoint>
</MediaTime>
</VideoSegment>
</TemporalDecomposition>
</VideoSegment>
<VideoSegment id="shot24_32">
<MediaTime>
<MediaTimePoint>T00:10:38:18139F30000</MediaTimePoint>
<MediaDuration>PT00H00M02S1061N30000F</MediaDuration>
</MediaTime>
<TemporalDecomposition>
<VideoSegment id="shot24_32_RKF">
<MediaTime>
<MediaTimePoint>T00:10:39:18169F30000</MediaTimePoint>
</MediaTime>
</VideoSegment>
</TemporalDecomposition>
</VideoSegment>
<VideoSegment id="shot24_33">
<MediaTime>
<MediaTimePoint>T00:10:40:19200F30000</MediaTimePoint>
<MediaDuration>PT00H00M24S26746N30000F</MediaDuration>
</MediaTime>
<TemporalDecomposition>
<VideoSegment id="shot24_33_RKF">
<MediaTime>
<MediaTimePoint>T00:10:53:1572F30000</MediaTimePoint>
</MediaTime>
</VideoSegment>
</TemporalDecomposition>
</VideoSegment>
<VideoSegment id="shot24_34">
<MediaTime>
<MediaTimePoint>T00:11:05:15946F30000</MediaTimePoint>
<MediaDuration>PT00H00M14S23443N30000F</MediaDuration>
</MediaTime>
<TemporalDecomposition>
<VideoSegment id="shot24_34_RKF">
<MediaTime>
<MediaTimePoint>T00:11:12:27167F30000</MediaTimePoint>
</MediaTime>
</VideoSegment>
</TemporalDecomposition>
</VideoSegment>
<VideoSegment id="shot24_35">
<MediaTime>
<MediaTimePoint>T00:11:20:9389F30000</MediaTimePoint>
<MediaDuration>PT00H00M06S23203N30000F</MediaDuration>
</MediaTime>
<TemporalDecomposition>
<VideoSegment id="shot24_35_RKF">
<MediaTime>
<MediaTimePoint>T00:11:23:20490F30000</MediaTimePoint>
</MediaTime>
</VideoSegment>
</TemporalDecomposition>
</VideoSegment>
<VideoSegment id="shot24_36">
<MediaTime>
<MediaTimePoint>T00:11:27:2592F30000</MediaTimePoint>
<MediaDuration>PT00H00M03S13103N30000F</MediaDuration>
</MediaTime>
<TemporalDecomposition>
<VideoSegment id="shot24_36_RKF">
<MediaTime>
<MediaTimePoint>T00:11:28:23643F30000</MediaTimePoint>
</MediaTime>
</VideoSegment>
</TemporalDecomposition>
</VideoSegment>
<VideoSegment id="shot24_37">
<MediaTime>
<MediaTimePoint>T00:11:30:15695F30000</MediaTimePoint>
<MediaDuration>PT00H00M06S6186N30000F</MediaDuration>
</MediaTime>
<TemporalDecomposition>
<VideoSegment id="shot24_37_RKF">
<MediaTime>
<MediaTimePoint>T00:11:33:17787F30000</MediaTimePoint>
</MediaTime>
</VideoSegment>
</TemporalDecomposition>
</VideoSegment>
<VideoSegment id="shot24_38">
<MediaTime>
<MediaTimePoint>T00:11:36:21881F30000</MediaTimePoint>
<MediaDuration>PT00H00M03S24114N30000F</MediaDuration>
</MediaTime>
<TemporalDecomposition>
<VideoSegment id="shot24_38_RKF">
<MediaTime>
<MediaTimePoint>T00:11:38:17937F30000</MediaTimePoint>
</MediaTime>
</VideoSegment>
</TemporalDecomposition>
</VideoSegment>
<VideoSegment id="shot24_39">
<MediaTime>
<MediaTimePoint>T00:11:40:15995F30000</MediaTimePoint>
<MediaDuration>PT00H00M16S26506N30000F</MediaDuration>
</MediaTime>
<TemporalDecomposition>
<VideoSegment id="shot24_39_RKF">
<MediaTime>
<MediaTimePoint>T00:11:48:28247F30000</MediaTimePoint>
</MediaTime>
</VideoSegment>
</TemporalDecomposition>
</VideoSegment>
<VideoSegment id="shot24_40">
<MediaTime>
<MediaTimePoint>T00:11:57:12501F30000</MediaTimePoint>
<MediaDuration>PT00H00M03S25115N30000F</MediaDuration>
</MediaTime>
<TemporalDecomposition>
<VideoSegment id="shot24_40_RKF">
<MediaTime>
<MediaTimePoint>T00:11:59:9558F30000</MediaTimePoint>
</MediaTime>
</VideoSegment>
</TemporalDecomposition>
</VideoSegment>
<VideoSegment id="shot24_41">
<MediaTime>
<MediaTimePoint>T00:12:01:7616F30000</MediaTimePoint>
<MediaDuration>PT00H00M09S3273N30000F</MediaDuration>
</MediaTime>
<TemporalDecomposition>
<VideoSegment id="shot24_41_RKF">
<MediaTime>
<MediaTimePoint>T00:12:05:23752F30000</MediaTimePoint>
</MediaTime>
</VideoSegment>
</TemporalDecomposition>
</VideoSegment>
<VideoSegment id="shot24_42">
<MediaTime>
<MediaTimePoint>T00:12:10:10889F30000</MediaTimePoint>
<MediaDuration>PT00H00M04S120N30000F</MediaDuration>
</MediaTime>
<TemporalDecomposition>
<VideoSegment id="shot24_42_RKF">
<MediaTime>
<MediaTimePoint>T00:12:12:9948F30000</MediaTimePoint>
</MediaTime>
</VideoSegment>
</TemporalDecomposition>
</VideoSegment>
<VideoSegment id="shot24_43">
<MediaTime>
<MediaTimePoint>T00:12:14:11009F30000</MediaTimePoint>
<MediaDuration>PT00H00M04S17137N30000F</MediaDuration>
</MediaTime>
<TemporalDecomposition>
<VideoSegment id="shot24_43_RKF">
<MediaTime>
<MediaTimePoint>T00:12:16:19077F30000</MediaTimePoint>
</MediaTime>
</VideoSegment>
</TemporalDecomposition>
</VideoSegment>
<VideoSegment id="shot24_44">
<MediaTime>
<MediaTimePoint>T00:12:18:28146F30000</MediaTimePoint>
<MediaDuration>PT00H00M12S17377N30000F</MediaDuration>
</MediaTime>
<TemporalDecomposition>
<VideoSegment id="shot24_44_RKF">
<MediaTime>
<MediaTimePoint>T00:12:25:6334F30000</MediaTimePoint>
</MediaTime>
</VideoSegment>
</TemporalDecomposition>
</VideoSegment>
<VideoSegment id="shot24_45">
<MediaTime>
<MediaTimePoint>T00:12:31:15523F30000</MediaTimePoint>
<MediaDuration>PT00H00M07S24234N30000F</MediaDuration>
</MediaTime>
<TemporalDecomposition>
<VideoSegment id="shot24_45_RKF">
<MediaTime>
<MediaTimePoint>T00:12:35:11639F30000</MediaTimePoint>
</MediaTime>
</VideoSegment>
</TemporalDecomposition>
</VideoSegment>
<VideoSegment id="shot24_46">
<MediaTime>
<MediaTimePoint>T00:12:39:9757F30000</MediaTimePoint>
<MediaDuration>PT00H00M15S12462N30000F</MediaDuration>
</MediaTime>
<TemporalDecomposition>
<VideoSegment id="shot24_46_RKF">
<MediaTime>
<MediaTimePoint>T00:12:46:29987F30000</MediaTimePoint>
</MediaTime>
</VideoSegment>
</TemporalDecomposition>
</VideoSegment>
<VideoSegment id="shot24_47">
<MediaTime>
<MediaTimePoint>T00:12:54:22219F30000</MediaTimePoint>
<MediaDuration>PT00H00M05S29179N30000F</MediaDuration>
</MediaTime>
<TemporalDecomposition>
<VideoSegment id="shot24_47_RKF">
<MediaTime>
<MediaTimePoint>T00:12:57:21308F30000</MediaTimePoint>
</MediaTime>
</VideoSegment>
</TemporalDecomposition>
</VideoSegment>
<VideoSegment id="shot24_48">
<MediaTime>
<MediaTimePoint>T00:13:00:21398F30000</MediaTimePoint>
<MediaDuration>PT00H00M09S18288N30000F</MediaDuration>
</MediaTime>
<TemporalDecomposition>
<VideoSegment id="shot24_48_RKF">
<MediaTime>
<MediaTimePoint>T00:13:05:14541F30000</MediaTimePoint>
</MediaTime>
</VideoSegment>
</TemporalDecomposition>
</VideoSegment>
<VideoSegment id="shot24_49">
<MediaTime>
<MediaTimePoint>T00:13:10:9686F30000</MediaTimePoint>
<MediaDuration>PT00H00M04S21141N30000F</MediaDuration>
</MediaTime>
<TemporalDecomposition>
<VideoSegment id="shot24_49_RKF">
<MediaTime>
<MediaTimePoint>T00:13:12:19756F30000</MediaTimePoint>
</MediaTime>
</VideoSegment>
</TemporalDecomposition>
</VideoSegment>
<VideoSegment id="shot24_50">
<MediaTime>
<MediaTimePoint>T00:13:15:827F30000</MediaTimePoint>
<MediaDuration>PT00H00M13S14404N30000F</MediaDuration>
</MediaTime>
<TemporalDecomposition>
<VideoSegment id="shot24_50_RKF">
<MediaTime>
<MediaTimePoint>T00:13:21:22028F30000</MediaTimePoint>
</MediaTime>
</VideoSegment>
</TemporalDecomposition>
</VideoSegment>
<VideoSegment id="shot24_51">
<MediaTime>
<MediaTimePoint>T00:13:28:15231F30000</MediaTimePoint>
<MediaDuration>PT00H00M36S24103N30000F</MediaDuration>
</MediaTime>
<TemporalDecomposition>
<VideoSegment id="shot24_51_NRKF_1">
<MediaTime>
<MediaTimePoint>T00:13:28:23239F30000</MediaTimePoint>
</MediaTime>
</VideoSegment>
<VideoSegment id="shot24_51_RKF">
<MediaTime>
<MediaTimePoint>T00:13:46:26782F30000</MediaTimePoint>
</MediaTime>
</VideoSegment>
<VideoSegment id="shot24_51_NRKF_2">
<MediaTime>
<MediaTimePoint>T00:13:47:5791F30000</MediaTimePoint>
</MediaTime>
</VideoSegment>
</TemporalDecomposition>
</VideoSegment>
<VideoSegment id="shot24_52">
<MediaTime>
<MediaTimePoint>T00:14:05:9334F30000</MediaTimePoint>
<MediaDuration>PT00H00M04S14134N30000F</MediaDuration>
</MediaTime>
<TemporalDecomposition>
<VideoSegment id="shot24_52_RKF">
<MediaTime>
<MediaTimePoint>T00:14:07:15400F30000</MediaTimePoint>
</MediaTime>
</VideoSegment>
</TemporalDecomposition>
</VideoSegment>
<VideoSegment id="shot24_53">
<MediaTime>
<MediaTimePoint>T00:14:09:23468F30000</MediaTimePoint>
<MediaDuration>PT00H00M28S25865N30000F</MediaDuration>
</MediaTime>
<TemporalDecomposition>
<VideoSegment id="shot24_53_RKF">
<MediaTime>
<MediaTimePoint>T00:14:24:5900F30000</MediaTimePoint>
</MediaTime>
</VideoSegment>
</TemporalDecomposition>
</VideoSegment>
<VideoSegment id="shot24_54">
<MediaTime>
<MediaTimePoint>T00:14:38:19333F30000</MediaTimePoint>
<MediaDuration>PT00H00M05S12162N30000F</MediaDuration>
</MediaTime>
<TemporalDecomposition>
<VideoSegment id="shot24_54_RKF">
<MediaTime>
<MediaTimePoint>T00:14:41:9413F30000</MediaTimePoint>
</MediaTime>
</VideoSegment>
</TemporalDecomposition>
</VideoSegment>
<VideoSegment id="shot24_55">
<MediaTime>
<MediaTimePoint>T00:14:44:1495F30000</MediaTimePoint>
<MediaDuration>PT00H00M05S26176N30000F</MediaDuration>
</MediaTime>
<TemporalDecomposition>
<VideoSegment id="shot24_55_RKF">
<MediaTime>
<MediaTimePoint>T00:14:46:28582F30000</MediaTimePoint>
</MediaTime>
</VideoSegment>
</TemporalDecomposition>
</VideoSegment>
<VideoSegment id="shot24_56">
<MediaTime>
<MediaTimePoint>T00:14:49:27671F30000</MediaTimePoint>
<MediaDuration>PT00H00M39S23192N30000F</MediaDuration>
</MediaTime>
<TemporalDecomposition>
<VideoSegment id="shot24_56_RKF">
<MediaTime>
<MediaTimePoint>T00:15:09:23266F30000</MediaTimePoint>
</MediaTime>
</VideoSegment>
</TemporalDecomposition>
</VideoSegment>
<VideoSegment id="shot24_57">
<MediaTime>
<MediaTimePoint>T00:15:29:20863F30000</MediaTimePoint>
<MediaDuration>PT00H00M27S22832N30000F</MediaDuration>
</MediaTime>
<TemporalDecomposition>
<VideoSegment id="shot24_57_RKF">
<MediaTime>
<MediaTimePoint>T00:15:43:16278F30000</MediaTimePoint>
</MediaTime>
</VideoSegment>
</TemporalDecomposition>
</VideoSegment>
<VideoSegment id="shot24_58">
<MediaTime>
<MediaTimePoint>T00:15:57:13695F30000</MediaTimePoint>
<MediaDuration>PT00H02M57S2307N30000F</MediaDuration>
</MediaTime>
<TemporalDecomposition>
<VideoSegment id="shot24_58_RKF">
<MediaTime>
<MediaTimePoint>T00:17:25:29348F30000</MediaTimePoint>
</MediaTime>
</VideoSegment>
</TemporalDecomposition>
</VideoSegment>
<VideoSegment id="shot24_59">
<MediaTime>
<MediaTimePoint>T00:18:54:16002F30000</MediaTimePoint>
<MediaDuration>PT00H00M27S21831N30000F</MediaDuration>
</MediaTime>
<TemporalDecomposition>
<VideoSegment id="shot24_59_RKF">
<MediaTime>
<MediaTimePoint>T00:19:08:11417F30000</MediaTimePoint>
</MediaTime>
</VideoSegment>
</TemporalDecomposition>
</VideoSegment>
<VideoSegment id="shot24_60">
<MediaTime>
<MediaTimePoint>T00:19:22:7833F30000</MediaTimePoint>
<MediaDuration>PT00H00M04S16136N30000F</MediaDuration>
</MediaTime>
<TemporalDecomposition>
<VideoSegment id="shot24_60_RKF">
<MediaTime>
<MediaTimePoint>T00:19:24:14900F30000</MediaTimePoint>
</MediaTime>
</VideoSegment>
</TemporalDecomposition>
</VideoSegment>
<VideoSegment id="shot24_61">
<MediaTime>
<MediaTimePoint>T00:19:26:23969F30000</MediaTimePoint>
<MediaDuration>PT00H00M03S15105N30000F</MediaDuration>
</MediaTime>
<TemporalDecomposition>
<VideoSegment id="shot24_61_RKF">
<MediaTime>
<MediaTimePoint>T00:19:28:16021F30000</MediaTimePoint>
</MediaTime>
</VideoSegment>
</TemporalDecomposition>
</VideoSegment>
<VideoSegment id="shot24_62">
<MediaTime>
<MediaTimePoint>T00:19:30:9074F30000</MediaTimePoint>
<MediaDuration>PT00H00M39S23192N30000F</MediaDuration>
</MediaTime>
<TemporalDecomposition>
<VideoSegment id="shot24_62_RKF">
<MediaTime>
<MediaTimePoint>T00:19:50:4669F30000</MediaTimePoint>
</MediaTime>
</VideoSegment>
</TemporalDecomposition>
</VideoSegment>
<VideoSegment id="shot24_63">
<MediaTime>
<MediaTimePoint>T00:20:10:2266F30000</MediaTimePoint>
<MediaDuration>PT00H00M03S6096N30000F</MediaDuration>
</MediaTime>
<TemporalDecomposition>
<VideoSegment id="shot24_63_RKF">
<MediaTime>
<MediaTimePoint>T00:20:11:19313F30000</MediaTimePoint>
</MediaTime>
</VideoSegment>
</TemporalDecomposition>
</VideoSegment>
<VideoSegment id="shot24_64">
<MediaTime>
<MediaTimePoint>T00:20:13:8362F30000</MediaTimePoint>
<MediaDuration>PT00H02M18S23159N30000F</MediaDuration>
</MediaTime>
<TemporalDecomposition>
<VideoSegment id="shot24_64_RKF">
<MediaTime>
<MediaTimePoint>T00:21:22:19441F30000</MediaTimePoint>
</MediaTime>
</VideoSegment>
</TemporalDecomposition>
</VideoSegment>
<VideoSegment id="shot24_65">
<MediaTime>
<MediaTimePoint>T00:22:32:1521F30000</MediaTimePoint>
<MediaDuration>PT00H00M44S15334N30000F</MediaDuration>
</MediaTime>
<TemporalDecomposition>
<VideoSegment id="shot24_65_RKF">
<MediaTime>
<MediaTimePoint>T00:22:54:8187F30000</MediaTimePoint>
</MediaTime>
</VideoSegment>
</TemporalDecomposition>
</VideoSegment>
<VideoSegment id="shot24_66">
<MediaTime>
<MediaTimePoint>T00:23:16:16855F30000</MediaTimePoint>
<MediaDuration>PT00H00M04S8128N30000F</MediaDuration>
</MediaTime>
<TemporalDecomposition>
<VideoSegment id="shot24_66_RKF">
<MediaTime>
<MediaTimePoint>T00:23:18:19918F30000</MediaTimePoint>
</MediaTime>
</VideoSegment>
</TemporalDecomposition>
</VideoSegment>
<VideoSegment id="shot24_67">
<MediaTime>
<MediaTimePoint>T00:23:20:24983F30000</MediaTimePoint>
<MediaDuration>PT00H01M06S24002N30000F</MediaDuration>
</MediaTime>
<TemporalDecomposition>
<VideoSegment id="shot24_67_RKF">
<MediaTime>
<MediaTimePoint>T00:23:54:5983F30000</MediaTimePoint>
</MediaTime>
</VideoSegment>
</TemporalDecomposition>
</VideoSegment>
<VideoSegment id="shot24_68">
<MediaTime>
<MediaTimePoint>T00:24:27:18985F30000</MediaTimePoint>
<MediaDuration>PT00H00M17S27537N30000F</MediaDuration>
</MediaTime>
<TemporalDecomposition>
<VideoSegment id="shot24_68_RKF">
<MediaTime>
<MediaTimePoint>T00:24:36:17253F30000</MediaTimePoint>
</MediaTime>
</VideoSegment>
</TemporalDecomposition>
</VideoSegment>
<VideoSegment id="shot24_69">
<MediaTime>
<MediaTimePoint>T00:24:45:16522F30000</MediaTimePoint>
<MediaDuration>PT00H01M57S11518N30000F</MediaDuration>
</MediaTime>
<TemporalDecomposition>
<VideoSegment id="shot24_69_RKF">
<MediaTime>
<MediaTimePoint>T00:25:44:6280F30000</MediaTimePoint>
</MediaTime>
</VideoSegment>
</TemporalDecomposition>
</VideoSegment>
<VideoSegment id="shot24_70">
<MediaTime>
<MediaTimePoint>T00:26:42:28040F30000</MediaTimePoint>
<MediaDuration>PT00H00M27S6816N30000F</MediaDuration>
</MediaTime>
<TemporalDecomposition>
<VideoSegment id="shot24_70_RKF">
<MediaTime>
<MediaTimePoint>T00:26:56:15447F30000</MediaTimePoint>
</MediaTime>
</VideoSegment>
</TemporalDecomposition>
</VideoSegment>
<VideoSegment id="shot24_71">
<MediaTime>
<MediaTimePoint>T00:27:10:4856F30000</MediaTimePoint>
<MediaDuration>PT00H00M24S11731N30000F</MediaDuration>
</MediaTime>
<TemporalDecomposition>
<VideoSegment id="shot24_71_RKF">
<MediaTime>
<MediaTimePoint>T00:27:22:10221F30000</MediaTimePoint>
</MediaTime>
</VideoSegment>
</TemporalDecomposition>
</VideoSegment>
<VideoSegment id="shot24_72">
<MediaTime>
<MediaTimePoint>T00:27:34:16587F30000</MediaTimePoint>
<MediaDuration>PT00H00M05S21171N30000F</MediaDuration>
</MediaTime>
<TemporalDecomposition>
<VideoSegment id="shot24_72_RKF">
<MediaTime>
<MediaTimePoint>T00:27:37:11672F30000</MediaTimePoint>
</MediaTime>
</VideoSegment>
</TemporalDecomposition>
</VideoSegment>
<VideoSegment id="shot24_73">
<MediaTime>
<MediaTimePoint>T00:27:40:7758F30000</MediaTimePoint>
<MediaDuration>PT00H00M21S14644N30000F</MediaDuration>
</MediaTime>
<TemporalDecomposition>
<VideoSegment id="shot24_73_RKF">
<MediaTime>
<MediaTimePoint>T00:27:50:29079F30000</MediaTimePoint>
</MediaTime>
</VideoSegment>
</TemporalDecomposition>
</VideoSegment>
<VideoSegment id="shot24_74">
<MediaTime>
<MediaTimePoint>T00:28:01:22402F30000</MediaTimePoint>
<MediaDuration>PT00H00M11S330N30000F</MediaDuration>
</MediaTime>
<TemporalDecomposition>
<VideoSegment id="shot24_74_RKF">
<MediaTime>
<MediaTimePoint>T00:28:07:6566F30000</MediaTimePoint>
</MediaTime>
</VideoSegment>
</TemporalDecomposition>
</VideoSegment>
<VideoSegment id="shot24_75">
<MediaTime>
<MediaTimePoint>T00:28:12:22732F30000</MediaTimePoint>
<MediaDuration>PT00H00M07S7217N30000F</MediaDuration>
</MediaTime>
<TemporalDecomposition>
<VideoSegment id="shot24_75_RKF">
<MediaTime>
<MediaTimePoint>T00:28:16:10840F30000</MediaTimePoint>
</MediaTime>
</VideoSegment>
</TemporalDecomposition>
</VideoSegment>
</TemporalDecomposition>
</Video>
</MultimediaContent>
</Description>
</Mpeg7>
