<?xml version="1.0" encoding="UTF-8"?>
<Mpeg7 xmlns="urn:mpeg:mpeg7:schema:2001" xmlns:mpeg7="urn:mpeg:mpeg7:schema:2001" xmlns:xsi="http://www.w3.org/2001/XMLSchema-instance">
<Description xsi:type="ContentEntityType">
<MultimediaContent xsi:type="VideoType">
<Video id="TRECVID2005_246">
<MediaLocator>
<MediaUri>20041112_110001_MSNBC_MSNBCNEWS11_ENG.mpg</MediaUri>
</MediaLocator>
<MediaTime>
<MediaTimePoint>T00:00:00:0F30000</MediaTimePoint>
<MediaDuration>PT00H28M18S29919N30000F</MediaDuration>
</MediaTime>
<TemporalDecomposition gap="false" overlap="false">
<VideoSegment id="shot246_1">
<MediaTime>
<MediaTimePoint>T00:00:00:0F30000</MediaTimePoint>
<MediaDuration>PT00H00M02S18078N30000F</MediaDuration>
</MediaTime>
<TemporalDecomposition>
<VideoSegment id="shot246_1_RKF">
<MediaTime>
<MediaTimePoint>T00:00:01:8038F30000</MediaTimePoint>
</MediaTime>
</VideoSegment>
</TemporalDecomposition>
</VideoSegment>
<VideoSegment id="shot246_2">
<MediaTime>
<MediaTimePoint>T00:00:02:18078F30000</MediaTimePoint>
<MediaDuration>PT00H00M11S14344N30000F</MediaDuration>
</MediaTime>
<TemporalDecomposition>
<VideoSegment id="shot246_2_NRKF_1">
<MediaTime>
<MediaTimePoint>T00:00:03:14104F30000</MediaTimePoint>
</MediaTime>
</VideoSegment>
<VideoSegment id="shot246_2_RKF">
<MediaTime>
<MediaTimePoint>T00:00:08:9249F30000</MediaTimePoint>
</MediaTime>
</VideoSegment>
<VideoSegment id="shot246_2_NRKF_2">
<MediaTime>
<MediaTimePoint>T00:00:09:6276F30000</MediaTimePoint>
</MediaTime>
</VideoSegment>
</TemporalDecomposition>
</VideoSegment>
<VideoSegment id="shot246_3">
<MediaTime>
<MediaTimePoint>T00:00:14:2422F30000</MediaTimePoint>
<MediaDuration>PT00H00M04S27147N30000F</MediaDuration>
</MediaTime>
<TemporalDecomposition>
<VideoSegment id="shot246_3_RKF">
<MediaTime>
<MediaTimePoint>T00:00:16:15495F30000</MediaTimePoint>
</MediaTime>
</VideoSegment>
</TemporalDecomposition>
</VideoSegment>
<VideoSegment id="shot246_4">
<MediaTime>
<MediaTimePoint>T00:00:18:29569F30000</MediaTimePoint>
<MediaDuration>PT00H00M10S11311N30000F</MediaDuration>
</MediaTime>
<TemporalDecomposition>
<VideoSegment id="shot246_4_RKF">
<MediaTime>
<MediaTimePoint>T00:00:24:4724F30000</MediaTimePoint>
</MediaTime>
</VideoSegment>
</TemporalDecomposition>
</VideoSegment>
<VideoSegment id="shot246_5">
<MediaTime>
<MediaTimePoint>T00:00:29:10880F30000</MediaTimePoint>
<MediaDuration>PT00H00M14S4424N30000F</MediaDuration>
</MediaTime>
<TemporalDecomposition>
<VideoSegment id="shot246_5_NRKF_1">
<MediaTime>
<MediaTimePoint>T00:00:29:13883F30000</MediaTimePoint>
</MediaTime>
</VideoSegment>
<VideoSegment id="shot246_5_NRKF_2">
<MediaTime>
<MediaTimePoint>T00:00:29:18888F30000</MediaTimePoint>
</MediaTime>
</VideoSegment>
<VideoSegment id="shot246_5_RKF">
<MediaTime>
<MediaTimePoint>T00:00:36:12091F30000</MediaTimePoint>
</MediaTime>
</VideoSegment>
<VideoSegment id="shot246_5_NRKF_3">
<MediaTime>
<MediaTimePoint>T00:00:36:17096F30000</MediaTimePoint>
</MediaTime>
</VideoSegment>
</TemporalDecomposition>
</VideoSegment>
<VideoSegment id="shot246_6">
<MediaTime>
<MediaTimePoint>T00:00:43:15304F30000</MediaTimePoint>
<MediaDuration>PT00H00M02S21081N30000F</MediaDuration>
</MediaTime>
<TemporalDecomposition>
<VideoSegment id="shot246_6_NRKF_1">
<MediaTime>
<MediaTimePoint>T00:00:43:19308F30000</MediaTimePoint>
</MediaTime>
</VideoSegment>
<VideoSegment id="shot246_6_RKF">
<MediaTime>
<MediaTimePoint>T00:00:44:25344F30000</MediaTimePoint>
</MediaTime>
</VideoSegment>
<VideoSegment id="shot246_6_NRKF_2">
<MediaTime>
<MediaTimePoint>T00:00:45:349F30000</MediaTimePoint>
</MediaTime>
</VideoSegment>
</TemporalDecomposition>
</VideoSegment>
<VideoSegment id="shot246_7">
<MediaTime>
<MediaTimePoint>T00:00:46:6385F30000</MediaTimePoint>
<MediaDuration>PT00H00M02S23083N30000F</MediaDuration>
</MediaTime>
<TemporalDecomposition>
<VideoSegment id="shot246_7_RKF">
<MediaTime>
<MediaTimePoint>T00:00:47:17426F30000</MediaTimePoint>
</MediaTime>
</VideoSegment>
</TemporalDecomposition>
</VideoSegment>
<VideoSegment id="shot246_8">
<MediaTime>
<MediaTimePoint>T00:00:48:29468F30000</MediaTimePoint>
<MediaDuration>PT00H00M02S22082N30000F</MediaDuration>
</MediaTime>
<TemporalDecomposition>
<VideoSegment id="shot246_8_RKF">
<MediaTime>
<MediaTimePoint>T00:00:50:9508F30000</MediaTimePoint>
</MediaTime>
</VideoSegment>
</TemporalDecomposition>
</VideoSegment>
<VideoSegment id="shot246_9">
<MediaTime>
<MediaTimePoint>T00:00:51:21550F30000</MediaTimePoint>
<MediaDuration>PT00H00M02S2062N30000F</MediaDuration>
</MediaTime>
<TemporalDecomposition>
<VideoSegment id="shot246_9_NRKF_1">
<MediaTime>
<MediaTimePoint>T00:00:51:25554F30000</MediaTimePoint>
</MediaTime>
</VideoSegment>
<VideoSegment id="shot246_9_RKF">
<MediaTime>
<MediaTimePoint>T00:00:52:21580F30000</MediaTimePoint>
</MediaTime>
</VideoSegment>
<VideoSegment id="shot246_9_NRKF_2">
<MediaTime>
<MediaTimePoint>T00:00:52:26585F30000</MediaTimePoint>
</MediaTime>
</VideoSegment>
</TemporalDecomposition>
</VideoSegment>
<VideoSegment id="shot246_10">
<MediaTime>
<MediaTimePoint>T00:00:53:23612F30000</MediaTimePoint>
<MediaDuration>PT00H00M04S120N30000F</MediaDuration>
</MediaTime>
<TemporalDecomposition>
<VideoSegment id="shot246_10_RKF">
<MediaTime>
<MediaTimePoint>T00:00:55:22671F30000</MediaTimePoint>
</MediaTime>
</VideoSegment>
</TemporalDecomposition>
</VideoSegment>
<VideoSegment id="shot246_11">
<MediaTime>
<MediaTimePoint>T00:00:57:23732F30000</MediaTimePoint>
<MediaDuration>PT00H00M03S9099N30000F</MediaDuration>
</MediaTime>
<TemporalDecomposition>
<VideoSegment id="shot246_11_NRKF_1">
<MediaTime>
<MediaTimePoint>T00:00:58:21760F30000</MediaTimePoint>
</MediaTime>
</VideoSegment>
<VideoSegment id="shot246_11_RKF">
<MediaTime>
<MediaTimePoint>T00:00:59:12781F30000</MediaTimePoint>
</MediaTime>
</VideoSegment>
<VideoSegment id="shot246_11_NRKF_2">
<MediaTime>
<MediaTimePoint>T00:01:00:10809F30000</MediaTimePoint>
</MediaTime>
</VideoSegment>
</TemporalDecomposition>
</VideoSegment>
<VideoSegment id="shot246_12">
<MediaTime>
<MediaTimePoint>T00:01:01:2831F30000</MediaTimePoint>
<MediaDuration>PT00H00M05S22172N30000F</MediaDuration>
</MediaTime>
<TemporalDecomposition>
<VideoSegment id="shot246_12_RKF">
<MediaTime>
<MediaTimePoint>T00:01:03:27916F30000</MediaTimePoint>
</MediaTime>
</VideoSegment>
</TemporalDecomposition>
</VideoSegment>
<VideoSegment id="shot246_13">
<MediaTime>
<MediaTimePoint>T00:01:06:25003F30000</MediaTimePoint>
<MediaDuration>PT00H00M11S22352N30000F</MediaDuration>
</MediaTime>
<TemporalDecomposition>
<VideoSegment id="shot246_13_RKF">
<MediaTime>
<MediaTimePoint>T00:01:12:20178F30000</MediaTimePoint>
</MediaTime>
</VideoSegment>
</TemporalDecomposition>
</VideoSegment>
<VideoSegment id="shot246_14">
<MediaTime>
<MediaTimePoint>T00:01:18:17355F30000</MediaTimePoint>
<MediaDuration>PT00H00M03S15105N30000F</MediaDuration>
</MediaTime>
<TemporalDecomposition>
<VideoSegment id="shot246_14_RKF">
<MediaTime>
<MediaTimePoint>T00:01:20:9407F30000</MediaTimePoint>
</MediaTime>
</VideoSegment>
</TemporalDecomposition>
</VideoSegment>
<VideoSegment id="shot246_15">
<MediaTime>
<MediaTimePoint>T00:01:22:2460F30000</MediaTimePoint>
<MediaDuration>PT00H00M05S14164N30000F</MediaDuration>
</MediaTime>
<TemporalDecomposition>
<VideoSegment id="shot246_15_RKF">
<MediaTime>
<MediaTimePoint>T00:01:24:23541F30000</MediaTimePoint>
</MediaTime>
</VideoSegment>
</TemporalDecomposition>
</VideoSegment>
<VideoSegment id="shot246_16">
<MediaTime>
<MediaTimePoint>T00:01:27:16624F30000</MediaTimePoint>
<MediaDuration>PT00H00M04S3123N30000F</MediaDuration>
</MediaTime>
<TemporalDecomposition>
<VideoSegment id="shot246_16_RKF">
<MediaTime>
<MediaTimePoint>T00:01:29:17685F30000</MediaTimePoint>
</MediaTime>
</VideoSegment>
</TemporalDecomposition>
</VideoSegment>
<VideoSegment id="shot246_17">
<MediaTime>
<MediaTimePoint>T00:01:31:19747F30000</MediaTimePoint>
<MediaDuration>PT00H00M09S17287N30000F</MediaDuration>
</MediaTime>
<TemporalDecomposition>
<VideoSegment id="shot246_17_RKF">
<MediaTime>
<MediaTimePoint>T00:01:36:12890F30000</MediaTimePoint>
</MediaTime>
</VideoSegment>
</TemporalDecomposition>
</VideoSegment>
<VideoSegment id="shot246_18">
<MediaTime>
<MediaTimePoint>T00:01:41:7034F30000</MediaTimePoint>
<MediaDuration>PT00H01M23S12500N30000F</MediaDuration>
</MediaTime>
<TemporalDecomposition>
<VideoSegment id="shot246_18_NRKF_1">
<MediaTime>
<MediaTimePoint>T00:01:41:28055F30000</MediaTimePoint>
</MediaTime>
</VideoSegment>
<VideoSegment id="shot246_18_RKF">
<MediaTime>
<MediaTimePoint>T00:02:22:27283F30000</MediaTimePoint>
</MediaTime>
</VideoSegment>
<VideoSegment id="shot246_18_NRKF_2">
<MediaTime>
<MediaTimePoint>T00:02:23:19305F30000</MediaTimePoint>
</MediaTime>
</VideoSegment>
</TemporalDecomposition>
</VideoSegment>
<VideoSegment id="shot246_19">
<MediaTime>
<MediaTimePoint>T00:03:04:19534F30000</MediaTimePoint>
<MediaDuration>PT00H00M04S12132N30000F</MediaDuration>
</MediaTime>
<TemporalDecomposition>
<VideoSegment id="shot246_19_RKF">
<MediaTime>
<MediaTimePoint>T00:03:06:24599F30000</MediaTimePoint>
</MediaTime>
</VideoSegment>
</TemporalDecomposition>
</VideoSegment>
<VideoSegment id="shot246_20">
<MediaTime>
<MediaTimePoint>T00:03:09:1666F30000</MediaTimePoint>
<MediaDuration>PT00H00M03S24114N30000F</MediaDuration>
</MediaTime>
<TemporalDecomposition>
<VideoSegment id="shot246_20_RKF">
<MediaTime>
<MediaTimePoint>T00:03:10:27722F30000</MediaTimePoint>
</MediaTime>
</VideoSegment>
</TemporalDecomposition>
</VideoSegment>
<VideoSegment id="shot246_21">
<MediaTime>
<MediaTimePoint>T00:03:12:25780F30000</MediaTimePoint>
<MediaDuration>PT00H00M37S7116N30000F</MediaDuration>
</MediaTime>
<TemporalDecomposition>
<VideoSegment id="shot246_21_RKF">
<MediaTime>
<MediaTimePoint>T00:03:31:13337F30000</MediaTimePoint>
</MediaTime>
</VideoSegment>
</TemporalDecomposition>
</VideoSegment>
<VideoSegment id="shot246_22">
<MediaTime>
<MediaTimePoint>T00:03:50:2896F30000</MediaTimePoint>
<MediaDuration>PT00H00M24S24744N30000F</MediaDuration>
</MediaTime>
<TemporalDecomposition>
<VideoSegment id="shot246_22_RKF">
<MediaTime>
<MediaTimePoint>T00:04:02:14267F30000</MediaTimePoint>
</MediaTime>
</VideoSegment>
</TemporalDecomposition>
</VideoSegment>
<VideoSegment id="shot246_23">
<MediaTime>
<MediaTimePoint>T00:04:14:27640F30000</MediaTimePoint>
<MediaDuration>PT00H00M36S6085N30000F</MediaDuration>
</MediaTime>
<TemporalDecomposition>
<VideoSegment id="shot246_23_RKF">
<MediaTime>
<MediaTimePoint>T00:04:33:182F30000</MediaTimePoint>
</MediaTime>
</VideoSegment>
</TemporalDecomposition>
</VideoSegment>
<VideoSegment id="shot246_24">
<MediaTime>
<MediaTimePoint>T00:04:51:3725F30000</MediaTimePoint>
<MediaDuration>PT00H00M05S1151N30000F</MediaDuration>
</MediaTime>
<TemporalDecomposition>
<VideoSegment id="shot246_24_RKF">
<MediaTime>
<MediaTimePoint>T00:04:53:18800F30000</MediaTimePoint>
</MediaTime>
</VideoSegment>
</TemporalDecomposition>
</VideoSegment>
<VideoSegment id="shot246_25">
<MediaTime>
<MediaTimePoint>T00:04:56:4876F30000</MediaTimePoint>
<MediaDuration>PT00H00M11S9339N30000F</MediaDuration>
</MediaTime>
<TemporalDecomposition>
<VideoSegment id="shot246_25_RKF">
<MediaTime>
<MediaTimePoint>T00:05:01:24045F30000</MediaTimePoint>
</MediaTime>
</VideoSegment>
</TemporalDecomposition>
</VideoSegment>
<VideoSegment id="shot246_26">
<MediaTime>
<MediaTimePoint>T00:05:07:14215F30000</MediaTimePoint>
<MediaDuration>PT00H00M07S2212N30000F</MediaDuration>
</MediaTime>
<TemporalDecomposition>
<VideoSegment id="shot246_26_RKF">
<MediaTime>
<MediaTimePoint>T00:05:10:29320F30000</MediaTimePoint>
</MediaTime>
</VideoSegment>
</TemporalDecomposition>
</VideoSegment>
<VideoSegment id="shot246_27">
<MediaTime>
<MediaTimePoint>T00:05:14:16427F30000</MediaTimePoint>
<MediaDuration>PT00H00M03S13103N30000F</MediaDuration>
</MediaTime>
<TemporalDecomposition>
<VideoSegment id="shot246_27_RKF">
<MediaTime>
<MediaTimePoint>T00:05:16:7478F30000</MediaTimePoint>
</MediaTime>
</VideoSegment>
</TemporalDecomposition>
</VideoSegment>
<VideoSegment id="shot246_28">
<MediaTime>
<MediaTimePoint>T00:05:17:29530F30000</MediaTimePoint>
<MediaDuration>PT00H00M21S23653N30000F</MediaDuration>
</MediaTime>
<TemporalDecomposition>
<VideoSegment id="shot246_28_RKF">
<MediaTime>
<MediaTimePoint>T00:05:28:25856F30000</MediaTimePoint>
</MediaTime>
</VideoSegment>
</TemporalDecomposition>
</VideoSegment>
<VideoSegment id="shot246_29">
<MediaTime>
<MediaTimePoint>T00:05:39:23183F30000</MediaTimePoint>
<MediaDuration>PT00H00M13S6396N30000F</MediaDuration>
</MediaTime>
<TemporalDecomposition>
<VideoSegment id="shot246_29_RKF">
<MediaTime>
<MediaTimePoint>T00:05:46:10380F30000</MediaTimePoint>
</MediaTime>
</VideoSegment>
</TemporalDecomposition>
</VideoSegment>
<VideoSegment id="shot246_30">
<MediaTime>
<MediaTimePoint>T00:05:52:29579F30000</MediaTimePoint>
<MediaDuration>PT00H00M34S21040N30000F</MediaDuration>
</MediaTime>
<TemporalDecomposition>
<VideoSegment id="shot246_30_RKF">
<MediaTime>
<MediaTimePoint>T00:06:10:9098F30000</MediaTimePoint>
</MediaTime>
</VideoSegment>
</TemporalDecomposition>
</VideoSegment>
<VideoSegment id="shot246_31">
<MediaTime>
<MediaTimePoint>T00:06:27:20619F30000</MediaTimePoint>
<MediaDuration>PT00H00M12S15375N30000F</MediaDuration>
</MediaTime>
<TemporalDecomposition>
<VideoSegment id="shot246_31_RKF">
<MediaTime>
<MediaTimePoint>T00:06:33:27806F30000</MediaTimePoint>
</MediaTime>
</VideoSegment>
</TemporalDecomposition>
</VideoSegment>
<VideoSegment id="shot246_32">
<MediaTime>
<MediaTimePoint>T00:06:40:5994F30000</MediaTimePoint>
<MediaDuration>PT00H00M24S5725N30000F</MediaDuration>
</MediaTime>
<TemporalDecomposition>
<VideoSegment id="shot246_32_RKF">
<MediaTime>
<MediaTimePoint>T00:06:52:8356F30000</MediaTimePoint>
</MediaTime>
</VideoSegment>
</TemporalDecomposition>
</VideoSegment>
<VideoSegment id="shot246_33">
<MediaTime>
<MediaTimePoint>T00:07:04:11719F30000</MediaTimePoint>
<MediaDuration>PT00H00M04S23143N30000F</MediaDuration>
</MediaTime>
<TemporalDecomposition>
<VideoSegment id="shot246_33_RKF">
<MediaTime>
<MediaTimePoint>T00:07:06:22790F30000</MediaTimePoint>
</MediaTime>
</VideoSegment>
</TemporalDecomposition>
</VideoSegment>
<VideoSegment id="shot246_34">
<MediaTime>
<MediaTimePoint>T00:07:09:4862F30000</MediaTimePoint>
<MediaDuration>PT00H00M20S9609N30000F</MediaDuration>
</MediaTime>
<TemporalDecomposition>
<VideoSegment id="shot246_34_RKF">
<MediaTime>
<MediaTimePoint>T00:07:19:9166F30000</MediaTimePoint>
</MediaTime>
</VideoSegment>
</TemporalDecomposition>
</VideoSegment>
<VideoSegment id="shot246_35">
<MediaTime>
<MediaTimePoint>T00:07:29:14471F30000</MediaTimePoint>
<MediaDuration>PT00H00M25S9759N30000F</MediaDuration>
</MediaTime>
<TemporalDecomposition>
<VideoSegment id="shot246_35_RKF">
<MediaTime>
<MediaTimePoint>T00:07:42:3850F30000</MediaTimePoint>
</MediaTime>
</VideoSegment>
</TemporalDecomposition>
</VideoSegment>
<VideoSegment id="shot246_36">
<MediaTime>
<MediaTimePoint>T00:07:54:24230F30000</MediaTimePoint>
<MediaDuration>PT00H00M10S29329N30000F</MediaDuration>
</MediaTime>
<TemporalDecomposition>
<VideoSegment id="shot246_36_RKF">
<MediaTime>
<MediaTimePoint>T00:08:00:8394F30000</MediaTimePoint>
</MediaTime>
</VideoSegment>
</TemporalDecomposition>
</VideoSegment>
<VideoSegment id="shot246_37">
<MediaTime>
<MediaTimePoint>T00:08:05:23559F30000</MediaTimePoint>
<MediaDuration>PT00H00M04S4124N30000F</MediaDuration>
</MediaTime>
<TemporalDecomposition>
<VideoSegment id="shot246_37_RKF">
<MediaTime>
<MediaTimePoint>T00:08:07:24620F30000</MediaTimePoint>
</MediaTime>
</VideoSegment>
</TemporalDecomposition>
</VideoSegment>
<VideoSegment id="shot246_38">
<MediaTime>
<MediaTimePoint>T00:08:09:27683F30000</MediaTimePoint>
<MediaDuration>PT00H00M38S27166N30000F</MediaDuration>
</MediaTime>
<TemporalDecomposition>
<VideoSegment id="shot246_38_RKF">
<MediaTime>
<MediaTimePoint>T00:08:29:10265F30000</MediaTimePoint>
</MediaTime>
</VideoSegment>
</TemporalDecomposition>
</VideoSegment>
<VideoSegment id="shot246_39">
<MediaTime>
<MediaTimePoint>T00:08:48:24849F30000</MediaTimePoint>
<MediaDuration>PT00H00M17S8518N30000F</MediaDuration>
</MediaTime>
<TemporalDecomposition>
<VideoSegment id="shot246_39_RKF">
<MediaTime>
<MediaTimePoint>T00:08:57:13107F30000</MediaTimePoint>
</MediaTime>
</VideoSegment>
</TemporalDecomposition>
</VideoSegment>
<VideoSegment id="shot246_40">
<MediaTime>
<MediaTimePoint>T00:09:06:3367F30000</MediaTimePoint>
<MediaDuration>PT00H00M10S9309N30000F</MediaDuration>
</MediaTime>
<TemporalDecomposition>
<VideoSegment id="shot246_40_RKF">
<MediaTime>
<MediaTimePoint>T00:09:11:7521F30000</MediaTimePoint>
</MediaTime>
</VideoSegment>
</TemporalDecomposition>
</VideoSegment>
<VideoSegment id="shot246_41">
<MediaTime>
<MediaTimePoint>T00:09:16:12676F30000</MediaTimePoint>
<MediaDuration>PT00H00M05S29179N30000F</MediaDuration>
</MediaTime>
<TemporalDecomposition>
<VideoSegment id="shot246_41_RKF">
<MediaTime>
<MediaTimePoint>T00:09:19:11765F30000</MediaTimePoint>
</MediaTime>
</VideoSegment>
</TemporalDecomposition>
</VideoSegment>
<VideoSegment id="shot246_42">
<MediaTime>
<MediaTimePoint>T00:09:22:11855F30000</MediaTimePoint>
<MediaDuration>PT00H00M16S2482N30000F</MediaDuration>
</MediaTime>
<TemporalDecomposition>
<VideoSegment id="shot246_42_RKF">
<MediaTime>
<MediaTimePoint>T00:09:30:12095F30000</MediaTimePoint>
</MediaTime>
</VideoSegment>
</TemporalDecomposition>
</VideoSegment>
<VideoSegment id="shot246_43">
<MediaTime>
<MediaTimePoint>T00:09:38:14337F30000</MediaTimePoint>
<MediaDuration>PT00H00M02S21081N30000F</MediaDuration>
</MediaTime>
<TemporalDecomposition>
<VideoSegment id="shot246_43_RKF">
<MediaTime>
<MediaTimePoint>T00:09:39:24377F30000</MediaTimePoint>
</MediaTime>
</VideoSegment>
</TemporalDecomposition>
</VideoSegment>
<VideoSegment id="shot246_44">
<MediaTime>
<MediaTimePoint>T00:09:41:5418F30000</MediaTimePoint>
<MediaDuration>PT00H00M04S1121N30000F</MediaDuration>
</MediaTime>
<TemporalDecomposition>
<VideoSegment id="shot246_44_RKF">
<MediaTime>
<MediaTimePoint>T00:09:43:5478F30000</MediaTimePoint>
</MediaTime>
</VideoSegment>
</TemporalDecomposition>
</VideoSegment>
<VideoSegment id="shot246_45">
<MediaTime>
<MediaTimePoint>T00:09:45:6539F30000</MediaTimePoint>
<MediaDuration>PT00H00M05S7157N30000F</MediaDuration>
</MediaTime>
<TemporalDecomposition>
<VideoSegment id="shot246_45_NRKF_1">
<MediaTime>
<MediaTimePoint>T00:09:46:3566F30000</MediaTimePoint>
</MediaTime>
</VideoSegment>
<VideoSegment id="shot246_45_RKF">
<MediaTime>
<MediaTimePoint>T00:09:47:24617F30000</MediaTimePoint>
</MediaTime>
</VideoSegment>
<VideoSegment id="shot246_45_NRKF_2">
<MediaTime>
<MediaTimePoint>T00:09:48:21644F30000</MediaTimePoint>
</MediaTime>
</VideoSegment>
</TemporalDecomposition>
</VideoSegment>
<VideoSegment id="shot246_46">
<MediaTime>
<MediaTimePoint>T00:09:50:13696F30000</MediaTimePoint>
<MediaDuration>PT00H00M05S13163N30000F</MediaDuration>
</MediaTime>
<TemporalDecomposition>
<VideoSegment id="shot246_46_RKF">
<MediaTime>
<MediaTimePoint>T00:09:53:4777F30000</MediaTimePoint>
</MediaTime>
</VideoSegment>
</TemporalDecomposition>
</VideoSegment>
<VideoSegment id="shot246_47">
<MediaTime>
<MediaTimePoint>T00:09:55:26859F30000</MediaTimePoint>
<MediaDuration>PT00H00M06S27207N30000F</MediaDuration>
</MediaTime>
<TemporalDecomposition>
<VideoSegment id="shot246_47_NRKF_1">
<MediaTime>
<MediaTimePoint>T00:09:56:5868F30000</MediaTimePoint>
</MediaTime>
</VideoSegment>
<VideoSegment id="shot246_47_RKF">
<MediaTime>
<MediaTimePoint>T00:09:59:9962F30000</MediaTimePoint>
</MediaTime>
</VideoSegment>
<VideoSegment id="shot246_47_NRKF_2">
<MediaTime>
<MediaTimePoint>T00:09:59:19972F30000</MediaTimePoint>
</MediaTime>
</VideoSegment>
</TemporalDecomposition>
</VideoSegment>
<VideoSegment id="shot246_48">
<MediaTime>
<MediaTimePoint>T00:10:02:24066F30000</MediaTimePoint>
<MediaDuration>PT00H00M05S18168N30000F</MediaDuration>
</MediaTime>
<TemporalDecomposition>
<VideoSegment id="shot246_48_RKF">
<MediaTime>
<MediaTimePoint>T00:10:05:17149F30000</MediaTimePoint>
</MediaTime>
</VideoSegment>
</TemporalDecomposition>
</VideoSegment>
<VideoSegment id="shot246_49">
<MediaTime>
<MediaTimePoint>T00:10:08:12234F30000</MediaTimePoint>
<MediaDuration>PT00H00M06S14194N30000F</MediaDuration>
</MediaTime>
<TemporalDecomposition>
<VideoSegment id="shot246_49_RKF">
<MediaTime>
<MediaTimePoint>T00:10:11:18330F30000</MediaTimePoint>
</MediaTime>
</VideoSegment>
</TemporalDecomposition>
</VideoSegment>
<VideoSegment id="shot246_50">
<MediaTime>
<MediaTimePoint>T00:10:14:26428F30000</MediaTimePoint>
<MediaDuration>PT00H00M04S25145N30000F</MediaDuration>
</MediaTime>
<TemporalDecomposition>
<VideoSegment id="shot246_50_RKF">
<MediaTime>
<MediaTimePoint>T00:10:17:8500F30000</MediaTimePoint>
</MediaTime>
</VideoSegment>
</TemporalDecomposition>
</VideoSegment>
<VideoSegment id="shot246_51">
<MediaTime>
<MediaTimePoint>T00:10:19:21573F30000</MediaTimePoint>
<MediaDuration>PT00H00M14S15435N30000F</MediaDuration>
</MediaTime>
<TemporalDecomposition>
<VideoSegment id="shot246_51_NRKF_1">
<MediaTime>
<MediaTimePoint>T00:10:20:9591F30000</MediaTimePoint>
</MediaTime>
</VideoSegment>
<VideoSegment id="shot246_51_RKF">
<MediaTime>
<MediaTimePoint>T00:10:26:28790F30000</MediaTimePoint>
</MediaTime>
</VideoSegment>
<VideoSegment id="shot246_51_NRKF_2">
<MediaTime>
<MediaTimePoint>T00:10:27:16808F30000</MediaTimePoint>
</MediaTime>
</VideoSegment>
</TemporalDecomposition>
</VideoSegment>
<VideoSegment id="shot246_52">
<MediaTime>
<MediaTimePoint>T00:10:34:7008F30000</MediaTimePoint>
<MediaDuration>PT00H00M17S29539N30000F</MediaDuration>
</MediaTime>
<TemporalDecomposition>
<VideoSegment id="shot246_52_RKF">
<MediaTime>
<MediaTimePoint>T00:10:43:6277F30000</MediaTimePoint>
</MediaTime>
</VideoSegment>
</TemporalDecomposition>
</VideoSegment>
<VideoSegment id="shot246_53">
<MediaTime>
<MediaTimePoint>T00:10:52:6547F30000</MediaTimePoint>
<MediaDuration>PT00H00M03S15105N30000F</MediaDuration>
</MediaTime>
<TemporalDecomposition>
<VideoSegment id="shot246_53_RKF">
<MediaTime>
<MediaTimePoint>T00:10:53:28599F30000</MediaTimePoint>
</MediaTime>
</VideoSegment>
</TemporalDecomposition>
</VideoSegment>
<VideoSegment id="shot246_54">
<MediaTime>
<MediaTimePoint>T00:10:55:21652F30000</MediaTimePoint>
<MediaDuration>PT00H00M11S20350N30000F</MediaDuration>
</MediaTime>
<TemporalDecomposition>
<VideoSegment id="shot246_54_RKF">
<MediaTime>
<MediaTimePoint>T00:11:01:15826F30000</MediaTimePoint>
</MediaTime>
</VideoSegment>
</TemporalDecomposition>
</VideoSegment>
<VideoSegment id="shot246_55">
<MediaTime>
<MediaTimePoint>T00:11:07:12002F30000</MediaTimePoint>
<MediaDuration>PT00H00M05S25175N30000F</MediaDuration>
</MediaTime>
<TemporalDecomposition>
<VideoSegment id="shot246_55_RKF">
<MediaTime>
<MediaTimePoint>T00:11:10:9089F30000</MediaTimePoint>
</MediaTime>
</VideoSegment>
</TemporalDecomposition>
</VideoSegment>
<VideoSegment id="shot246_56">
<MediaTime>
<MediaTimePoint>T00:11:13:7177F30000</MediaTimePoint>
<MediaDuration>PT00H00M06S23203N30000F</MediaDuration>
</MediaTime>
<TemporalDecomposition>
<VideoSegment id="shot246_56_RKF">
<MediaTime>
<MediaTimePoint>T00:11:16:18278F30000</MediaTimePoint>
</MediaTime>
</VideoSegment>
</TemporalDecomposition>
</VideoSegment>
<VideoSegment id="shot246_57">
<MediaTime>
<MediaTimePoint>T00:11:20:380F30000</MediaTimePoint>
<MediaDuration>PT00H00M19S17587N30000F</MediaDuration>
</MediaTime>
<TemporalDecomposition>
<VideoSegment id="shot246_57_RKF">
<MediaTime>
<MediaTimePoint>T00:11:29:23673F30000</MediaTimePoint>
</MediaTime>
</VideoSegment>
</TemporalDecomposition>
</VideoSegment>
<VideoSegment id="shot246_58">
<MediaTime>
<MediaTimePoint>T00:11:39:17967F30000</MediaTimePoint>
<MediaDuration>PT00H00M29S23893N30000F</MediaDuration>
</MediaTime>
<TemporalDecomposition>
<VideoSegment id="shot246_58_RKF">
<MediaTime>
<MediaTimePoint>T00:11:54:14413F30000</MediaTimePoint>
</MediaTime>
</VideoSegment>
</TemporalDecomposition>
</VideoSegment>
<VideoSegment id="shot246_59">
<MediaTime>
<MediaTimePoint>T00:12:09:11860F30000</MediaTimePoint>
<MediaDuration>PT00H00M16S14494N30000F</MediaDuration>
</MediaTime>
<TemporalDecomposition>
<VideoSegment id="shot246_59_RKF">
<MediaTime>
<MediaTimePoint>T00:12:17:18106F30000</MediaTimePoint>
</MediaTime>
</VideoSegment>
</TemporalDecomposition>
</VideoSegment>
<VideoSegment id="shot246_60">
<MediaTime>
<MediaTimePoint>T00:12:25:26354F30000</MediaTimePoint>
<MediaDuration>PT00H00M06S13193N30000F</MediaDuration>
</MediaTime>
<TemporalDecomposition>
<VideoSegment id="shot246_60_RKF">
<MediaTime>
<MediaTimePoint>T00:12:29:2450F30000</MediaTimePoint>
</MediaTime>
</VideoSegment>
</TemporalDecomposition>
</VideoSegment>
<VideoSegment id="shot246_61">
<MediaTime>
<MediaTimePoint>T00:12:32:9547F30000</MediaTimePoint>
<MediaDuration>PT00H00M05S22172N30000F</MediaDuration>
</MediaTime>
<TemporalDecomposition>
<VideoSegment id="shot246_61_RKF">
<MediaTime>
<MediaTimePoint>T00:12:35:4632F30000</MediaTimePoint>
</MediaTime>
</VideoSegment>
</TemporalDecomposition>
</VideoSegment>
<VideoSegment id="shot246_62">
<MediaTime>
<MediaTimePoint>T00:12:38:1719F30000</MediaTimePoint>
<MediaDuration>PT00H00M06S2182N30000F</MediaDuration>
</MediaTime>
<TemporalDecomposition>
<VideoSegment id="shot246_62_RKF">
<MediaTime>
<MediaTimePoint>T00:12:41:1809F30000</MediaTimePoint>
</MediaTime>
</VideoSegment>
</TemporalDecomposition>
</VideoSegment>
<VideoSegment id="shot246_63">
<MediaTime>
<MediaTimePoint>T00:12:44:3901F30000</MediaTimePoint>
<MediaDuration>PT00H00M17S6516N30000F</MediaDuration>
</MediaTime>
<TemporalDecomposition>
<VideoSegment id="shot246_63_RKF">
<MediaTime>
<MediaTimePoint>T00:12:52:21158F30000</MediaTimePoint>
</MediaTime>
</VideoSegment>
</TemporalDecomposition>
</VideoSegment>
<VideoSegment id="shot246_64">
<MediaTime>
<MediaTimePoint>T00:13:01:10417F30000</MediaTimePoint>
<MediaDuration>PT00H00M05S9159N30000F</MediaDuration>
</MediaTime>
<TemporalDecomposition>
<VideoSegment id="shot246_64_NRKF_1">
<MediaTime>
<MediaTimePoint>T00:13:01:15422F30000</MediaTimePoint>
</MediaTime>
</VideoSegment>
<VideoSegment id="shot246_64_RKF">
<MediaTime>
<MediaTimePoint>T00:13:03:29496F30000</MediaTimePoint>
</MediaTime>
</VideoSegment>
<VideoSegment id="shot246_64_NRKF_2">
<MediaTime>
<MediaTimePoint>T00:13:04:5502F30000</MediaTimePoint>
</MediaTime>
</VideoSegment>
</TemporalDecomposition>
</VideoSegment>
<VideoSegment id="shot246_65">
<MediaTime>
<MediaTimePoint>T00:13:06:19576F30000</MediaTimePoint>
<MediaDuration>PT00H00M08S11251N30000F</MediaDuration>
</MediaTime>
<TemporalDecomposition>
<VideoSegment id="shot246_65_RKF">
<MediaTime>
<MediaTimePoint>T00:13:10:24701F30000</MediaTimePoint>
</MediaTime>
</VideoSegment>
</TemporalDecomposition>
</VideoSegment>
<VideoSegment id="shot246_66">
<MediaTime>
<MediaTimePoint>T00:13:15:827F30000</MediaTimePoint>
<MediaDuration>PT00H00M05S150N30000F</MediaDuration>
</MediaTime>
<TemporalDecomposition>
<VideoSegment id="shot246_66_NRKF_1">
<MediaTime>
<MediaTimePoint>T00:13:15:19846F30000</MediaTimePoint>
</MediaTime>
</VideoSegment>
<VideoSegment id="shot246_66_RKF">
<MediaTime>
<MediaTimePoint>T00:13:17:14901F30000</MediaTimePoint>
</MediaTime>
</VideoSegment>
<VideoSegment id="shot246_66_NRKF_2">
<MediaTime>
<MediaTimePoint>T00:13:18:4921F30000</MediaTimePoint>
</MediaTime>
</VideoSegment>
</TemporalDecomposition>
</VideoSegment>
<VideoSegment id="shot246_67">
<MediaTime>
<MediaTimePoint>T00:13:20:977F30000</MediaTimePoint>
<MediaDuration>PT00H00M02S28088N30000F</MediaDuration>
</MediaTime>
<TemporalDecomposition>
<VideoSegment id="shot246_67_RKF">
<MediaTime>
<MediaTimePoint>T00:13:21:14020F30000</MediaTimePoint>
</MediaTime>
</VideoSegment>
</TemporalDecomposition>
</VideoSegment>
<VideoSegment id="shot246_68">
<MediaTime>
<MediaTimePoint>T00:13:22:29065F30000</MediaTimePoint>
<MediaDuration>PT00H00M08S13253N30000F</MediaDuration>
</MediaTime>
<TemporalDecomposition>
<VideoSegment id="shot246_68_RKF">
<MediaTime>
<MediaTimePoint>T00:13:27:5191F30000</MediaTimePoint>
</MediaTime>
</VideoSegment>
</TemporalDecomposition>
</VideoSegment>
<VideoSegment id="shot246_69">
<MediaTime>
<MediaTimePoint>T00:13:31:12318F30000</MediaTimePoint>
<MediaDuration>PT00H00M03S25115N30000F</MediaDuration>
</MediaTime>
<TemporalDecomposition>
<VideoSegment id="shot246_69_RKF">
<MediaTime>
<MediaTimePoint>T00:13:33:9375F30000</MediaTimePoint>
</MediaTime>
</VideoSegment>
</TemporalDecomposition>
</VideoSegment>
<VideoSegment id="shot246_70">
<MediaTime>
<MediaTimePoint>T00:13:35:7433F30000</MediaTimePoint>
<MediaDuration>PT00H00M03S3093N30000F</MediaDuration>
</MediaTime>
<TemporalDecomposition>
<VideoSegment id="shot246_70_RKF">
<MediaTime>
<MediaTimePoint>T00:13:36:23479F30000</MediaTimePoint>
</MediaTime>
</VideoSegment>
</TemporalDecomposition>
</VideoSegment>
<VideoSegment id="shot246_71">
<MediaTime>
<MediaTimePoint>T00:13:38:10526F30000</MediaTimePoint>
<MediaDuration>PT00H00M02S24084N30000F</MediaDuration>
</MediaTime>
<TemporalDecomposition>
<VideoSegment id="shot246_71_RKF">
<MediaTime>
<MediaTimePoint>T00:13:39:21567F30000</MediaTimePoint>
</MediaTime>
</VideoSegment>
</TemporalDecomposition>
</VideoSegment>
<VideoSegment id="shot246_72">
<MediaTime>
<MediaTimePoint>T00:13:41:4610F30000</MediaTimePoint>
<MediaDuration>PT00H00M02S13073N30000F</MediaDuration>
</MediaTime>
<TemporalDecomposition>
<VideoSegment id="shot246_72_RKF">
<MediaTime>
<MediaTimePoint>T00:13:42:10646F30000</MediaTimePoint>
</MediaTime>
</VideoSegment>
</TemporalDecomposition>
</VideoSegment>
<VideoSegment id="shot246_73">
<MediaTime>
<MediaTimePoint>T00:13:43:17683F30000</MediaTimePoint>
<MediaDuration>PT00H00M14S6426N30000F</MediaDuration>
</MediaTime>
<TemporalDecomposition>
<VideoSegment id="shot246_73_RKF">
<MediaTime>
<MediaTimePoint>T00:13:50:19895F30000</MediaTimePoint>
</MediaTime>
</VideoSegment>
</TemporalDecomposition>
</VideoSegment>
<VideoSegment id="shot246_74">
<MediaTime>
<MediaTimePoint>T00:13:57:24109F30000</MediaTimePoint>
<MediaDuration>PT00H00M10S21321N30000F</MediaDuration>
</MediaTime>
<TemporalDecomposition>
<VideoSegment id="shot246_74_RKF">
<MediaTime>
<MediaTimePoint>T00:14:03:4269F30000</MediaTimePoint>
</MediaTime>
</VideoSegment>
</TemporalDecomposition>
</VideoSegment>
<VideoSegment id="shot246_75">
<MediaTime>
<MediaTimePoint>T00:14:08:15430F30000</MediaTimePoint>
<MediaDuration>PT00H00M07S18228N30000F</MediaDuration>
</MediaTime>
<TemporalDecomposition>
<VideoSegment id="shot246_75_NRKF_1">
<MediaTime>
<MediaTimePoint>T00:14:08:22437F30000</MediaTimePoint>
</MediaTime>
</VideoSegment>
<VideoSegment id="shot246_75_NRKF_2">
<MediaTime>
<MediaTimePoint>T00:14:09:1446F30000</MediaTimePoint>
</MediaTime>
</VideoSegment>
<VideoSegment id="shot246_75_RKF">
<MediaTime>
<MediaTimePoint>T00:14:12:8543F30000</MediaTimePoint>
</MediaTime>
</VideoSegment>
<VideoSegment id="shot246_75_NRKF_3">
<MediaTime>
<MediaTimePoint>T00:14:12:17552F30000</MediaTimePoint>
</MediaTime>
</VideoSegment>
</TemporalDecomposition>
</VideoSegment>
<VideoSegment id="shot246_76">
<MediaTime>
<MediaTimePoint>T00:14:16:3658F30000</MediaTimePoint>
<MediaDuration>PT00H00M08S28268N30000F</MediaDuration>
</MediaTime>
<TemporalDecomposition>
<VideoSegment id="shot246_76_RKF">
<MediaTime>
<MediaTimePoint>T00:14:20:16791F30000</MediaTimePoint>
</MediaTime>
</VideoSegment>
</TemporalDecomposition>
</VideoSegment>
<VideoSegment id="shot246_77">
<MediaTime>
<MediaTimePoint>T00:14:25:1926F30000</MediaTimePoint>
<MediaDuration>PT00H00M03S24114N30000F</MediaDuration>
</MediaTime>
<TemporalDecomposition>
<VideoSegment id="shot246_77_RKF">
<MediaTime>
<MediaTimePoint>T00:14:26:27982F30000</MediaTimePoint>
</MediaTime>
</VideoSegment>
</TemporalDecomposition>
</VideoSegment>
<VideoSegment id="shot246_78">
<MediaTime>
<MediaTimePoint>T00:14:28:26040F30000</MediaTimePoint>
<MediaDuration>PT00H00M05S25175N30000F</MediaDuration>
</MediaTime>
<TemporalDecomposition>
<VideoSegment id="shot246_78_RKF">
<MediaTime>
<MediaTimePoint>T00:14:31:23127F30000</MediaTimePoint>
</MediaTime>
</VideoSegment>
</TemporalDecomposition>
</VideoSegment>
<VideoSegment id="shot246_79">
<MediaTime>
<MediaTimePoint>T00:14:34:21215F30000</MediaTimePoint>
<MediaDuration>PT00H00M06S19199N30000F</MediaDuration>
</MediaTime>
<TemporalDecomposition>
<VideoSegment id="shot246_79_RKF">
<MediaTime>
<MediaTimePoint>T00:14:38:314F30000</MediaTimePoint>
</MediaTime>
</VideoSegment>
</TemporalDecomposition>
</VideoSegment>
<VideoSegment id="shot246_80">
<MediaTime>
<MediaTimePoint>T00:14:41:10414F30000</MediaTimePoint>
<MediaDuration>PT00H00M02S9069N30000F</MediaDuration>
</MediaTime>
<TemporalDecomposition>
<VideoSegment id="shot246_80_RKF">
<MediaTime>
<MediaTimePoint>T00:14:42:14448F30000</MediaTimePoint>
</MediaTime>
</VideoSegment>
</TemporalDecomposition>
</VideoSegment>
<VideoSegment id="shot246_81">
<MediaTime>
<MediaTimePoint>T00:14:43:19483F30000</MediaTimePoint>
<MediaDuration>PT00H00M02S5065N30000F</MediaDuration>
</MediaTime>
<TemporalDecomposition>
<VideoSegment id="shot246_81_RKF">
<MediaTime>
<MediaTimePoint>T00:14:44:21515F30000</MediaTimePoint>
</MediaTime>
</VideoSegment>
</TemporalDecomposition>
</VideoSegment>
<VideoSegment id="shot246_82">
<MediaTime>
<MediaTimePoint>T00:14:45:24548F30000</MediaTimePoint>
<MediaDuration>PT00H00M04S11131N30000F</MediaDuration>
</MediaTime>
<TemporalDecomposition>
<VideoSegment id="shot246_82_NRKF_1">
<MediaTime>
<MediaTimePoint>T00:14:46:21575F30000</MediaTimePoint>
</MediaTime>
</VideoSegment>
<VideoSegment id="shot246_82_RKF">
<MediaTime>
<MediaTimePoint>T00:14:47:29613F30000</MediaTimePoint>
</MediaTime>
</VideoSegment>
<VideoSegment id="shot246_82_NRKF_2">
<MediaTime>
<MediaTimePoint>T00:14:48:26640F30000</MediaTimePoint>
</MediaTime>
</VideoSegment>
</TemporalDecomposition>
</VideoSegment>
<VideoSegment id="shot246_83">
<MediaTime>
<MediaTimePoint>T00:14:50:5679F30000</MediaTimePoint>
<MediaDuration>PT00H00M02S8068N30000F</MediaDuration>
</MediaTime>
<TemporalDecomposition>
<VideoSegment id="shot246_83_NRKF_1">
<MediaTime>
<MediaTimePoint>T00:14:50:25699F30000</MediaTimePoint>
</MediaTime>
</VideoSegment>
<VideoSegment id="shot246_83_RKF">
<MediaTime>
<MediaTimePoint>T00:14:51:8712F30000</MediaTimePoint>
</MediaTime>
</VideoSegment>
<VideoSegment id="shot246_83_NRKF_2">
<MediaTime>
<MediaTimePoint>T00:14:51:29733F30000</MediaTimePoint>
</MediaTime>
</VideoSegment>
</TemporalDecomposition>
</VideoSegment>
<VideoSegment id="shot246_84">
<MediaTime>
<MediaTimePoint>T00:14:52:13747F30000</MediaTimePoint>
<MediaDuration>PT00H00M02S29089N30000F</MediaDuration>
</MediaTime>
<TemporalDecomposition>
<VideoSegment id="shot246_84_NRKF_1">
<MediaTime>
<MediaTimePoint>T00:14:53:4768F30000</MediaTimePoint>
</MediaTime>
</VideoSegment>
<VideoSegment id="shot246_84_RKF">
<MediaTime>
<MediaTimePoint>T00:14:53:27791F30000</MediaTimePoint>
</MediaTime>
</VideoSegment>
<VideoSegment id="shot246_84_NRKF_2">
<MediaTime>
<MediaTimePoint>T00:14:54:18812F30000</MediaTimePoint>
</MediaTime>
</VideoSegment>
</TemporalDecomposition>
</VideoSegment>
<VideoSegment id="shot246_85">
<MediaTime>
<MediaTimePoint>T00:14:55:12836F30000</MediaTimePoint>
<MediaDuration>PT00H00M03S23113N30000F</MediaDuration>
</MediaTime>
<TemporalDecomposition>
<VideoSegment id="shot246_85_NRKF_1">
<MediaTime>
<MediaTimePoint>T00:14:56:1855F30000</MediaTimePoint>
</MediaTime>
</VideoSegment>
<VideoSegment id="shot246_85_RKF">
<MediaTime>
<MediaTimePoint>T00:14:57:8892F30000</MediaTimePoint>
</MediaTime>
</VideoSegment>
<VideoSegment id="shot246_85_NRKF_2">
<MediaTime>
<MediaTimePoint>T00:14:57:28912F30000</MediaTimePoint>
</MediaTime>
</VideoSegment>
</TemporalDecomposition>
</VideoSegment>
<VideoSegment id="shot246_86">
<MediaTime>
<MediaTimePoint>T00:14:59:5949F30000</MediaTimePoint>
<MediaDuration>PT00H00M06S17197N30000F</MediaDuration>
</MediaTime>
<TemporalDecomposition>
<VideoSegment id="shot246_86_NRKF_1">
<MediaTime>
<MediaTimePoint>T00:14:59:27971F30000</MediaTimePoint>
</MediaTime>
</VideoSegment>
<VideoSegment id="shot246_86_RKF">
<MediaTime>
<MediaTimePoint>T00:15:02:14047F30000</MediaTimePoint>
</MediaTime>
</VideoSegment>
<VideoSegment id="shot246_86_NRKF_2">
<MediaTime>
<MediaTimePoint>T00:15:03:7070F30000</MediaTimePoint>
</MediaTime>
</VideoSegment>
</TemporalDecomposition>
</VideoSegment>
<VideoSegment id="shot246_87">
<MediaTime>
<MediaTimePoint>T00:15:05:23146F30000</MediaTimePoint>
<MediaDuration>PT00H00M02S24084N30000F</MediaDuration>
</MediaTime>
<TemporalDecomposition>
<VideoSegment id="shot246_87_RKF">
<MediaTime>
<MediaTimePoint>T00:15:07:4187F30000</MediaTimePoint>
</MediaTime>
</VideoSegment>
</TemporalDecomposition>
</VideoSegment>
<VideoSegment id="shot246_88">
<MediaTime>
<MediaTimePoint>T00:15:08:17230F30000</MediaTimePoint>
<MediaDuration>PT00H00M02S23083N30000F</MediaDuration>
</MediaTime>
<TemporalDecomposition>
<VideoSegment id="shot246_88_NRKF_1">
<MediaTime>
<MediaTimePoint>T00:15:09:6249F30000</MediaTimePoint>
</MediaTime>
</VideoSegment>
<VideoSegment id="shot246_88_RKF">
<MediaTime>
<MediaTimePoint>T00:15:09:28271F30000</MediaTimePoint>
</MediaTime>
</VideoSegment>
<VideoSegment id="shot246_88_NRKF_2">
<MediaTime>
<MediaTimePoint>T00:15:10:17290F30000</MediaTimePoint>
</MediaTime>
</VideoSegment>
</TemporalDecomposition>
</VideoSegment>
<VideoSegment id="shot246_89">
<MediaTime>
<MediaTimePoint>T00:15:11:10313F30000</MediaTimePoint>
<MediaDuration>PT00H00M02S8068N30000F</MediaDuration>
</MediaTime>
<TemporalDecomposition>
<VideoSegment id="shot246_89_RKF">
<MediaTime>
<MediaTimePoint>T00:15:12:13346F30000</MediaTimePoint>
</MediaTime>
</VideoSegment>
</TemporalDecomposition>
</VideoSegment>
<VideoSegment id="shot246_90">
<MediaTime>
<MediaTimePoint>T00:15:13:18381F30000</MediaTimePoint>
<MediaDuration>PT00H00M04S23143N30000F</MediaDuration>
</MediaTime>
<TemporalDecomposition>
<VideoSegment id="shot246_90_RKF">
<MediaTime>
<MediaTimePoint>T00:15:15:29452F30000</MediaTimePoint>
</MediaTime>
</VideoSegment>
</TemporalDecomposition>
</VideoSegment>
<VideoSegment id="shot246_91">
<MediaTime>
<MediaTimePoint>T00:15:18:11524F30000</MediaTimePoint>
<MediaDuration>PT00H00M02S26086N30000F</MediaDuration>
</MediaTime>
<TemporalDecomposition>
<VideoSegment id="shot246_91_RKF">
<MediaTime>
<MediaTimePoint>T00:15:19:23566F30000</MediaTimePoint>
</MediaTime>
</VideoSegment>
</TemporalDecomposition>
</VideoSegment>
<VideoSegment id="shot246_92">
<MediaTime>
<MediaTimePoint>T00:15:21:7610F30000</MediaTimePoint>
<MediaDuration>PT00H00M05S2152N30000F</MediaDuration>
</MediaTime>
<TemporalDecomposition>
<VideoSegment id="shot246_92_RKF">
<MediaTime>
<MediaTimePoint>T00:15:23:22685F30000</MediaTimePoint>
</MediaTime>
</VideoSegment>
</TemporalDecomposition>
</VideoSegment>
<VideoSegment id="shot246_93">
<MediaTime>
<MediaTimePoint>T00:15:26:9762F30000</MediaTimePoint>
<MediaDuration>PT00H00M06S3183N30000F</MediaDuration>
</MediaTime>
<TemporalDecomposition>
<VideoSegment id="shot246_93_NRKF_1">
<MediaTime>
<MediaTimePoint>T00:15:27:783F30000</MediaTimePoint>
</MediaTime>
</VideoSegment>
<VideoSegment id="shot246_93_RKF">
<MediaTime>
<MediaTimePoint>T00:15:29:10853F30000</MediaTimePoint>
</MediaTime>
</VideoSegment>
<VideoSegment id="shot246_93_NRKF_2">
<MediaTime>
<MediaTimePoint>T00:15:30:1874F30000</MediaTimePoint>
</MediaTime>
</VideoSegment>
</TemporalDecomposition>
</VideoSegment>
<VideoSegment id="shot246_94">
<MediaTime>
<MediaTimePoint>T00:15:32:12945F30000</MediaTimePoint>
<MediaDuration>PT00H00M02S8068N30000F</MediaDuration>
</MediaTime>
<TemporalDecomposition>
<VideoSegment id="shot246_94_RKF">
<MediaTime>
<MediaTimePoint>T00:15:33:15978F30000</MediaTimePoint>
</MediaTime>
</VideoSegment>
</TemporalDecomposition>
</VideoSegment>
<VideoSegment id="shot246_95">
<MediaTime>
<MediaTimePoint>T00:15:34:21013F30000</MediaTimePoint>
<MediaDuration>PT00H00M06S5185N30000F</MediaDuration>
</MediaTime>
<TemporalDecomposition>
<VideoSegment id="shot246_95_NRKF_1">
<MediaTime>
<MediaTimePoint>T00:15:35:3025F30000</MediaTimePoint>
</MediaTime>
</VideoSegment>
<VideoSegment id="shot246_95_RKF">
<MediaTime>
<MediaTimePoint>T00:15:37:23105F30000</MediaTimePoint>
</MediaTime>
</VideoSegment>
<VideoSegment id="shot246_95_NRKF_2">
<MediaTime>
<MediaTimePoint>T00:15:38:5117F30000</MediaTimePoint>
</MediaTime>
</VideoSegment>
</TemporalDecomposition>
</VideoSegment>
<VideoSegment id="shot246_96">
<MediaTime>
<MediaTimePoint>T00:15:40:26198F30000</MediaTimePoint>
<MediaDuration>PT00H00M03S19109N30000F</MediaDuration>
</MediaTime>
<TemporalDecomposition>
<VideoSegment id="shot246_96_RKF">
<MediaTime>
<MediaTimePoint>T00:15:42:20252F30000</MediaTimePoint>
</MediaTime>
</VideoSegment>
</TemporalDecomposition>
</VideoSegment>
<VideoSegment id="shot246_97">
<MediaTime>
<MediaTimePoint>T00:15:44:15307F30000</MediaTimePoint>
<MediaDuration>PT00H00M03S21111N30000F</MediaDuration>
</MediaTime>
<TemporalDecomposition>
<VideoSegment id="shot246_97_RKF">
<MediaTime>
<MediaTimePoint>T00:15:46:10362F30000</MediaTimePoint>
</MediaTime>
</VideoSegment>
</TemporalDecomposition>
</VideoSegment>
<VideoSegment id="shot246_98">
<MediaTime>
<MediaTimePoint>T00:15:48:6418F30000</MediaTimePoint>
<MediaDuration>PT00H00M02S25085N30000F</MediaDuration>
</MediaTime>
<TemporalDecomposition>
<VideoSegment id="shot246_98_NRKF_1">
<MediaTime>
<MediaTimePoint>T00:15:48:22434F30000</MediaTimePoint>
</MediaTime>
</VideoSegment>
<VideoSegment id="shot246_98_RKF">
<MediaTime>
<MediaTimePoint>T00:15:49:18460F30000</MediaTimePoint>
</MediaTime>
</VideoSegment>
<VideoSegment id="shot246_98_NRKF_2">
<MediaTime>
<MediaTimePoint>T00:15:50:5477F30000</MediaTimePoint>
</MediaTime>
</VideoSegment>
</TemporalDecomposition>
</VideoSegment>
<VideoSegment id="shot246_99">
<MediaTime>
<MediaTimePoint>T00:15:51:1503F30000</MediaTimePoint>
<MediaDuration>PT00H00M03S2092N30000F</MediaDuration>
</MediaTime>
<TemporalDecomposition>
<VideoSegment id="shot246_99_NRKF_1">
<MediaTime>
<MediaTimePoint>T00:15:51:22524F30000</MediaTimePoint>
</MediaTime>
</VideoSegment>
<VideoSegment id="shot246_99_RKF">
<MediaTime>
<MediaTimePoint>T00:15:52:16548F30000</MediaTimePoint>
</MediaTime>
</VideoSegment>
<VideoSegment id="shot246_99_NRKF_2">
<MediaTime>
<MediaTimePoint>T00:15:53:8570F30000</MediaTimePoint>
</MediaTime>
</VideoSegment>
</TemporalDecomposition>
</VideoSegment>
<VideoSegment id="shot246_100">
<MediaTime>
<MediaTimePoint>T00:15:54:3595F30000</MediaTimePoint>
<MediaDuration>PT00H00M02S12072N30000F</MediaDuration>
</MediaTime>
<TemporalDecomposition>
<VideoSegment id="shot246_100_RKF">
<MediaTime>
<MediaTimePoint>T00:15:55:8630F30000</MediaTimePoint>
</MediaTime>
</VideoSegment>
</TemporalDecomposition>
</VideoSegment>
<VideoSegment id="shot246_101">
<MediaTime>
<MediaTimePoint>T00:15:56:15667F30000</MediaTimePoint>
<MediaDuration>PT00H00M02S8068N30000F</MediaDuration>
</MediaTime>
<TemporalDecomposition>
<VideoSegment id="shot246_101_NRKF_1">
<MediaTime>
<MediaTimePoint>T00:15:56:22674F30000</MediaTimePoint>
</MediaTime>
</VideoSegment>
<VideoSegment id="shot246_101_NRKF_2">
<MediaTime>
<MediaTimePoint>T00:15:57:11693F30000</MediaTimePoint>
</MediaTime>
</VideoSegment>
<VideoSegment id="shot246_101_RKF">
<MediaTime>
<MediaTimePoint>T00:15:57:18700F30000</MediaTimePoint>
</MediaTime>
</VideoSegment>
<VideoSegment id="shot246_101_NRKF_3">
<MediaTime>
<MediaTimePoint>T00:15:58:7719F30000</MediaTimePoint>
</MediaTime>
</VideoSegment>
</TemporalDecomposition>
</VideoSegment>
<VideoSegment id="shot246_102">
<MediaTime>
<MediaTimePoint>T00:15:58:23735F30000</MediaTimePoint>
<MediaDuration>PT00H00M02S16076N30000F</MediaDuration>
</MediaTime>
<TemporalDecomposition>
<VideoSegment id="shot246_102_NRKF_1">
<MediaTime>
<MediaTimePoint>T00:15:59:18760F30000</MediaTimePoint>
</MediaTime>
</VideoSegment>
<VideoSegment id="shot246_102_RKF">
<MediaTime>
<MediaTimePoint>T00:16:00:772F30000</MediaTimePoint>
</MediaTime>
</VideoSegment>
<VideoSegment id="shot246_102_NRKF_2">
<MediaTime>
<MediaTimePoint>T00:16:00:26798F30000</MediaTimePoint>
</MediaTime>
</VideoSegment>
</TemporalDecomposition>
</VideoSegment>
<VideoSegment id="shot246_103">
<MediaTime>
<MediaTimePoint>T00:16:01:9811F30000</MediaTimePoint>
<MediaDuration>PT00H00M02S17077N30000F</MediaDuration>
</MediaTime>
<TemporalDecomposition>
<VideoSegment id="shot246_103_NRKF_1">
<MediaTime>
<MediaTimePoint>T00:16:02:832F30000</MediaTimePoint>
</MediaTime>
</VideoSegment>
<VideoSegment id="shot246_103_RKF">
<MediaTime>
<MediaTimePoint>T00:16:02:17849F30000</MediaTimePoint>
</MediaTime>
</VideoSegment>
<VideoSegment id="shot246_103_NRKF_2">
<MediaTime>
<MediaTimePoint>T00:16:03:8870F30000</MediaTimePoint>
</MediaTime>
</VideoSegment>
</TemporalDecomposition>
</VideoSegment>
<VideoSegment id="shot246_104">
<MediaTime>
<MediaTimePoint>T00:16:03:26888F30000</MediaTimePoint>
<MediaDuration>PT00H00M04S22142N30000F</MediaDuration>
</MediaTime>
<TemporalDecomposition>
<VideoSegment id="shot246_104_NRKF_1">
<MediaTime>
<MediaTimePoint>T00:16:03:28890F30000</MediaTimePoint>
</MediaTime>
</VideoSegment>
<VideoSegment id="shot246_104_NRKF_2">
<MediaTime>
<MediaTimePoint>T00:16:04:5897F30000</MediaTimePoint>
</MediaTime>
</VideoSegment>
<VideoSegment id="shot246_104_RKF">
<MediaTime>
<MediaTimePoint>T00:16:06:6958F30000</MediaTimePoint>
</MediaTime>
</VideoSegment>
<VideoSegment id="shot246_104_NRKF_3">
<MediaTime>
<MediaTimePoint>T00:16:06:14966F30000</MediaTimePoint>
</MediaTime>
</VideoSegment>
</TemporalDecomposition>
</VideoSegment>
<VideoSegment id="shot246_105">
<MediaTime>
<MediaTimePoint>T00:16:08:19030F30000</MediaTimePoint>
<MediaDuration>PT00H00M02S19079N30000F</MediaDuration>
</MediaTime>
<TemporalDecomposition>
<VideoSegment id="shot246_105_NRKF_1">
<MediaTime>
<MediaTimePoint>T00:16:09:2043F30000</MediaTimePoint>
</MediaTime>
</VideoSegment>
<VideoSegment id="shot246_105_RKF">
<MediaTime>
<MediaTimePoint>T00:16:09:28069F30000</MediaTimePoint>
</MediaTime>
</VideoSegment>
<VideoSegment id="shot246_105_NRKF_2">
<MediaTime>
<MediaTimePoint>T00:16:10:11082F30000</MediaTimePoint>
</MediaTime>
</VideoSegment>
</TemporalDecomposition>
</VideoSegment>
<VideoSegment id="shot246_106">
<MediaTime>
<MediaTimePoint>T00:16:11:8109F30000</MediaTimePoint>
<MediaDuration>PT00H00M03S7097N30000F</MediaDuration>
</MediaTime>
<TemporalDecomposition>
<VideoSegment id="shot246_106_NRKF_1">
<MediaTime>
<MediaTimePoint>T00:16:11:17118F30000</MediaTimePoint>
</MediaTime>
</VideoSegment>
<VideoSegment id="shot246_106_NRKF_2">
<MediaTime>
<MediaTimePoint>T00:16:11:29130F30000</MediaTimePoint>
</MediaTime>
</VideoSegment>
<VideoSegment id="shot246_106_RKF">
<MediaTime>
<MediaTimePoint>T00:16:12:26157F30000</MediaTimePoint>
</MediaTime>
</VideoSegment>
<VideoSegment id="shot246_106_NRKF_3">
<MediaTime>
<MediaTimePoint>T00:16:13:7168F30000</MediaTimePoint>
</MediaTime>
</VideoSegment>
</TemporalDecomposition>
</VideoSegment>
<VideoSegment id="shot246_107">
<MediaTime>
<MediaTimePoint>T00:16:14:15206F30000</MediaTimePoint>
<MediaDuration>PT00H00M07S22232N30000F</MediaDuration>
</MediaTime>
<TemporalDecomposition>
<VideoSegment id="shot246_107_RKF">
<MediaTime>
<MediaTimePoint>T00:16:18:10321F30000</MediaTimePoint>
</MediaTime>
</VideoSegment>
</TemporalDecomposition>
</VideoSegment>
<VideoSegment id="shot246_108">
<MediaTime>
<MediaTimePoint>T00:16:22:7438F30000</MediaTimePoint>
<MediaDuration>PT00H00M05S28178N30000F</MediaDuration>
</MediaTime>
<TemporalDecomposition>
<VideoSegment id="shot246_108_NRKF_1">
<MediaTime>
<MediaTimePoint>T00:16:22:24455F30000</MediaTimePoint>
</MediaTime>
</VideoSegment>
<VideoSegment id="shot246_108_NRKF_2">
<MediaTime>
<MediaTimePoint>T00:16:23:24485F30000</MediaTimePoint>
</MediaTime>
</VideoSegment>
<VideoSegment id="shot246_108_RKF">
<MediaTime>
<MediaTimePoint>T00:16:25:5526F30000</MediaTimePoint>
</MediaTime>
</VideoSegment>
<VideoSegment id="shot246_108_NRKF_3">
<MediaTime>
<MediaTimePoint>T00:16:26:5556F30000</MediaTimePoint>
</MediaTime>
</VideoSegment>
</TemporalDecomposition>
</VideoSegment>
<VideoSegment id="shot246_109">
<MediaTime>
<MediaTimePoint>T00:16:28:5616F30000</MediaTimePoint>
<MediaDuration>PT00H00M03S22112N30000F</MediaDuration>
</MediaTime>
<TemporalDecomposition>
<VideoSegment id="shot246_109_NRKF_1">
<MediaTime>
<MediaTimePoint>T00:16:28:17628F30000</MediaTimePoint>
</MediaTime>
</VideoSegment>
<VideoSegment id="shot246_109_NRKF_2">
<MediaTime>
<MediaTimePoint>T00:16:29:6647F30000</MediaTimePoint>
</MediaTime>
</VideoSegment>
<VideoSegment id="shot246_109_NRKF_3">
<MediaTime>
<MediaTimePoint>T00:16:29:19660F30000</MediaTimePoint>
</MediaTime>
</VideoSegment>
<VideoSegment id="shot246_109_RKF">
<MediaTime>
<MediaTimePoint>T00:16:30:671F30000</MediaTimePoint>
</MediaTime>
</VideoSegment>
<VideoSegment id="shot246_109_NRKF_4">
<MediaTime>
<MediaTimePoint>T00:16:30:26697F30000</MediaTimePoint>
</MediaTime>
</VideoSegment>
</TemporalDecomposition>
</VideoSegment>
<VideoSegment id="shot246_110">
<MediaTime>
<MediaTimePoint>T00:16:31:27728F30000</MediaTimePoint>
<MediaDuration>PT00H00M10S7307N30000F</MediaDuration>
</MediaTime>
<TemporalDecomposition>
<VideoSegment id="shot246_110_NRKF_1">
<MediaTime>
<MediaTimePoint>T00:16:32:731F30000</MediaTimePoint>
</MediaTime>
</VideoSegment>
<VideoSegment id="shot246_110_RKF">
<MediaTime>
<MediaTimePoint>T00:16:37:881F30000</MediaTimePoint>
</MediaTime>
</VideoSegment>
<VideoSegment id="shot246_110_NRKF_2">
<MediaTime>
<MediaTimePoint>T00:16:37:4885F30000</MediaTimePoint>
</MediaTime>
</VideoSegment>
</TemporalDecomposition>
</VideoSegment>
<VideoSegment id="shot246_111">
<MediaTime>
<MediaTimePoint>T00:16:42:5035F30000</MediaTimePoint>
<MediaDuration>PT00H00M30S11911N30000F</MediaDuration>
</MediaTime>
<TemporalDecomposition>
<VideoSegment id="shot246_111_RKF">
<MediaTime>
<MediaTimePoint>T00:16:57:10490F30000</MediaTimePoint>
</MediaTime>
</VideoSegment>
</TemporalDecomposition>
</VideoSegment>
<VideoSegment id="shot246_112">
<MediaTime>
<MediaTimePoint>T00:17:12:16946F30000</MediaTimePoint>
<MediaDuration>PT00H00M03S21111N30000F</MediaDuration>
</MediaTime>
<TemporalDecomposition>
<VideoSegment id="shot246_112_RKF">
<MediaTime>
<MediaTimePoint>T00:17:14:12001F30000</MediaTimePoint>
</MediaTime>
</VideoSegment>
</TemporalDecomposition>
</VideoSegment>
<VideoSegment id="shot246_113">
<MediaTime>
<MediaTimePoint>T00:17:16:8057F30000</MediaTimePoint>
<MediaDuration>PT00H00M24S18738N30000F</MediaDuration>
</MediaTime>
<TemporalDecomposition>
<VideoSegment id="shot246_113_RKF">
<MediaTime>
<MediaTimePoint>T00:17:28:16425F30000</MediaTimePoint>
</MediaTime>
</VideoSegment>
</TemporalDecomposition>
</VideoSegment>
<VideoSegment id="shot246_114">
<MediaTime>
<MediaTimePoint>T00:17:40:26795F30000</MediaTimePoint>
<MediaDuration>PT00H00M13S9399N30000F</MediaDuration>
</MediaTime>
<TemporalDecomposition>
<VideoSegment id="shot246_114_RKF">
<MediaTime>
<MediaTimePoint>T00:17:47:15994F30000</MediaTimePoint>
</MediaTime>
</VideoSegment>
</TemporalDecomposition>
</VideoSegment>
<VideoSegment id="shot246_115">
<MediaTime>
<MediaTimePoint>T00:17:54:6194F30000</MediaTimePoint>
<MediaDuration>PT00H00M10S25325N30000F</MediaDuration>
</MediaTime>
<TemporalDecomposition>
<VideoSegment id="shot246_115_RKF">
<MediaTime>
<MediaTimePoint>T00:17:59:18356F30000</MediaTimePoint>
</MediaTime>
</VideoSegment>
</TemporalDecomposition>
</VideoSegment>
<VideoSegment id="shot246_116">
<MediaTime>
<MediaTimePoint>T00:18:05:1519F30000</MediaTimePoint>
<MediaDuration>PT00H00M05S26176N30000F</MediaDuration>
</MediaTime>
<TemporalDecomposition>
<VideoSegment id="shot246_116_RKF">
<MediaTime>
<MediaTimePoint>T00:18:07:28606F30000</MediaTimePoint>
</MediaTime>
</VideoSegment>
</TemporalDecomposition>
</VideoSegment>
<VideoSegment id="shot246_117">
<MediaTime>
<MediaTimePoint>T00:18:10:27695F30000</MediaTimePoint>
<MediaDuration>PT00H00M05S9159N30000F</MediaDuration>
</MediaTime>
<TemporalDecomposition>
<VideoSegment id="shot246_117_RKF">
<MediaTime>
<MediaTimePoint>T00:18:13:16774F30000</MediaTimePoint>
</MediaTime>
</VideoSegment>
</TemporalDecomposition>
</VideoSegment>
<VideoSegment id="shot246_118">
<MediaTime>
<MediaTimePoint>T00:18:16:6854F30000</MediaTimePoint>
<MediaDuration>PT00H00M02S27087N30000F</MediaDuration>
</MediaTime>
<TemporalDecomposition>
<VideoSegment id="shot246_118_RKF">
<MediaTime>
<MediaTimePoint>T00:18:17:19897F30000</MediaTimePoint>
</MediaTime>
</VideoSegment>
</TemporalDecomposition>
</VideoSegment>
<VideoSegment id="shot246_119">
<MediaTime>
<MediaTimePoint>T00:18:19:3941F30000</MediaTimePoint>
<MediaDuration>PT00H00M06S8188N30000F</MediaDuration>
</MediaTime>
<TemporalDecomposition>
<VideoSegment id="shot246_119_RKF">
<MediaTime>
<MediaTimePoint>T00:18:22:7034F30000</MediaTimePoint>
</MediaTime>
</VideoSegment>
</TemporalDecomposition>
</VideoSegment>
<VideoSegment id="shot246_120">
<MediaTime>
<MediaTimePoint>T00:18:25:12129F30000</MediaTimePoint>
<MediaDuration>PT00H00M24S4724N30000F</MediaDuration>
</MediaTime>
<TemporalDecomposition>
<VideoSegment id="shot246_120_RKF">
<MediaTime>
<MediaTimePoint>T00:18:37:13490F30000</MediaTimePoint>
</MediaTime>
</VideoSegment>
</TemporalDecomposition>
</VideoSegment>
<VideoSegment id="shot246_121">
<MediaTime>
<MediaTimePoint>T00:18:49:16853F30000</MediaTimePoint>
<MediaDuration>PT00H00M24S29749N30000F</MediaDuration>
</MediaTime>
<TemporalDecomposition>
<VideoSegment id="shot246_121_RKF">
<MediaTime>
<MediaTimePoint>T00:19:02:1227F30000</MediaTimePoint>
</MediaTime>
</VideoSegment>
</TemporalDecomposition>
</VideoSegment>
<VideoSegment id="shot246_122">
<MediaTime>
<MediaTimePoint>T00:19:14:16602F30000</MediaTimePoint>
<MediaDuration>PT00H00M05S5155N30000F</MediaDuration>
</MediaTime>
<TemporalDecomposition>
<VideoSegment id="shot246_122_RKF">
<MediaTime>
<MediaTimePoint>T00:19:17:3679F30000</MediaTimePoint>
</MediaTime>
</VideoSegment>
</TemporalDecomposition>
</VideoSegment>
<VideoSegment id="shot246_123">
<MediaTime>
<MediaTimePoint>T00:19:19:21757F30000</MediaTimePoint>
<MediaDuration>PT00H00M16S23503N30000F</MediaDuration>
</MediaTime>
<TemporalDecomposition>
<VideoSegment id="shot246_123_RKF">
<MediaTime>
<MediaTimePoint>T00:19:28:3008F30000</MediaTimePoint>
</MediaTime>
</VideoSegment>
</TemporalDecomposition>
</VideoSegment>
<VideoSegment id="shot246_124">
<MediaTime>
<MediaTimePoint>T00:19:36:15260F30000</MediaTimePoint>
<MediaDuration>PT00H00M11S21351N30000F</MediaDuration>
</MediaTime>
<TemporalDecomposition>
<VideoSegment id="shot246_124_RKF">
<MediaTime>
<MediaTimePoint>T00:19:42:10435F30000</MediaTimePoint>
</MediaTime>
</VideoSegment>
</TemporalDecomposition>
</VideoSegment>
<VideoSegment id="shot246_125">
<MediaTime>
<MediaTimePoint>T00:19:48:6611F30000</MediaTimePoint>
<MediaDuration>PT00H00M48S12451N30000F</MediaDuration>
</MediaTime>
<TemporalDecomposition>
<VideoSegment id="shot246_125_RKF">
<MediaTime>
<MediaTimePoint>T00:20:12:12336F30000</MediaTimePoint>
</MediaTime>
</VideoSegment>
</TemporalDecomposition>
</VideoSegment>
<VideoSegment id="shot246_126">
<MediaTime>
<MediaTimePoint>T00:20:36:19062F30000</MediaTimePoint>
<MediaDuration>PT00H00M09S23293N30000F</MediaDuration>
</MediaTime>
<TemporalDecomposition>
<VideoSegment id="shot246_126_RKF">
<MediaTime>
<MediaTimePoint>T00:20:41:15208F30000</MediaTimePoint>
</MediaTime>
</VideoSegment>
</TemporalDecomposition>
</VideoSegment>
<VideoSegment id="shot246_127">
<MediaTime>
<MediaTimePoint>T00:20:46:12355F30000</MediaTimePoint>
<MediaDuration>PT00H00M02S28088N30000F</MediaDuration>
</MediaTime>
<TemporalDecomposition>
<VideoSegment id="shot246_127_RKF">
<MediaTime>
<MediaTimePoint>T00:20:47:25398F30000</MediaTimePoint>
</MediaTime>
</VideoSegment>
</TemporalDecomposition>
</VideoSegment>
<VideoSegment id="shot246_128">
<MediaTime>
<MediaTimePoint>T00:20:49:10443F30000</MediaTimePoint>
<MediaDuration>PT00H00M02S24084N30000F</MediaDuration>
</MediaTime>
<TemporalDecomposition>
<VideoSegment id="shot246_128_RKF">
<MediaTime>
<MediaTimePoint>T00:20:50:21484F30000</MediaTimePoint>
</MediaTime>
</VideoSegment>
</TemporalDecomposition>
</VideoSegment>
<VideoSegment id="shot246_129">
<MediaTime>
<MediaTimePoint>T00:20:52:4527F30000</MediaTimePoint>
<MediaDuration>PT00H00M03S3093N30000F</MediaDuration>
</MediaTime>
<TemporalDecomposition>
<VideoSegment id="shot246_129_RKF">
<MediaTime>
<MediaTimePoint>T00:20:53:20573F30000</MediaTimePoint>
</MediaTime>
</VideoSegment>
</TemporalDecomposition>
</VideoSegment>
<VideoSegment id="shot246_130">
<MediaTime>
<MediaTimePoint>T00:20:55:7620F30000</MediaTimePoint>
<MediaDuration>PT00H00M05S23173N30000F</MediaDuration>
</MediaTime>
<TemporalDecomposition>
<VideoSegment id="shot246_130_RKF">
<MediaTime>
<MediaTimePoint>T00:20:58:3706F30000</MediaTimePoint>
</MediaTime>
</VideoSegment>
</TemporalDecomposition>
</VideoSegment>
<VideoSegment id="shot246_131">
<MediaTime>
<MediaTimePoint>T00:21:01:793F30000</MediaTimePoint>
<MediaDuration>PT00H00M02S11071N30000F</MediaDuration>
</MediaTime>
<TemporalDecomposition>
<VideoSegment id="shot246_131_RKF">
<MediaTime>
<MediaTimePoint>T00:21:02:5828F30000</MediaTimePoint>
</MediaTime>
</VideoSegment>
</TemporalDecomposition>
</VideoSegment>
<VideoSegment id="shot246_132">
<MediaTime>
<MediaTimePoint>T00:21:03:11864F30000</MediaTimePoint>
<MediaDuration>PT00H00M02S17077N30000F</MediaDuration>
</MediaTime>
<TemporalDecomposition>
<VideoSegment id="shot246_132_RKF">
<MediaTime>
<MediaTimePoint>T00:21:04:19902F30000</MediaTimePoint>
</MediaTime>
</VideoSegment>
</TemporalDecomposition>
</VideoSegment>
<VideoSegment id="shot246_133">
<MediaTime>
<MediaTimePoint>T00:21:05:28941F30000</MediaTimePoint>
<MediaDuration>PT00H00M03S90N30000F</MediaDuration>
</MediaTime>
<TemporalDecomposition>
<VideoSegment id="shot246_133_RKF">
<MediaTime>
<MediaTimePoint>T00:21:07:12985F30000</MediaTimePoint>
</MediaTime>
</VideoSegment>
</TemporalDecomposition>
</VideoSegment>
<VideoSegment id="shot246_134">
<MediaTime>
<MediaTimePoint>T00:21:08:29031F30000</MediaTimePoint>
<MediaDuration>PT00H00M58S1740N30000F</MediaDuration>
</MediaTime>
<TemporalDecomposition>
<VideoSegment id="shot246_134_RKF">
<MediaTime>
<MediaTimePoint>T00:21:37:28900F30000</MediaTimePoint>
</MediaTime>
</VideoSegment>
</TemporalDecomposition>
</VideoSegment>
<VideoSegment id="shot246_135">
<MediaTime>
<MediaTimePoint>T00:22:07:771F30000</MediaTimePoint>
<MediaDuration>PT00H00M05S21171N30000F</MediaDuration>
</MediaTime>
<TemporalDecomposition>
<VideoSegment id="shot246_135_RKF">
<MediaTime>
<MediaTimePoint>T00:22:09:25856F30000</MediaTimePoint>
</MediaTime>
</VideoSegment>
</TemporalDecomposition>
</VideoSegment>
<VideoSegment id="shot246_136">
<MediaTime>
<MediaTimePoint>T00:22:12:21942F30000</MediaTimePoint>
<MediaDuration>PT00H00M06S3183N30000F</MediaDuration>
</MediaTime>
<TemporalDecomposition>
<VideoSegment id="shot246_136_RKF">
<MediaTime>
<MediaTimePoint>T00:22:15:23033F30000</MediaTimePoint>
</MediaTime>
</VideoSegment>
</TemporalDecomposition>
</VideoSegment>
<VideoSegment id="shot246_137">
<MediaTime>
<MediaTimePoint>T00:22:18:25125F30000</MediaTimePoint>
<MediaDuration>PT00H00M16S23503N30000F</MediaDuration>
</MediaTime>
<TemporalDecomposition>
<VideoSegment id="shot246_137_RKF">
<MediaTime>
<MediaTimePoint>T00:22:27:6376F30000</MediaTimePoint>
</MediaTime>
</VideoSegment>
</TemporalDecomposition>
</VideoSegment>
<VideoSegment id="shot246_138">
<MediaTime>
<MediaTimePoint>T00:22:35:18628F30000</MediaTimePoint>
<MediaDuration>PT00H00M11S13343N30000F</MediaDuration>
</MediaTime>
<TemporalDecomposition>
<VideoSegment id="shot246_138_RKF">
<MediaTime>
<MediaTimePoint>T00:22:41:9799F30000</MediaTimePoint>
</MediaTime>
</VideoSegment>
</TemporalDecomposition>
</VideoSegment>
<VideoSegment id="shot246_139">
<MediaTime>
<MediaTimePoint>T00:22:47:1971F30000</MediaTimePoint>
<MediaDuration>PT00H02M52S23178N30000F</MediaDuration>
</MediaTime>
<TemporalDecomposition>
<VideoSegment id="shot246_139_RKF">
<MediaTime>
<MediaTimePoint>T00:24:13:12559F30000</MediaTimePoint>
</MediaTime>
</VideoSegment>
</TemporalDecomposition>
</VideoSegment>
<VideoSegment id="shot246_140">
<MediaTime>
<MediaTimePoint>T00:25:39:25149F30000</MediaTimePoint>
<MediaDuration>PT00H00M14S1421N30000F</MediaDuration>
</MediaTime>
<TemporalDecomposition>
<VideoSegment id="shot246_140_RKF">
<MediaTime>
<MediaTimePoint>T00:25:46:25359F30000</MediaTimePoint>
</MediaTime>
</VideoSegment>
</TemporalDecomposition>
</VideoSegment>
<VideoSegment id="shot246_141">
<MediaTime>
<MediaTimePoint>T00:25:53:26570F30000</MediaTimePoint>
<MediaDuration>PT00H00M43S23312N30000F</MediaDuration>
</MediaTime>
<TemporalDecomposition>
<VideoSegment id="shot246_141_RKF">
<MediaTime>
<MediaTimePoint>T00:26:15:22225F30000</MediaTimePoint>
</MediaTime>
</VideoSegment>
</TemporalDecomposition>
</VideoSegment>
<VideoSegment id="shot246_142">
<MediaTime>
<MediaTimePoint>T00:26:37:19882F30000</MediaTimePoint>
<MediaDuration>PT00H00M07S2212N30000F</MediaDuration>
</MediaTime>
<TemporalDecomposition>
<VideoSegment id="shot246_142_RKF">
<MediaTime>
<MediaTimePoint>T00:26:41:4987F30000</MediaTimePoint>
</MediaTime>
</VideoSegment>
</TemporalDecomposition>
</VideoSegment>
<VideoSegment id="shot246_143">
<MediaTime>
<MediaTimePoint>T00:26:44:22094F30000</MediaTimePoint>
<MediaDuration>PT00H00M05S24174N30000F</MediaDuration>
</MediaTime>
<TemporalDecomposition>
<VideoSegment id="shot246_143_RKF">
<MediaTime>
<MediaTimePoint>T00:26:47:18180F30000</MediaTimePoint>
</MediaTime>
</VideoSegment>
</TemporalDecomposition>
</VideoSegment>
<VideoSegment id="shot246_144">
<MediaTime>
<MediaTimePoint>T00:26:50:16268F30000</MediaTimePoint>
<MediaDuration>PT00H01M28S13651N30000F</MediaDuration>
</MediaTime>
<TemporalDecomposition>
<VideoSegment id="shot246_144_RKF">
<MediaTime>
<MediaTimePoint>T00:27:34:22593F30000</MediaTimePoint>
</MediaTime>
</VideoSegment>
</TemporalDecomposition>
</VideoSegment>
</TemporalDecomposition>
</Video>
</MultimediaContent>
</Description>
</Mpeg7>
