<?xml version="1.0" encoding="UTF-8"?>
<Mpeg7 xmlns="urn:mpeg:mpeg7:schema:2001" xmlns:mpeg7="urn:mpeg:mpeg7:schema:2001" xmlns:xsi="http://www.w3.org/2001/XMLSchema-instance">
<Description xsi:type="ContentEntityType">
<MultimediaContent xsi:type="VideoType">
<Video id="TRECVID2005_271">
<MediaLocator>
<MediaUri>20041115_110000_MSNBC_MSNBCNEWS11_ENG.mpg</MediaUri>
</MediaLocator>
<MediaTime>
<MediaTimePoint>T00:00:00:0F30000</MediaTimePoint>
<MediaDuration>PT00H28M19S29949N30000F</MediaDuration>
</MediaTime>
<TemporalDecomposition gap="false" overlap="false">
<VideoSegment id="shot271_1">
<MediaTime>
<MediaTimePoint>T00:00:00:0F30000</MediaTimePoint>
<MediaDuration>PT00H00M04S18138N30000F</MediaDuration>
</MediaTime>
<TemporalDecomposition>
<VideoSegment id="shot271_1_RKF">
<MediaTime>
<MediaTimePoint>T00:00:02:8068F30000</MediaTimePoint>
</MediaTime>
</VideoSegment>
</TemporalDecomposition>
</VideoSegment>
<VideoSegment id="shot271_2">
<MediaTime>
<MediaTimePoint>T00:00:04:18138F30000</MediaTimePoint>
<MediaDuration>PT00H00M07S21231N30000F</MediaDuration>
</MediaTime>
<TemporalDecomposition>
<VideoSegment id="shot271_2_NRKF_1">
<MediaTime>
<MediaTimePoint>T00:00:05:8158F30000</MediaTimePoint>
</MediaTime>
</VideoSegment>
<VideoSegment id="shot271_2_RKF">
<MediaTime>
<MediaTimePoint>T00:00:08:13253F30000</MediaTimePoint>
</MediaTime>
</VideoSegment>
<VideoSegment id="shot271_2_NRKF_2">
<MediaTime>
<MediaTimePoint>T00:00:09:4274F30000</MediaTimePoint>
</MediaTime>
</VideoSegment>
</TemporalDecomposition>
</VideoSegment>
<VideoSegment id="shot271_3">
<MediaTime>
<MediaTimePoint>T00:00:12:9369F30000</MediaTimePoint>
<MediaDuration>PT00H00M09S15285N30000F</MediaDuration>
</MediaTime>
<TemporalDecomposition>
<VideoSegment id="shot271_3_RKF">
<MediaTime>
<MediaTimePoint>T00:00:17:1511F30000</MediaTimePoint>
</MediaTime>
</VideoSegment>
</TemporalDecomposition>
</VideoSegment>
<VideoSegment id="shot271_4">
<MediaTime>
<MediaTimePoint>T00:00:21:24654F30000</MediaTimePoint>
<MediaDuration>PT00H00M03S24114N30000F</MediaDuration>
</MediaTime>
<TemporalDecomposition>
<VideoSegment id="shot271_4_RKF">
<MediaTime>
<MediaTimePoint>T00:00:23:20710F30000</MediaTimePoint>
</MediaTime>
</VideoSegment>
</TemporalDecomposition>
</VideoSegment>
<VideoSegment id="shot271_5">
<MediaTime>
<MediaTimePoint>T00:00:25:18768F30000</MediaTimePoint>
<MediaDuration>PT00H00M35S3052N30000F</MediaDuration>
</MediaTime>
<TemporalDecomposition>
<VideoSegment id="shot271_5_RKF">
<MediaTime>
<MediaTimePoint>T00:00:43:4293F30000</MediaTimePoint>
</MediaTime>
</VideoSegment>
</TemporalDecomposition>
</VideoSegment>
<VideoSegment id="shot271_6">
<MediaTime>
<MediaTimePoint>T00:01:00:21820F30000</MediaTimePoint>
<MediaDuration>PT00H00M23S690N30000F</MediaDuration>
</MediaTime>
<TemporalDecomposition>
<VideoSegment id="shot271_6_RKF">
<MediaTime>
<MediaTimePoint>T00:01:12:6164F30000</MediaTimePoint>
</MediaTime>
</VideoSegment>
</TemporalDecomposition>
</VideoSegment>
<VideoSegment id="shot271_7">
<MediaTime>
<MediaTimePoint>T00:01:23:22510F30000</MediaTimePoint>
<MediaDuration>PT00H00M21S3633N30000F</MediaDuration>
</MediaTime>
<TemporalDecomposition>
<VideoSegment id="shot271_7_RKF">
<MediaTime>
<MediaTimePoint>T00:01:34:8826F30000</MediaTimePoint>
</MediaTime>
</VideoSegment>
</TemporalDecomposition>
</VideoSegment>
<VideoSegment id="shot271_8">
<MediaTime>
<MediaTimePoint>T00:01:44:26143F30000</MediaTimePoint>
<MediaDuration>PT00H00M08S9249N30000F</MediaDuration>
</MediaTime>
<TemporalDecomposition>
<VideoSegment id="shot271_8_RKF">
<MediaTime>
<MediaTimePoint>T00:01:49:267F30000</MediaTimePoint>
</MediaTime>
</VideoSegment>
</TemporalDecomposition>
</VideoSegment>
<VideoSegment id="shot271_9">
<MediaTime>
<MediaTimePoint>T00:01:53:5392F30000</MediaTimePoint>
<MediaDuration>PT00H00M09S18288N30000F</MediaDuration>
</MediaTime>
<TemporalDecomposition>
<VideoSegment id="shot271_9_RKF">
<MediaTime>
<MediaTimePoint>T00:01:57:28535F30000</MediaTimePoint>
</MediaTime>
</VideoSegment>
</TemporalDecomposition>
</VideoSegment>
<VideoSegment id="shot271_10">
<MediaTime>
<MediaTimePoint>T00:02:02:23680F30000</MediaTimePoint>
<MediaDuration>PT00H00M11S25355N30000F</MediaDuration>
</MediaTime>
<TemporalDecomposition>
<VideoSegment id="shot271_10_NRKF_1">
<MediaTime>
<MediaTimePoint>T00:02:03:10697F30000</MediaTimePoint>
</MediaTime>
</VideoSegment>
<VideoSegment id="shot271_10_RKF">
<MediaTime>
<MediaTimePoint>T00:02:08:20857F30000</MediaTimePoint>
</MediaTime>
</VideoSegment>
<VideoSegment id="shot271_10_NRKF_2">
<MediaTime>
<MediaTimePoint>T00:02:09:7874F30000</MediaTimePoint>
</MediaTime>
</VideoSegment>
</TemporalDecomposition>
</VideoSegment>
<VideoSegment id="shot271_11">
<MediaTime>
<MediaTimePoint>T00:02:14:19035F30000</MediaTimePoint>
<MediaDuration>PT00H00M06S16196N30000F</MediaDuration>
</MediaTime>
<TemporalDecomposition>
<VideoSegment id="shot271_11_RKF">
<MediaTime>
<MediaTimePoint>T00:02:17:26132F30000</MediaTimePoint>
</MediaTime>
</VideoSegment>
</TemporalDecomposition>
</VideoSegment>
<VideoSegment id="shot271_12">
<MediaTime>
<MediaTimePoint>T00:02:21:5231F30000</MediaTimePoint>
<MediaDuration>PT00H00M03S27117N30000F</MediaDuration>
</MediaTime>
<TemporalDecomposition>
<VideoSegment id="shot271_12_RKF">
<MediaTime>
<MediaTimePoint>T00:02:23:3289F30000</MediaTimePoint>
</MediaTime>
</VideoSegment>
</TemporalDecomposition>
</VideoSegment>
<VideoSegment id="shot271_13">
<MediaTime>
<MediaTimePoint>T00:02:25:2348F30000</MediaTimePoint>
<MediaDuration>PT00H00M04S17137N30000F</MediaDuration>
</MediaTime>
<TemporalDecomposition>
<VideoSegment id="shot271_13_RKF">
<MediaTime>
<MediaTimePoint>T00:02:27:10416F30000</MediaTimePoint>
</MediaTime>
</VideoSegment>
</TemporalDecomposition>
</VideoSegment>
<VideoSegment id="shot271_14">
<MediaTime>
<MediaTimePoint>T00:02:29:19485F30000</MediaTimePoint>
<MediaDuration>PT00H00M14S19439N30000F</MediaDuration>
</MediaTime>
<TemporalDecomposition>
<VideoSegment id="shot271_14_RKF">
<MediaTime>
<MediaTimePoint>T00:02:36:28704F30000</MediaTimePoint>
</MediaTime>
</VideoSegment>
</TemporalDecomposition>
</VideoSegment>
<VideoSegment id="shot271_15">
<MediaTime>
<MediaTimePoint>T00:02:44:8924F30000</MediaTimePoint>
<MediaDuration>PT00H00M07S22232N30000F</MediaDuration>
</MediaTime>
<TemporalDecomposition>
<VideoSegment id="shot271_15_RKF">
<MediaTime>
<MediaTimePoint>T00:02:48:4039F30000</MediaTimePoint>
</MediaTime>
</VideoSegment>
</TemporalDecomposition>
</VideoSegment>
<VideoSegment id="shot271_16">
<MediaTime>
<MediaTimePoint>T00:02:52:1156F30000</MediaTimePoint>
<MediaDuration>PT00H00M08S20260N30000F</MediaDuration>
</MediaTime>
<TemporalDecomposition>
<VideoSegment id="shot271_16_RKF">
<MediaTime>
<MediaTimePoint>T00:02:56:10285F30000</MediaTimePoint>
</MediaTime>
</VideoSegment>
</TemporalDecomposition>
</VideoSegment>
<VideoSegment id="shot271_17">
<MediaTime>
<MediaTimePoint>T00:03:00:21416F30000</MediaTimePoint>
<MediaDuration>PT00H00M11S17347N30000F</MediaDuration>
</MediaTime>
<TemporalDecomposition>
<VideoSegment id="shot271_17_RKF">
<MediaTime>
<MediaTimePoint>T00:03:06:14589F30000</MediaTimePoint>
</MediaTime>
</VideoSegment>
</TemporalDecomposition>
</VideoSegment>
<VideoSegment id="shot271_18">
<MediaTime>
<MediaTimePoint>T00:03:12:8763F30000</MediaTimePoint>
<MediaDuration>PT00H00M42S20279N30000F</MediaDuration>
</MediaTime>
<TemporalDecomposition>
<VideoSegment id="shot271_18_RKF">
<MediaTime>
<MediaTimePoint>T00:03:33:18402F30000</MediaTimePoint>
</MediaTime>
</VideoSegment>
</TemporalDecomposition>
</VideoSegment>
<VideoSegment id="shot271_19">
<MediaTime>
<MediaTimePoint>T00:03:54:29042F30000</MediaTimePoint>
<MediaDuration>PT00H00M09S7277N30000F</MediaDuration>
</MediaTime>
<TemporalDecomposition>
<VideoSegment id="shot271_19_RKF">
<MediaTime>
<MediaTimePoint>T00:03:59:17180F30000</MediaTimePoint>
</MediaTime>
</VideoSegment>
</TemporalDecomposition>
</VideoSegment>
<VideoSegment id="shot271_20">
<MediaTime>
<MediaTimePoint>T00:04:04:6319F30000</MediaTimePoint>
<MediaDuration>PT00H00M10S300N30000F</MediaDuration>
</MediaTime>
<TemporalDecomposition>
<VideoSegment id="shot271_20_RKF">
<MediaTime>
<MediaTimePoint>T00:04:09:5468F30000</MediaTimePoint>
</MediaTime>
</VideoSegment>
</TemporalDecomposition>
</VideoSegment>
<VideoSegment id="shot271_21">
<MediaTime>
<MediaTimePoint>T00:04:14:6619F30000</MediaTimePoint>
<MediaDuration>PT00H00M03S7097N30000F</MediaDuration>
</MediaTime>
<TemporalDecomposition>
<VideoSegment id="shot271_21_RKF">
<MediaTime>
<MediaTimePoint>T00:04:15:24667F30000</MediaTimePoint>
</MediaTime>
</VideoSegment>
</TemporalDecomposition>
</VideoSegment>
<VideoSegment id="shot271_22">
<MediaTime>
<MediaTimePoint>T00:04:17:13716F30000</MediaTimePoint>
<MediaDuration>PT00H00M27S18828N30000F</MediaDuration>
</MediaTime>
<TemporalDecomposition>
<VideoSegment id="shot271_22_RKF">
<MediaTime>
<MediaTimePoint>T00:04:31:7129F30000</MediaTimePoint>
</MediaTime>
</VideoSegment>
</TemporalDecomposition>
</VideoSegment>
<VideoSegment id="shot271_23">
<MediaTime>
<MediaTimePoint>T00:04:45:2544F30000</MediaTimePoint>
<MediaDuration>PT00H00M39S16185N30000F</MediaDuration>
</MediaTime>
<TemporalDecomposition>
<VideoSegment id="shot271_23_RKF">
<MediaTime>
<MediaTimePoint>T00:05:04:25136F30000</MediaTimePoint>
</MediaTime>
</VideoSegment>
</TemporalDecomposition>
</VideoSegment>
<VideoSegment id="shot271_24">
<MediaTime>
<MediaTimePoint>T00:05:24:18729F30000</MediaTimePoint>
<MediaDuration>PT00H00M03S8098N30000F</MediaDuration>
</MediaTime>
<TemporalDecomposition>
<VideoSegment id="shot271_24_RKF">
<MediaTime>
<MediaTimePoint>T00:05:26:6777F30000</MediaTimePoint>
</MediaTime>
</VideoSegment>
</TemporalDecomposition>
</VideoSegment>
<VideoSegment id="shot271_25">
<MediaTime>
<MediaTimePoint>T00:05:27:26827F30000</MediaTimePoint>
<MediaDuration>PT00H00M07S29239N30000F</MediaDuration>
</MediaTime>
<TemporalDecomposition>
<VideoSegment id="shot271_25_RKF">
<MediaTime>
<MediaTimePoint>T00:05:31:25946F30000</MediaTimePoint>
</MediaTime>
</VideoSegment>
</TemporalDecomposition>
</VideoSegment>
<VideoSegment id="shot271_26">
<MediaTime>
<MediaTimePoint>T00:05:35:26066F30000</MediaTimePoint>
<MediaDuration>PT00H00M03S23113N30000F</MediaDuration>
</MediaTime>
<TemporalDecomposition>
<VideoSegment id="shot271_26_RKF">
<MediaTime>
<MediaTimePoint>T00:05:37:22122F30000</MediaTimePoint>
</MediaTime>
</VideoSegment>
</TemporalDecomposition>
</VideoSegment>
<VideoSegment id="shot271_27">
<MediaTime>
<MediaTimePoint>T00:05:39:19179F30000</MediaTimePoint>
<MediaDuration>PT00H00M02S11071N30000F</MediaDuration>
</MediaTime>
<TemporalDecomposition>
<VideoSegment id="shot271_27_RKF">
<MediaTime>
<MediaTimePoint>T00:05:40:24214F30000</MediaTimePoint>
</MediaTime>
</VideoSegment>
</TemporalDecomposition>
</VideoSegment>
<VideoSegment id="shot271_28">
<MediaTime>
<MediaTimePoint>T00:05:42:250F30000</MediaTimePoint>
<MediaDuration>PT00H00M05S2152N30000F</MediaDuration>
</MediaTime>
<TemporalDecomposition>
<VideoSegment id="shot271_28_RKF">
<MediaTime>
<MediaTimePoint>T00:05:44:15325F30000</MediaTimePoint>
</MediaTime>
</VideoSegment>
</TemporalDecomposition>
</VideoSegment>
<VideoSegment id="shot271_29">
<MediaTime>
<MediaTimePoint>T00:05:47:2402F30000</MediaTimePoint>
<MediaDuration>PT00H00M18S22562N30000F</MediaDuration>
</MediaTime>
<TemporalDecomposition>
<VideoSegment id="shot271_29_RKF">
<MediaTime>
<MediaTimePoint>T00:05:56:12682F30000</MediaTimePoint>
</MediaTime>
</VideoSegment>
</TemporalDecomposition>
</VideoSegment>
<VideoSegment id="shot271_30">
<MediaTime>
<MediaTimePoint>T00:06:05:24964F30000</MediaTimePoint>
<MediaDuration>PT00H00M22S2662N30000F</MediaDuration>
</MediaTime>
<TemporalDecomposition>
<VideoSegment id="shot271_30_RKF">
<MediaTime>
<MediaTimePoint>T00:06:16:25294F30000</MediaTimePoint>
</MediaTime>
</VideoSegment>
</TemporalDecomposition>
</VideoSegment>
<VideoSegment id="shot271_31">
<MediaTime>
<MediaTimePoint>T00:06:27:27626F30000</MediaTimePoint>
<MediaDuration>PT00H00M03S7097N30000F</MediaDuration>
</MediaTime>
<TemporalDecomposition>
<VideoSegment id="shot271_31_RKF">
<MediaTime>
<MediaTimePoint>T00:06:29:15674F30000</MediaTimePoint>
</MediaTime>
</VideoSegment>
</TemporalDecomposition>
</VideoSegment>
<VideoSegment id="shot271_32">
<MediaTime>
<MediaTimePoint>T00:06:31:4723F30000</MediaTimePoint>
<MediaDuration>PT00H00M04S4124N30000F</MediaDuration>
</MediaTime>
<TemporalDecomposition>
<VideoSegment id="shot271_32_RKF">
<MediaTime>
<MediaTimePoint>T00:06:33:5784F30000</MediaTimePoint>
</MediaTime>
</VideoSegment>
</TemporalDecomposition>
</VideoSegment>
<VideoSegment id="shot271_33">
<MediaTime>
<MediaTimePoint>T00:06:35:8847F30000</MediaTimePoint>
<MediaDuration>PT00H00M02S8068N30000F</MediaDuration>
</MediaTime>
<TemporalDecomposition>
<VideoSegment id="shot271_33_RKF">
<MediaTime>
<MediaTimePoint>T00:06:36:11880F30000</MediaTimePoint>
</MediaTime>
</VideoSegment>
</TemporalDecomposition>
</VideoSegment>
<VideoSegment id="shot271_34">
<MediaTime>
<MediaTimePoint>T00:06:37:16915F30000</MediaTimePoint>
<MediaDuration>PT00H00M29S7877N30000F</MediaDuration>
</MediaTime>
<TemporalDecomposition>
<VideoSegment id="shot271_34_RKF">
<MediaTime>
<MediaTimePoint>T00:06:52:5353F30000</MediaTimePoint>
</MediaTime>
</VideoSegment>
</TemporalDecomposition>
</VideoSegment>
<VideoSegment id="shot271_35">
<MediaTime>
<MediaTimePoint>T00:07:06:24792F30000</MediaTimePoint>
<MediaDuration>PT00H00M21S24654N30000F</MediaDuration>
</MediaTime>
<TemporalDecomposition>
<VideoSegment id="shot271_35_RKF">
<MediaTime>
<MediaTimePoint>T00:07:17:21118F30000</MediaTimePoint>
</MediaTime>
</VideoSegment>
</TemporalDecomposition>
</VideoSegment>
<VideoSegment id="shot271_36">
<MediaTime>
<MediaTimePoint>T00:07:28:19446F30000</MediaTimePoint>
<MediaDuration>PT00H00M17S5515N30000F</MediaDuration>
</MediaTime>
<TemporalDecomposition>
<VideoSegment id="shot271_36_RKF">
<MediaTime>
<MediaTimePoint>T00:07:37:6703F30000</MediaTimePoint>
</MediaTime>
</VideoSegment>
</TemporalDecomposition>
</VideoSegment>
<VideoSegment id="shot271_37">
<MediaTime>
<MediaTimePoint>T00:07:45:24961F30000</MediaTimePoint>
<MediaDuration>PT00H00M16S21501N30000F</MediaDuration>
</MediaTime>
<TemporalDecomposition>
<VideoSegment id="shot271_37_RKF">
<MediaTime>
<MediaTimePoint>T00:07:54:5211F30000</MediaTimePoint>
</MediaTime>
</VideoSegment>
</TemporalDecomposition>
</VideoSegment>
<VideoSegment id="shot271_38">
<MediaTime>
<MediaTimePoint>T00:08:02:16462F30000</MediaTimePoint>
<MediaDuration>PT00H00M41S18247N30000F</MediaDuration>
</MediaTime>
<TemporalDecomposition>
<VideoSegment id="shot271_38_RKF">
<MediaTime>
<MediaTimePoint>T00:08:23:10085F30000</MediaTimePoint>
</MediaTime>
</VideoSegment>
</TemporalDecomposition>
</VideoSegment>
<VideoSegment id="shot271_39">
<MediaTime>
<MediaTimePoint>T00:08:44:4709F30000</MediaTimePoint>
<MediaDuration>PT00H00M14S7427N30000F</MediaDuration>
</MediaTime>
<TemporalDecomposition>
<VideoSegment id="shot271_39_RKF">
<MediaTime>
<MediaTimePoint>T00:08:51:7922F30000</MediaTimePoint>
</MediaTime>
</VideoSegment>
</TemporalDecomposition>
</VideoSegment>
<VideoSegment id="shot271_40">
<MediaTime>
<MediaTimePoint>T00:08:58:12136F30000</MediaTimePoint>
<MediaDuration>PT00H00M02S22082N30000F</MediaDuration>
</MediaTime>
<TemporalDecomposition>
<VideoSegment id="shot271_40_RKF">
<MediaTime>
<MediaTimePoint>T00:08:59:22176F30000</MediaTimePoint>
</MediaTime>
</VideoSegment>
</TemporalDecomposition>
</VideoSegment>
<VideoSegment id="shot271_41">
<MediaTime>
<MediaTimePoint>T00:09:01:4218F30000</MediaTimePoint>
<MediaDuration>PT00H00M06S3183N30000F</MediaDuration>
</MediaTime>
<TemporalDecomposition>
<VideoSegment id="shot271_41_RKF">
<MediaTime>
<MediaTimePoint>T00:09:04:5309F30000</MediaTimePoint>
</MediaTime>
</VideoSegment>
</TemporalDecomposition>
</VideoSegment>
<VideoSegment id="shot271_42">
<MediaTime>
<MediaTimePoint>T00:09:07:7401F30000</MediaTimePoint>
<MediaDuration>PT00H00M04S4124N30000F</MediaDuration>
</MediaTime>
<TemporalDecomposition>
<VideoSegment id="shot271_42_RKF">
<MediaTime>
<MediaTimePoint>T00:09:09:8462F30000</MediaTimePoint>
</MediaTime>
</VideoSegment>
</TemporalDecomposition>
</VideoSegment>
<VideoSegment id="shot271_43">
<MediaTime>
<MediaTimePoint>T00:09:11:11525F30000</MediaTimePoint>
<MediaDuration>PT00H00M13S15405N30000F</MediaDuration>
</MediaTime>
<TemporalDecomposition>
<VideoSegment id="shot271_43_RKF">
<MediaTime>
<MediaTimePoint>T00:09:18:3727F30000</MediaTimePoint>
</MediaTime>
</VideoSegment>
</TemporalDecomposition>
</VideoSegment>
<VideoSegment id="shot271_44">
<MediaTime>
<MediaTimePoint>T00:09:24:26930F30000</MediaTimePoint>
<MediaDuration>PT00H00M13S17407N30000F</MediaDuration>
</MediaTime>
<TemporalDecomposition>
<VideoSegment id="shot271_44_RKF">
<MediaTime>
<MediaTimePoint>T00:09:31:20133F30000</MediaTimePoint>
</MediaTime>
</VideoSegment>
</TemporalDecomposition>
</VideoSegment>
<VideoSegment id="shot271_45">
<MediaTime>
<MediaTimePoint>T00:09:38:14337F30000</MediaTimePoint>
<MediaDuration>PT00H00M02S28088N30000F</MediaDuration>
</MediaTime>
<TemporalDecomposition>
<VideoSegment id="shot271_45_RKF">
<MediaTime>
<MediaTimePoint>T00:09:39:27380F30000</MediaTimePoint>
</MediaTime>
</VideoSegment>
</TemporalDecomposition>
</VideoSegment>
<VideoSegment id="shot271_46">
<MediaTime>
<MediaTimePoint>T00:09:41:12425F30000</MediaTimePoint>
<MediaDuration>PT00H00M02S22082N30000F</MediaDuration>
</MediaTime>
<TemporalDecomposition>
<VideoSegment id="shot271_46_RKF">
<MediaTime>
<MediaTimePoint>T00:09:42:22465F30000</MediaTimePoint>
</MediaTime>
</VideoSegment>
</TemporalDecomposition>
</VideoSegment>
<VideoSegment id="shot271_47">
<MediaTime>
<MediaTimePoint>T00:09:44:4507F30000</MediaTimePoint>
<MediaDuration>PT00H00M10S18318N30000F</MediaDuration>
</MediaTime>
<TemporalDecomposition>
<VideoSegment id="shot271_47_RKF">
<MediaTime>
<MediaTimePoint>T00:09:49:12665F30000</MediaTimePoint>
</MediaTime>
</VideoSegment>
</TemporalDecomposition>
</VideoSegment>
<VideoSegment id="shot271_48">
<MediaTime>
<MediaTimePoint>T00:09:54:22825F30000</MediaTimePoint>
<MediaDuration>PT00H00M07S19229N30000F</MediaDuration>
</MediaTime>
<TemporalDecomposition>
<VideoSegment id="shot271_48_RKF">
<MediaTime>
<MediaTimePoint>T00:09:58:16939F30000</MediaTimePoint>
</MediaTime>
</VideoSegment>
</TemporalDecomposition>
</VideoSegment>
<VideoSegment id="shot271_49">
<MediaTime>
<MediaTimePoint>T00:10:02:12054F30000</MediaTimePoint>
<MediaDuration>PT00H00M04S1121N30000F</MediaDuration>
</MediaTime>
<TemporalDecomposition>
<VideoSegment id="shot271_49_RKF">
<MediaTime>
<MediaTimePoint>T00:10:04:12114F30000</MediaTimePoint>
</MediaTime>
</VideoSegment>
</TemporalDecomposition>
</VideoSegment>
<VideoSegment id="shot271_50">
<MediaTime>
<MediaTimePoint>T00:10:06:13175F30000</MediaTimePoint>
<MediaDuration>PT00H00M11S10340N30000F</MediaDuration>
</MediaTime>
<TemporalDecomposition>
<VideoSegment id="shot271_50_RKF">
<MediaTime>
<MediaTimePoint>T00:10:12:2344F30000</MediaTimePoint>
</MediaTime>
</VideoSegment>
</TemporalDecomposition>
</VideoSegment>
<VideoSegment id="shot271_51">
<MediaTime>
<MediaTimePoint>T00:10:17:23515F30000</MediaTimePoint>
<MediaDuration>PT00H00M10S16316N30000F</MediaDuration>
</MediaTime>
<TemporalDecomposition>
<VideoSegment id="shot271_51_RKF">
<MediaTime>
<MediaTimePoint>T00:10:23:672F30000</MediaTimePoint>
</MediaTime>
</VideoSegment>
</TemporalDecomposition>
</VideoSegment>
<VideoSegment id="shot271_52">
<MediaTime>
<MediaTimePoint>T00:10:28:9831F30000</MediaTimePoint>
<MediaDuration>PT00H01M26S2580N30000F</MediaDuration>
</MediaTime>
<TemporalDecomposition>
<VideoSegment id="shot271_52_RKF">
<MediaTime>
<MediaTimePoint>T00:11:11:10120F30000</MediaTimePoint>
</MediaTime>
</VideoSegment>
</TemporalDecomposition>
</VideoSegment>
<VideoSegment id="shot271_53">
<MediaTime>
<MediaTimePoint>T00:11:54:12411F30000</MediaTimePoint>
<MediaDuration>PT00H00M08S26266N30000F</MediaDuration>
</MediaTime>
<TemporalDecomposition>
<VideoSegment id="shot271_53_RKF">
<MediaTime>
<MediaTimePoint>T00:11:58:24543F30000</MediaTimePoint>
</MediaTime>
</VideoSegment>
</TemporalDecomposition>
</VideoSegment>
<VideoSegment id="shot271_54">
<MediaTime>
<MediaTimePoint>T00:12:03:8677F30000</MediaTimePoint>
<MediaDuration>PT00H00M18S10550N30000F</MediaDuration>
</MediaTime>
<TemporalDecomposition>
<VideoSegment id="shot271_54_RKF">
<MediaTime>
<MediaTimePoint>T00:12:12:12951F30000</MediaTimePoint>
</MediaTime>
</VideoSegment>
</TemporalDecomposition>
</VideoSegment>
<VideoSegment id="shot271_55">
<MediaTime>
<MediaTimePoint>T00:12:21:19227F30000</MediaTimePoint>
<MediaDuration>PT00H00M03S14104N30000F</MediaDuration>
</MediaTime>
<TemporalDecomposition>
<VideoSegment id="shot271_55_NRKF_1">
<MediaTime>
<MediaTimePoint>T00:12:22:5243F30000</MediaTimePoint>
</MediaTime>
</VideoSegment>
<VideoSegment id="shot271_55_RKF">
<MediaTime>
<MediaTimePoint>T00:12:23:10278F30000</MediaTimePoint>
</MediaTime>
</VideoSegment>
<VideoSegment id="shot271_55_NRKF_2">
<MediaTime>
<MediaTimePoint>T00:12:23:27295F30000</MediaTimePoint>
</MediaTime>
</VideoSegment>
</TemporalDecomposition>
</VideoSegment>
<VideoSegment id="shot271_56">
<MediaTime>
<MediaTimePoint>T00:12:25:3331F30000</MediaTimePoint>
<MediaDuration>PT00H00M05S16166N30000F</MediaDuration>
</MediaTime>
<TemporalDecomposition>
<VideoSegment id="shot271_56_NRKF_1">
<MediaTime>
<MediaTimePoint>T00:12:25:19347F30000</MediaTimePoint>
</MediaTime>
</VideoSegment>
<VideoSegment id="shot271_56_RKF">
<MediaTime>
<MediaTimePoint>T00:12:27:25413F30000</MediaTimePoint>
</MediaTime>
</VideoSegment>
<VideoSegment id="shot271_56_NRKF_2">
<MediaTime>
<MediaTimePoint>T00:12:28:12430F30000</MediaTimePoint>
</MediaTime>
</VideoSegment>
</TemporalDecomposition>
</VideoSegment>
<VideoSegment id="shot271_57">
<MediaTime>
<MediaTimePoint>T00:12:30:19497F30000</MediaTimePoint>
<MediaDuration>PT00H00M06S26206N30000F</MediaDuration>
</MediaTime>
<TemporalDecomposition>
<VideoSegment id="shot271_57_RKF">
<MediaTime>
<MediaTimePoint>T00:12:34:1599F30000</MediaTimePoint>
</MediaTime>
</VideoSegment>
</TemporalDecomposition>
</VideoSegment>
<VideoSegment id="shot271_58">
<MediaTime>
<MediaTimePoint>T00:12:37:15703F30000</MediaTimePoint>
<MediaDuration>PT00H00M11S12342N30000F</MediaDuration>
</MediaTime>
<TemporalDecomposition>
<VideoSegment id="shot271_58_RKF">
<MediaTime>
<MediaTimePoint>T00:12:43:5873F30000</MediaTimePoint>
</MediaTime>
</VideoSegment>
</TemporalDecomposition>
</VideoSegment>
<VideoSegment id="shot271_59">
<MediaTime>
<MediaTimePoint>T00:12:48:28045F30000</MediaTimePoint>
<MediaDuration>PT00H00M12S5365N30000F</MediaDuration>
</MediaTime>
<TemporalDecomposition>
<VideoSegment id="shot271_59_NRKF_1">
<MediaTime>
<MediaTimePoint>T00:12:49:26073F30000</MediaTimePoint>
</MediaTime>
</VideoSegment>
<VideoSegment id="shot271_59_RKF">
<MediaTime>
<MediaTimePoint>T00:12:55:227F30000</MediaTimePoint>
</MediaTime>
</VideoSegment>
<VideoSegment id="shot271_59_NRKF_2">
<MediaTime>
<MediaTimePoint>T00:12:55:29256F30000</MediaTimePoint>
</MediaTime>
</VideoSegment>
</TemporalDecomposition>
</VideoSegment>
<VideoSegment id="shot271_60">
<MediaTime>
<MediaTimePoint>T00:13:01:3410F30000</MediaTimePoint>
<MediaDuration>PT00H00M09S6276N30000F</MediaDuration>
</MediaTime>
<TemporalDecomposition>
<VideoSegment id="shot271_60_NRKF_1">
<MediaTime>
<MediaTimePoint>T00:13:01:27434F30000</MediaTimePoint>
</MediaTime>
</VideoSegment>
<VideoSegment id="shot271_60_RKF">
<MediaTime>
<MediaTimePoint>T00:13:05:20547F30000</MediaTimePoint>
</MediaTime>
</VideoSegment>
<VideoSegment id="shot271_60_NRKF_2">
<MediaTime>
<MediaTimePoint>T00:13:06:15572F30000</MediaTimePoint>
</MediaTime>
</VideoSegment>
</TemporalDecomposition>
</VideoSegment>
<VideoSegment id="shot271_61">
<MediaTime>
<MediaTimePoint>T00:13:10:9686F30000</MediaTimePoint>
<MediaDuration>PT00H00M11S11341N30000F</MediaDuration>
</MediaTime>
<TemporalDecomposition>
<VideoSegment id="shot271_61_RKF">
<MediaTime>
<MediaTimePoint>T00:13:15:29856F30000</MediaTimePoint>
</MediaTime>
</VideoSegment>
</TemporalDecomposition>
</VideoSegment>
<VideoSegment id="shot271_62">
<MediaTime>
<MediaTimePoint>T00:13:21:21027F30000</MediaTimePoint>
<MediaDuration>PT00H00M12S5365N30000F</MediaDuration>
</MediaTime>
<TemporalDecomposition>
<VideoSegment id="shot271_62_RKF">
<MediaTime>
<MediaTimePoint>T00:13:27:23209F30000</MediaTimePoint>
</MediaTime>
</VideoSegment>
</TemporalDecomposition>
</VideoSegment>
<VideoSegment id="shot271_63">
<MediaTime>
<MediaTimePoint>T00:13:33:26392F30000</MediaTimePoint>
<MediaDuration>PT00H00M02S14074N30000F</MediaDuration>
</MediaTime>
<TemporalDecomposition>
<VideoSegment id="shot271_63_RKF">
<MediaTime>
<MediaTimePoint>T00:13:35:2428F30000</MediaTimePoint>
</MediaTime>
</VideoSegment>
</TemporalDecomposition>
</VideoSegment>
<VideoSegment id="shot271_64">
<MediaTime>
<MediaTimePoint>T00:13:36:10466F30000</MediaTimePoint>
<MediaDuration>PT00H00M07S9219N30000F</MediaDuration>
</MediaTime>
<TemporalDecomposition>
<VideoSegment id="shot271_64_NRKF_1">
<MediaTime>
<MediaTimePoint>T00:13:36:24480F30000</MediaTimePoint>
</MediaTime>
</VideoSegment>
<VideoSegment id="shot271_64_RKF">
<MediaTime>
<MediaTimePoint>T00:13:39:29575F30000</MediaTimePoint>
</MediaTime>
</VideoSegment>
<VideoSegment id="shot271_64_NRKF_2">
<MediaTime>
<MediaTimePoint>T00:13:40:14590F30000</MediaTimePoint>
</MediaTime>
</VideoSegment>
</TemporalDecomposition>
</VideoSegment>
<VideoSegment id="shot271_65">
<MediaTime>
<MediaTimePoint>T00:13:43:19685F30000</MediaTimePoint>
<MediaDuration>PT00H00M05S21171N30000F</MediaDuration>
</MediaTime>
<TemporalDecomposition>
<VideoSegment id="shot271_65_RKF">
<MediaTime>
<MediaTimePoint>T00:13:46:14770F30000</MediaTimePoint>
</MediaTime>
</VideoSegment>
</TemporalDecomposition>
</VideoSegment>
<VideoSegment id="shot271_66">
<MediaTime>
<MediaTimePoint>T00:13:49:10856F30000</MediaTimePoint>
<MediaDuration>PT00H00M02S9069N30000F</MediaDuration>
</MediaTime>
<TemporalDecomposition>
<VideoSegment id="shot271_66_RKF">
<MediaTime>
<MediaTimePoint>T00:13:50:14890F30000</MediaTimePoint>
</MediaTime>
</VideoSegment>
</TemporalDecomposition>
</VideoSegment>
<VideoSegment id="shot271_67">
<MediaTime>
<MediaTimePoint>T00:13:51:19925F30000</MediaTimePoint>
<MediaDuration>PT00H00M02S17077N30000F</MediaDuration>
</MediaTime>
<TemporalDecomposition>
<VideoSegment id="shot271_67_RKF">
<MediaTime>
<MediaTimePoint>T00:13:52:27963F30000</MediaTimePoint>
</MediaTime>
</VideoSegment>
</TemporalDecomposition>
</VideoSegment>
<VideoSegment id="shot271_68">
<MediaTime>
<MediaTimePoint>T00:13:54:7002F30000</MediaTimePoint>
<MediaDuration>PT00H00M04S7127N30000F</MediaDuration>
</MediaTime>
<TemporalDecomposition>
<VideoSegment id="shot271_68_RKF">
<MediaTime>
<MediaTimePoint>T00:13:56:10065F30000</MediaTimePoint>
</MediaTime>
</VideoSegment>
</TemporalDecomposition>
</VideoSegment>
<VideoSegment id="shot271_69">
<MediaTime>
<MediaTimePoint>T00:13:58:14129F30000</MediaTimePoint>
<MediaDuration>PT00H00M05S17167N30000F</MediaDuration>
</MediaTime>
<TemporalDecomposition>
<VideoSegment id="shot271_69_NRKF_1">
<MediaTime>
<MediaTimePoint>T00:13:58:21136F30000</MediaTimePoint>
</MediaTime>
</VideoSegment>
<VideoSegment id="shot271_69_RKF">
<MediaTime>
<MediaTimePoint>T00:14:01:7212F30000</MediaTimePoint>
</MediaTime>
</VideoSegment>
<VideoSegment id="shot271_69_NRKF_2">
<MediaTime>
<MediaTimePoint>T00:14:01:15220F30000</MediaTimePoint>
</MediaTime>
</VideoSegment>
</TemporalDecomposition>
</VideoSegment>
<VideoSegment id="shot271_70">
<MediaTime>
<MediaTimePoint>T00:14:04:1296F30000</MediaTimePoint>
<MediaDuration>PT00H00M04S19139N30000F</MediaDuration>
</MediaTime>
<TemporalDecomposition>
<VideoSegment id="shot271_70_NRKF_1">
<MediaTime>
<MediaTimePoint>T00:14:04:16311F30000</MediaTimePoint>
</MediaTime>
</VideoSegment>
<VideoSegment id="shot271_70_RKF">
<MediaTime>
<MediaTimePoint>T00:14:06:10365F30000</MediaTimePoint>
</MediaTime>
</VideoSegment>
<VideoSegment id="shot271_70_NRKF_2">
<MediaTime>
<MediaTimePoint>T00:14:06:26381F30000</MediaTimePoint>
</MediaTime>
</VideoSegment>
</TemporalDecomposition>
</VideoSegment>
<VideoSegment id="shot271_71">
<MediaTime>
<MediaTimePoint>T00:14:08:20435F30000</MediaTimePoint>
<MediaDuration>PT00H00M15S16466N30000F</MediaDuration>
</MediaTime>
<TemporalDecomposition>
<VideoSegment id="shot271_71_RKF">
<MediaTime>
<MediaTimePoint>T00:14:16:12667F30000</MediaTimePoint>
</MediaTime>
</VideoSegment>
</TemporalDecomposition>
</VideoSegment>
<VideoSegment id="shot271_72">
<MediaTime>
<MediaTimePoint>T00:14:24:6901F30000</MediaTimePoint>
<MediaDuration>PT00H00M02S22082N30000F</MediaDuration>
</MediaTime>
<TemporalDecomposition>
<VideoSegment id="shot271_72_RKF">
<MediaTime>
<MediaTimePoint>T00:14:25:16941F30000</MediaTimePoint>
</MediaTime>
</VideoSegment>
</TemporalDecomposition>
</VideoSegment>
<VideoSegment id="shot271_73">
<MediaTime>
<MediaTimePoint>T00:14:26:28983F30000</MediaTimePoint>
<MediaDuration>PT00H00M04S2122N30000F</MediaDuration>
</MediaTime>
<TemporalDecomposition>
<VideoSegment id="shot271_73_RKF">
<MediaTime>
<MediaTimePoint>T00:14:28:29043F30000</MediaTimePoint>
</MediaTime>
</VideoSegment>
</TemporalDecomposition>
</VideoSegment>
<VideoSegment id="shot271_74">
<MediaTime>
<MediaTimePoint>T00:14:31:1105F30000</MediaTimePoint>
<MediaDuration>PT00H00M04S7127N30000F</MediaDuration>
</MediaTime>
<TemporalDecomposition>
<VideoSegment id="shot271_74_RKF">
<MediaTime>
<MediaTimePoint>T00:14:33:4168F30000</MediaTimePoint>
</MediaTime>
</VideoSegment>
</TemporalDecomposition>
</VideoSegment>
<VideoSegment id="shot271_75">
<MediaTime>
<MediaTimePoint>T00:14:35:8232F30000</MediaTimePoint>
<MediaDuration>PT00H00M04S19139N30000F</MediaDuration>
</MediaTime>
<TemporalDecomposition>
<VideoSegment id="shot271_75_RKF">
<MediaTime>
<MediaTimePoint>T00:14:37:17301F30000</MediaTimePoint>
</MediaTime>
</VideoSegment>
</TemporalDecomposition>
</VideoSegment>
<VideoSegment id="shot271_76">
<MediaTime>
<MediaTimePoint>T00:14:39:27371F30000</MediaTimePoint>
<MediaDuration>PT00H00M04S2122N30000F</MediaDuration>
</MediaTime>
<TemporalDecomposition>
<VideoSegment id="shot271_76_RKF">
<MediaTime>
<MediaTimePoint>T00:14:41:27431F30000</MediaTimePoint>
</MediaTime>
</VideoSegment>
</TemporalDecomposition>
</VideoSegment>
<VideoSegment id="shot271_77">
<MediaTime>
<MediaTimePoint>T00:14:43:29493F30000</MediaTimePoint>
<MediaDuration>PT00H00M03S7097N30000F</MediaDuration>
</MediaTime>
<TemporalDecomposition>
<VideoSegment id="shot271_77_RKF">
<MediaTime>
<MediaTimePoint>T00:14:45:17541F30000</MediaTimePoint>
</MediaTime>
</VideoSegment>
</TemporalDecomposition>
</VideoSegment>
<VideoSegment id="shot271_78">
<MediaTime>
<MediaTimePoint>T00:14:47:6590F30000</MediaTimePoint>
<MediaDuration>PT00H00M05S20170N30000F</MediaDuration>
</MediaTime>
<TemporalDecomposition>
<VideoSegment id="shot271_78_NRKF_1">
<MediaTime>
<MediaTimePoint>T00:14:47:20604F30000</MediaTimePoint>
</MediaTime>
</VideoSegment>
<VideoSegment id="shot271_78_RKF">
<MediaTime>
<MediaTimePoint>T00:14:50:674F30000</MediaTimePoint>
</MediaTime>
</VideoSegment>
<VideoSegment id="shot271_78_NRKF_2">
<MediaTime>
<MediaTimePoint>T00:14:50:15689F30000</MediaTimePoint>
</MediaTime>
</VideoSegment>
</TemporalDecomposition>
</VideoSegment>
<VideoSegment id="shot271_79">
<MediaTime>
<MediaTimePoint>T00:14:52:26760F30000</MediaTimePoint>
<MediaDuration>PT00H00M02S13073N30000F</MediaDuration>
</MediaTime>
<TemporalDecomposition>
<VideoSegment id="shot271_79_RKF">
<MediaTime>
<MediaTimePoint>T00:14:54:2796F30000</MediaTimePoint>
</MediaTime>
</VideoSegment>
</TemporalDecomposition>
</VideoSegment>
<VideoSegment id="shot271_80">
<MediaTime>
<MediaTimePoint>T00:14:55:9833F30000</MediaTimePoint>
<MediaDuration>PT00H00M02S20080N30000F</MediaDuration>
</MediaTime>
<TemporalDecomposition>
<VideoSegment id="shot271_80_RKF">
<MediaTime>
<MediaTimePoint>T00:14:56:18872F30000</MediaTimePoint>
</MediaTime>
</VideoSegment>
</TemporalDecomposition>
</VideoSegment>
<VideoSegment id="shot271_81">
<MediaTime>
<MediaTimePoint>T00:14:57:29913F30000</MediaTimePoint>
<MediaDuration>PT00H00M06S18198N30000F</MediaDuration>
</MediaTime>
<TemporalDecomposition>
<VideoSegment id="shot271_81_RKF">
<MediaTime>
<MediaTimePoint>T00:15:01:8011F30000</MediaTimePoint>
</MediaTime>
</VideoSegment>
</TemporalDecomposition>
</VideoSegment>
<VideoSegment id="shot271_82">
<MediaTime>
<MediaTimePoint>T00:15:04:18111F30000</MediaTimePoint>
<MediaDuration>PT00H00M04S23143N30000F</MediaDuration>
</MediaTime>
<TemporalDecomposition>
<VideoSegment id="shot271_82_NRKF_1">
<MediaTime>
<MediaTimePoint>T00:15:05:8131F30000</MediaTimePoint>
</MediaTime>
</VideoSegment>
<VideoSegment id="shot271_82_NRKF_2">
<MediaTime>
<MediaTimePoint>T00:15:06:8161F30000</MediaTimePoint>
</MediaTime>
</VideoSegment>
<VideoSegment id="shot271_82_RKF">
<MediaTime>
<MediaTimePoint>T00:15:06:29182F30000</MediaTimePoint>
</MediaTime>
</VideoSegment>
<VideoSegment id="shot271_82_NRKF_3">
<MediaTime>
<MediaTimePoint>T00:15:07:28211F30000</MediaTimePoint>
</MediaTime>
</VideoSegment>
</TemporalDecomposition>
</VideoSegment>
<VideoSegment id="shot271_83">
<MediaTime>
<MediaTimePoint>T00:15:09:11254F30000</MediaTimePoint>
<MediaDuration>PT00H00M10S5305N30000F</MediaDuration>
</MediaTime>
<TemporalDecomposition>
<VideoSegment id="shot271_83_RKF">
<MediaTime>
<MediaTimePoint>T00:15:14:13406F30000</MediaTimePoint>
</MediaTime>
</VideoSegment>
</TemporalDecomposition>
</VideoSegment>
<VideoSegment id="shot271_84">
<MediaTime>
<MediaTimePoint>T00:15:19:16559F30000</MediaTimePoint>
<MediaDuration>PT00H00M03S25115N30000F</MediaDuration>
</MediaTime>
<TemporalDecomposition>
<VideoSegment id="shot271_84_RKF">
<MediaTime>
<MediaTimePoint>T00:15:21:13616F30000</MediaTimePoint>
</MediaTime>
</VideoSegment>
</TemporalDecomposition>
</VideoSegment>
<VideoSegment id="shot271_85">
<MediaTime>
<MediaTimePoint>T00:15:23:11674F30000</MediaTimePoint>
<MediaDuration>PT00H00M04S12132N30000F</MediaDuration>
</MediaTime>
<TemporalDecomposition>
<VideoSegment id="shot271_85_RKF">
<MediaTime>
<MediaTimePoint>T00:15:25:16739F30000</MediaTimePoint>
</MediaTime>
</VideoSegment>
</TemporalDecomposition>
</VideoSegment>
<VideoSegment id="shot271_86">
<MediaTime>
<MediaTimePoint>T00:15:27:23806F30000</MediaTimePoint>
<MediaDuration>PT00H01M12S11169N30000F</MediaDuration>
</MediaTime>
<TemporalDecomposition>
<VideoSegment id="shot271_86_RKF">
<MediaTime>
<MediaTimePoint>T00:16:03:28890F30000</MediaTimePoint>
</MediaTime>
</VideoSegment>
</TemporalDecomposition>
</VideoSegment>
<VideoSegment id="shot271_87">
<MediaTime>
<MediaTimePoint>T00:16:40:4975F30000</MediaTimePoint>
<MediaDuration>PT00H00M22S27687N30000F</MediaDuration>
</MediaTime>
<TemporalDecomposition>
<VideoSegment id="shot271_87_RKF">
<MediaTime>
<MediaTimePoint>T00:16:51:18318F30000</MediaTimePoint>
</MediaTime>
</VideoSegment>
</TemporalDecomposition>
</VideoSegment>
<VideoSegment id="shot271_88">
<MediaTime>
<MediaTimePoint>T00:17:03:2662F30000</MediaTimePoint>
<MediaDuration>PT00H00M08S23263N30000F</MediaDuration>
</MediaTime>
<TemporalDecomposition>
<VideoSegment id="shot271_88_RKF">
<MediaTime>
<MediaTimePoint>T00:17:07:13793F30000</MediaTimePoint>
</MediaTime>
</VideoSegment>
</TemporalDecomposition>
</VideoSegment>
<VideoSegment id="shot271_89">
<MediaTime>
<MediaTimePoint>T00:17:11:25925F30000</MediaTimePoint>
<MediaDuration>PT00H00M03S4094N30000F</MediaDuration>
</MediaTime>
<TemporalDecomposition>
<VideoSegment id="shot271_89_NRKF_1">
<MediaTime>
<MediaTimePoint>T00:17:12:2932F30000</MediaTimePoint>
</MediaTime>
</VideoSegment>
<VideoSegment id="shot271_89_RKF">
<MediaTime>
<MediaTimePoint>T00:17:13:11971F30000</MediaTimePoint>
</MediaTime>
</VideoSegment>
<VideoSegment id="shot271_89_NRKF_2">
<MediaTime>
<MediaTimePoint>T00:17:13:19979F30000</MediaTimePoint>
</MediaTime>
</VideoSegment>
</TemporalDecomposition>
</VideoSegment>
<VideoSegment id="shot271_90">
<MediaTime>
<MediaTimePoint>T00:17:15:19F30000</MediaTimePoint>
<MediaDuration>PT00H00M03S15105N30000F</MediaDuration>
</MediaTime>
<TemporalDecomposition>
<VideoSegment id="shot271_90_NRKF_1">
<MediaTime>
<MediaTimePoint>T00:17:15:14033F30000</MediaTimePoint>
</MediaTime>
</VideoSegment>
<VideoSegment id="shot271_90_RKF">
<MediaTime>
<MediaTimePoint>T00:17:16:22071F30000</MediaTimePoint>
</MediaTime>
</VideoSegment>
<VideoSegment id="shot271_90_NRKF_2">
<MediaTime>
<MediaTimePoint>T00:17:17:7086F30000</MediaTimePoint>
</MediaTime>
</VideoSegment>
</TemporalDecomposition>
</VideoSegment>
<VideoSegment id="shot271_91">
<MediaTime>
<MediaTimePoint>T00:17:18:15124F30000</MediaTimePoint>
<MediaDuration>PT00H00M08S7247N30000F</MediaDuration>
</MediaTime>
<TemporalDecomposition>
<VideoSegment id="shot271_91_RKF">
<MediaTime>
<MediaTimePoint>T00:17:22:18247F30000</MediaTimePoint>
</MediaTime>
</VideoSegment>
</TemporalDecomposition>
</VideoSegment>
<VideoSegment id="shot271_92">
<MediaTime>
<MediaTimePoint>T00:17:26:22371F30000</MediaTimePoint>
<MediaDuration>PT00H00M04S22142N30000F</MediaDuration>
</MediaTime>
<TemporalDecomposition>
<VideoSegment id="shot271_92_RKF">
<MediaTime>
<MediaTimePoint>T00:17:29:2441F30000</MediaTimePoint>
</MediaTime>
</VideoSegment>
</TemporalDecomposition>
</VideoSegment>
<VideoSegment id="shot271_93">
<MediaTime>
<MediaTimePoint>T00:17:31:14513F30000</MediaTimePoint>
<MediaDuration>PT00H00M03S27117N30000F</MediaDuration>
</MediaTime>
<TemporalDecomposition>
<VideoSegment id="shot271_93_RKF">
<MediaTime>
<MediaTimePoint>T00:17:33:12571F30000</MediaTimePoint>
</MediaTime>
</VideoSegment>
</TemporalDecomposition>
</VideoSegment>
<VideoSegment id="shot271_94">
<MediaTime>
<MediaTimePoint>T00:17:35:11630F30000</MediaTimePoint>
<MediaDuration>PT00H00M05S150N30000F</MediaDuration>
</MediaTime>
<TemporalDecomposition>
<VideoSegment id="shot271_94_NRKF_1">
<MediaTime>
<MediaTimePoint>T00:17:35:12631F30000</MediaTimePoint>
</MediaTime>
</VideoSegment>
<VideoSegment id="shot271_94_NRKF_2">
<MediaTime>
<MediaTimePoint>T00:17:36:6655F30000</MediaTimePoint>
</MediaTime>
</VideoSegment>
<VideoSegment id="shot271_94_RKF">
<MediaTime>
<MediaTimePoint>T00:17:37:25704F30000</MediaTimePoint>
</MediaTime>
</VideoSegment>
<VideoSegment id="shot271_94_NRKF_3">
<MediaTime>
<MediaTimePoint>T00:17:38:19728F30000</MediaTimePoint>
</MediaTime>
</VideoSegment>
</TemporalDecomposition>
</VideoSegment>
<VideoSegment id="shot271_95">
<MediaTime>
<MediaTimePoint>T00:17:40:11780F30000</MediaTimePoint>
<MediaDuration>PT00H00M02S27087N30000F</MediaDuration>
</MediaTime>
<TemporalDecomposition>
<VideoSegment id="shot271_95_RKF">
<MediaTime>
<MediaTimePoint>T00:17:41:24823F30000</MediaTimePoint>
</MediaTime>
</VideoSegment>
</TemporalDecomposition>
</VideoSegment>
<VideoSegment id="shot271_96">
<MediaTime>
<MediaTimePoint>T00:17:43:8867F30000</MediaTimePoint>
<MediaDuration>PT00H00M02S11071N30000F</MediaDuration>
</MediaTime>
<TemporalDecomposition>
<VideoSegment id="shot271_96_RKF">
<MediaTime>
<MediaTimePoint>T00:17:44:13902F30000</MediaTimePoint>
</MediaTime>
</VideoSegment>
</TemporalDecomposition>
</VideoSegment>
<VideoSegment id="shot271_97">
<MediaTime>
<MediaTimePoint>T00:17:45:19938F30000</MediaTimePoint>
<MediaDuration>PT00H00M02S20080N30000F</MediaDuration>
</MediaTime>
<TemporalDecomposition>
<VideoSegment id="shot271_97_NRKF_1">
<MediaTime>
<MediaTimePoint>T00:17:46:8957F30000</MediaTimePoint>
</MediaTime>
</VideoSegment>
<VideoSegment id="shot271_97_RKF">
<MediaTime>
<MediaTimePoint>T00:17:46:28977F30000</MediaTimePoint>
</MediaTime>
</VideoSegment>
<VideoSegment id="shot271_97_NRKF_2">
<MediaTime>
<MediaTimePoint>T00:17:47:18997F30000</MediaTimePoint>
</MediaTime>
</VideoSegment>
</TemporalDecomposition>
</VideoSegment>
<VideoSegment id="shot271_98">
<MediaTime>
<MediaTimePoint>T00:17:48:10018F30000</MediaTimePoint>
<MediaDuration>PT00H00M02S15075N30000F</MediaDuration>
</MediaTime>
<TemporalDecomposition>
<VideoSegment id="shot271_98_RKF">
<MediaTime>
<MediaTimePoint>T00:17:49:17055F30000</MediaTimePoint>
</MediaTime>
</VideoSegment>
</TemporalDecomposition>
</VideoSegment>
<VideoSegment id="shot271_99">
<MediaTime>
<MediaTimePoint>T00:17:50:25093F30000</MediaTimePoint>
<MediaDuration>PT00H00M05S24174N30000F</MediaDuration>
</MediaTime>
<TemporalDecomposition>
<VideoSegment id="shot271_99_RKF">
<MediaTime>
<MediaTimePoint>T00:17:53:21179F30000</MediaTimePoint>
</MediaTime>
</VideoSegment>
</TemporalDecomposition>
</VideoSegment>
<VideoSegment id="shot271_100">
<MediaTime>
<MediaTimePoint>T00:17:56:19267F30000</MediaTimePoint>
<MediaDuration>PT00H00M04S13133N30000F</MediaDuration>
</MediaTime>
<TemporalDecomposition>
<VideoSegment id="shot271_100_NRKF_1">
<MediaTime>
<MediaTimePoint>T00:17:57:13291F30000</MediaTimePoint>
</MediaTime>
</VideoSegment>
<VideoSegment id="shot271_100_RKF">
<MediaTime>
<MediaTimePoint>T00:17:58:25333F30000</MediaTimePoint>
</MediaTime>
</VideoSegment>
<VideoSegment id="shot271_100_NRKF_2">
<MediaTime>
<MediaTimePoint>T00:17:59:20358F30000</MediaTimePoint>
</MediaTime>
</VideoSegment>
</TemporalDecomposition>
</VideoSegment>
<VideoSegment id="shot271_101">
<MediaTime>
<MediaTimePoint>T00:18:01:2400F30000</MediaTimePoint>
<MediaDuration>PT00H00M02S9069N30000F</MediaDuration>
</MediaTime>
<TemporalDecomposition>
<VideoSegment id="shot271_101_RKF">
<MediaTime>
<MediaTimePoint>T00:18:02:6434F30000</MediaTimePoint>
</MediaTime>
</VideoSegment>
</TemporalDecomposition>
</VideoSegment>
<VideoSegment id="shot271_102">
<MediaTime>
<MediaTimePoint>T00:18:03:11469F30000</MediaTimePoint>
<MediaDuration>PT00H00M02S2062N30000F</MediaDuration>
</MediaTime>
<TemporalDecomposition>
<VideoSegment id="shot271_102_RKF">
<MediaTime>
<MediaTimePoint>T00:18:04:11499F30000</MediaTimePoint>
</MediaTime>
</VideoSegment>
</TemporalDecomposition>
</VideoSegment>
<VideoSegment id="shot271_103">
<MediaTime>
<MediaTimePoint>T00:18:05:13531F30000</MediaTimePoint>
<MediaDuration>PT00H00M04S24144N30000F</MediaDuration>
</MediaTime>
<TemporalDecomposition>
<VideoSegment id="shot271_103_RKF">
<MediaTime>
<MediaTimePoint>T00:18:07:24602F30000</MediaTimePoint>
</MediaTime>
</VideoSegment>
</TemporalDecomposition>
</VideoSegment>
<VideoSegment id="shot271_104">
<MediaTime>
<MediaTimePoint>T00:18:10:7675F30000</MediaTimePoint>
<MediaDuration>PT00H00M09S20290N30000F</MediaDuration>
</MediaTime>
<TemporalDecomposition>
<VideoSegment id="shot271_104_RKF">
<MediaTime>
<MediaTimePoint>T00:18:15:1819F30000</MediaTimePoint>
</MediaTime>
</VideoSegment>
</TemporalDecomposition>
</VideoSegment>
<VideoSegment id="shot271_105">
<MediaTime>
<MediaTimePoint>T00:18:19:27965F30000</MediaTimePoint>
<MediaDuration>PT00H00M04S120N30000F</MediaDuration>
</MediaTime>
<TemporalDecomposition>
<VideoSegment id="shot271_105_RKF">
<MediaTime>
<MediaTimePoint>T00:18:21:27024F30000</MediaTimePoint>
</MediaTime>
</VideoSegment>
</TemporalDecomposition>
</VideoSegment>
<VideoSegment id="shot271_106">
<MediaTime>
<MediaTimePoint>T00:18:23:28085F30000</MediaTimePoint>
<MediaDuration>PT00H00M03S11101N30000F</MediaDuration>
</MediaTime>
<TemporalDecomposition>
<VideoSegment id="shot271_106_RKF">
<MediaTime>
<MediaTimePoint>T00:18:25:18135F30000</MediaTimePoint>
</MediaTime>
</VideoSegment>
</TemporalDecomposition>
</VideoSegment>
<VideoSegment id="shot271_107">
<MediaTime>
<MediaTimePoint>T00:18:27:9186F30000</MediaTimePoint>
<MediaDuration>PT00H00M05S1151N30000F</MediaDuration>
</MediaTime>
<TemporalDecomposition>
<VideoSegment id="shot271_107_RKF">
<MediaTime>
<MediaTimePoint>T00:18:29:24261F30000</MediaTimePoint>
</MediaTime>
</VideoSegment>
</TemporalDecomposition>
</VideoSegment>
<VideoSegment id="shot271_108">
<MediaTime>
<MediaTimePoint>T00:18:32:10337F30000</MediaTimePoint>
<MediaDuration>PT00H00M08S2242N30000F</MediaDuration>
</MediaTime>
<TemporalDecomposition>
<VideoSegment id="shot271_108_RKF">
<MediaTime>
<MediaTimePoint>T00:18:36:10457F30000</MediaTimePoint>
</MediaTime>
</VideoSegment>
</TemporalDecomposition>
</VideoSegment>
<VideoSegment id="shot271_109">
<MediaTime>
<MediaTimePoint>T00:18:40:12579F30000</MediaTimePoint>
<MediaDuration>PT00H00M03S29119N30000F</MediaDuration>
</MediaTime>
<TemporalDecomposition>
<VideoSegment id="shot271_109_NRKF_1">
<MediaTime>
<MediaTimePoint>T00:18:41:1598F30000</MediaTimePoint>
</MediaTime>
</VideoSegment>
<VideoSegment id="shot271_109_RKF">
<MediaTime>
<MediaTimePoint>T00:18:42:11638F30000</MediaTimePoint>
</MediaTime>
</VideoSegment>
<VideoSegment id="shot271_109_NRKF_2">
<MediaTime>
<MediaTimePoint>T00:18:43:1658F30000</MediaTimePoint>
</MediaTime>
</VideoSegment>
</TemporalDecomposition>
</VideoSegment>
<VideoSegment id="shot271_110">
<MediaTime>
<MediaTimePoint>T00:18:44:11698F30000</MediaTimePoint>
<MediaDuration>PT00H00M02S10070N30000F</MediaDuration>
</MediaTime>
<TemporalDecomposition>
<VideoSegment id="shot271_110_NRKF_1">
<MediaTime>
<MediaTimePoint>T00:18:45:9726F30000</MediaTimePoint>
</MediaTime>
</VideoSegment>
<VideoSegment id="shot271_110_RKF">
<MediaTime>
<MediaTimePoint>T00:18:45:15732F30000</MediaTimePoint>
</MediaTime>
</VideoSegment>
<VideoSegment id="shot271_110_NRKF_2">
<MediaTime>
<MediaTimePoint>T00:18:46:14761F30000</MediaTimePoint>
</MediaTime>
</VideoSegment>
</TemporalDecomposition>
</VideoSegment>
<VideoSegment id="shot271_111">
<MediaTime>
<MediaTimePoint>T00:18:46:21768F30000</MediaTimePoint>
<MediaDuration>PT00H00M02S11071N30000F</MediaDuration>
</MediaTime>
<TemporalDecomposition>
<VideoSegment id="shot271_111_NRKF_1">
<MediaTime>
<MediaTimePoint>T00:18:47:5782F30000</MediaTimePoint>
</MediaTime>
</VideoSegment>
<VideoSegment id="shot271_111_RKF">
<MediaTime>
<MediaTimePoint>T00:18:47:26803F30000</MediaTimePoint>
</MediaTime>
</VideoSegment>
<VideoSegment id="shot271_111_NRKF_2">
<MediaTime>
<MediaTimePoint>T00:18:48:10817F30000</MediaTimePoint>
</MediaTime>
</VideoSegment>
</TemporalDecomposition>
</VideoSegment>
<VideoSegment id="shot271_112">
<MediaTime>
<MediaTimePoint>T00:18:49:2839F30000</MediaTimePoint>
<MediaDuration>PT00H00M04S13133N30000F</MediaDuration>
</MediaTime>
<TemporalDecomposition>
<VideoSegment id="shot271_112_NRKF_1">
<MediaTime>
<MediaTimePoint>T00:18:49:18855F30000</MediaTimePoint>
</MediaTime>
</VideoSegment>
<VideoSegment id="shot271_112_RKF">
<MediaTime>
<MediaTimePoint>T00:18:51:8905F30000</MediaTimePoint>
</MediaTime>
</VideoSegment>
<VideoSegment id="shot271_112_NRKF_2">
<MediaTime>
<MediaTimePoint>T00:18:51:24921F30000</MediaTimePoint>
</MediaTime>
</VideoSegment>
</TemporalDecomposition>
</VideoSegment>
<VideoSegment id="shot271_113">
<MediaTime>
<MediaTimePoint>T00:18:53:15972F30000</MediaTimePoint>
<MediaDuration>PT00H00M02S11071N30000F</MediaDuration>
</MediaTime>
<TemporalDecomposition>
<VideoSegment id="shot271_113_RKF">
<MediaTime>
<MediaTimePoint>T00:18:54:21007F30000</MediaTimePoint>
</MediaTime>
</VideoSegment>
</TemporalDecomposition>
</VideoSegment>
<VideoSegment id="shot271_114">
<MediaTime>
<MediaTimePoint>T00:18:55:27043F30000</MediaTimePoint>
<MediaDuration>PT00H00M02S14074N30000F</MediaDuration>
</MediaTime>
<TemporalDecomposition>
<VideoSegment id="shot271_114_RKF">
<MediaTime>
<MediaTimePoint>T00:18:57:3079F30000</MediaTimePoint>
</MediaTime>
</VideoSegment>
</TemporalDecomposition>
</VideoSegment>
<VideoSegment id="shot271_115">
<MediaTime>
<MediaTimePoint>T00:18:58:11117F30000</MediaTimePoint>
<MediaDuration>PT00H00M03S90N30000F</MediaDuration>
</MediaTime>
<TemporalDecomposition>
<VideoSegment id="shot271_115_NRKF_1">
<MediaTime>
<MediaTimePoint>T00:18:59:4140F30000</MediaTimePoint>
</MediaTime>
</VideoSegment>
<VideoSegment id="shot271_115_RKF">
<MediaTime>
<MediaTimePoint>T00:18:59:25161F30000</MediaTimePoint>
</MediaTime>
</VideoSegment>
<VideoSegment id="shot271_115_NRKF_2">
<MediaTime>
<MediaTimePoint>T00:19:00:19185F30000</MediaTimePoint>
</MediaTime>
</VideoSegment>
</TemporalDecomposition>
</VideoSegment>
<VideoSegment id="shot271_116">
<MediaTime>
<MediaTimePoint>T00:19:01:11207F30000</MediaTimePoint>
<MediaDuration>PT00H00M02S19079N30000F</MediaDuration>
</MediaTime>
<TemporalDecomposition>
<VideoSegment id="shot271_116_NRKF_1">
<MediaTime>
<MediaTimePoint>T00:19:01:25221F30000</MediaTimePoint>
</MediaTime>
</VideoSegment>
<VideoSegment id="shot271_116_RKF">
<MediaTime>
<MediaTimePoint>T00:19:02:20246F30000</MediaTimePoint>
</MediaTime>
</VideoSegment>
<VideoSegment id="shot271_116_NRKF_2">
<MediaTime>
<MediaTimePoint>T00:19:03:5261F30000</MediaTimePoint>
</MediaTime>
</VideoSegment>
</TemporalDecomposition>
</VideoSegment>
<VideoSegment id="shot271_117">
<MediaTime>
<MediaTimePoint>T00:19:04:286F30000</MediaTimePoint>
<MediaDuration>PT00H00M03S4094N30000F</MediaDuration>
</MediaTime>
<TemporalDecomposition>
<VideoSegment id="shot271_117_NRKF_1">
<MediaTime>
<MediaTimePoint>T00:19:04:16302F30000</MediaTimePoint>
</MediaTime>
</VideoSegment>
<VideoSegment id="shot271_117_NRKF_2">
<MediaTime>
<MediaTimePoint>T00:19:05:16332F30000</MediaTimePoint>
</MediaTime>
</VideoSegment>
<VideoSegment id="shot271_117_RKF">
<MediaTime>
<MediaTimePoint>T00:19:05:16332F30000</MediaTimePoint>
</MediaTime>
</VideoSegment>
<VideoSegment id="shot271_117_NRKF_3">
<MediaTime>
<MediaTimePoint>T00:19:06:16362F30000</MediaTimePoint>
</MediaTime>
</VideoSegment>
</TemporalDecomposition>
</VideoSegment>
<VideoSegment id="shot271_118">
<MediaTime>
<MediaTimePoint>T00:19:07:4380F30000</MediaTimePoint>
<MediaDuration>PT00H00M04S10130N30000F</MediaDuration>
</MediaTime>
<TemporalDecomposition>
<VideoSegment id="shot271_118_RKF">
<MediaTime>
<MediaTimePoint>T00:19:09:8444F30000</MediaTimePoint>
</MediaTime>
</VideoSegment>
</TemporalDecomposition>
</VideoSegment>
<VideoSegment id="shot271_119">
<MediaTime>
<MediaTimePoint>T00:19:11:14510F30000</MediaTimePoint>
<MediaDuration>PT00H00M02S1061N30000F</MediaDuration>
</MediaTime>
<TemporalDecomposition>
<VideoSegment id="shot271_119_RKF">
<MediaTime>
<MediaTimePoint>T00:19:12:14540F30000</MediaTimePoint>
</MediaTime>
</VideoSegment>
</TemporalDecomposition>
</VideoSegment>
<VideoSegment id="shot271_120">
<MediaTime>
<MediaTimePoint>T00:19:13:15571F30000</MediaTimePoint>
<MediaDuration>PT00H00M02S5065N30000F</MediaDuration>
</MediaTime>
<TemporalDecomposition>
<VideoSegment id="shot271_120_NRKF_1">
<MediaTime>
<MediaTimePoint>T00:19:13:18574F30000</MediaTimePoint>
</MediaTime>
</VideoSegment>
<VideoSegment id="shot271_120_NRKF_2">
<MediaTime>
<MediaTimePoint>T00:19:14:9595F30000</MediaTimePoint>
</MediaTime>
</VideoSegment>
<VideoSegment id="shot271_120_RKF">
<MediaTime>
<MediaTimePoint>T00:19:14:17603F30000</MediaTimePoint>
</MediaTime>
</VideoSegment>
<VideoSegment id="shot271_120_NRKF_3">
<MediaTime>
<MediaTimePoint>T00:19:15:8624F30000</MediaTimePoint>
</MediaTime>
</VideoSegment>
</TemporalDecomposition>
</VideoSegment>
<VideoSegment id="shot271_121">
<MediaTime>
<MediaTimePoint>T00:19:15:20636F30000</MediaTimePoint>
<MediaDuration>PT00H00M02S2062N30000F</MediaDuration>
</MediaTime>
<TemporalDecomposition>
<VideoSegment id="shot271_121_RKF">
<MediaTime>
<MediaTimePoint>T00:19:16:20666F30000</MediaTimePoint>
</MediaTime>
</VideoSegment>
</TemporalDecomposition>
</VideoSegment>
<VideoSegment id="shot271_122">
<MediaTime>
<MediaTimePoint>T00:19:17:22698F30000</MediaTimePoint>
<MediaDuration>PT00H00M02S22082N30000F</MediaDuration>
</MediaTime>
<TemporalDecomposition>
<VideoSegment id="shot271_122_NRKF_1">
<MediaTime>
<MediaTimePoint>T00:19:18:15721F30000</MediaTimePoint>
</MediaTime>
</VideoSegment>
<VideoSegment id="shot271_122_RKF">
<MediaTime>
<MediaTimePoint>T00:19:19:2738F30000</MediaTimePoint>
</MediaTime>
</VideoSegment>
<VideoSegment id="shot271_122_NRKF_2">
<MediaTime>
<MediaTimePoint>T00:19:19:26762F30000</MediaTimePoint>
</MediaTime>
</VideoSegment>
</TemporalDecomposition>
</VideoSegment>
<VideoSegment id="shot271_123">
<MediaTime>
<MediaTimePoint>T00:19:20:14780F30000</MediaTimePoint>
<MediaDuration>PT00H00M02S15075N30000F</MediaDuration>
</MediaTime>
<TemporalDecomposition>
<VideoSegment id="shot271_123_NRKF_1">
<MediaTime>
<MediaTimePoint>T00:19:21:11807F30000</MediaTimePoint>
</MediaTime>
</VideoSegment>
<VideoSegment id="shot271_123_RKF">
<MediaTime>
<MediaTimePoint>T00:19:21:21817F30000</MediaTimePoint>
</MediaTime>
</VideoSegment>
<VideoSegment id="shot271_123_NRKF_2">
<MediaTime>
<MediaTimePoint>T00:19:22:19845F30000</MediaTimePoint>
</MediaTime>
</VideoSegment>
</TemporalDecomposition>
</VideoSegment>
<VideoSegment id="shot271_124">
<MediaTime>
<MediaTimePoint>T00:19:22:29855F30000</MediaTimePoint>
<MediaDuration>PT00H00M02S21081N30000F</MediaDuration>
</MediaTime>
<TemporalDecomposition>
<VideoSegment id="shot271_124_NRKF_1">
<MediaTime>
<MediaTimePoint>T00:19:23:3859F30000</MediaTimePoint>
</MediaTime>
</VideoSegment>
<VideoSegment id="shot271_124_NRKF_2">
<MediaTime>
<MediaTimePoint>T00:19:23:27883F30000</MediaTimePoint>
</MediaTime>
</VideoSegment>
<VideoSegment id="shot271_124_RKF">
<MediaTime>
<MediaTimePoint>T00:19:24:9895F30000</MediaTimePoint>
</MediaTime>
</VideoSegment>
<VideoSegment id="shot271_124_NRKF_3">
<MediaTime>
<MediaTimePoint>T00:19:25:3919F30000</MediaTimePoint>
</MediaTime>
</VideoSegment>
</TemporalDecomposition>
</VideoSegment>
<VideoSegment id="shot271_125">
<MediaTime>
<MediaTimePoint>T00:19:25:20936F30000</MediaTimePoint>
<MediaDuration>PT00H00M02S18078N30000F</MediaDuration>
</MediaTime>
<TemporalDecomposition>
<VideoSegment id="shot271_125_NRKF_1">
<MediaTime>
<MediaTimePoint>T00:19:26:10956F30000</MediaTimePoint>
</MediaTime>
</VideoSegment>
<VideoSegment id="shot271_125_RKF">
<MediaTime>
<MediaTimePoint>T00:19:26:28974F30000</MediaTimePoint>
</MediaTime>
</VideoSegment>
<VideoSegment id="shot271_125_NRKF_2">
<MediaTime>
<MediaTimePoint>T00:19:27:19995F30000</MediaTimePoint>
</MediaTime>
</VideoSegment>
</TemporalDecomposition>
</VideoSegment>
<VideoSegment id="shot271_126">
<MediaTime>
<MediaTimePoint>T00:19:28:9014F30000</MediaTimePoint>
<MediaDuration>PT00H00M02S5065N30000F</MediaDuration>
</MediaTime>
<TemporalDecomposition>
<VideoSegment id="shot271_126_NRKF_1">
<MediaTime>
<MediaTimePoint>T00:19:28:15020F30000</MediaTimePoint>
</MediaTime>
</VideoSegment>
<VideoSegment id="shot271_126_RKF">
<MediaTime>
<MediaTimePoint>T00:19:29:11046F30000</MediaTimePoint>
</MediaTime>
</VideoSegment>
<VideoSegment id="shot271_126_NRKF_2">
<MediaTime>
<MediaTimePoint>T00:19:29:17052F30000</MediaTimePoint>
</MediaTime>
</VideoSegment>
</TemporalDecomposition>
</VideoSegment>
<VideoSegment id="shot271_127">
<MediaTime>
<MediaTimePoint>T00:19:30:14079F30000</MediaTimePoint>
<MediaDuration>PT00H00M03S10100N30000F</MediaDuration>
</MediaTime>
<TemporalDecomposition>
<VideoSegment id="shot271_127_NRKF_1">
<MediaTime>
<MediaTimePoint>T00:19:30:22087F30000</MediaTimePoint>
</MediaTime>
</VideoSegment>
<VideoSegment id="shot271_127_NRKF_2">
<MediaTime>
<MediaTimePoint>T00:19:31:14109F30000</MediaTimePoint>
</MediaTime>
</VideoSegment>
<VideoSegment id="shot271_127_RKF">
<MediaTime>
<MediaTimePoint>T00:19:32:3128F30000</MediaTimePoint>
</MediaTime>
</VideoSegment>
<VideoSegment id="shot271_127_NRKF_3">
<MediaTime>
<MediaTimePoint>T00:19:32:25150F30000</MediaTimePoint>
</MediaTime>
</VideoSegment>
</TemporalDecomposition>
</VideoSegment>
<VideoSegment id="shot271_128">
<MediaTime>
<MediaTimePoint>T00:19:33:24179F30000</MediaTimePoint>
<MediaDuration>PT00H00M03S5095N30000F</MediaDuration>
</MediaTime>
<TemporalDecomposition>
<VideoSegment id="shot271_128_NRKF_1">
<MediaTime>
<MediaTimePoint>T00:19:33:29184F30000</MediaTimePoint>
</MediaTime>
</VideoSegment>
<VideoSegment id="shot271_128_NRKF_2">
<MediaTime>
<MediaTimePoint>T00:19:34:20205F30000</MediaTimePoint>
</MediaTime>
</VideoSegment>
<VideoSegment id="shot271_128_RKF">
<MediaTime>
<MediaTimePoint>T00:19:35:11226F30000</MediaTimePoint>
</MediaTime>
</VideoSegment>
<VideoSegment id="shot271_128_NRKF_3">
<MediaTime>
<MediaTimePoint>T00:19:36:2247F30000</MediaTimePoint>
</MediaTime>
</VideoSegment>
</TemporalDecomposition>
</VideoSegment>
<VideoSegment id="shot271_129">
<MediaTime>
<MediaTimePoint>T00:19:36:29274F30000</MediaTimePoint>
<MediaDuration>PT00H00M03S13103N30000F</MediaDuration>
</MediaTime>
<TemporalDecomposition>
<VideoSegment id="shot271_129_NRKF_1">
<MediaTime>
<MediaTimePoint>T00:19:37:5280F30000</MediaTimePoint>
</MediaTime>
</VideoSegment>
<VideoSegment id="shot271_129_RKF">
<MediaTime>
<MediaTimePoint>T00:19:38:20325F30000</MediaTimePoint>
</MediaTime>
</VideoSegment>
<VideoSegment id="shot271_129_NRKF_2">
<MediaTime>
<MediaTimePoint>T00:19:38:26331F30000</MediaTimePoint>
</MediaTime>
</VideoSegment>
</TemporalDecomposition>
</VideoSegment>
<VideoSegment id="shot271_130">
<MediaTime>
<MediaTimePoint>T00:19:40:12377F30000</MediaTimePoint>
<MediaDuration>PT00H00M02S18078N30000F</MediaDuration>
</MediaTime>
<TemporalDecomposition>
<VideoSegment id="shot271_130_NRKF_1">
<MediaTime>
<MediaTimePoint>T00:19:41:2397F30000</MediaTimePoint>
</MediaTime>
</VideoSegment>
<VideoSegment id="shot271_130_RKF">
<MediaTime>
<MediaTimePoint>T00:19:41:20415F30000</MediaTimePoint>
</MediaTime>
</VideoSegment>
<VideoSegment id="shot271_130_NRKF_2">
<MediaTime>
<MediaTimePoint>T00:19:42:11436F30000</MediaTimePoint>
</MediaTime>
</VideoSegment>
</TemporalDecomposition>
</VideoSegment>
<VideoSegment id="shot271_131">
<MediaTime>
<MediaTimePoint>T00:19:43:455F30000</MediaTimePoint>
<MediaDuration>PT00H00M03S90N30000F</MediaDuration>
</MediaTime>
<TemporalDecomposition>
<VideoSegment id="shot271_131_NRKF_1">
<MediaTime>
<MediaTimePoint>T00:19:43:25480F30000</MediaTimePoint>
</MediaTime>
</VideoSegment>
<VideoSegment id="shot271_131_RKF">
<MediaTime>
<MediaTimePoint>T00:19:44:14499F30000</MediaTimePoint>
</MediaTime>
</VideoSegment>
<VideoSegment id="shot271_131_NRKF_2">
<MediaTime>
<MediaTimePoint>T00:19:45:10525F30000</MediaTimePoint>
</MediaTime>
</VideoSegment>
</TemporalDecomposition>
</VideoSegment>
<VideoSegment id="shot271_132">
<MediaTime>
<MediaTimePoint>T00:19:46:545F30000</MediaTimePoint>
<MediaDuration>PT00H00M03S13103N30000F</MediaDuration>
</MediaTime>
<TemporalDecomposition>
<VideoSegment id="shot271_132_NRKF_1">
<MediaTime>
<MediaTimePoint>T00:19:46:25570F30000</MediaTimePoint>
</MediaTime>
</VideoSegment>
<VideoSegment id="shot271_132_NRKF_2">
<MediaTime>
<MediaTimePoint>T00:19:47:21596F30000</MediaTimePoint>
</MediaTime>
</VideoSegment>
<VideoSegment id="shot271_132_RKF">
<MediaTime>
<MediaTimePoint>T00:19:47:21596F30000</MediaTimePoint>
</MediaTime>
</VideoSegment>
<VideoSegment id="shot271_132_NRKF_3">
<MediaTime>
<MediaTimePoint>T00:19:48:17622F30000</MediaTimePoint>
</MediaTime>
</VideoSegment>
</TemporalDecomposition>
</VideoSegment>
<VideoSegment id="shot271_133">
<MediaTime>
<MediaTimePoint>T00:19:49:13648F30000</MediaTimePoint>
<MediaDuration>PT00H00M02S14074N30000F</MediaDuration>
</MediaTime>
<TemporalDecomposition>
<VideoSegment id="shot271_133_NRKF_1">
<MediaTime>
<MediaTimePoint>T00:19:49:26661F30000</MediaTimePoint>
</MediaTime>
</VideoSegment>
<VideoSegment id="shot271_133_RKF">
<MediaTime>
<MediaTimePoint>T00:19:50:19684F30000</MediaTimePoint>
</MediaTime>
</VideoSegment>
<VideoSegment id="shot271_133_NRKF_2">
<MediaTime>
<MediaTimePoint>T00:19:51:3698F30000</MediaTimePoint>
</MediaTime>
</VideoSegment>
</TemporalDecomposition>
</VideoSegment>
<VideoSegment id="shot271_134">
<MediaTime>
<MediaTimePoint>T00:19:51:27722F30000</MediaTimePoint>
<MediaDuration>PT00H00M03S15105N30000F</MediaDuration>
</MediaTime>
<TemporalDecomposition>
<VideoSegment id="shot271_134_NRKF_1">
<MediaTime>
<MediaTimePoint>T00:19:52:19744F30000</MediaTimePoint>
</MediaTime>
</VideoSegment>
<VideoSegment id="shot271_134_RKF">
<MediaTime>
<MediaTimePoint>T00:19:53:19774F30000</MediaTimePoint>
</MediaTime>
</VideoSegment>
<VideoSegment id="shot271_134_NRKF_2">
<MediaTime>
<MediaTimePoint>T00:19:54:11796F30000</MediaTimePoint>
</MediaTime>
</VideoSegment>
</TemporalDecomposition>
</VideoSegment>
<VideoSegment id="shot271_135">
<MediaTime>
<MediaTimePoint>T00:19:55:12827F30000</MediaTimePoint>
<MediaDuration>PT00H00M04S26146N30000F</MediaDuration>
</MediaTime>
<TemporalDecomposition>
<VideoSegment id="shot271_135_RKF">
<MediaTime>
<MediaTimePoint>T00:19:57:24899F30000</MediaTimePoint>
</MediaTime>
</VideoSegment>
</TemporalDecomposition>
</VideoSegment>
<VideoSegment id="shot271_136">
<MediaTime>
<MediaTimePoint>T00:20:00:8973F30000</MediaTimePoint>
<MediaDuration>PT00H00M07S17227N30000F</MediaDuration>
</MediaTime>
<TemporalDecomposition>
<VideoSegment id="shot271_136_RKF">
<MediaTime>
<MediaTimePoint>T00:20:04:2086F30000</MediaTimePoint>
</MediaTime>
</VideoSegment>
</TemporalDecomposition>
</VideoSegment>
<VideoSegment id="shot271_137">
<MediaTime>
<MediaTimePoint>T00:20:07:26200F30000</MediaTimePoint>
<MediaDuration>PT00H00M02S16076N30000F</MediaDuration>
</MediaTime>
<TemporalDecomposition>
<VideoSegment id="shot271_137_RKF">
<MediaTime>
<MediaTimePoint>T00:20:09:3237F30000</MediaTimePoint>
</MediaTime>
</VideoSegment>
</TemporalDecomposition>
</VideoSegment>
<VideoSegment id="shot271_138">
<MediaTime>
<MediaTimePoint>T00:20:10:12276F30000</MediaTimePoint>
<MediaDuration>PT00H00M02S15075N30000F</MediaDuration>
</MediaTime>
<TemporalDecomposition>
<VideoSegment id="shot271_138_RKF">
<MediaTime>
<MediaTimePoint>T00:20:11:19313F30000</MediaTimePoint>
</MediaTime>
</VideoSegment>
</TemporalDecomposition>
</VideoSegment>
<VideoSegment id="shot271_139">
<MediaTime>
<MediaTimePoint>T00:20:12:27351F30000</MediaTimePoint>
<MediaDuration>PT00H00M02S6066N30000F</MediaDuration>
</MediaTime>
<TemporalDecomposition>
<VideoSegment id="shot271_139_RKF">
<MediaTime>
<MediaTimePoint>T00:20:13:29383F30000</MediaTimePoint>
</MediaTime>
</VideoSegment>
</TemporalDecomposition>
</VideoSegment>
<VideoSegment id="shot271_140">
<MediaTime>
<MediaTimePoint>T00:20:15:3417F30000</MediaTimePoint>
<MediaDuration>PT00H00M03S9099N30000F</MediaDuration>
</MediaTime>
<TemporalDecomposition>
<VideoSegment id="shot271_140_RKF">
<MediaTime>
<MediaTimePoint>T00:20:16:22466F30000</MediaTimePoint>
</MediaTime>
</VideoSegment>
</TemporalDecomposition>
</VideoSegment>
<VideoSegment id="shot271_141">
<MediaTime>
<MediaTimePoint>T00:20:18:12516F30000</MediaTimePoint>
<MediaDuration>PT00H00M22S13673N30000F</MediaDuration>
</MediaTime>
<TemporalDecomposition>
<VideoSegment id="shot271_141_RKF">
<MediaTime>
<MediaTimePoint>T00:20:29:18852F30000</MediaTimePoint>
</MediaTime>
</VideoSegment>
</TemporalDecomposition>
</VideoSegment>
<VideoSegment id="shot271_142">
<MediaTime>
<MediaTimePoint>T00:20:40:26189F30000</MediaTimePoint>
<MediaDuration>PT00H00M03S5095N30000F</MediaDuration>
</MediaTime>
<TemporalDecomposition>
<VideoSegment id="shot271_142_NRKF_1">
<MediaTime>
<MediaTimePoint>T00:20:41:18211F30000</MediaTimePoint>
</MediaTime>
</VideoSegment>
<VideoSegment id="shot271_142_RKF">
<MediaTime>
<MediaTimePoint>T00:20:42:13236F30000</MediaTimePoint>
</MediaTime>
</VideoSegment>
<VideoSegment id="shot271_142_NRKF_2">
<MediaTime>
<MediaTimePoint>T00:20:43:6259F30000</MediaTimePoint>
</MediaTime>
</VideoSegment>
</TemporalDecomposition>
</VideoSegment>
<VideoSegment id="shot271_143">
<MediaTime>
<MediaTimePoint>T00:20:44:1284F30000</MediaTimePoint>
<MediaDuration>PT00H00M02S25085N30000F</MediaDuration>
</MediaTime>
<TemporalDecomposition>
<VideoSegment id="shot271_143_NRKF_1">
<MediaTime>
<MediaTimePoint>T00:20:44:6289F30000</MediaTimePoint>
</MediaTime>
</VideoSegment>
<VideoSegment id="shot271_143_NRKF_2">
<MediaTime>
<MediaTimePoint>T00:20:45:313F30000</MediaTimePoint>
</MediaTime>
</VideoSegment>
<VideoSegment id="shot271_143_RKF">
<MediaTime>
<MediaTimePoint>T00:20:45:13326F30000</MediaTimePoint>
</MediaTime>
</VideoSegment>
<VideoSegment id="shot271_143_NRKF_3">
<MediaTime>
<MediaTimePoint>T00:20:46:6349F30000</MediaTimePoint>
</MediaTime>
</VideoSegment>
</TemporalDecomposition>
</VideoSegment>
<VideoSegment id="shot271_144">
<MediaTime>
<MediaTimePoint>T00:20:46:26369F30000</MediaTimePoint>
<MediaDuration>PT00H00M06S180N30000F</MediaDuration>
</MediaTime>
<TemporalDecomposition>
<VideoSegment id="shot271_144_RKF">
<MediaTime>
<MediaTimePoint>T00:20:49:25458F30000</MediaTimePoint>
</MediaTime>
</VideoSegment>
</TemporalDecomposition>
</VideoSegment>
<VideoSegment id="shot271_145">
<MediaTime>
<MediaTimePoint>T00:20:52:26549F30000</MediaTimePoint>
<MediaDuration>PT00H00M02S15075N30000F</MediaDuration>
</MediaTime>
<TemporalDecomposition>
<VideoSegment id="shot271_145_NRKF_1">
<MediaTime>
<MediaTimePoint>T00:20:53:9562F30000</MediaTimePoint>
</MediaTime>
</VideoSegment>
<VideoSegment id="shot271_145_NRKF_2">
<MediaTime>
<MediaTimePoint>T00:20:54:2585F30000</MediaTimePoint>
</MediaTime>
</VideoSegment>
<VideoSegment id="shot271_145_RKF">
<MediaTime>
<MediaTimePoint>T00:20:54:3586F30000</MediaTimePoint>
</MediaTime>
</VideoSegment>
<VideoSegment id="shot271_145_NRKF_3">
<MediaTime>
<MediaTimePoint>T00:20:54:25608F30000</MediaTimePoint>
</MediaTime>
</VideoSegment>
</TemporalDecomposition>
</VideoSegment>
<VideoSegment id="shot271_146">
<MediaTime>
<MediaTimePoint>T00:20:55:11624F30000</MediaTimePoint>
<MediaDuration>PT00H00M02S7067N30000F</MediaDuration>
</MediaTime>
<TemporalDecomposition>
<VideoSegment id="shot271_146_NRKF_1">
<MediaTime>
<MediaTimePoint>T00:20:55:24637F30000</MediaTimePoint>
</MediaTime>
</VideoSegment>
<VideoSegment id="shot271_146_RKF">
<MediaTime>
<MediaTimePoint>T00:20:56:14657F30000</MediaTimePoint>
</MediaTime>
</VideoSegment>
<VideoSegment id="shot271_146_NRKF_2">
<MediaTime>
<MediaTimePoint>T00:20:56:20663F30000</MediaTimePoint>
</MediaTime>
</VideoSegment>
<VideoSegment id="shot271_146_NRKF_3">
<MediaTime>
<MediaTimePoint>T00:20:57:10683F30000</MediaTimePoint>
</MediaTime>
</VideoSegment>
</TemporalDecomposition>
</VideoSegment>
<VideoSegment id="shot271_147">
<MediaTime>
<MediaTimePoint>T00:20:57:18691F30000</MediaTimePoint>
<MediaDuration>PT00H00M02S8068N30000F</MediaDuration>
</MediaTime>
<TemporalDecomposition>
<VideoSegment id="shot271_147_NRKF_1">
<MediaTime>
<MediaTimePoint>T00:20:57:29702F30000</MediaTimePoint>
</MediaTime>
</VideoSegment>
<VideoSegment id="shot271_147_RKF">
<MediaTime>
<MediaTimePoint>T00:20:58:21724F30000</MediaTimePoint>
</MediaTime>
</VideoSegment>
<VideoSegment id="shot271_147_NRKF_2">
<MediaTime>
<MediaTimePoint>T00:20:59:3736F30000</MediaTimePoint>
</MediaTime>
</VideoSegment>
</TemporalDecomposition>
</VideoSegment>
<VideoSegment id="shot271_148">
<MediaTime>
<MediaTimePoint>T00:20:59:26759F30000</MediaTimePoint>
<MediaDuration>PT00H00M02S17077N30000F</MediaDuration>
</MediaTime>
<TemporalDecomposition>
<VideoSegment id="shot271_148_NRKF_1">
<MediaTime>
<MediaTimePoint>T00:21:00:14777F30000</MediaTimePoint>
</MediaTime>
</VideoSegment>
<VideoSegment id="shot271_148_RKF">
<MediaTime>
<MediaTimePoint>T00:21:01:4797F30000</MediaTimePoint>
</MediaTime>
</VideoSegment>
<VideoSegment id="shot271_148_NRKF_2">
<MediaTime>
<MediaTimePoint>T00:21:01:22815F30000</MediaTimePoint>
</MediaTime>
</VideoSegment>
</TemporalDecomposition>
</VideoSegment>
<VideoSegment id="shot271_149">
<MediaTime>
<MediaTimePoint>T00:21:02:13836F30000</MediaTimePoint>
<MediaDuration>PT00H00M08S5245N30000F</MediaDuration>
</MediaTime>
<TemporalDecomposition>
<VideoSegment id="shot271_149_RKF">
<MediaTime>
<MediaTimePoint>T00:21:06:15958F30000</MediaTimePoint>
</MediaTime>
</VideoSegment>
</TemporalDecomposition>
</VideoSegment>
<VideoSegment id="shot271_150">
<MediaTime>
<MediaTimePoint>T00:21:10:19081F30000</MediaTimePoint>
<MediaDuration>PT00H00M28S2842N30000F</MediaDuration>
</MediaTime>
<TemporalDecomposition>
<VideoSegment id="shot271_150_NRKF_1">
<MediaTime>
<MediaTimePoint>T00:21:11:15107F30000</MediaTimePoint>
</MediaTime>
</VideoSegment>
<VideoSegment id="shot271_150_RKF">
<MediaTime>
<MediaTimePoint>T00:21:24:19501F30000</MediaTimePoint>
</MediaTime>
</VideoSegment>
<VideoSegment id="shot271_150_NRKF_2">
<MediaTime>
<MediaTimePoint>T00:21:25:16528F30000</MediaTimePoint>
</MediaTime>
</VideoSegment>
</TemporalDecomposition>
</VideoSegment>
<VideoSegment id="shot271_151">
<MediaTime>
<MediaTimePoint>T00:21:38:21923F30000</MediaTimePoint>
<MediaDuration>PT00H00M17S7517N30000F</MediaDuration>
</MediaTime>
<TemporalDecomposition>
<VideoSegment id="shot271_151_RKF">
<MediaTime>
<MediaTimePoint>T00:21:47:10181F30000</MediaTimePoint>
</MediaTime>
</VideoSegment>
</TemporalDecomposition>
</VideoSegment>
<VideoSegment id="shot271_152">
<MediaTime>
<MediaTimePoint>T00:21:55:29440F30000</MediaTimePoint>
<MediaDuration>PT00H00M22S8668N30000F</MediaDuration>
</MediaTime>
<TemporalDecomposition>
<VideoSegment id="shot271_152_RKF">
<MediaTime>
<MediaTimePoint>T00:22:07:2773F30000</MediaTimePoint>
</MediaTime>
</VideoSegment>
</TemporalDecomposition>
</VideoSegment>
<VideoSegment id="shot271_153">
<MediaTime>
<MediaTimePoint>T00:22:18:8108F30000</MediaTimePoint>
<MediaDuration>PT00H00M12S4364N30000F</MediaDuration>
</MediaTime>
<TemporalDecomposition>
<VideoSegment id="shot271_153_RKF">
<MediaTime>
<MediaTimePoint>T00:22:24:9289F30000</MediaTimePoint>
</MediaTime>
</VideoSegment>
</TemporalDecomposition>
</VideoSegment>
<VideoSegment id="shot271_154">
<MediaTime>
<MediaTimePoint>T00:22:30:12472F30000</MediaTimePoint>
<MediaDuration>PT00H00M24S22742N30000F</MediaDuration>
</MediaTime>
<TemporalDecomposition>
<VideoSegment id="shot271_154_RKF">
<MediaTime>
<MediaTimePoint>T00:22:42:22842F30000</MediaTimePoint>
</MediaTime>
</VideoSegment>
</TemporalDecomposition>
</VideoSegment>
<VideoSegment id="shot271_155">
<MediaTime>
<MediaTimePoint>T00:22:55:5214F30000</MediaTimePoint>
<MediaDuration>PT00H00M28S19859N30000F</MediaDuration>
</MediaTime>
<TemporalDecomposition>
<VideoSegment id="shot271_155_RKF">
<MediaTime>
<MediaTimePoint>T00:23:09:14643F30000</MediaTimePoint>
</MediaTime>
</VideoSegment>
</TemporalDecomposition>
</VideoSegment>
<VideoSegment id="shot271_156">
<MediaTime>
<MediaTimePoint>T00:23:23:25073F30000</MediaTimePoint>
<MediaDuration>PT00H00M16S11491N30000F</MediaDuration>
</MediaTime>
<TemporalDecomposition>
<VideoSegment id="shot271_156_RKF">
<MediaTime>
<MediaTimePoint>T00:23:32:318F30000</MediaTimePoint>
</MediaTime>
</VideoSegment>
</TemporalDecomposition>
</VideoSegment>
<VideoSegment id="shot271_157">
<MediaTime>
<MediaTimePoint>T00:23:40:6564F30000</MediaTimePoint>
<MediaDuration>PT00H00M26S3783N30000F</MediaDuration>
</MediaTime>
<TemporalDecomposition>
<VideoSegment id="shot271_157_RKF">
<MediaTime>
<MediaTimePoint>T00:23:53:7955F30000</MediaTimePoint>
</MediaTime>
</VideoSegment>
</TemporalDecomposition>
</VideoSegment>
<VideoSegment id="shot271_158">
<MediaTime>
<MediaTimePoint>T00:24:06:10347F30000</MediaTimePoint>
<MediaDuration>PT00H00M09S18288N30000F</MediaDuration>
</MediaTime>
<TemporalDecomposition>
<VideoSegment id="shot271_158_RKF">
<MediaTime>
<MediaTimePoint>T00:24:11:3490F30000</MediaTimePoint>
</MediaTime>
</VideoSegment>
</TemporalDecomposition>
</VideoSegment>
<VideoSegment id="shot271_159">
<MediaTime>
<MediaTimePoint>T00:24:15:28635F30000</MediaTimePoint>
<MediaDuration>PT00H00M28S6846N30000F</MediaDuration>
</MediaTime>
<TemporalDecomposition>
<VideoSegment id="shot271_159_RKF">
<MediaTime>
<MediaTimePoint>T00:24:30:1057F30000</MediaTimePoint>
</MediaTime>
</VideoSegment>
</TemporalDecomposition>
</VideoSegment>
<VideoSegment id="shot271_160">
<MediaTime>
<MediaTimePoint>T00:24:44:5481F30000</MediaTimePoint>
<MediaDuration>PT00H00M13S21411N30000F</MediaDuration>
</MediaTime>
<TemporalDecomposition>
<VideoSegment id="shot271_160_RKF">
<MediaTime>
<MediaTimePoint>T00:24:51:686F30000</MediaTimePoint>
</MediaTime>
</VideoSegment>
</TemporalDecomposition>
</VideoSegment>
<VideoSegment id="shot271_161">
<MediaTime>
<MediaTimePoint>T00:24:57:26892F30000</MediaTimePoint>
<MediaDuration>PT00H00M09S11281N30000F</MediaDuration>
</MediaTime>
<TemporalDecomposition>
<VideoSegment id="shot271_161_RKF">
<MediaTime>
<MediaTimePoint>T00:25:02:17032F30000</MediaTimePoint>
</MediaTime>
</VideoSegment>
</TemporalDecomposition>
</VideoSegment>
<VideoSegment id="shot271_162">
<MediaTime>
<MediaTimePoint>T00:25:07:8173F30000</MediaTimePoint>
<MediaDuration>PT00H00M04S8128N30000F</MediaDuration>
</MediaTime>
<TemporalDecomposition>
<VideoSegment id="shot271_162_RKF">
<MediaTime>
<MediaTimePoint>T00:25:09:11236F30000</MediaTimePoint>
</MediaTime>
</VideoSegment>
</TemporalDecomposition>
</VideoSegment>
<VideoSegment id="shot271_163">
<MediaTime>
<MediaTimePoint>T00:25:11:16301F30000</MediaTimePoint>
<MediaDuration>PT00H00M41S229N30000F</MediaDuration>
</MediaTime>
<TemporalDecomposition>
<VideoSegment id="shot271_163_RKF">
<MediaTime>
<MediaTimePoint>T00:25:32:915F30000</MediaTimePoint>
</MediaTime>
</VideoSegment>
</TemporalDecomposition>
</VideoSegment>
<VideoSegment id="shot271_164">
<MediaTime>
<MediaTimePoint>T00:25:52:16530F30000</MediaTimePoint>
<MediaDuration>PT00H00M18S16556N30000F</MediaDuration>
</MediaTime>
<TemporalDecomposition>
<VideoSegment id="shot271_164_RKF">
<MediaTime>
<MediaTimePoint>T00:26:01:23807F30000</MediaTimePoint>
</MediaTime>
</VideoSegment>
</TemporalDecomposition>
</VideoSegment>
<VideoSegment id="shot271_165">
<MediaTime>
<MediaTimePoint>T00:26:11:3086F30000</MediaTimePoint>
<MediaDuration>PT00H00M07S12222N30000F</MediaDuration>
</MediaTime>
<TemporalDecomposition>
<VideoSegment id="shot271_165_RKF">
<MediaTime>
<MediaTimePoint>T00:26:14:23196F30000</MediaTimePoint>
</MediaTime>
</VideoSegment>
</TemporalDecomposition>
</VideoSegment>
<VideoSegment id="shot271_166">
<MediaTime>
<MediaTimePoint>T00:26:18:15308F30000</MediaTimePoint>
<MediaDuration>PT00H00M05S23173N30000F</MediaDuration>
</MediaTime>
<TemporalDecomposition>
<VideoSegment id="shot271_166_RKF">
<MediaTime>
<MediaTimePoint>T00:26:21:11394F30000</MediaTimePoint>
</MediaTime>
</VideoSegment>
</TemporalDecomposition>
</VideoSegment>
<VideoSegment id="shot271_167">
<MediaTime>
<MediaTimePoint>T00:26:24:8481F30000</MediaTimePoint>
<MediaDuration>PT00H00M04S17137N30000F</MediaDuration>
</MediaTime>
<TemporalDecomposition>
<VideoSegment id="shot271_167_RKF">
<MediaTime>
<MediaTimePoint>T00:26:26:16549F30000</MediaTimePoint>
</MediaTime>
</VideoSegment>
</TemporalDecomposition>
</VideoSegment>
<VideoSegment id="shot271_168">
<MediaTime>
<MediaTimePoint>T00:26:28:25618F30000</MediaTimePoint>
<MediaDuration>PT00H00M03S15105N30000F</MediaDuration>
</MediaTime>
<TemporalDecomposition>
<VideoSegment id="shot271_168_NRKF_1">
<MediaTime>
<MediaTimePoint>T00:26:29:4627F30000</MediaTimePoint>
</MediaTime>
</VideoSegment>
<VideoSegment id="shot271_168_RKF">
<MediaTime>
<MediaTimePoint>T00:26:30:17670F30000</MediaTimePoint>
</MediaTime>
</VideoSegment>
<VideoSegment id="shot271_168_NRKF_2">
<MediaTime>
<MediaTimePoint>T00:26:30:26679F30000</MediaTimePoint>
</MediaTime>
</VideoSegment>
</TemporalDecomposition>
</VideoSegment>
<VideoSegment id="shot271_169">
<MediaTime>
<MediaTimePoint>T00:26:32:10723F30000</MediaTimePoint>
<MediaDuration>PT00H00M03S2092N30000F</MediaDuration>
</MediaTime>
<TemporalDecomposition>
<VideoSegment id="shot271_169_RKF">
<MediaTime>
<MediaTimePoint>T00:26:33:25768F30000</MediaTimePoint>
</MediaTime>
</VideoSegment>
</TemporalDecomposition>
</VideoSegment>
<VideoSegment id="shot271_170">
<MediaTime>
<MediaTimePoint>T00:26:35:12815F30000</MediaTimePoint>
<MediaDuration>PT00H00M02S27087N30000F</MediaDuration>
</MediaTime>
<TemporalDecomposition>
<VideoSegment id="shot271_170_RKF">
<MediaTime>
<MediaTimePoint>T00:26:36:25858F30000</MediaTimePoint>
</MediaTime>
</VideoSegment>
</TemporalDecomposition>
</VideoSegment>
<VideoSegment id="shot271_171">
<MediaTime>
<MediaTimePoint>T00:26:38:9902F30000</MediaTimePoint>
<MediaDuration>PT00H00M04S22142N30000F</MediaDuration>
</MediaTime>
<TemporalDecomposition>
<VideoSegment id="shot271_171_RKF">
<MediaTime>
<MediaTimePoint>T00:26:40:19972F30000</MediaTimePoint>
</MediaTime>
</VideoSegment>
</TemporalDecomposition>
</VideoSegment>
<VideoSegment id="shot271_172">
<MediaTime>
<MediaTimePoint>T00:26:43:2044F30000</MediaTimePoint>
<MediaDuration>PT00H00M02S10070N30000F</MediaDuration>
</MediaTime>
<TemporalDecomposition>
<VideoSegment id="shot271_172_RKF">
<MediaTime>
<MediaTimePoint>T00:26:44:6078F30000</MediaTimePoint>
</MediaTime>
</VideoSegment>
</TemporalDecomposition>
</VideoSegment>
<VideoSegment id="shot271_173">
<MediaTime>
<MediaTimePoint>T00:26:45:12114F30000</MediaTimePoint>
<MediaDuration>PT00H00M02S7067N30000F</MediaDuration>
</MediaTime>
<TemporalDecomposition>
<VideoSegment id="shot271_173_RKF">
<MediaTime>
<MediaTimePoint>T00:26:46:15147F30000</MediaTimePoint>
</MediaTime>
</VideoSegment>
</TemporalDecomposition>
</VideoSegment>
<VideoSegment id="shot271_174">
<MediaTime>
<MediaTimePoint>T00:26:47:19181F30000</MediaTimePoint>
<MediaDuration>PT00H00M03S8098N30000F</MediaDuration>
</MediaTime>
<TemporalDecomposition>
<VideoSegment id="shot271_174_RKF">
<MediaTime>
<MediaTimePoint>T00:26:49:7229F30000</MediaTimePoint>
</MediaTime>
</VideoSegment>
</TemporalDecomposition>
</VideoSegment>
<VideoSegment id="shot271_175">
<MediaTime>
<MediaTimePoint>T00:26:50:27279F30000</MediaTimePoint>
<MediaDuration>PT00H00M08S9249N30000F</MediaDuration>
</MediaTime>
<TemporalDecomposition>
<VideoSegment id="shot271_175_RKF">
<MediaTime>
<MediaTimePoint>T00:26:55:1403F30000</MediaTimePoint>
</MediaTime>
</VideoSegment>
</TemporalDecomposition>
</VideoSegment>
<VideoSegment id="shot271_176">
<MediaTime>
<MediaTimePoint>T00:26:59:6528F30000</MediaTimePoint>
<MediaDuration>PT00H00M03S26116N30000F</MediaDuration>
</MediaTime>
<TemporalDecomposition>
<VideoSegment id="shot271_176_RKF">
<MediaTime>
<MediaTimePoint>T00:27:01:3585F30000</MediaTimePoint>
</MediaTime>
</VideoSegment>
</TemporalDecomposition>
</VideoSegment>
<VideoSegment id="shot271_177">
<MediaTime>
<MediaTimePoint>T00:27:03:2644F30000</MediaTimePoint>
<MediaDuration>PT00H00M03S2092N30000F</MediaDuration>
</MediaTime>
<TemporalDecomposition>
<VideoSegment id="shot271_177_NRKF_1">
<MediaTime>
<MediaTimePoint>T00:27:03:12654F30000</MediaTimePoint>
</MediaTime>
</VideoSegment>
<VideoSegment id="shot271_177_NRKF_2">
<MediaTime>
<MediaTimePoint>T00:27:04:8680F30000</MediaTimePoint>
</MediaTime>
</VideoSegment>
<VideoSegment id="shot271_177_RKF">
<MediaTime>
<MediaTimePoint>T00:27:04:17689F30000</MediaTimePoint>
</MediaTime>
</VideoSegment>
<VideoSegment id="shot271_177_NRKF_3">
<MediaTime>
<MediaTimePoint>T00:27:05:13715F30000</MediaTimePoint>
</MediaTime>
</VideoSegment>
</TemporalDecomposition>
</VideoSegment>
<VideoSegment id="shot271_178">
<MediaTime>
<MediaTimePoint>T00:27:06:4736F30000</MediaTimePoint>
<MediaDuration>PT00H00M02S29089N30000F</MediaDuration>
</MediaTime>
<TemporalDecomposition>
<VideoSegment id="shot271_178_NRKF_1">
<MediaTime>
<MediaTimePoint>T00:27:06:25757F30000</MediaTimePoint>
</MediaTime>
</VideoSegment>
<VideoSegment id="shot271_178_RKF">
<MediaTime>
<MediaTimePoint>T00:27:07:18780F30000</MediaTimePoint>
</MediaTime>
</VideoSegment>
<VideoSegment id="shot271_178_NRKF_2">
<MediaTime>
<MediaTimePoint>T00:27:08:10802F30000</MediaTimePoint>
</MediaTime>
</VideoSegment>
</TemporalDecomposition>
</VideoSegment>
<VideoSegment id="shot271_179">
<MediaTime>
<MediaTimePoint>T00:27:09:3825F30000</MediaTimePoint>
<MediaDuration>PT00H00M02S6066N30000F</MediaDuration>
</MediaTime>
<TemporalDecomposition>
<VideoSegment id="shot271_179_NRKF_1">
<MediaTime>
<MediaTimePoint>T00:27:09:12834F30000</MediaTimePoint>
</MediaTime>
</VideoSegment>
<VideoSegment id="shot271_179_NRKF_2">
<MediaTime>
<MediaTimePoint>T00:27:10:5857F30000</MediaTimePoint>
</MediaTime>
</VideoSegment>
<VideoSegment id="shot271_179_RKF">
<MediaTime>
<MediaTimePoint>T00:27:10:5857F30000</MediaTimePoint>
</MediaTime>
</VideoSegment>
<VideoSegment id="shot271_179_NRKF_3">
<MediaTime>
<MediaTimePoint>T00:27:10:28880F30000</MediaTimePoint>
</MediaTime>
</VideoSegment>
</TemporalDecomposition>
</VideoSegment>
<VideoSegment id="shot271_180">
<MediaTime>
<MediaTimePoint>T00:27:11:9891F30000</MediaTimePoint>
<MediaDuration>PT00H00M02S27087N30000F</MediaDuration>
</MediaTime>
<TemporalDecomposition>
<VideoSegment id="shot271_180_NRKF_1">
<MediaTime>
<MediaTimePoint>T00:27:11:18900F30000</MediaTimePoint>
</MediaTime>
</VideoSegment>
<VideoSegment id="shot271_180_NRKF_2">
<MediaTime>
<MediaTimePoint>T00:27:12:7919F30000</MediaTimePoint>
</MediaTime>
</VideoSegment>
<VideoSegment id="shot271_180_RKF">
<MediaTime>
<MediaTimePoint>T00:27:12:22934F30000</MediaTimePoint>
</MediaTime>
</VideoSegment>
<VideoSegment id="shot271_180_NRKF_3">
<MediaTime>
<MediaTimePoint>T00:27:13:11953F30000</MediaTimePoint>
</MediaTime>
</VideoSegment>
</TemporalDecomposition>
</VideoSegment>
<VideoSegment id="shot271_181">
<MediaTime>
<MediaTimePoint>T00:27:14:6978F30000</MediaTimePoint>
<MediaDuration>PT00H00M02S26086N30000F</MediaDuration>
</MediaTime>
<TemporalDecomposition>
<VideoSegment id="shot271_181_RKF">
<MediaTime>
<MediaTimePoint>T00:27:15:19020F30000</MediaTimePoint>
</MediaTime>
</VideoSegment>
</TemporalDecomposition>
</VideoSegment>
<VideoSegment id="shot271_182">
<MediaTime>
<MediaTimePoint>T00:27:17:3064F30000</MediaTimePoint>
<MediaDuration>PT00H00M03S8098N30000F</MediaDuration>
</MediaTime>
<TemporalDecomposition>
<VideoSegment id="shot271_182_NRKF_1">
<MediaTime>
<MediaTimePoint>T00:27:17:25086F30000</MediaTimePoint>
</MediaTime>
</VideoSegment>
<VideoSegment id="shot271_182_RKF">
<MediaTime>
<MediaTimePoint>T00:27:18:21112F30000</MediaTimePoint>
</MediaTime>
</VideoSegment>
<VideoSegment id="shot271_182_NRKF_2">
<MediaTime>
<MediaTimePoint>T00:27:19:14135F30000</MediaTimePoint>
</MediaTime>
</VideoSegment>
</TemporalDecomposition>
</VideoSegment>
<VideoSegment id="shot271_183">
<MediaTime>
<MediaTimePoint>T00:27:20:11162F30000</MediaTimePoint>
<MediaDuration>PT00H00M03S29119N30000F</MediaDuration>
</MediaTime>
<TemporalDecomposition>
<VideoSegment id="shot271_183_NRKF_1">
<MediaTime>
<MediaTimePoint>T00:27:21:9190F30000</MediaTimePoint>
</MediaTime>
</VideoSegment>
<VideoSegment id="shot271_183_RKF">
<MediaTime>
<MediaTimePoint>T00:27:22:10221F30000</MediaTimePoint>
</MediaTime>
</VideoSegment>
<VideoSegment id="shot271_183_NRKF_2">
<MediaTime>
<MediaTimePoint>T00:27:23:8249F30000</MediaTimePoint>
</MediaTime>
</VideoSegment>
</TemporalDecomposition>
</VideoSegment>
<VideoSegment id="shot271_184">
<MediaTime>
<MediaTimePoint>T00:27:24:10281F30000</MediaTimePoint>
<MediaDuration>PT00H00M05S7157N30000F</MediaDuration>
</MediaTime>
<TemporalDecomposition>
<VideoSegment id="shot271_184_RKF">
<MediaTime>
<MediaTimePoint>T00:27:26:28359F30000</MediaTimePoint>
</MediaTime>
</VideoSegment>
</TemporalDecomposition>
</VideoSegment>
<VideoSegment id="shot271_185">
<MediaTime>
<MediaTimePoint>T00:27:29:17438F30000</MediaTimePoint>
<MediaDuration>PT00H00M02S17077N30000F</MediaDuration>
</MediaTime>
<TemporalDecomposition>
<VideoSegment id="shot271_185_NRKF_1">
<MediaTime>
<MediaTimePoint>T00:27:30:9460F30000</MediaTimePoint>
</MediaTime>
</VideoSegment>
<VideoSegment id="shot271_185_RKF">
<MediaTime>
<MediaTimePoint>T00:27:30:25476F30000</MediaTimePoint>
</MediaTime>
</VideoSegment>
<VideoSegment id="shot271_185_NRKF_2">
<MediaTime>
<MediaTimePoint>T00:27:31:17498F30000</MediaTimePoint>
</MediaTime>
</VideoSegment>
</TemporalDecomposition>
</VideoSegment>
<VideoSegment id="shot271_186">
<MediaTime>
<MediaTimePoint>T00:27:32:4515F30000</MediaTimePoint>
<MediaDuration>PT00H00M02S4064N30000F</MediaDuration>
</MediaTime>
<TemporalDecomposition>
<VideoSegment id="shot271_186_RKF">
<MediaTime>
<MediaTimePoint>T00:27:33:5546F30000</MediaTimePoint>
</MediaTime>
</VideoSegment>
</TemporalDecomposition>
</VideoSegment>
<VideoSegment id="shot271_187">
<MediaTime>
<MediaTimePoint>T00:27:34:8579F30000</MediaTimePoint>
<MediaDuration>PT00H00M03S3093N30000F</MediaDuration>
</MediaTime>
<TemporalDecomposition>
<VideoSegment id="shot271_187_RKF">
<MediaTime>
<MediaTimePoint>T00:27:35:24625F30000</MediaTimePoint>
</MediaTime>
</VideoSegment>
</TemporalDecomposition>
</VideoSegment>
<VideoSegment id="shot271_188">
<MediaTime>
<MediaTimePoint>T00:27:37:11672F30000</MediaTimePoint>
<MediaDuration>PT00H00M02S15075N30000F</MediaDuration>
</MediaTime>
<TemporalDecomposition>
<VideoSegment id="shot271_188_RKF">
<MediaTime>
<MediaTimePoint>T00:27:38:18709F30000</MediaTimePoint>
</MediaTime>
</VideoSegment>
</TemporalDecomposition>
</VideoSegment>
<VideoSegment id="shot271_189">
<MediaTime>
<MediaTimePoint>T00:27:39:26747F30000</MediaTimePoint>
<MediaDuration>PT00H00M04S10130N30000F</MediaDuration>
</MediaTime>
<TemporalDecomposition>
<VideoSegment id="shot271_189_RKF">
<MediaTime>
<MediaTimePoint>T00:27:42:811F30000</MediaTimePoint>
</MediaTime>
</VideoSegment>
</TemporalDecomposition>
</VideoSegment>
<VideoSegment id="shot271_190">
<MediaTime>
<MediaTimePoint>T00:27:44:6877F30000</MediaTimePoint>
<MediaDuration>PT00H00M02S11071N30000F</MediaDuration>
</MediaTime>
<TemporalDecomposition>
<VideoSegment id="shot271_190_RKF">
<MediaTime>
<MediaTimePoint>T00:27:45:11912F30000</MediaTimePoint>
</MediaTime>
</VideoSegment>
</TemporalDecomposition>
</VideoSegment>
<VideoSegment id="shot271_191">
<MediaTime>
<MediaTimePoint>T00:27:46:17948F30000</MediaTimePoint>
<MediaDuration>PT00H00M02S25085N30000F</MediaDuration>
</MediaTime>
<TemporalDecomposition>
<VideoSegment id="shot271_191_RKF">
<MediaTime>
<MediaTimePoint>T00:27:47:29990F30000</MediaTimePoint>
</MediaTime>
</VideoSegment>
</TemporalDecomposition>
</VideoSegment>
<VideoSegment id="shot271_192">
<MediaTime>
<MediaTimePoint>T00:27:49:13033F30000</MediaTimePoint>
<MediaDuration>PT00H00M07S12222N30000F</MediaDuration>
</MediaTime>
<TemporalDecomposition>
<VideoSegment id="shot271_192_RKF">
<MediaTime>
<MediaTimePoint>T00:27:53:3143F30000</MediaTimePoint>
</MediaTime>
</VideoSegment>
</TemporalDecomposition>
</VideoSegment>
<VideoSegment id="shot271_193">
<MediaTime>
<MediaTimePoint>T00:27:56:25255F30000</MediaTimePoint>
<MediaDuration>PT00H00M02S11071N30000F</MediaDuration>
</MediaTime>
<TemporalDecomposition>
<VideoSegment id="shot271_193_NRKF_1">
<MediaTime>
<MediaTimePoint>T00:27:57:20280F30000</MediaTimePoint>
</MediaTime>
</VideoSegment>
<VideoSegment id="shot271_193_RKF">
<MediaTime>
<MediaTimePoint>T00:27:58:290F30000</MediaTimePoint>
</MediaTime>
</VideoSegment>
<VideoSegment id="shot271_193_NRKF_2">
<MediaTime>
<MediaTimePoint>T00:27:58:25315F30000</MediaTimePoint>
</MediaTime>
</VideoSegment>
</TemporalDecomposition>
</VideoSegment>
<VideoSegment id="shot271_194">
<MediaTime>
<MediaTimePoint>T00:27:59:6326F30000</MediaTimePoint>
<MediaDuration>PT00H00M03S25115N30000F</MediaDuration>
</MediaTime>
<TemporalDecomposition>
<VideoSegment id="shot271_194_NRKF_1">
<MediaTime>
<MediaTimePoint>T00:27:59:19339F30000</MediaTimePoint>
</MediaTime>
</VideoSegment>
<VideoSegment id="shot271_194_NRKF_2">
<MediaTime>
<MediaTimePoint>T00:28:00:4354F30000</MediaTimePoint>
</MediaTime>
</VideoSegment>
<VideoSegment id="shot271_194_RKF">
<MediaTime>
<MediaTimePoint>T00:28:01:3383F30000</MediaTimePoint>
</MediaTime>
</VideoSegment>
<VideoSegment id="shot271_194_NRKF_3">
<MediaTime>
<MediaTimePoint>T00:28:01:18398F30000</MediaTimePoint>
</MediaTime>
</VideoSegment>
</TemporalDecomposition>
</VideoSegment>
<VideoSegment id="shot271_195">
<MediaTime>
<MediaTimePoint>T00:28:03:1441F30000</MediaTimePoint>
<MediaDuration>PT00H00M02S19079N30000F</MediaDuration>
</MediaTime>
<TemporalDecomposition>
<VideoSegment id="shot271_195_NRKF_1">
<MediaTime>
<MediaTimePoint>T00:28:03:14454F30000</MediaTimePoint>
</MediaTime>
</VideoSegment>
<VideoSegment id="shot271_195_RKF">
<MediaTime>
<MediaTimePoint>T00:28:04:10480F30000</MediaTimePoint>
</MediaTime>
</VideoSegment>
<VideoSegment id="shot271_195_NRKF_2">
<MediaTime>
<MediaTimePoint>T00:28:04:24494F30000</MediaTimePoint>
</MediaTime>
</VideoSegment>
</TemporalDecomposition>
</VideoSegment>
<VideoSegment id="shot271_196">
<MediaTime>
<MediaTimePoint>T00:28:05:20520F30000</MediaTimePoint>
<MediaDuration>PT00H00M04S18138N30000F</MediaDuration>
</MediaTime>
<TemporalDecomposition>
<VideoSegment id="shot271_196_RKF">
<MediaTime>
<MediaTimePoint>T00:28:07:28588F30000</MediaTimePoint>
</MediaTime>
</VideoSegment>
</TemporalDecomposition>
</VideoSegment>
<VideoSegment id="shot271_197">
<MediaTime>
<MediaTimePoint>T00:28:10:8658F30000</MediaTimePoint>
<MediaDuration>PT00H00M03S7097N30000F</MediaDuration>
</MediaTime>
<TemporalDecomposition>
<VideoSegment id="shot271_197_NRKF_1">
<MediaTime>
<MediaTimePoint>T00:28:10:25675F30000</MediaTimePoint>
</MediaTime>
</VideoSegment>
<VideoSegment id="shot271_197_RKF">
<MediaTime>
<MediaTimePoint>T00:28:11:26706F30000</MediaTimePoint>
</MediaTime>
</VideoSegment>
<VideoSegment id="shot271_197_NRKF_2">
<MediaTime>
<MediaTimePoint>T00:28:12:14724F30000</MediaTimePoint>
</MediaTime>
</VideoSegment>
</TemporalDecomposition>
</VideoSegment>
<VideoSegment id="shot271_198">
<MediaTime>
<MediaTimePoint>T00:28:13:15755F30000</MediaTimePoint>
<MediaDuration>PT00H00M02S7067N30000F</MediaDuration>
</MediaTime>
<TemporalDecomposition>
<VideoSegment id="shot271_198_RKF">
<MediaTime>
<MediaTimePoint>T00:28:14:18788F30000</MediaTimePoint>
</MediaTime>
</VideoSegment>
</TemporalDecomposition>
</VideoSegment>
<VideoSegment id="shot271_199">
<MediaTime>
<MediaTimePoint>T00:28:15:22822F30000</MediaTimePoint>
<MediaDuration>PT00H00M02S2062N30000F</MediaDuration>
</MediaTime>
<TemporalDecomposition>
<VideoSegment id="shot271_199_RKF">
<MediaTime>
<MediaTimePoint>T00:28:16:22852F30000</MediaTimePoint>
</MediaTime>
</VideoSegment>
</TemporalDecomposition>
</VideoSegment>
<VideoSegment id="shot271_200">
<MediaTime>
<MediaTimePoint>T00:28:17:24884F30000</MediaTimePoint>
<MediaDuration>PT00H00M02S5065N30000F</MediaDuration>
</MediaTime>
<TemporalDecomposition>
<VideoSegment id="shot271_200_NRKF_1">
<MediaTime>
<MediaTimePoint>T00:28:18:16906F30000</MediaTimePoint>
</MediaTime>
</VideoSegment>
<VideoSegment id="shot271_200_RKF">
<MediaTime>
<MediaTimePoint>T00:28:18:26916F30000</MediaTimePoint>
</MediaTime>
</VideoSegment>
<VideoSegment id="shot271_200_NRKF_2">
<MediaTime>
<MediaTimePoint>T00:28:19:19939F30000</MediaTimePoint>
</MediaTime>
</VideoSegment>
</TemporalDecomposition>
</VideoSegment>
</TemporalDecomposition>
</Video>
</MultimediaContent>
</Description>
</Mpeg7>
