<?xml version="1.0" encoding="UTF-8"?>
<Mpeg7 xmlns="urn:mpeg:mpeg7:schema:2001" xmlns:mpeg7="urn:mpeg:mpeg7:schema:2001" xmlns:xsi="http://www.w3.org/2001/XMLSchema-instance">
<Description xsi:type="ContentEntityType">
<MultimediaContent xsi:type="VideoType">
<Video id="TRECVID2005_43">
<MediaLocator>
<MediaUri>20041120_110000_MSNBC_MSNBCNEWS11_ENG.mpg</MediaUri>
</MediaLocator>
<MediaTime>
<MediaTimePoint>T00:00:00:0F30000</MediaTimePoint>
<MediaDuration>PT00H19M02S4230N30000F</MediaDuration>
</MediaTime>
<TemporalDecomposition gap="false" overlap="false">
<VideoSegment id="shot43_1">
<MediaTime>
<MediaTimePoint>T00:00:00:0F30000</MediaTimePoint>
<MediaDuration>PT00H00M11S12342N30000F</MediaDuration>
</MediaTime>
<TemporalDecomposition>
<VideoSegment id="shot43_1_RKF">
<MediaTime>
<MediaTimePoint>T00:00:05:20170F30000</MediaTimePoint>
</MediaTime>
</VideoSegment>
</TemporalDecomposition>
</VideoSegment>
<VideoSegment id="shot43_2">
<MediaTime>
<MediaTimePoint>T00:00:11:12342F30000</MediaTimePoint>
<MediaDuration>PT00H00M06S20200N30000F</MediaDuration>
</MediaTime>
<TemporalDecomposition>
<VideoSegment id="shot43_2_RKF">
<MediaTime>
<MediaTimePoint>T00:00:14:21441F30000</MediaTimePoint>
</MediaTime>
</VideoSegment>
</TemporalDecomposition>
</VideoSegment>
<VideoSegment id="shot43_3">
<MediaTime>
<MediaTimePoint>T00:00:18:2542F30000</MediaTimePoint>
<MediaDuration>PT00H00M05S14164N30000F</MediaDuration>
</MediaTime>
<TemporalDecomposition>
<VideoSegment id="shot43_3_RKF">
<MediaTime>
<MediaTimePoint>T00:00:20:23623F30000</MediaTimePoint>
</MediaTime>
</VideoSegment>
</TemporalDecomposition>
</VideoSegment>
<VideoSegment id="shot43_4">
<MediaTime>
<MediaTimePoint>T00:00:23:16706F30000</MediaTimePoint>
<MediaDuration>PT00H00M04S120N30000F</MediaDuration>
</MediaTime>
<TemporalDecomposition>
<VideoSegment id="shot43_4_RKF">
<MediaTime>
<MediaTimePoint>T00:00:25:15765F30000</MediaTimePoint>
</MediaTime>
</VideoSegment>
</TemporalDecomposition>
</VideoSegment>
<VideoSegment id="shot43_5">
<MediaTime>
<MediaTimePoint>T00:00:27:16826F30000</MediaTimePoint>
<MediaDuration>PT00H00M07S26236N30000F</MediaDuration>
</MediaTime>
<TemporalDecomposition>
<VideoSegment id="shot43_5_RKF">
<MediaTime>
<MediaTimePoint>T00:00:31:13943F30000</MediaTimePoint>
</MediaTime>
</VideoSegment>
</TemporalDecomposition>
</VideoSegment>
<VideoSegment id="shot43_6">
<MediaTime>
<MediaTimePoint>T00:00:35:13062F30000</MediaTimePoint>
<MediaDuration>PT00H00M07S4214N30000F</MediaDuration>
</MediaTime>
<TemporalDecomposition>
<VideoSegment id="shot43_6_RKF">
<MediaTime>
<MediaTimePoint>T00:00:38:29168F30000</MediaTimePoint>
</MediaTime>
</VideoSegment>
</TemporalDecomposition>
</VideoSegment>
<VideoSegment id="shot43_7">
<MediaTime>
<MediaTimePoint>T00:00:42:17276F30000</MediaTimePoint>
<MediaDuration>PT00H00M03S12102N30000F</MediaDuration>
</MediaTime>
<TemporalDecomposition>
<VideoSegment id="shot43_7_RKF">
<MediaTime>
<MediaTimePoint>T00:00:44:7326F30000</MediaTimePoint>
</MediaTime>
</VideoSegment>
</TemporalDecomposition>
</VideoSegment>
<VideoSegment id="shot43_8">
<MediaTime>
<MediaTimePoint>T00:00:45:29378F30000</MediaTimePoint>
<MediaDuration>PT00H00M06S23203N30000F</MediaDuration>
</MediaTime>
<TemporalDecomposition>
<VideoSegment id="shot43_8_NRKF_1">
<MediaTime>
<MediaTimePoint>T00:00:46:15394F30000</MediaTimePoint>
</MediaTime>
</VideoSegment>
<VideoSegment id="shot43_8_RKF">
<MediaTime>
<MediaTimePoint>T00:00:49:10479F30000</MediaTimePoint>
</MediaTime>
</VideoSegment>
<VideoSegment id="shot43_8_NRKF_2">
<MediaTime>
<MediaTimePoint>T00:00:49:26495F30000</MediaTimePoint>
</MediaTime>
</VideoSegment>
</TemporalDecomposition>
</VideoSegment>
<VideoSegment id="shot43_9">
<MediaTime>
<MediaTimePoint>T00:00:52:22581F30000</MediaTimePoint>
<MediaDuration>PT00H00M04S25145N30000F</MediaDuration>
</MediaTime>
<TemporalDecomposition>
<VideoSegment id="shot43_9_NRKF_1">
<MediaTime>
<MediaTimePoint>T00:00:53:10599F30000</MediaTimePoint>
</MediaTime>
</VideoSegment>
<VideoSegment id="shot43_9_RKF">
<MediaTime>
<MediaTimePoint>T00:00:55:4653F30000</MediaTimePoint>
</MediaTime>
</VideoSegment>
<VideoSegment id="shot43_9_NRKF_2">
<MediaTime>
<MediaTimePoint>T00:00:55:22671F30000</MediaTimePoint>
</MediaTime>
</VideoSegment>
</TemporalDecomposition>
</VideoSegment>
<VideoSegment id="shot43_10">
<MediaTime>
<MediaTimePoint>T00:00:57:17726F30000</MediaTimePoint>
<MediaDuration>PT00H00M10S1301N30000F</MediaDuration>
</MediaTime>
<TemporalDecomposition>
<VideoSegment id="shot43_10_RKF">
<MediaTime>
<MediaTimePoint>T00:01:02:17876F30000</MediaTimePoint>
</MediaTime>
</VideoSegment>
</TemporalDecomposition>
</VideoSegment>
<VideoSegment id="shot43_11">
<MediaTime>
<MediaTimePoint>T00:01:07:19027F30000</MediaTimePoint>
<MediaDuration>PT00H00M08S28268N30000F</MediaDuration>
</MediaTime>
<TemporalDecomposition>
<VideoSegment id="shot43_11_NRKF_1">
<MediaTime>
<MediaTimePoint>T00:01:07:21029F30000</MediaTimePoint>
</MediaTime>
</VideoSegment>
<VideoSegment id="shot43_11_NRKF_2">
<MediaTime>
<MediaTimePoint>T00:01:07:25033F30000</MediaTimePoint>
</MediaTime>
</VideoSegment>
<VideoSegment id="shot43_11_RKF">
<MediaTime>
<MediaTimePoint>T00:01:12:2160F30000</MediaTimePoint>
</MediaTime>
</VideoSegment>
<VideoSegment id="shot43_11_NRKF_3">
<MediaTime>
<MediaTimePoint>T00:01:12:6164F30000</MediaTimePoint>
</MediaTime>
</VideoSegment>
</TemporalDecomposition>
</VideoSegment>
<VideoSegment id="shot43_12">
<MediaTime>
<MediaTimePoint>T00:01:16:17295F30000</MediaTimePoint>
<MediaDuration>PT00H00M03S19109N30000F</MediaDuration>
</MediaTime>
<TemporalDecomposition>
<VideoSegment id="shot43_12_NRKF_1">
<MediaTime>
<MediaTimePoint>T00:01:16:21299F30000</MediaTimePoint>
</MediaTime>
</VideoSegment>
<VideoSegment id="shot43_12_RKF">
<MediaTime>
<MediaTimePoint>T00:01:18:11349F30000</MediaTimePoint>
</MediaTime>
</VideoSegment>
<VideoSegment id="shot43_12_NRKF_2">
<MediaTime>
<MediaTimePoint>T00:01:18:16354F30000</MediaTimePoint>
</MediaTime>
</VideoSegment>
</TemporalDecomposition>
</VideoSegment>
<VideoSegment id="shot43_13">
<MediaTime>
<MediaTimePoint>T00:01:20:6404F30000</MediaTimePoint>
<MediaDuration>PT00H00M04S3123N30000F</MediaDuration>
</MediaTime>
<TemporalDecomposition>
<VideoSegment id="shot43_13_RKF">
<MediaTime>
<MediaTimePoint>T00:01:22:7465F30000</MediaTimePoint>
</MediaTime>
</VideoSegment>
</TemporalDecomposition>
</VideoSegment>
<VideoSegment id="shot43_14">
<MediaTime>
<MediaTimePoint>T00:01:24:9527F30000</MediaTimePoint>
<MediaDuration>PT00H00M07S7217N30000F</MediaDuration>
</MediaTime>
<TemporalDecomposition>
<VideoSegment id="shot43_14_NRKF_1">
<MediaTime>
<MediaTimePoint>T00:01:24:13531F30000</MediaTimePoint>
</MediaTime>
</VideoSegment>
<VideoSegment id="shot43_14_RKF">
<MediaTime>
<MediaTimePoint>T00:01:27:27635F30000</MediaTimePoint>
</MediaTime>
</VideoSegment>
<VideoSegment id="shot43_14_NRKF_2">
<MediaTime>
<MediaTimePoint>T00:01:28:2640F30000</MediaTimePoint>
</MediaTime>
</VideoSegment>
</TemporalDecomposition>
</VideoSegment>
<VideoSegment id="shot43_15">
<MediaTime>
<MediaTimePoint>T00:01:31:16744F30000</MediaTimePoint>
<MediaDuration>PT00H00M06S9189N30000F</MediaDuration>
</MediaTime>
<TemporalDecomposition>
<VideoSegment id="shot43_15_NRKF_1">
<MediaTime>
<MediaTimePoint>T00:01:32:6764F30000</MediaTimePoint>
</MediaTime>
</VideoSegment>
<VideoSegment id="shot43_15_RKF">
<MediaTime>
<MediaTimePoint>T00:01:34:20838F30000</MediaTimePoint>
</MediaTime>
</VideoSegment>
<VideoSegment id="shot43_15_NRKF_2">
<MediaTime>
<MediaTimePoint>T00:01:35:10858F30000</MediaTimePoint>
</MediaTime>
</VideoSegment>
</TemporalDecomposition>
</VideoSegment>
<VideoSegment id="shot43_16">
<MediaTime>
<MediaTimePoint>T00:01:37:25933F30000</MediaTimePoint>
<MediaDuration>PT00H00M02S26086N30000F</MediaDuration>
</MediaTime>
<TemporalDecomposition>
<VideoSegment id="shot43_16_RKF">
<MediaTime>
<MediaTimePoint>T00:01:39:7975F30000</MediaTimePoint>
</MediaTime>
</VideoSegment>
</TemporalDecomposition>
</VideoSegment>
<VideoSegment id="shot43_17">
<MediaTime>
<MediaTimePoint>T00:01:40:22019F30000</MediaTimePoint>
<MediaDuration>PT00H00M03S6096N30000F</MediaDuration>
</MediaTime>
<TemporalDecomposition>
<VideoSegment id="shot43_17_NRKF_1">
<MediaTime>
<MediaTimePoint>T00:01:41:18045F30000</MediaTimePoint>
</MediaTime>
</VideoSegment>
<VideoSegment id="shot43_17_RKF">
<MediaTime>
<MediaTimePoint>T00:01:42:9066F30000</MediaTimePoint>
</MediaTime>
</VideoSegment>
<VideoSegment id="shot43_17_NRKF_2">
<MediaTime>
<MediaTimePoint>T00:01:43:6093F30000</MediaTimePoint>
</MediaTime>
</VideoSegment>
</TemporalDecomposition>
</VideoSegment>
<VideoSegment id="shot43_18">
<MediaTime>
<MediaTimePoint>T00:01:43:28115F30000</MediaTimePoint>
<MediaDuration>PT00H00M19S19589N30000F</MediaDuration>
</MediaTime>
<TemporalDecomposition>
<VideoSegment id="shot43_18_RKF">
<MediaTime>
<MediaTimePoint>T00:01:53:22409F30000</MediaTimePoint>
</MediaTime>
</VideoSegment>
</TemporalDecomposition>
</VideoSegment>
<VideoSegment id="shot43_19">
<MediaTime>
<MediaTimePoint>T00:02:03:17704F30000</MediaTimePoint>
<MediaDuration>PT00H00M09S29299N30000F</MediaDuration>
</MediaTime>
<TemporalDecomposition>
<VideoSegment id="shot43_19_RKF">
<MediaTime>
<MediaTimePoint>T00:02:08:16853F30000</MediaTimePoint>
</MediaTime>
</VideoSegment>
</TemporalDecomposition>
</VideoSegment>
<VideoSegment id="shot43_20">
<MediaTime>
<MediaTimePoint>T00:02:13:17003F30000</MediaTimePoint>
<MediaDuration>PT00H00M11S16346N30000F</MediaDuration>
</MediaTime>
<TemporalDecomposition>
<VideoSegment id="shot43_20_RKF">
<MediaTime>
<MediaTimePoint>T00:02:19:9175F30000</MediaTimePoint>
</MediaTime>
</VideoSegment>
</TemporalDecomposition>
</VideoSegment>
<VideoSegment id="shot43_21">
<MediaTime>
<MediaTimePoint>T00:02:25:3349F30000</MediaTimePoint>
<MediaDuration>PT00H00M07S5215N30000F</MediaDuration>
</MediaTime>
<TemporalDecomposition>
<VideoSegment id="shot43_21_RKF">
<MediaTime>
<MediaTimePoint>T00:02:28:20456F30000</MediaTimePoint>
</MediaTime>
</VideoSegment>
</TemporalDecomposition>
</VideoSegment>
<VideoSegment id="shot43_22">
<MediaTime>
<MediaTimePoint>T00:02:32:8564F30000</MediaTimePoint>
<MediaDuration>PT00H00M07S22232N30000F</MediaDuration>
</MediaTime>
<TemporalDecomposition>
<VideoSegment id="shot43_22_RKF">
<MediaTime>
<MediaTimePoint>T00:02:36:3679F30000</MediaTimePoint>
</MediaTime>
</VideoSegment>
</TemporalDecomposition>
</VideoSegment>
<VideoSegment id="shot43_23">
<MediaTime>
<MediaTimePoint>T00:02:40:796F30000</MediaTimePoint>
<MediaDuration>PT00H00M21S28658N30000F</MediaDuration>
</MediaTime>
<TemporalDecomposition>
<VideoSegment id="shot43_23_RKF">
<MediaTime>
<MediaTimePoint>T00:02:50:29124F30000</MediaTimePoint>
</MediaTime>
</VideoSegment>
</TemporalDecomposition>
</VideoSegment>
<VideoSegment id="shot43_24">
<MediaTime>
<MediaTimePoint>T00:03:01:29454F30000</MediaTimePoint>
<MediaDuration>PT00H00M15S20470N30000F</MediaDuration>
</MediaTime>
<TemporalDecomposition>
<VideoSegment id="shot43_24_RKF">
<MediaTime>
<MediaTimePoint>T00:03:09:23688F30000</MediaTimePoint>
</MediaTime>
</VideoSegment>
</TemporalDecomposition>
</VideoSegment>
<VideoSegment id="shot43_25">
<MediaTime>
<MediaTimePoint>T00:03:17:19924F30000</MediaTimePoint>
<MediaDuration>PT00H00M20S19619N30000F</MediaDuration>
</MediaTime>
<TemporalDecomposition>
<VideoSegment id="shot43_25_RKF">
<MediaTime>
<MediaTimePoint>T00:03:27:29233F30000</MediaTimePoint>
</MediaTime>
</VideoSegment>
</TemporalDecomposition>
</VideoSegment>
<VideoSegment id="shot43_26">
<MediaTime>
<MediaTimePoint>T00:03:38:9543F30000</MediaTimePoint>
<MediaDuration>PT00H00M02S20080N30000F</MediaDuration>
</MediaTime>
<TemporalDecomposition>
<VideoSegment id="shot43_26_RKF">
<MediaTime>
<MediaTimePoint>T00:03:39:18582F30000</MediaTimePoint>
</MediaTime>
</VideoSegment>
</TemporalDecomposition>
</VideoSegment>
<VideoSegment id="shot43_27">
<MediaTime>
<MediaTimePoint>T00:03:40:29623F30000</MediaTimePoint>
<MediaDuration>PT00H00M04S17137N30000F</MediaDuration>
</MediaTime>
<TemporalDecomposition>
<VideoSegment id="shot43_27_RKF">
<MediaTime>
<MediaTimePoint>T00:03:43:7691F30000</MediaTimePoint>
</MediaTime>
</VideoSegment>
</TemporalDecomposition>
</VideoSegment>
<VideoSegment id="shot43_28">
<MediaTime>
<MediaTimePoint>T00:03:45:16760F30000</MediaTimePoint>
<MediaDuration>PT00H00M02S7067N30000F</MediaDuration>
</MediaTime>
<TemporalDecomposition>
<VideoSegment id="shot43_28_RKF">
<MediaTime>
<MediaTimePoint>T00:03:46:19793F30000</MediaTimePoint>
</MediaTime>
</VideoSegment>
</TemporalDecomposition>
</VideoSegment>
<VideoSegment id="shot43_29">
<MediaTime>
<MediaTimePoint>T00:03:47:23827F30000</MediaTimePoint>
<MediaDuration>PT00H00M04S10130N30000F</MediaDuration>
</MediaTime>
<TemporalDecomposition>
<VideoSegment id="shot43_29_RKF">
<MediaTime>
<MediaTimePoint>T00:03:49:27891F30000</MediaTimePoint>
</MediaTime>
</VideoSegment>
</TemporalDecomposition>
</VideoSegment>
<VideoSegment id="shot43_30">
<MediaTime>
<MediaTimePoint>T00:03:52:3957F30000</MediaTimePoint>
<MediaDuration>PT00H00M06S16196N30000F</MediaDuration>
</MediaTime>
<TemporalDecomposition>
<VideoSegment id="shot43_30_RKF">
<MediaTime>
<MediaTimePoint>T00:03:55:11054F30000</MediaTimePoint>
</MediaTime>
</VideoSegment>
</TemporalDecomposition>
</VideoSegment>
<VideoSegment id="shot43_31">
<MediaTime>
<MediaTimePoint>T00:03:58:20153F30000</MediaTimePoint>
<MediaDuration>PT00H00M04S28148N30000F</MediaDuration>
</MediaTime>
<TemporalDecomposition>
<VideoSegment id="shot43_31_RKF">
<MediaTime>
<MediaTimePoint>T00:04:01:3226F30000</MediaTimePoint>
</MediaTime>
</VideoSegment>
</TemporalDecomposition>
</VideoSegment>
<VideoSegment id="shot43_32">
<MediaTime>
<MediaTimePoint>T00:04:03:18301F30000</MediaTimePoint>
<MediaDuration>PT00H00M38S24163N30000F</MediaDuration>
</MediaTime>
<TemporalDecomposition>
<VideoSegment id="shot43_32_RKF">
<MediaTime>
<MediaTimePoint>T00:04:22:29882F30000</MediaTimePoint>
</MediaTime>
</VideoSegment>
</TemporalDecomposition>
</VideoSegment>
<VideoSegment id="shot43_33">
<MediaTime>
<MediaTimePoint>T00:04:42:12464F30000</MediaTimePoint>
<MediaDuration>PT00H00M17S21531N30000F</MediaDuration>
</MediaTime>
<TemporalDecomposition>
<VideoSegment id="shot43_33_RKF">
<MediaTime>
<MediaTimePoint>T00:04:51:7729F30000</MediaTimePoint>
</MediaTime>
</VideoSegment>
</TemporalDecomposition>
</VideoSegment>
<VideoSegment id="shot43_34">
<MediaTime>
<MediaTimePoint>T00:05:00:3995F30000</MediaTimePoint>
<MediaDuration>PT00H00M03S15105N30000F</MediaDuration>
</MediaTime>
<TemporalDecomposition>
<VideoSegment id="shot43_34_RKF">
<MediaTime>
<MediaTimePoint>T00:05:01:26047F30000</MediaTimePoint>
</MediaTime>
</VideoSegment>
</TemporalDecomposition>
</VideoSegment>
<VideoSegment id="shot43_35">
<MediaTime>
<MediaTimePoint>T00:05:03:19100F30000</MediaTimePoint>
<MediaDuration>PT00H00M03S17107N30000F</MediaDuration>
</MediaTime>
<TemporalDecomposition>
<VideoSegment id="shot43_35_RKF">
<MediaTime>
<MediaTimePoint>T00:05:05:12153F30000</MediaTimePoint>
</MediaTime>
</VideoSegment>
</TemporalDecomposition>
</VideoSegment>
<VideoSegment id="shot43_36">
<MediaTime>
<MediaTimePoint>T00:05:07:6207F30000</MediaTimePoint>
<MediaDuration>PT00H00M02S12072N30000F</MediaDuration>
</MediaTime>
<TemporalDecomposition>
<VideoSegment id="shot43_36_RKF">
<MediaTime>
<MediaTimePoint>T00:05:08:11242F30000</MediaTimePoint>
</MediaTime>
</VideoSegment>
</TemporalDecomposition>
</VideoSegment>
<VideoSegment id="shot43_37">
<MediaTime>
<MediaTimePoint>T00:05:09:18279F30000</MediaTimePoint>
<MediaDuration>PT00H00M04S16136N30000F</MediaDuration>
</MediaTime>
<TemporalDecomposition>
<VideoSegment id="shot43_37_NRKF_1">
<MediaTime>
<MediaTimePoint>T00:05:10:14305F30000</MediaTimePoint>
</MediaTime>
</VideoSegment>
<VideoSegment id="shot43_37_RKF">
<MediaTime>
<MediaTimePoint>T00:05:11:25346F30000</MediaTimePoint>
</MediaTime>
</VideoSegment>
<VideoSegment id="shot43_37_NRKF_2">
<MediaTime>
<MediaTimePoint>T00:05:12:22373F30000</MediaTimePoint>
</MediaTime>
</VideoSegment>
</TemporalDecomposition>
</VideoSegment>
<VideoSegment id="shot43_38">
<MediaTime>
<MediaTimePoint>T00:05:14:4415F30000</MediaTimePoint>
<MediaDuration>PT00H00M04S6126N30000F</MediaDuration>
</MediaTime>
<TemporalDecomposition>
<VideoSegment id="shot43_38_RKF">
<MediaTime>
<MediaTimePoint>T00:05:16:6477F30000</MediaTimePoint>
</MediaTime>
</VideoSegment>
</TemporalDecomposition>
</VideoSegment>
<VideoSegment id="shot43_39">
<MediaTime>
<MediaTimePoint>T00:05:18:10541F30000</MediaTimePoint>
<MediaDuration>PT00H00M10S3303N30000F</MediaDuration>
</MediaTime>
<TemporalDecomposition>
<VideoSegment id="shot43_39_RKF">
<MediaTime>
<MediaTimePoint>T00:05:23:11692F30000</MediaTimePoint>
</MediaTime>
</VideoSegment>
</TemporalDecomposition>
</VideoSegment>
<VideoSegment id="shot43_40">
<MediaTime>
<MediaTimePoint>T00:05:28:13844F30000</MediaTimePoint>
<MediaDuration>PT00H00M09S2272N30000F</MediaDuration>
</MediaTime>
<TemporalDecomposition>
<VideoSegment id="shot43_40_RKF">
<MediaTime>
<MediaTimePoint>T00:05:32:28979F30000</MediaTimePoint>
</MediaTime>
</VideoSegment>
</TemporalDecomposition>
</VideoSegment>
<VideoSegment id="shot43_41">
<MediaTime>
<MediaTimePoint>T00:05:37:16116F30000</MediaTimePoint>
<MediaDuration>PT00H00M03S11101N30000F</MediaDuration>
</MediaTime>
<TemporalDecomposition>
<VideoSegment id="shot43_41_RKF">
<MediaTime>
<MediaTimePoint>T00:05:39:6166F30000</MediaTimePoint>
</MediaTime>
</VideoSegment>
</TemporalDecomposition>
</VideoSegment>
<VideoSegment id="shot43_42">
<MediaTime>
<MediaTimePoint>T00:05:40:27217F30000</MediaTimePoint>
<MediaDuration>PT00H00M05S29179N30000F</MediaDuration>
</MediaTime>
<TemporalDecomposition>
<VideoSegment id="shot43_42_RKF">
<MediaTime>
<MediaTimePoint>T00:05:43:26306F30000</MediaTimePoint>
</MediaTime>
</VideoSegment>
</TemporalDecomposition>
</VideoSegment>
<VideoSegment id="shot43_43">
<MediaTime>
<MediaTimePoint>T00:05:46:26396F30000</MediaTimePoint>
<MediaDuration>PT00H00M02S2062N30000F</MediaDuration>
</MediaTime>
<TemporalDecomposition>
<VideoSegment id="shot43_43_RKF">
<MediaTime>
<MediaTimePoint>T00:05:47:26426F30000</MediaTimePoint>
</MediaTime>
</VideoSegment>
</TemporalDecomposition>
</VideoSegment>
<VideoSegment id="shot43_44">
<MediaTime>
<MediaTimePoint>T00:05:48:28458F30000</MediaTimePoint>
<MediaDuration>PT00H00M02S19079N30000F</MediaDuration>
</MediaTime>
<TemporalDecomposition>
<VideoSegment id="shot43_44_RKF">
<MediaTime>
<MediaTimePoint>T00:05:50:7497F30000</MediaTimePoint>
</MediaTime>
</VideoSegment>
</TemporalDecomposition>
</VideoSegment>
<VideoSegment id="shot43_45">
<MediaTime>
<MediaTimePoint>T00:05:51:17537F30000</MediaTimePoint>
<MediaDuration>PT00H00M03S6096N30000F</MediaDuration>
</MediaTime>
<TemporalDecomposition>
<VideoSegment id="shot43_45_NRKF_1">
<MediaTime>
<MediaTimePoint>T00:05:52:12562F30000</MediaTimePoint>
</MediaTime>
</VideoSegment>
<VideoSegment id="shot43_45_RKF">
<MediaTime>
<MediaTimePoint>T00:05:53:4584F30000</MediaTimePoint>
</MediaTime>
</VideoSegment>
<VideoSegment id="shot43_45_NRKF_2">
<MediaTime>
<MediaTimePoint>T00:05:54:610F30000</MediaTimePoint>
</MediaTime>
</VideoSegment>
</TemporalDecomposition>
</VideoSegment>
<VideoSegment id="shot43_46">
<MediaTime>
<MediaTimePoint>T00:05:54:23633F30000</MediaTimePoint>
<MediaDuration>PT00H00M02S28088N30000F</MediaDuration>
</MediaTime>
<TemporalDecomposition>
<VideoSegment id="shot43_46_NRKF_1">
<MediaTime>
<MediaTimePoint>T00:05:54:24634F30000</MediaTimePoint>
</MediaTime>
</VideoSegment>
<VideoSegment id="shot43_46_RKF">
<MediaTime>
<MediaTimePoint>T00:05:56:6676F30000</MediaTimePoint>
</MediaTime>
</VideoSegment>
<VideoSegment id="shot43_46_NRKF_2">
<MediaTime>
<MediaTimePoint>T00:05:56:8678F30000</MediaTimePoint>
</MediaTime>
</VideoSegment>
</TemporalDecomposition>
</VideoSegment>
<VideoSegment id="shot43_47">
<MediaTime>
<MediaTimePoint>T00:05:57:21721F30000</MediaTimePoint>
<MediaDuration>PT00H00M02S22082N30000F</MediaDuration>
</MediaTime>
<TemporalDecomposition>
<VideoSegment id="shot43_47_RKF">
<MediaTime>
<MediaTimePoint>T00:05:59:1761F30000</MediaTimePoint>
</MediaTime>
</VideoSegment>
</TemporalDecomposition>
</VideoSegment>
<VideoSegment id="shot43_48">
<MediaTime>
<MediaTimePoint>T00:06:00:13803F30000</MediaTimePoint>
<MediaDuration>PT00H00M03S1091N30000F</MediaDuration>
</MediaTime>
<TemporalDecomposition>
<VideoSegment id="shot43_48_RKF">
<MediaTime>
<MediaTimePoint>T00:06:01:28848F30000</MediaTimePoint>
</MediaTime>
</VideoSegment>
</TemporalDecomposition>
</VideoSegment>
<VideoSegment id="shot43_49">
<MediaTime>
<MediaTimePoint>T00:06:03:14894F30000</MediaTimePoint>
<MediaDuration>PT00H00M07S210N30000F</MediaDuration>
</MediaTime>
<TemporalDecomposition>
<VideoSegment id="shot43_49_RKF">
<MediaTime>
<MediaTimePoint>T00:06:06:28998F30000</MediaTimePoint>
</MediaTime>
</VideoSegment>
</TemporalDecomposition>
</VideoSegment>
<VideoSegment id="shot43_50">
<MediaTime>
<MediaTimePoint>T00:06:10:15104F30000</MediaTimePoint>
<MediaDuration>PT00H00M03S9099N30000F</MediaDuration>
</MediaTime>
<TemporalDecomposition>
<VideoSegment id="shot43_50_NRKF_1">
<MediaTime>
<MediaTimePoint>T00:06:11:6125F30000</MediaTimePoint>
</MediaTime>
</VideoSegment>
<VideoSegment id="shot43_50_RKF">
<MediaTime>
<MediaTimePoint>T00:06:12:4153F30000</MediaTimePoint>
</MediaTime>
</VideoSegment>
<VideoSegment id="shot43_50_NRKF_2">
<MediaTime>
<MediaTimePoint>T00:06:12:25174F30000</MediaTimePoint>
</MediaTime>
</VideoSegment>
</TemporalDecomposition>
</VideoSegment>
<VideoSegment id="shot43_51">
<MediaTime>
<MediaTimePoint>T00:06:13:24203F30000</MediaTimePoint>
<MediaDuration>PT00H00M04S28148N30000F</MediaDuration>
</MediaTime>
<TemporalDecomposition>
<VideoSegment id="shot43_51_RKF">
<MediaTime>
<MediaTimePoint>T00:06:16:7276F30000</MediaTimePoint>
</MediaTime>
</VideoSegment>
</TemporalDecomposition>
</VideoSegment>
<VideoSegment id="shot43_52">
<MediaTime>
<MediaTimePoint>T00:06:18:22351F30000</MediaTimePoint>
<MediaDuration>PT00H00M04S14134N30000F</MediaDuration>
</MediaTime>
<TemporalDecomposition>
<VideoSegment id="shot43_52_RKF">
<MediaTime>
<MediaTimePoint>T00:06:20:28417F30000</MediaTimePoint>
</MediaTime>
</VideoSegment>
</TemporalDecomposition>
</VideoSegment>
<VideoSegment id="shot43_53">
<MediaTime>
<MediaTimePoint>T00:06:23:6485F30000</MediaTimePoint>
<MediaDuration>PT00H00M03S10100N30000F</MediaDuration>
</MediaTime>
<TemporalDecomposition>
<VideoSegment id="shot43_53_RKF">
<MediaTime>
<MediaTimePoint>T00:06:24:25534F30000</MediaTimePoint>
</MediaTime>
</VideoSegment>
</TemporalDecomposition>
</VideoSegment>
<VideoSegment id="shot43_54">
<MediaTime>
<MediaTimePoint>T00:06:26:16585F30000</MediaTimePoint>
<MediaDuration>PT00H00M03S20110N30000F</MediaDuration>
</MediaTime>
<TemporalDecomposition>
<VideoSegment id="shot43_54_RKF">
<MediaTime>
<MediaTimePoint>T00:06:28:10639F30000</MediaTimePoint>
</MediaTime>
</VideoSegment>
</TemporalDecomposition>
</VideoSegment>
<VideoSegment id="shot43_55">
<MediaTime>
<MediaTimePoint>T00:06:30:6695F30000</MediaTimePoint>
<MediaDuration>PT00H00M16S19499N30000F</MediaDuration>
</MediaTime>
<TemporalDecomposition>
<VideoSegment id="shot43_55_NRKF_1">
<MediaTime>
<MediaTimePoint>T00:06:30:29718F30000</MediaTimePoint>
</MediaTime>
</VideoSegment>
<VideoSegment id="shot43_55_RKF">
<MediaTime>
<MediaTimePoint>T00:06:38:15944F30000</MediaTimePoint>
</MediaTime>
</VideoSegment>
<VideoSegment id="shot43_55_NRKF_2">
<MediaTime>
<MediaTimePoint>T00:06:39:8967F30000</MediaTimePoint>
</MediaTime>
</VideoSegment>
</TemporalDecomposition>
</VideoSegment>
<VideoSegment id="shot43_56">
<MediaTime>
<MediaTimePoint>T00:06:46:26194F30000</MediaTimePoint>
<MediaDuration>PT00H00M13S3393N30000F</MediaDuration>
</MediaTime>
<TemporalDecomposition>
<VideoSegment id="shot43_56_RKF">
<MediaTime>
<MediaTimePoint>T00:06:53:12390F30000</MediaTimePoint>
</MediaTime>
</VideoSegment>
</TemporalDecomposition>
</VideoSegment>
<VideoSegment id="shot43_57">
<MediaTime>
<MediaTimePoint>T00:06:59:29587F30000</MediaTimePoint>
<MediaDuration>PT00H00M13S17407N30000F</MediaDuration>
</MediaTime>
<TemporalDecomposition>
<VideoSegment id="shot43_57_RKF">
<MediaTime>
<MediaTimePoint>T00:07:06:22790F30000</MediaTimePoint>
</MediaTime>
</VideoSegment>
</TemporalDecomposition>
</VideoSegment>
<VideoSegment id="shot43_58">
<MediaTime>
<MediaTimePoint>T00:07:13:16994F30000</MediaTimePoint>
<MediaDuration>PT00H00M11S2332N30000F</MediaDuration>
</MediaTime>
<TemporalDecomposition>
<VideoSegment id="shot43_58_RKF">
<MediaTime>
<MediaTimePoint>T00:07:19:2159F30000</MediaTimePoint>
</MediaTime>
</VideoSegment>
</TemporalDecomposition>
</VideoSegment>
<VideoSegment id="shot43_59">
<MediaTime>
<MediaTimePoint>T00:07:24:19326F30000</MediaTimePoint>
<MediaDuration>PT00H00M08S10250N30000F</MediaDuration>
</MediaTime>
<TemporalDecomposition>
<VideoSegment id="shot43_59_RKF">
<MediaTime>
<MediaTimePoint>T00:07:28:23450F30000</MediaTimePoint>
</MediaTime>
</VideoSegment>
</TemporalDecomposition>
</VideoSegment>
<VideoSegment id="shot43_60">
<MediaTime>
<MediaTimePoint>T00:07:32:29576F30000</MediaTimePoint>
<MediaDuration>PT00H00M11S2332N30000F</MediaDuration>
</MediaTime>
<TemporalDecomposition>
<VideoSegment id="shot43_60_RKF">
<MediaTime>
<MediaTimePoint>T00:07:38:14741F30000</MediaTimePoint>
</MediaTime>
</VideoSegment>
</TemporalDecomposition>
</VideoSegment>
<VideoSegment id="shot43_61">
<MediaTime>
<MediaTimePoint>T00:07:44:1908F30000</MediaTimePoint>
<MediaDuration>PT00H00M04S28148N30000F</MediaDuration>
</MediaTime>
<TemporalDecomposition>
<VideoSegment id="shot43_61_NRKF_1">
<MediaTime>
<MediaTimePoint>T00:07:44:16923F30000</MediaTimePoint>
</MediaTime>
</VideoSegment>
<VideoSegment id="shot43_61_RKF">
<MediaTime>
<MediaTimePoint>T00:07:46:14981F30000</MediaTimePoint>
</MediaTime>
</VideoSegment>
<VideoSegment id="shot43_61_NRKF_2">
<MediaTime>
<MediaTimePoint>T00:07:47:997F30000</MediaTimePoint>
</MediaTime>
</VideoSegment>
</TemporalDecomposition>
</VideoSegment>
<VideoSegment id="shot43_62">
<MediaTime>
<MediaTimePoint>T00:07:49:56F30000</MediaTimePoint>
<MediaDuration>PT00H00M03S19109N30000F</MediaDuration>
</MediaTime>
<TemporalDecomposition>
<VideoSegment id="shot43_62_RKF">
<MediaTime>
<MediaTimePoint>T00:07:50:24110F30000</MediaTimePoint>
</MediaTime>
</VideoSegment>
</TemporalDecomposition>
</VideoSegment>
<VideoSegment id="shot43_63">
<MediaTime>
<MediaTimePoint>T00:07:52:19165F30000</MediaTimePoint>
<MediaDuration>PT00H00M04S23143N30000F</MediaDuration>
</MediaTime>
<TemporalDecomposition>
<VideoSegment id="shot43_63_RKF">
<MediaTime>
<MediaTimePoint>T00:07:55:236F30000</MediaTimePoint>
</MediaTime>
</VideoSegment>
</TemporalDecomposition>
</VideoSegment>
<VideoSegment id="shot43_64">
<MediaTime>
<MediaTimePoint>T00:07:57:12308F30000</MediaTimePoint>
<MediaDuration>PT00H00M02S12072N30000F</MediaDuration>
</MediaTime>
<TemporalDecomposition>
<VideoSegment id="shot43_64_RKF">
<MediaTime>
<MediaTimePoint>T00:07:58:17343F30000</MediaTimePoint>
</MediaTime>
</VideoSegment>
</TemporalDecomposition>
</VideoSegment>
<VideoSegment id="shot43_65">
<MediaTime>
<MediaTimePoint>T00:07:59:24380F30000</MediaTimePoint>
<MediaDuration>PT00H00M06S8188N30000F</MediaDuration>
</MediaTime>
<TemporalDecomposition>
<VideoSegment id="shot43_65_RKF">
<MediaTime>
<MediaTimePoint>T00:08:02:27473F30000</MediaTimePoint>
</MediaTime>
</VideoSegment>
</TemporalDecomposition>
</VideoSegment>
<VideoSegment id="shot43_66">
<MediaTime>
<MediaTimePoint>T00:08:06:2568F30000</MediaTimePoint>
<MediaDuration>PT00H00M05S5155N30000F</MediaDuration>
</MediaTime>
<TemporalDecomposition>
<VideoSegment id="shot43_66_NRKF_1">
<MediaTime>
<MediaTimePoint>T00:08:07:596F30000</MediaTimePoint>
</MediaTime>
</VideoSegment>
<VideoSegment id="shot43_66_RKF">
<MediaTime>
<MediaTimePoint>T00:08:08:19645F30000</MediaTimePoint>
</MediaTime>
</VideoSegment>
<VideoSegment id="shot43_66_NRKF_2">
<MediaTime>
<MediaTimePoint>T00:08:09:18674F30000</MediaTimePoint>
</MediaTime>
</VideoSegment>
</TemporalDecomposition>
</VideoSegment>
<VideoSegment id="shot43_67">
<MediaTime>
<MediaTimePoint>T00:08:11:7723F30000</MediaTimePoint>
<MediaDuration>PT00H00M08S1241N30000F</MediaDuration>
</MediaTime>
<TemporalDecomposition>
<VideoSegment id="shot43_67_RKF">
<MediaTime>
<MediaTimePoint>T00:08:15:7843F30000</MediaTimePoint>
</MediaTime>
</VideoSegment>
</TemporalDecomposition>
</VideoSegment>
<VideoSegment id="shot43_68">
<MediaTime>
<MediaTimePoint>T00:08:19:8964F30000</MediaTimePoint>
<MediaDuration>PT00H00M04S4124N30000F</MediaDuration>
</MediaTime>
<TemporalDecomposition>
<VideoSegment id="shot43_68_NRKF_1">
<MediaTime>
<MediaTimePoint>T00:08:19:13969F30000</MediaTimePoint>
</MediaTime>
</VideoSegment>
<VideoSegment id="shot43_68_RKF">
<MediaTime>
<MediaTimePoint>T00:08:21:10025F30000</MediaTimePoint>
</MediaTime>
</VideoSegment>
<VideoSegment id="shot43_68_NRKF_2">
<MediaTime>
<MediaTimePoint>T00:08:21:16031F30000</MediaTimePoint>
</MediaTime>
</VideoSegment>
</TemporalDecomposition>
</VideoSegment>
<VideoSegment id="shot43_69">
<MediaTime>
<MediaTimePoint>T00:08:23:13088F30000</MediaTimePoint>
<MediaDuration>PT00H00M02S21081N30000F</MediaDuration>
</MediaTime>
<TemporalDecomposition>
<VideoSegment id="shot43_69_RKF">
<MediaTime>
<MediaTimePoint>T00:08:24:23128F30000</MediaTimePoint>
</MediaTime>
</VideoSegment>
</TemporalDecomposition>
</VideoSegment>
<VideoSegment id="shot43_70">
<MediaTime>
<MediaTimePoint>T00:08:26:4169F30000</MediaTimePoint>
<MediaDuration>PT00H00M03S25115N30000F</MediaDuration>
</MediaTime>
<TemporalDecomposition>
<VideoSegment id="shot43_70_RKF">
<MediaTime>
<MediaTimePoint>T00:08:28:1226F30000</MediaTimePoint>
</MediaTime>
</VideoSegment>
</TemporalDecomposition>
</VideoSegment>
<VideoSegment id="shot43_71">
<MediaTime>
<MediaTimePoint>T00:08:29:29284F30000</MediaTimePoint>
<MediaDuration>PT00H00M22S26686N30000F</MediaDuration>
</MediaTime>
<TemporalDecomposition>
<VideoSegment id="shot43_71_RKF">
<MediaTime>
<MediaTimePoint>T00:08:41:11626F30000</MediaTimePoint>
</MediaTime>
</VideoSegment>
</TemporalDecomposition>
</VideoSegment>
<VideoSegment id="shot43_72">
<MediaTime>
<MediaTimePoint>T00:08:52:25970F30000</MediaTimePoint>
<MediaDuration>PT00H00M06S24204N30000F</MediaDuration>
</MediaTime>
<TemporalDecomposition>
<VideoSegment id="shot43_72_RKF">
<MediaTime>
<MediaTimePoint>T00:08:56:7071F30000</MediaTimePoint>
</MediaTime>
</VideoSegment>
</TemporalDecomposition>
</VideoSegment>
<VideoSegment id="shot43_73">
<MediaTime>
<MediaTimePoint>T00:08:59:20174F30000</MediaTimePoint>
<MediaDuration>PT00H00M03S15105N30000F</MediaDuration>
</MediaTime>
<TemporalDecomposition>
<VideoSegment id="shot43_73_RKF">
<MediaTime>
<MediaTimePoint>T00:09:01:12226F30000</MediaTimePoint>
</MediaTime>
</VideoSegment>
</TemporalDecomposition>
</VideoSegment>
<VideoSegment id="shot43_74">
<MediaTime>
<MediaTimePoint>T00:09:03:5279F30000</MediaTimePoint>
<MediaDuration>PT00H00M07S21231N30000F</MediaDuration>
</MediaTime>
<TemporalDecomposition>
<VideoSegment id="shot43_74_RKF">
<MediaTime>
<MediaTimePoint>T00:09:07:394F30000</MediaTimePoint>
</MediaTime>
</VideoSegment>
</TemporalDecomposition>
</VideoSegment>
<VideoSegment id="shot43_75">
<MediaTime>
<MediaTimePoint>T00:09:10:26510F30000</MediaTimePoint>
<MediaDuration>PT00H00M06S26206N30000F</MediaDuration>
</MediaTime>
<TemporalDecomposition>
<VideoSegment id="shot43_75_RKF">
<MediaTime>
<MediaTimePoint>T00:09:14:8612F30000</MediaTimePoint>
</MediaTime>
</VideoSegment>
</TemporalDecomposition>
</VideoSegment>
<VideoSegment id="shot43_76">
<MediaTime>
<MediaTimePoint>T00:09:17:22716F30000</MediaTimePoint>
<MediaDuration>PT00H00M10S24324N30000F</MediaDuration>
</MediaTime>
<TemporalDecomposition>
<VideoSegment id="shot43_76_RKF">
<MediaTime>
<MediaTimePoint>T00:09:23:3877F30000</MediaTimePoint>
</MediaTime>
</VideoSegment>
</TemporalDecomposition>
</VideoSegment>
<VideoSegment id="shot43_77">
<MediaTime>
<MediaTimePoint>T00:09:28:17040F30000</MediaTimePoint>
<MediaDuration>PT00H00M06S5185N30000F</MediaDuration>
</MediaTime>
<TemporalDecomposition>
<VideoSegment id="shot43_77_RKF">
<MediaTime>
<MediaTimePoint>T00:09:31:19132F30000</MediaTimePoint>
</MediaTime>
</VideoSegment>
</TemporalDecomposition>
</VideoSegment>
<VideoSegment id="shot43_78">
<MediaTime>
<MediaTimePoint>T00:09:34:22225F30000</MediaTimePoint>
<MediaDuration>PT00H00M03S9099N30000F</MediaDuration>
</MediaTime>
<TemporalDecomposition>
<VideoSegment id="shot43_78_RKF">
<MediaTime>
<MediaTimePoint>T00:09:36:11274F30000</MediaTimePoint>
</MediaTime>
</VideoSegment>
</TemporalDecomposition>
</VideoSegment>
<VideoSegment id="shot43_79">
<MediaTime>
<MediaTimePoint>T00:09:38:1324F30000</MediaTimePoint>
<MediaDuration>PT00H00M27S21831N30000F</MediaDuration>
</MediaTime>
<TemporalDecomposition>
<VideoSegment id="shot43_79_RKF">
<MediaTime>
<MediaTimePoint>T00:09:51:26739F30000</MediaTimePoint>
</MediaTime>
</VideoSegment>
</TemporalDecomposition>
</VideoSegment>
<VideoSegment id="shot43_80">
<MediaTime>
<MediaTimePoint>T00:10:05:23155F30000</MediaTimePoint>
<MediaDuration>PT00H00M03S5095N30000F</MediaDuration>
</MediaTime>
<TemporalDecomposition>
<VideoSegment id="shot43_80_RKF">
<MediaTime>
<MediaTimePoint>T00:10:07:10202F30000</MediaTimePoint>
</MediaTime>
</VideoSegment>
</TemporalDecomposition>
</VideoSegment>
<VideoSegment id="shot43_81">
<MediaTime>
<MediaTimePoint>T00:10:08:28250F30000</MediaTimePoint>
<MediaDuration>PT00H00M02S20080N30000F</MediaDuration>
</MediaTime>
<TemporalDecomposition>
<VideoSegment id="shot43_81_RKF">
<MediaTime>
<MediaTimePoint>T00:10:10:7289F30000</MediaTimePoint>
</MediaTime>
</VideoSegment>
</TemporalDecomposition>
</VideoSegment>
<VideoSegment id="shot43_82">
<MediaTime>
<MediaTimePoint>T00:10:11:18330F30000</MediaTimePoint>
<MediaDuration>PT00H00M02S3063N30000F</MediaDuration>
</MediaTime>
<TemporalDecomposition>
<VideoSegment id="shot43_82_RKF">
<MediaTime>
<MediaTimePoint>T00:10:12:19361F30000</MediaTimePoint>
</MediaTime>
</VideoSegment>
</TemporalDecomposition>
</VideoSegment>
<VideoSegment id="shot43_83">
<MediaTime>
<MediaTimePoint>T00:10:13:21393F30000</MediaTimePoint>
<MediaDuration>PT00H00M05S22172N30000F</MediaDuration>
</MediaTime>
<TemporalDecomposition>
<VideoSegment id="shot43_83_RKF">
<MediaTime>
<MediaTimePoint>T00:10:16:16478F30000</MediaTimePoint>
</MediaTime>
</VideoSegment>
</TemporalDecomposition>
</VideoSegment>
<VideoSegment id="shot43_84">
<MediaTime>
<MediaTimePoint>T00:10:19:13565F30000</MediaTimePoint>
<MediaDuration>PT00H00M05S1151N30000F</MediaDuration>
</MediaTime>
<TemporalDecomposition>
<VideoSegment id="shot43_84_RKF">
<MediaTime>
<MediaTimePoint>T00:10:21:28640F30000</MediaTimePoint>
</MediaTime>
</VideoSegment>
</TemporalDecomposition>
</VideoSegment>
<VideoSegment id="shot43_85">
<MediaTime>
<MediaTimePoint>T00:10:24:14716F30000</MediaTimePoint>
<MediaDuration>PT00H00M08S22262N30000F</MediaDuration>
</MediaTime>
<TemporalDecomposition>
<VideoSegment id="shot43_85_RKF">
<MediaTime>
<MediaTimePoint>T00:10:28:24846F30000</MediaTimePoint>
</MediaTime>
</VideoSegment>
</TemporalDecomposition>
</VideoSegment>
<VideoSegment id="shot43_86">
<MediaTime>
<MediaTimePoint>T00:10:33:6978F30000</MediaTimePoint>
<MediaDuration>PT00H00M12S22382N30000F</MediaDuration>
</MediaTime>
<TemporalDecomposition>
<VideoSegment id="shot43_86_RKF">
<MediaTime>
<MediaTimePoint>T00:10:39:17168F30000</MediaTimePoint>
</MediaTime>
</VideoSegment>
</TemporalDecomposition>
</VideoSegment>
<VideoSegment id="shot43_87">
<MediaTime>
<MediaTimePoint>T00:10:45:29360F30000</MediaTimePoint>
<MediaDuration>PT00H00M31S24954N30000F</MediaDuration>
</MediaTime>
<TemporalDecomposition>
<VideoSegment id="shot43_87_RKF">
<MediaTime>
<MediaTimePoint>T00:11:01:25836F30000</MediaTimePoint>
</MediaTime>
</VideoSegment>
</TemporalDecomposition>
</VideoSegment>
<VideoSegment id="shot43_88">
<MediaTime>
<MediaTimePoint>T00:11:17:24314F30000</MediaTimePoint>
<MediaDuration>PT00H00M06S8188N30000F</MediaDuration>
</MediaTime>
<TemporalDecomposition>
<VideoSegment id="shot43_88_RKF">
<MediaTime>
<MediaTimePoint>T00:11:20:27407F30000</MediaTimePoint>
</MediaTime>
</VideoSegment>
</TemporalDecomposition>
</VideoSegment>
<VideoSegment id="shot43_89">
<MediaTime>
<MediaTimePoint>T00:11:24:2502F30000</MediaTimePoint>
<MediaDuration>PT00H00M06S12192N30000F</MediaDuration>
</MediaTime>
<TemporalDecomposition>
<VideoSegment id="shot43_89_RKF">
<MediaTime>
<MediaTimePoint>T00:11:27:7597F30000</MediaTimePoint>
</MediaTime>
</VideoSegment>
</TemporalDecomposition>
</VideoSegment>
<VideoSegment id="shot43_90">
<MediaTime>
<MediaTimePoint>T00:11:30:14694F30000</MediaTimePoint>
<MediaDuration>PT00H00M13S22412N30000F</MediaDuration>
</MediaTime>
<TemporalDecomposition>
<VideoSegment id="shot43_90_RKF">
<MediaTime>
<MediaTimePoint>T00:11:37:9899F30000</MediaTimePoint>
</MediaTime>
</VideoSegment>
</TemporalDecomposition>
</VideoSegment>
<VideoSegment id="shot43_91">
<MediaTime>
<MediaTimePoint>T00:11:44:7106F30000</MediaTimePoint>
<MediaDuration>PT00H00M02S26086N30000F</MediaDuration>
</MediaTime>
<TemporalDecomposition>
<VideoSegment id="shot43_91_RKF">
<MediaTime>
<MediaTimePoint>T00:11:45:19148F30000</MediaTimePoint>
</MediaTime>
</VideoSegment>
</TemporalDecomposition>
</VideoSegment>
<VideoSegment id="shot43_92">
<MediaTime>
<MediaTimePoint>T00:11:47:3192F30000</MediaTimePoint>
<MediaDuration>PT00H00M03S20110N30000F</MediaDuration>
</MediaTime>
<TemporalDecomposition>
<VideoSegment id="shot43_92_RKF">
<MediaTime>
<MediaTimePoint>T00:11:48:27246F30000</MediaTimePoint>
</MediaTime>
</VideoSegment>
</TemporalDecomposition>
</VideoSegment>
<VideoSegment id="shot43_93">
<MediaTime>
<MediaTimePoint>T00:11:50:23302F30000</MediaTimePoint>
<MediaDuration>PT00H00M02S3063N30000F</MediaDuration>
</MediaTime>
<TemporalDecomposition>
<VideoSegment id="shot43_93_RKF">
<MediaTime>
<MediaTimePoint>T00:11:51:24333F30000</MediaTimePoint>
</MediaTime>
</VideoSegment>
</TemporalDecomposition>
</VideoSegment>
<VideoSegment id="shot43_94">
<MediaTime>
<MediaTimePoint>T00:11:52:26365F30000</MediaTimePoint>
<MediaDuration>PT00H00M05S22172N30000F</MediaDuration>
</MediaTime>
<TemporalDecomposition>
<VideoSegment id="shot43_94_RKF">
<MediaTime>
<MediaTimePoint>T00:11:55:21450F30000</MediaTimePoint>
</MediaTime>
</VideoSegment>
</TemporalDecomposition>
</VideoSegment>
<VideoSegment id="shot43_95">
<MediaTime>
<MediaTimePoint>T00:11:58:18537F30000</MediaTimePoint>
<MediaDuration>PT00H00M04S1121N30000F</MediaDuration>
</MediaTime>
<TemporalDecomposition>
<VideoSegment id="shot43_95_RKF">
<MediaTime>
<MediaTimePoint>T00:12:00:18597F30000</MediaTimePoint>
</MediaTime>
</VideoSegment>
</TemporalDecomposition>
</VideoSegment>
<VideoSegment id="shot43_96">
<MediaTime>
<MediaTimePoint>T00:12:02:19658F30000</MediaTimePoint>
<MediaDuration>PT00H00M17S18528N30000F</MediaDuration>
</MediaTime>
<TemporalDecomposition>
<VideoSegment id="shot43_96_NRKF_1">
<MediaTime>
<MediaTimePoint>T00:12:03:16685F30000</MediaTimePoint>
</MediaTime>
</VideoSegment>
<VideoSegment id="shot43_96_RKF">
<MediaTime>
<MediaTimePoint>T00:12:11:12921F30000</MediaTimePoint>
</MediaTime>
</VideoSegment>
<VideoSegment id="shot43_96_NRKF_2">
<MediaTime>
<MediaTimePoint>T00:12:12:10949F30000</MediaTimePoint>
</MediaTime>
</VideoSegment>
</TemporalDecomposition>
</VideoSegment>
<VideoSegment id="shot43_97">
<MediaTime>
<MediaTimePoint>T00:12:20:8186F30000</MediaTimePoint>
<MediaDuration>PT00H00M19S15585N30000F</MediaDuration>
</MediaTime>
<TemporalDecomposition>
<VideoSegment id="shot43_97_RKF">
<MediaTime>
<MediaTimePoint>T00:12:30:478F30000</MediaTimePoint>
</MediaTime>
</VideoSegment>
</TemporalDecomposition>
</VideoSegment>
<VideoSegment id="shot43_98">
<MediaTime>
<MediaTimePoint>T00:12:39:23771F30000</MediaTimePoint>
<MediaDuration>PT00H00M03S4094N30000F</MediaDuration>
</MediaTime>
<TemporalDecomposition>
<VideoSegment id="shot43_98_NRKF_1">
<MediaTime>
<MediaTimePoint>T00:12:40:14792F30000</MediaTimePoint>
</MediaTime>
</VideoSegment>
<VideoSegment id="shot43_98_RKF">
<MediaTime>
<MediaTimePoint>T00:12:41:9817F30000</MediaTimePoint>
</MediaTime>
</VideoSegment>
<VideoSegment id="shot43_98_NRKF_2">
<MediaTime>
<MediaTimePoint>T00:12:42:1839F30000</MediaTimePoint>
</MediaTime>
</VideoSegment>
</TemporalDecomposition>
</VideoSegment>
<VideoSegment id="shot43_99">
<MediaTime>
<MediaTimePoint>T00:12:42:27865F30000</MediaTimePoint>
<MediaDuration>PT00H00M03S5095N30000F</MediaDuration>
</MediaTime>
<TemporalDecomposition>
<VideoSegment id="shot43_99_NRKF_1">
<MediaTime>
<MediaTimePoint>T00:12:43:16884F30000</MediaTimePoint>
</MediaTime>
</VideoSegment>
<VideoSegment id="shot43_99_RKF">
<MediaTime>
<MediaTimePoint>T00:12:44:14912F30000</MediaTimePoint>
</MediaTime>
</VideoSegment>
<VideoSegment id="shot43_99_NRKF_2">
<MediaTime>
<MediaTimePoint>T00:12:45:4932F30000</MediaTimePoint>
</MediaTime>
</VideoSegment>
</TemporalDecomposition>
</VideoSegment>
<VideoSegment id="shot43_100">
<MediaTime>
<MediaTimePoint>T00:12:46:2960F30000</MediaTimePoint>
<MediaDuration>PT00H00M04S11131N30000F</MediaDuration>
</MediaTime>
<TemporalDecomposition>
<VideoSegment id="shot43_100_RKF">
<MediaTime>
<MediaTimePoint>T00:12:48:8025F30000</MediaTimePoint>
</MediaTime>
</VideoSegment>
</TemporalDecomposition>
</VideoSegment>
<VideoSegment id="shot43_101">
<MediaTime>
<MediaTimePoint>T00:12:50:14091F30000</MediaTimePoint>
<MediaDuration>PT00H00M05S4154N30000F</MediaDuration>
</MediaTime>
<TemporalDecomposition>
<VideoSegment id="shot43_101_RKF">
<MediaTime>
<MediaTimePoint>T00:12:53:167F30000</MediaTimePoint>
</MediaTime>
</VideoSegment>
</TemporalDecomposition>
</VideoSegment>
<VideoSegment id="shot43_102">
<MediaTime>
<MediaTimePoint>T00:12:55:18245F30000</MediaTimePoint>
<MediaDuration>PT00H00M06S2182N30000F</MediaDuration>
</MediaTime>
<TemporalDecomposition>
<VideoSegment id="shot43_102_RKF">
<MediaTime>
<MediaTimePoint>T00:12:58:18335F30000</MediaTimePoint>
</MediaTime>
</VideoSegment>
</TemporalDecomposition>
</VideoSegment>
<VideoSegment id="shot43_103">
<MediaTime>
<MediaTimePoint>T00:13:01:20427F30000</MediaTimePoint>
<MediaDuration>PT00H00M02S18078N30000F</MediaDuration>
</MediaTime>
<TemporalDecomposition>
<VideoSegment id="shot43_103_RKF">
<MediaTime>
<MediaTimePoint>T00:13:02:28465F30000</MediaTimePoint>
</MediaTime>
</VideoSegment>
</TemporalDecomposition>
</VideoSegment>
<VideoSegment id="shot43_104">
<MediaTime>
<MediaTimePoint>T00:13:04:8505F30000</MediaTimePoint>
<MediaDuration>PT00H00M03S5095N30000F</MediaDuration>
</MediaTime>
<TemporalDecomposition>
<VideoSegment id="shot43_104_RKF">
<MediaTime>
<MediaTimePoint>T00:13:05:25552F30000</MediaTimePoint>
</MediaTime>
</VideoSegment>
</TemporalDecomposition>
</VideoSegment>
<VideoSegment id="shot43_105">
<MediaTime>
<MediaTimePoint>T00:13:07:13600F30000</MediaTimePoint>
<MediaDuration>PT00H00M03S3093N30000F</MediaDuration>
</MediaTime>
<TemporalDecomposition>
<VideoSegment id="shot43_105_RKF">
<MediaTime>
<MediaTimePoint>T00:13:08:29646F30000</MediaTimePoint>
</MediaTime>
</VideoSegment>
</TemporalDecomposition>
</VideoSegment>
<VideoSegment id="shot43_106">
<MediaTime>
<MediaTimePoint>T00:13:10:16693F30000</MediaTimePoint>
<MediaDuration>PT00H00M03S26116N30000F</MediaDuration>
</MediaTime>
<TemporalDecomposition>
<VideoSegment id="shot43_106_RKF">
<MediaTime>
<MediaTimePoint>T00:13:12:13750F30000</MediaTimePoint>
</MediaTime>
</VideoSegment>
</TemporalDecomposition>
</VideoSegment>
<VideoSegment id="shot43_107">
<MediaTime>
<MediaTimePoint>T00:13:14:12809F30000</MediaTimePoint>
<MediaDuration>PT00H00M03S12102N30000F</MediaDuration>
</MediaTime>
<TemporalDecomposition>
<VideoSegment id="shot43_107_RKF">
<MediaTime>
<MediaTimePoint>T00:13:16:2859F30000</MediaTimePoint>
</MediaTime>
</VideoSegment>
</TemporalDecomposition>
</VideoSegment>
<VideoSegment id="shot43_108">
<MediaTime>
<MediaTimePoint>T00:13:17:24911F30000</MediaTimePoint>
<MediaDuration>PT00H00M03S10100N30000F</MediaDuration>
</MediaTime>
<TemporalDecomposition>
<VideoSegment id="shot43_108_NRKF_1">
<MediaTime>
<MediaTimePoint>T00:13:18:9926F30000</MediaTimePoint>
</MediaTime>
</VideoSegment>
<VideoSegment id="shot43_108_RKF">
<MediaTime>
<MediaTimePoint>T00:13:19:13960F30000</MediaTimePoint>
</MediaTime>
</VideoSegment>
<VideoSegment id="shot43_108_NRKF_2">
<MediaTime>
<MediaTimePoint>T00:13:19:29976F30000</MediaTimePoint>
</MediaTime>
</VideoSegment>
</TemporalDecomposition>
</VideoSegment>
<VideoSegment id="shot43_109">
<MediaTime>
<MediaTimePoint>T00:13:21:5011F30000</MediaTimePoint>
<MediaDuration>PT00H00M04S27147N30000F</MediaDuration>
</MediaTime>
<TemporalDecomposition>
<VideoSegment id="shot43_109_RKF">
<MediaTime>
<MediaTimePoint>T00:13:23:18084F30000</MediaTimePoint>
</MediaTime>
</VideoSegment>
</TemporalDecomposition>
</VideoSegment>
<VideoSegment id="shot43_110">
<MediaTime>
<MediaTimePoint>T00:13:26:2158F30000</MediaTimePoint>
<MediaDuration>PT00H00M03S11101N30000F</MediaDuration>
</MediaTime>
<TemporalDecomposition>
<VideoSegment id="shot43_110_RKF">
<MediaTime>
<MediaTimePoint>T00:13:27:22208F30000</MediaTimePoint>
</MediaTime>
</VideoSegment>
</TemporalDecomposition>
</VideoSegment>
<VideoSegment id="shot43_111">
<MediaTime>
<MediaTimePoint>T00:13:29:13259F30000</MediaTimePoint>
<MediaDuration>PT00H00M06S5185N30000F</MediaDuration>
</MediaTime>
<TemporalDecomposition>
<VideoSegment id="shot43_111_RKF">
<MediaTime>
<MediaTimePoint>T00:13:32:15351F30000</MediaTimePoint>
</MediaTime>
</VideoSegment>
</TemporalDecomposition>
</VideoSegment>
<VideoSegment id="shot43_112">
<MediaTime>
<MediaTimePoint>T00:13:35:18444F30000</MediaTimePoint>
<MediaDuration>PT00H00M02S12072N30000F</MediaDuration>
</MediaTime>
<TemporalDecomposition>
<VideoSegment id="shot43_112_RKF">
<MediaTime>
<MediaTimePoint>T00:13:36:23479F30000</MediaTimePoint>
</MediaTime>
</VideoSegment>
</TemporalDecomposition>
</VideoSegment>
<VideoSegment id="shot43_113">
<MediaTime>
<MediaTimePoint>T00:13:38:516F30000</MediaTimePoint>
<MediaDuration>PT00H00M08S4244N30000F</MediaDuration>
</MediaTime>
<TemporalDecomposition>
<VideoSegment id="shot43_113_RKF">
<MediaTime>
<MediaTimePoint>T00:13:42:1637F30000</MediaTimePoint>
</MediaTime>
</VideoSegment>
</TemporalDecomposition>
</VideoSegment>
<VideoSegment id="shot43_114">
<MediaTime>
<MediaTimePoint>T00:13:46:4760F30000</MediaTimePoint>
<MediaDuration>PT00H00M02S20080N30000F</MediaDuration>
</MediaTime>
<TemporalDecomposition>
<VideoSegment id="shot43_114_RKF">
<MediaTime>
<MediaTimePoint>T00:13:47:13799F30000</MediaTimePoint>
</MediaTime>
</VideoSegment>
</TemporalDecomposition>
</VideoSegment>
<VideoSegment id="shot43_115">
<MediaTime>
<MediaTimePoint>T00:13:48:24840F30000</MediaTimePoint>
<MediaDuration>PT00H00M04S20140N30000F</MediaDuration>
</MediaTime>
<TemporalDecomposition>
<VideoSegment id="shot43_115_RKF">
<MediaTime>
<MediaTimePoint>T00:13:51:3909F30000</MediaTimePoint>
</MediaTime>
</VideoSegment>
</TemporalDecomposition>
</VideoSegment>
<VideoSegment id="shot43_116">
<MediaTime>
<MediaTimePoint>T00:13:53:14980F30000</MediaTimePoint>
<MediaDuration>PT00H00M05S21171N30000F</MediaDuration>
</MediaTime>
<TemporalDecomposition>
<VideoSegment id="shot43_116_RKF">
<MediaTime>
<MediaTimePoint>T00:13:56:10065F30000</MediaTimePoint>
</MediaTime>
</VideoSegment>
</TemporalDecomposition>
</VideoSegment>
<VideoSegment id="shot43_117">
<MediaTime>
<MediaTimePoint>T00:13:59:6151F30000</MediaTimePoint>
<MediaDuration>PT00H00M11S19349N30000F</MediaDuration>
</MediaTime>
<TemporalDecomposition>
<VideoSegment id="shot43_117_RKF">
<MediaTime>
<MediaTimePoint>T00:14:05:325F30000</MediaTimePoint>
</MediaTime>
</VideoSegment>
</TemporalDecomposition>
</VideoSegment>
<VideoSegment id="shot43_118">
<MediaTime>
<MediaTimePoint>T00:14:10:25500F30000</MediaTimePoint>
<MediaDuration>PT00H00M06S28208N30000F</MediaDuration>
</MediaTime>
<TemporalDecomposition>
<VideoSegment id="shot43_118_NRKF_1">
<MediaTime>
<MediaTimePoint>T00:14:11:6511F30000</MediaTimePoint>
</MediaTime>
</VideoSegment>
<VideoSegment id="shot43_118_RKF">
<MediaTime>
<MediaTimePoint>T00:14:14:8603F30000</MediaTimePoint>
</MediaTime>
</VideoSegment>
<VideoSegment id="shot43_118_NRKF_2">
<MediaTime>
<MediaTimePoint>T00:14:14:20615F30000</MediaTimePoint>
</MediaTime>
</VideoSegment>
</TemporalDecomposition>
</VideoSegment>
<VideoSegment id="shot43_119">
<MediaTime>
<MediaTimePoint>T00:14:17:23708F30000</MediaTimePoint>
<MediaDuration>PT00H00M02S16076N30000F</MediaDuration>
</MediaTime>
<TemporalDecomposition>
<VideoSegment id="shot43_119_NRKF_1">
<MediaTime>
<MediaTimePoint>T00:14:18:17732F30000</MediaTimePoint>
</MediaTime>
</VideoSegment>
<VideoSegment id="shot43_119_RKF">
<MediaTime>
<MediaTimePoint>T00:14:19:745F30000</MediaTimePoint>
</MediaTime>
</VideoSegment>
<VideoSegment id="shot43_119_NRKF_2">
<MediaTime>
<MediaTimePoint>T00:14:19:25770F30000</MediaTimePoint>
</MediaTime>
</VideoSegment>
</TemporalDecomposition>
</VideoSegment>
<VideoSegment id="shot43_120">
<MediaTime>
<MediaTimePoint>T00:14:20:9784F30000</MediaTimePoint>
<MediaDuration>PT00H00M02S17077N30000F</MediaDuration>
</MediaTime>
<TemporalDecomposition>
<VideoSegment id="shot43_120_NRKF_1">
<MediaTime>
<MediaTimePoint>T00:14:21:5810F30000</MediaTimePoint>
</MediaTime>
</VideoSegment>
<VideoSegment id="shot43_120_RKF">
<MediaTime>
<MediaTimePoint>T00:14:21:17822F30000</MediaTimePoint>
</MediaTime>
</VideoSegment>
<VideoSegment id="shot43_120_NRKF_2">
<MediaTime>
<MediaTimePoint>T00:14:22:13848F30000</MediaTimePoint>
</MediaTime>
</VideoSegment>
</TemporalDecomposition>
</VideoSegment>
<VideoSegment id="shot43_121">
<MediaTime>
<MediaTimePoint>T00:14:22:26861F30000</MediaTimePoint>
<MediaDuration>PT00H00M04S120N30000F</MediaDuration>
</MediaTime>
<TemporalDecomposition>
<VideoSegment id="shot43_121_NRKF_1">
<MediaTime>
<MediaTimePoint>T00:14:23:23888F30000</MediaTimePoint>
</MediaTime>
</VideoSegment>
<VideoSegment id="shot43_121_RKF">
<MediaTime>
<MediaTimePoint>T00:14:24:25920F30000</MediaTimePoint>
</MediaTime>
</VideoSegment>
<VideoSegment id="shot43_121_NRKF_2">
<MediaTime>
<MediaTimePoint>T00:14:25:23948F30000</MediaTimePoint>
</MediaTime>
</VideoSegment>
</TemporalDecomposition>
</VideoSegment>
<VideoSegment id="shot43_122">
<MediaTime>
<MediaTimePoint>T00:14:26:26981F30000</MediaTimePoint>
<MediaDuration>PT00H00M10S9309N30000F</MediaDuration>
</MediaTime>
<TemporalDecomposition>
<VideoSegment id="shot43_122_NRKF_1">
<MediaTime>
<MediaTimePoint>T00:14:27:8993F30000</MediaTimePoint>
</MediaTime>
</VideoSegment>
<VideoSegment id="shot43_122_RKF">
<MediaTime>
<MediaTimePoint>T00:14:32:1135F30000</MediaTimePoint>
</MediaTime>
</VideoSegment>
<VideoSegment id="shot43_122_NRKF_2">
<MediaTime>
<MediaTimePoint>T00:14:32:14148F30000</MediaTimePoint>
</MediaTime>
</VideoSegment>
</TemporalDecomposition>
</VideoSegment>
<VideoSegment id="shot43_123">
<MediaTime>
<MediaTimePoint>T00:14:37:6290F30000</MediaTimePoint>
<MediaDuration>PT00H00M03S10100N30000F</MediaDuration>
</MediaTime>
<TemporalDecomposition>
<VideoSegment id="shot43_123_RKF">
<MediaTime>
<MediaTimePoint>T00:14:38:25339F30000</MediaTimePoint>
</MediaTime>
</VideoSegment>
</TemporalDecomposition>
</VideoSegment>
<VideoSegment id="shot43_124">
<MediaTime>
<MediaTimePoint>T00:14:40:16390F30000</MediaTimePoint>
<MediaDuration>PT00H00M17S23533N30000F</MediaDuration>
</MediaTime>
<TemporalDecomposition>
<VideoSegment id="shot43_124_NRKF_1">
<MediaTime>
<MediaTimePoint>T00:14:41:6410F30000</MediaTimePoint>
</MediaTime>
</VideoSegment>
<VideoSegment id="shot43_124_RKF">
<MediaTime>
<MediaTimePoint>T00:14:49:12656F30000</MediaTimePoint>
</MediaTime>
</VideoSegment>
<VideoSegment id="shot43_124_NRKF_2">
<MediaTime>
<MediaTimePoint>T00:14:50:3677F30000</MediaTimePoint>
</MediaTime>
</VideoSegment>
</TemporalDecomposition>
</VideoSegment>
<VideoSegment id="shot43_125">
<MediaTime>
<MediaTimePoint>T00:14:58:9923F30000</MediaTimePoint>
<MediaDuration>PT00H00M02S2062N30000F</MediaDuration>
</MediaTime>
<TemporalDecomposition>
<VideoSegment id="shot43_125_RKF">
<MediaTime>
<MediaTimePoint>T00:14:59:9953F30000</MediaTimePoint>
</MediaTime>
</VideoSegment>
</TemporalDecomposition>
</VideoSegment>
<VideoSegment id="shot43_126">
<MediaTime>
<MediaTimePoint>T00:15:00:11985F30000</MediaTimePoint>
<MediaDuration>PT00H00M03S7097N30000F</MediaDuration>
</MediaTime>
<TemporalDecomposition>
<VideoSegment id="shot43_126_NRKF_1">
<MediaTime>
<MediaTimePoint>T00:15:01:2005F30000</MediaTimePoint>
</MediaTime>
</VideoSegment>
<VideoSegment id="shot43_126_RKF">
<MediaTime>
<MediaTimePoint>T00:15:02:33F30000</MediaTimePoint>
</MediaTime>
</VideoSegment>
<VideoSegment id="shot43_126_NRKF_2">
<MediaTime>
<MediaTimePoint>T00:15:02:20053F30000</MediaTimePoint>
</MediaTime>
</VideoSegment>
</TemporalDecomposition>
</VideoSegment>
<VideoSegment id="shot43_127">
<MediaTime>
<MediaTimePoint>T00:15:03:19082F30000</MediaTimePoint>
<MediaDuration>PT00H00M03S14104N30000F</MediaDuration>
</MediaTime>
<TemporalDecomposition>
<VideoSegment id="shot43_127_RKF">
<MediaTime>
<MediaTimePoint>T00:15:05:10133F30000</MediaTimePoint>
</MediaTime>
</VideoSegment>
</TemporalDecomposition>
</VideoSegment>
<VideoSegment id="shot43_128">
<MediaTime>
<MediaTimePoint>T00:15:07:3186F30000</MediaTimePoint>
<MediaDuration>PT00H00M29S29899N30000F</MediaDuration>
</MediaTime>
<TemporalDecomposition>
<VideoSegment id="shot43_128_RKF">
<MediaTime>
<MediaTimePoint>T00:15:22:2635F30000</MediaTimePoint>
</MediaTime>
</VideoSegment>
</TemporalDecomposition>
</VideoSegment>
<VideoSegment id="shot43_129">
<MediaTime>
<MediaTimePoint>T00:15:37:3085F30000</MediaTimePoint>
<MediaDuration>PT00H00M02S5065N30000F</MediaDuration>
</MediaTime>
<TemporalDecomposition>
<VideoSegment id="shot43_129_RKF">
<MediaTime>
<MediaTimePoint>T00:15:38:5117F30000</MediaTimePoint>
</MediaTime>
</VideoSegment>
</TemporalDecomposition>
</VideoSegment>
<VideoSegment id="shot43_130">
<MediaTime>
<MediaTimePoint>T00:15:39:8150F30000</MediaTimePoint>
<MediaDuration>PT00H00M02S21081N30000F</MediaDuration>
</MediaTime>
<TemporalDecomposition>
<VideoSegment id="shot43_130_NRKF_1">
<MediaTime>
<MediaTimePoint>T00:15:39:29171F30000</MediaTimePoint>
</MediaTime>
</VideoSegment>
<VideoSegment id="shot43_130_RKF">
<MediaTime>
<MediaTimePoint>T00:15:40:18190F30000</MediaTimePoint>
</MediaTime>
</VideoSegment>
<VideoSegment id="shot43_130_NRKF_2">
<MediaTime>
<MediaTimePoint>T00:15:41:9211F30000</MediaTimePoint>
</MediaTime>
</VideoSegment>
</TemporalDecomposition>
</VideoSegment>
<VideoSegment id="shot43_131">
<MediaTime>
<MediaTimePoint>T00:15:41:29231F30000</MediaTimePoint>
<MediaDuration>PT00H00M03S9099N30000F</MediaDuration>
</MediaTime>
<TemporalDecomposition>
<VideoSegment id="shot43_131_NRKF_1">
<MediaTime>
<MediaTimePoint>T00:15:42:23255F30000</MediaTimePoint>
</MediaTime>
</VideoSegment>
<VideoSegment id="shot43_131_RKF">
<MediaTime>
<MediaTimePoint>T00:15:43:18280F30000</MediaTimePoint>
</MediaTime>
</VideoSegment>
<VideoSegment id="shot43_131_NRKF_2">
<MediaTime>
<MediaTimePoint>T00:15:44:12304F30000</MediaTimePoint>
</MediaTime>
</VideoSegment>
</TemporalDecomposition>
</VideoSegment>
<VideoSegment id="shot43_132">
<MediaTime>
<MediaTimePoint>T00:15:45:8330F30000</MediaTimePoint>
<MediaDuration>PT00H00M03S10100N30000F</MediaDuration>
</MediaTime>
<TemporalDecomposition>
<VideoSegment id="shot43_132_NRKF_1">
<MediaTime>
<MediaTimePoint>T00:15:45:24346F30000</MediaTimePoint>
</MediaTime>
</VideoSegment>
<VideoSegment id="shot43_132_RKF">
<MediaTime>
<MediaTimePoint>T00:15:46:27379F30000</MediaTimePoint>
</MediaTime>
</VideoSegment>
<VideoSegment id="shot43_132_NRKF_2">
<MediaTime>
<MediaTimePoint>T00:15:47:14396F30000</MediaTimePoint>
</MediaTime>
</VideoSegment>
</TemporalDecomposition>
</VideoSegment>
<VideoSegment id="shot43_133">
<MediaTime>
<MediaTimePoint>T00:15:48:18430F30000</MediaTimePoint>
<MediaDuration>PT00H00M03S21111N30000F</MediaDuration>
</MediaTime>
<TemporalDecomposition>
<VideoSegment id="shot43_133_NRKF_1">
<MediaTime>
<MediaTimePoint>T00:15:49:11453F30000</MediaTimePoint>
</MediaTime>
</VideoSegment>
<VideoSegment id="shot43_133_RKF">
<MediaTime>
<MediaTimePoint>T00:15:50:13485F30000</MediaTimePoint>
</MediaTime>
</VideoSegment>
<VideoSegment id="shot43_133_NRKF_2">
<MediaTime>
<MediaTimePoint>T00:15:51:6508F30000</MediaTimePoint>
</MediaTime>
</VideoSegment>
</TemporalDecomposition>
</VideoSegment>
<VideoSegment id="shot43_134">
<MediaTime>
<MediaTimePoint>T00:15:52:9541F30000</MediaTimePoint>
<MediaDuration>PT00H00M03S19109N30000F</MediaDuration>
</MediaTime>
<TemporalDecomposition>
<VideoSegment id="shot43_134_NRKF_1">
<MediaTime>
<MediaTimePoint>T00:15:53:6568F30000</MediaTimePoint>
</MediaTime>
</VideoSegment>
<VideoSegment id="shot43_134_RKF">
<MediaTime>
<MediaTimePoint>T00:15:54:3595F30000</MediaTimePoint>
</MediaTime>
</VideoSegment>
<VideoSegment id="shot43_134_NRKF_2">
<MediaTime>
<MediaTimePoint>T00:15:55:1623F30000</MediaTimePoint>
</MediaTime>
</VideoSegment>
</TemporalDecomposition>
</VideoSegment>
<VideoSegment id="shot43_135">
<MediaTime>
<MediaTimePoint>T00:15:55:28650F30000</MediaTimePoint>
<MediaDuration>PT00H00M02S8068N30000F</MediaDuration>
</MediaTime>
<TemporalDecomposition>
<VideoSegment id="shot43_135_NRKF_1">
<MediaTime>
<MediaTimePoint>T00:15:56:9661F30000</MediaTimePoint>
</MediaTime>
</VideoSegment>
<VideoSegment id="shot43_135_RKF">
<MediaTime>
<MediaTimePoint>T00:15:57:1683F30000</MediaTimePoint>
</MediaTime>
</VideoSegment>
<VideoSegment id="shot43_135_NRKF_2">
<MediaTime>
<MediaTimePoint>T00:15:57:13695F30000</MediaTimePoint>
</MediaTime>
</VideoSegment>
</TemporalDecomposition>
</VideoSegment>
<VideoSegment id="shot43_136">
<MediaTime>
<MediaTimePoint>T00:15:58:6718F30000</MediaTimePoint>
<MediaDuration>PT00H00M02S25085N30000F</MediaDuration>
</MediaTime>
<TemporalDecomposition>
<VideoSegment id="shot43_136_NRKF_1">
<MediaTime>
<MediaTimePoint>T00:15:58:17729F30000</MediaTimePoint>
</MediaTime>
</VideoSegment>
<VideoSegment id="shot43_136_NRKF_2">
<MediaTime>
<MediaTimePoint>T00:15:59:12754F30000</MediaTimePoint>
</MediaTime>
</VideoSegment>
<VideoSegment id="shot43_136_RKF">
<MediaTime>
<MediaTimePoint>T00:15:59:18760F30000</MediaTimePoint>
</MediaTime>
</VideoSegment>
<VideoSegment id="shot43_136_NRKF_3">
<MediaTime>
<MediaTimePoint>T00:16:00:13785F30000</MediaTimePoint>
</MediaTime>
</VideoSegment>
</TemporalDecomposition>
</VideoSegment>
<VideoSegment id="shot43_137">
<MediaTime>
<MediaTimePoint>T00:16:01:1803F30000</MediaTimePoint>
<MediaDuration>PT00H00M03S4094N30000F</MediaDuration>
</MediaTime>
<TemporalDecomposition>
<VideoSegment id="shot43_137_NRKF_1">
<MediaTime>
<MediaTimePoint>T00:16:01:25827F30000</MediaTimePoint>
</MediaTime>
</VideoSegment>
<VideoSegment id="shot43_137_RKF">
<MediaTime>
<MediaTimePoint>T00:16:02:17849F30000</MediaTimePoint>
</MediaTime>
</VideoSegment>
<VideoSegment id="shot43_137_NRKF_2">
<MediaTime>
<MediaTimePoint>T00:16:03:12874F30000</MediaTimePoint>
</MediaTime>
</VideoSegment>
</TemporalDecomposition>
</VideoSegment>
<VideoSegment id="shot43_138">
<MediaTime>
<MediaTimePoint>T00:16:04:5897F30000</MediaTimePoint>
<MediaDuration>PT00H00M02S27087N30000F</MediaDuration>
</MediaTime>
<TemporalDecomposition>
<VideoSegment id="shot43_138_RKF">
<MediaTime>
<MediaTimePoint>T00:16:05:18940F30000</MediaTimePoint>
</MediaTime>
</VideoSegment>
</TemporalDecomposition>
</VideoSegment>
<VideoSegment id="shot43_139">
<MediaTime>
<MediaTimePoint>T00:16:07:2984F30000</MediaTimePoint>
<MediaDuration>PT00H00M07S210N30000F</MediaDuration>
</MediaTime>
<TemporalDecomposition>
<VideoSegment id="shot43_139_RKF">
<MediaTime>
<MediaTimePoint>T00:16:10:17088F30000</MediaTimePoint>
</MediaTime>
</VideoSegment>
</TemporalDecomposition>
</VideoSegment>
<VideoSegment id="shot43_140">
<MediaTime>
<MediaTimePoint>T00:16:14:3194F30000</MediaTimePoint>
<MediaDuration>PT00H00M07S2212N30000F</MediaDuration>
</MediaTime>
<TemporalDecomposition>
<VideoSegment id="shot43_140_RKF">
<MediaTime>
<MediaTimePoint>T00:16:17:18299F30000</MediaTimePoint>
</MediaTime>
</VideoSegment>
</TemporalDecomposition>
</VideoSegment>
<VideoSegment id="shot43_141">
<MediaTime>
<MediaTimePoint>T00:16:21:5406F30000</MediaTimePoint>
<MediaDuration>PT00H00M02S8068N30000F</MediaDuration>
</MediaTime>
<TemporalDecomposition>
<VideoSegment id="shot43_141_NRKF_1">
<MediaTime>
<MediaTimePoint>T00:16:21:22423F30000</MediaTimePoint>
</MediaTime>
</VideoSegment>
<VideoSegment id="shot43_141_RKF">
<MediaTime>
<MediaTimePoint>T00:16:22:8439F30000</MediaTimePoint>
</MediaTime>
</VideoSegment>
<VideoSegment id="shot43_141_NRKF_2">
<MediaTime>
<MediaTimePoint>T00:16:22:26457F30000</MediaTimePoint>
</MediaTime>
</VideoSegment>
</TemporalDecomposition>
</VideoSegment>
<VideoSegment id="shot43_142">
<MediaTime>
<MediaTimePoint>T00:16:23:13474F30000</MediaTimePoint>
<MediaDuration>PT00H00M02S24084N30000F</MediaDuration>
</MediaTime>
<TemporalDecomposition>
<VideoSegment id="shot43_142_RKF">
<MediaTime>
<MediaTimePoint>T00:16:24:24515F30000</MediaTimePoint>
</MediaTime>
</VideoSegment>
</TemporalDecomposition>
</VideoSegment>
<VideoSegment id="shot43_143">
<MediaTime>
<MediaTimePoint>T00:16:26:7558F30000</MediaTimePoint>
<MediaDuration>PT00H00M03S23113N30000F</MediaDuration>
</MediaTime>
<TemporalDecomposition>
<VideoSegment id="shot43_143_RKF">
<MediaTime>
<MediaTimePoint>T00:16:28:3614F30000</MediaTimePoint>
</MediaTime>
</VideoSegment>
</TemporalDecomposition>
</VideoSegment>
<VideoSegment id="shot43_144">
<MediaTime>
<MediaTimePoint>T00:16:30:671F30000</MediaTimePoint>
<MediaDuration>PT00H00M07S22232N30000F</MediaDuration>
</MediaTime>
<TemporalDecomposition>
<VideoSegment id="shot43_144_RKF">
<MediaTime>
<MediaTimePoint>T00:16:33:25786F30000</MediaTimePoint>
</MediaTime>
</VideoSegment>
</TemporalDecomposition>
</VideoSegment>
<VideoSegment id="shot43_145">
<MediaTime>
<MediaTimePoint>T00:16:37:22903F30000</MediaTimePoint>
<MediaDuration>PT00H00M03S22112N30000F</MediaDuration>
</MediaTime>
<TemporalDecomposition>
<VideoSegment id="shot43_145_RKF">
<MediaTime>
<MediaTimePoint>T00:16:39:17958F30000</MediaTimePoint>
</MediaTime>
</VideoSegment>
</TemporalDecomposition>
</VideoSegment>
<VideoSegment id="shot43_146">
<MediaTime>
<MediaTimePoint>T00:16:41:15015F30000</MediaTimePoint>
<MediaDuration>PT00H00M03S12102N30000F</MediaDuration>
</MediaTime>
<TemporalDecomposition>
<VideoSegment id="shot43_146_RKF">
<MediaTime>
<MediaTimePoint>T00:16:43:5065F30000</MediaTimePoint>
</MediaTime>
</VideoSegment>
</TemporalDecomposition>
</VideoSegment>
<VideoSegment id="shot43_147">
<MediaTime>
<MediaTimePoint>T00:16:44:27117F30000</MediaTimePoint>
<MediaDuration>PT00H00M04S26146N30000F</MediaDuration>
</MediaTime>
<TemporalDecomposition>
<VideoSegment id="shot43_147_NRKF_1">
<MediaTime>
<MediaTimePoint>T00:16:45:18138F30000</MediaTimePoint>
</MediaTime>
</VideoSegment>
<VideoSegment id="shot43_147_RKF">
<MediaTime>
<MediaTimePoint>T00:16:47:9189F30000</MediaTimePoint>
</MediaTime>
</VideoSegment>
<VideoSegment id="shot43_147_NRKF_2">
<MediaTime>
<MediaTimePoint>T00:16:48:1211F30000</MediaTimePoint>
</MediaTime>
</VideoSegment>
</TemporalDecomposition>
</VideoSegment>
<VideoSegment id="shot43_148">
<MediaTime>
<MediaTimePoint>T00:16:49:23263F30000</MediaTimePoint>
<MediaDuration>PT00H00M05S7157N30000F</MediaDuration>
</MediaTime>
<TemporalDecomposition>
<VideoSegment id="shot43_148_NRKF_1">
<MediaTime>
<MediaTimePoint>T00:16:50:22292F30000</MediaTimePoint>
</MediaTime>
</VideoSegment>
<VideoSegment id="shot43_148_RKF">
<MediaTime>
<MediaTimePoint>T00:16:52:11341F30000</MediaTimePoint>
</MediaTime>
</VideoSegment>
<VideoSegment id="shot43_148_NRKF_2">
<MediaTime>
<MediaTimePoint>T00:16:53:11371F30000</MediaTimePoint>
</MediaTime>
</VideoSegment>
</TemporalDecomposition>
</VideoSegment>
<VideoSegment id="shot43_149">
<MediaTime>
<MediaTimePoint>T00:16:55:420F30000</MediaTimePoint>
<MediaDuration>PT00H00M06S25205N30000F</MediaDuration>
</MediaTime>
<TemporalDecomposition>
<VideoSegment id="shot43_149_NRKF_1">
<MediaTime>
<MediaTimePoint>T00:16:55:15435F30000</MediaTimePoint>
</MediaTime>
</VideoSegment>
<VideoSegment id="shot43_149_RKF">
<MediaTime>
<MediaTimePoint>T00:16:58:12522F30000</MediaTimePoint>
</MediaTime>
</VideoSegment>
<VideoSegment id="shot43_149_NRKF_2">
<MediaTime>
<MediaTimePoint>T00:16:58:28538F30000</MediaTimePoint>
</MediaTime>
</VideoSegment>
</TemporalDecomposition>
</VideoSegment>
<VideoSegment id="shot43_150">
<MediaTime>
<MediaTimePoint>T00:17:01:25625F30000</MediaTimePoint>
<MediaDuration>PT00H00M02S23083N30000F</MediaDuration>
</MediaTime>
<TemporalDecomposition>
<VideoSegment id="shot43_150_RKF">
<MediaTime>
<MediaTimePoint>T00:17:03:6666F30000</MediaTimePoint>
</MediaTime>
</VideoSegment>
</TemporalDecomposition>
</VideoSegment>
<VideoSegment id="shot43_151">
<MediaTime>
<MediaTimePoint>T00:17:04:18708F30000</MediaTimePoint>
<MediaDuration>PT00H00M02S3063N30000F</MediaDuration>
</MediaTime>
<TemporalDecomposition>
<VideoSegment id="shot43_151_RKF">
<MediaTime>
<MediaTimePoint>T00:17:05:19739F30000</MediaTimePoint>
</MediaTime>
</VideoSegment>
</TemporalDecomposition>
</VideoSegment>
<VideoSegment id="shot43_152">
<MediaTime>
<MediaTimePoint>T00:17:06:21771F30000</MediaTimePoint>
<MediaDuration>PT00H00M02S2062N30000F</MediaDuration>
</MediaTime>
<TemporalDecomposition>
<VideoSegment id="shot43_152_NRKF_1">
<MediaTime>
<MediaTimePoint>T00:17:07:10790F30000</MediaTimePoint>
</MediaTime>
</VideoSegment>
<VideoSegment id="shot43_152_RKF">
<MediaTime>
<MediaTimePoint>T00:17:07:21801F30000</MediaTimePoint>
</MediaTime>
</VideoSegment>
<VideoSegment id="shot43_152_NRKF_2">
<MediaTime>
<MediaTimePoint>T00:17:08:11821F30000</MediaTimePoint>
</MediaTime>
</VideoSegment>
</TemporalDecomposition>
</VideoSegment>
<VideoSegment id="shot43_153">
<MediaTime>
<MediaTimePoint>T00:17:08:23833F30000</MediaTimePoint>
<MediaDuration>PT00H00M05S5155N30000F</MediaDuration>
</MediaTime>
<TemporalDecomposition>
<VideoSegment id="shot43_153_RKF">
<MediaTime>
<MediaTimePoint>T00:17:11:10910F30000</MediaTimePoint>
</MediaTime>
</VideoSegment>
</TemporalDecomposition>
</VideoSegment>
<VideoSegment id="shot43_154">
<MediaTime>
<MediaTimePoint>T00:17:13:28988F30000</MediaTimePoint>
<MediaDuration>PT00H00M23S20710N30000F</MediaDuration>
</MediaTime>
<TemporalDecomposition>
<VideoSegment id="shot43_154_NRKF_1">
<MediaTime>
<MediaTimePoint>T00:17:14:1991F30000</MediaTimePoint>
</MediaTime>
</VideoSegment>
<VideoSegment id="shot43_154_RKF">
<MediaTime>
<MediaTimePoint>T00:17:25:23342F30000</MediaTimePoint>
</MediaTime>
</VideoSegment>
<VideoSegment id="shot43_154_NRKF_2">
<MediaTime>
<MediaTimePoint>T00:17:25:27346F30000</MediaTimePoint>
</MediaTime>
</VideoSegment>
</TemporalDecomposition>
</VideoSegment>
<VideoSegment id="shot43_155">
<MediaTime>
<MediaTimePoint>T00:17:37:19698F30000</MediaTimePoint>
<MediaDuration>PT00H00M03S90N30000F</MediaDuration>
</MediaTime>
<TemporalDecomposition>
<VideoSegment id="shot43_155_RKF">
<MediaTime>
<MediaTimePoint>T00:17:39:3742F30000</MediaTimePoint>
</MediaTime>
</VideoSegment>
</TemporalDecomposition>
</VideoSegment>
<VideoSegment id="shot43_156">
<MediaTime>
<MediaTimePoint>T00:17:40:19788F30000</MediaTimePoint>
<MediaDuration>PT00H00M02S15075N30000F</MediaDuration>
</MediaTime>
<TemporalDecomposition>
<VideoSegment id="shot43_156_RKF">
<MediaTime>
<MediaTimePoint>T00:17:41:26825F30000</MediaTimePoint>
</MediaTime>
</VideoSegment>
</TemporalDecomposition>
</VideoSegment>
<VideoSegment id="shot43_157">
<MediaTime>
<MediaTimePoint>T00:17:43:4863F30000</MediaTimePoint>
<MediaDuration>PT00H00M07S26236N30000F</MediaDuration>
</MediaTime>
<TemporalDecomposition>
<VideoSegment id="shot43_157_RKF">
<MediaTime>
<MediaTimePoint>T00:17:47:1980F30000</MediaTimePoint>
</MediaTime>
</VideoSegment>
</TemporalDecomposition>
</VideoSegment>
<VideoSegment id="shot43_158">
<MediaTime>
<MediaTimePoint>T00:17:51:1099F30000</MediaTimePoint>
<MediaDuration>PT00H00M04S27147N30000F</MediaDuration>
</MediaTime>
<TemporalDecomposition>
<VideoSegment id="shot43_158_NRKF_1">
<MediaTime>
<MediaTimePoint>T00:17:51:27125F30000</MediaTimePoint>
</MediaTime>
</VideoSegment>
<VideoSegment id="shot43_158_RKF">
<MediaTime>
<MediaTimePoint>T00:17:53:14172F30000</MediaTimePoint>
</MediaTime>
</VideoSegment>
<VideoSegment id="shot43_158_NRKF_2">
<MediaTime>
<MediaTimePoint>T00:17:54:11199F30000</MediaTimePoint>
</MediaTime>
</VideoSegment>
</TemporalDecomposition>
</VideoSegment>
<VideoSegment id="shot43_159">
<MediaTime>
<MediaTimePoint>T00:17:55:28246F30000</MediaTimePoint>
<MediaDuration>PT00H00M12S4364N30000F</MediaDuration>
</MediaTime>
<TemporalDecomposition>
<VideoSegment id="shot43_159_RKF">
<MediaTime>
<MediaTimePoint>T00:18:01:29427F30000</MediaTimePoint>
</MediaTime>
</VideoSegment>
</TemporalDecomposition>
</VideoSegment>
<VideoSegment id="shot43_160">
<MediaTime>
<MediaTimePoint>T00:18:08:2610F30000</MediaTimePoint>
<MediaDuration>PT00H00M06S3183N30000F</MediaDuration>
</MediaTime>
<TemporalDecomposition>
<VideoSegment id="shot43_160_RKF">
<MediaTime>
<MediaTimePoint>T00:18:11:3701F30000</MediaTimePoint>
</MediaTime>
</VideoSegment>
</TemporalDecomposition>
</VideoSegment>
<VideoSegment id="shot43_161">
<MediaTime>
<MediaTimePoint>T00:18:14:5793F30000</MediaTimePoint>
<MediaDuration>PT00H00M02S22082N30000F</MediaDuration>
</MediaTime>
<TemporalDecomposition>
<VideoSegment id="shot43_161_RKF">
<MediaTime>
<MediaTimePoint>T00:18:15:15833F30000</MediaTimePoint>
</MediaTime>
</VideoSegment>
</TemporalDecomposition>
</VideoSegment>
<VideoSegment id="shot43_162">
<MediaTime>
<MediaTimePoint>T00:18:16:27875F30000</MediaTimePoint>
<MediaDuration>PT00H00M03S28118N30000F</MediaDuration>
</MediaTime>
<TemporalDecomposition>
<VideoSegment id="shot43_162_RKF">
<MediaTime>
<MediaTimePoint>T00:18:18:25933F30000</MediaTimePoint>
</MediaTime>
</VideoSegment>
</TemporalDecomposition>
</VideoSegment>
<VideoSegment id="shot43_163">
<MediaTime>
<MediaTimePoint>T00:18:20:25993F30000</MediaTimePoint>
<MediaDuration>PT00H00M07S16226N30000F</MediaDuration>
</MediaTime>
<TemporalDecomposition>
<VideoSegment id="shot43_163_RKF">
<MediaTime>
<MediaTimePoint>T00:18:24:18105F30000</MediaTimePoint>
</MediaTime>
</VideoSegment>
</TemporalDecomposition>
</VideoSegment>
<VideoSegment id="shot43_164">
<MediaTime>
<MediaTimePoint>T00:18:28:12219F30000</MediaTimePoint>
<MediaDuration>PT00H00M05S27177N30000F</MediaDuration>
</MediaTime>
<TemporalDecomposition>
<VideoSegment id="shot43_164_RKF">
<MediaTime>
<MediaTimePoint>T00:18:31:10307F30000</MediaTimePoint>
</MediaTime>
</VideoSegment>
</TemporalDecomposition>
</VideoSegment>
<VideoSegment id="shot43_165">
<MediaTime>
<MediaTimePoint>T00:18:34:9396F30000</MediaTimePoint>
<MediaDuration>PT00H00M20S7607N30000F</MediaDuration>
</MediaTime>
<TemporalDecomposition>
<VideoSegment id="shot43_165_NRKF_1">
<MediaTime>
<MediaTimePoint>T00:18:34:21408F30000</MediaTimePoint>
</MediaTime>
</VideoSegment>
<VideoSegment id="shot43_165_RKF">
<MediaTime>
<MediaTimePoint>T00:18:44:12699F30000</MediaTimePoint>
</MediaTime>
</VideoSegment>
<VideoSegment id="shot43_165_NRKF_2">
<MediaTime>
<MediaTimePoint>T00:18:44:25712F30000</MediaTimePoint>
</MediaTime>
</VideoSegment>
</TemporalDecomposition>
</VideoSegment>
<VideoSegment id="shot43_166">
<MediaTime>
<MediaTimePoint>T00:18:54:17003F30000</MediaTimePoint>
<MediaDuration>PT00H00M06S5185N30000F</MediaDuration>
</MediaTime>
<TemporalDecomposition>
<VideoSegment id="shot43_166_RKF">
<MediaTime>
<MediaTimePoint>T00:18:57:19095F30000</MediaTimePoint>
</MediaTime>
</VideoSegment>
</TemporalDecomposition>
</VideoSegment>
<VideoSegment id="shot43_167">
<MediaTime>
<MediaTimePoint>T00:19:00:22188F30000</MediaTimePoint>
<MediaDuration>PT00H00M01S12042N30000F</MediaDuration>
</MediaTime>
<TemporalDecomposition>
<VideoSegment id="shot43_167_RKF">
<MediaTime>
<MediaTimePoint>T00:19:01:12208F30000</MediaTimePoint>
</MediaTime>
</VideoSegment>
</TemporalDecomposition>
</VideoSegment>
</TemporalDecomposition>
</Video>
</MultimediaContent>
</Description>
</Mpeg7>
