<?xml version="1.0" encoding="UTF-8"?>
<Mpeg7 xmlns="urn:mpeg:mpeg7:schema:2001" xmlns:mpeg7="urn:mpeg:mpeg7:schema:2001" xmlns:xsi="http://www.w3.org/2001/XMLSchema-instance">
<Description xsi:type="ContentEntityType">
<MultimediaContent xsi:type="VideoType">
<Video id="TRECVID2005_49">
<MediaLocator>
<MediaUri>20041120_230000_NBC_NBCPHILA23_ENG.mpg</MediaUri>
</MediaLocator>
<MediaTime>
<MediaTimePoint>T00:00:00:0F30000</MediaTimePoint>
<MediaDuration>PT00H09M08S24448N30000F</MediaDuration>
</MediaTime>
<TemporalDecomposition gap="false" overlap="false">
<VideoSegment id="shot49_1">
<MediaTime>
<MediaTimePoint>T00:00:00:0F30000</MediaTimePoint>
<MediaDuration>PT00H00M02S1061N30000F</MediaDuration>
</MediaTime>
<TemporalDecomposition>
<VideoSegment id="shot49_1_RKF">
<MediaTime>
<MediaTimePoint>T00:00:01:30F30000</MediaTimePoint>
</MediaTime>
</VideoSegment>
</TemporalDecomposition>
</VideoSegment>
<VideoSegment id="shot49_2">
<MediaTime>
<MediaTimePoint>T00:00:02:1061F30000</MediaTimePoint>
<MediaDuration>PT00H00M04S7127N30000F</MediaDuration>
</MediaTime>
<TemporalDecomposition>
<VideoSegment id="shot49_2_RKF">
<MediaTime>
<MediaTimePoint>T00:00:04:4124F30000</MediaTimePoint>
</MediaTime>
</VideoSegment>
</TemporalDecomposition>
</VideoSegment>
<VideoSegment id="shot49_3">
<MediaTime>
<MediaTimePoint>T00:00:06:8188F30000</MediaTimePoint>
<MediaDuration>PT00H00M05S14164N30000F</MediaDuration>
</MediaTime>
<TemporalDecomposition>
<VideoSegment id="shot49_3_RKF">
<MediaTime>
<MediaTimePoint>T00:00:08:29269F30000</MediaTimePoint>
</MediaTime>
</VideoSegment>
</TemporalDecomposition>
</VideoSegment>
<VideoSegment id="shot49_4">
<MediaTime>
<MediaTimePoint>T00:00:11:22352F30000</MediaTimePoint>
<MediaDuration>PT00H00M07S24234N30000F</MediaDuration>
</MediaTime>
<TemporalDecomposition>
<VideoSegment id="shot49_4_RKF">
<MediaTime>
<MediaTimePoint>T00:00:15:18468F30000</MediaTimePoint>
</MediaTime>
</VideoSegment>
</TemporalDecomposition>
</VideoSegment>
<VideoSegment id="shot49_5">
<MediaTime>
<MediaTimePoint>T00:00:19:16586F30000</MediaTimePoint>
<MediaDuration>PT00H00M02S6066N30000F</MediaDuration>
</MediaTime>
<TemporalDecomposition>
<VideoSegment id="shot49_5_RKF">
<MediaTime>
<MediaTimePoint>T00:00:20:18618F30000</MediaTimePoint>
</MediaTime>
</VideoSegment>
</TemporalDecomposition>
</VideoSegment>
<VideoSegment id="shot49_6">
<MediaTime>
<MediaTimePoint>T00:00:21:22652F30000</MediaTimePoint>
<MediaDuration>PT00H00M05S150N30000F</MediaDuration>
</MediaTime>
<TemporalDecomposition>
<VideoSegment id="shot49_6_NRKF_1">
<MediaTime>
<MediaTimePoint>T00:00:22:8668F30000</MediaTimePoint>
</MediaTime>
</VideoSegment>
<VideoSegment id="shot49_6_RKF">
<MediaTime>
<MediaTimePoint>T00:00:24:6726F30000</MediaTimePoint>
</MediaTime>
</VideoSegment>
<VideoSegment id="shot49_6_NRKF_2">
<MediaTime>
<MediaTimePoint>T00:00:24:23743F30000</MediaTimePoint>
</MediaTime>
</VideoSegment>
</TemporalDecomposition>
</VideoSegment>
<VideoSegment id="shot49_7">
<MediaTime>
<MediaTimePoint>T00:00:26:22802F30000</MediaTimePoint>
<MediaDuration>PT00H00M04S7127N30000F</MediaDuration>
</MediaTime>
<TemporalDecomposition>
<VideoSegment id="shot49_7_NRKF_1">
<MediaTime>
<MediaTimePoint>T00:00:27:16826F30000</MediaTimePoint>
</MediaTime>
</VideoSegment>
<VideoSegment id="shot49_7_RKF">
<MediaTime>
<MediaTimePoint>T00:00:28:25865F30000</MediaTimePoint>
</MediaTime>
</VideoSegment>
<VideoSegment id="shot49_7_NRKF_2">
<MediaTime>
<MediaTimePoint>T00:00:29:19889F30000</MediaTimePoint>
</MediaTime>
</VideoSegment>
</TemporalDecomposition>
</VideoSegment>
<VideoSegment id="shot49_8">
<MediaTime>
<MediaTimePoint>T00:00:30:29929F30000</MediaTimePoint>
<MediaDuration>PT00H00M07S1211N30000F</MediaDuration>
</MediaTime>
<TemporalDecomposition>
<VideoSegment id="shot49_8_NRKF_1">
<MediaTime>
<MediaTimePoint>T00:00:31:25955F30000</MediaTimePoint>
</MediaTime>
</VideoSegment>
<VideoSegment id="shot49_8_RKF">
<MediaTime>
<MediaTimePoint>T00:00:34:15034F30000</MediaTimePoint>
</MediaTime>
</VideoSegment>
<VideoSegment id="shot49_8_NRKF_2">
<MediaTime>
<MediaTimePoint>T00:00:35:12061F30000</MediaTimePoint>
</MediaTime>
</VideoSegment>
</TemporalDecomposition>
</VideoSegment>
<VideoSegment id="shot49_9">
<MediaTime>
<MediaTimePoint>T00:00:38:1140F30000</MediaTimePoint>
<MediaDuration>PT00H00M09S8278N30000F</MediaDuration>
</MediaTime>
<TemporalDecomposition>
<VideoSegment id="shot49_9_RKF">
<MediaTime>
<MediaTimePoint>T00:00:42:19278F30000</MediaTimePoint>
</MediaTime>
</VideoSegment>
</TemporalDecomposition>
</VideoSegment>
<VideoSegment id="shot49_10">
<MediaTime>
<MediaTimePoint>T00:00:47:9418F30000</MediaTimePoint>
<MediaDuration>PT00H00M03S12102N30000F</MediaDuration>
</MediaTime>
<TemporalDecomposition>
<VideoSegment id="shot49_10_RKF">
<MediaTime>
<MediaTimePoint>T00:00:48:29468F30000</MediaTimePoint>
</MediaTime>
</VideoSegment>
</TemporalDecomposition>
</VideoSegment>
<VideoSegment id="shot49_11">
<MediaTime>
<MediaTimePoint>T00:00:50:21520F30000</MediaTimePoint>
<MediaDuration>PT00H00M07S28238N30000F</MediaDuration>
</MediaTime>
<TemporalDecomposition>
<VideoSegment id="shot49_11_RKF">
<MediaTime>
<MediaTimePoint>T00:00:54:19638F30000</MediaTimePoint>
</MediaTime>
</VideoSegment>
</TemporalDecomposition>
</VideoSegment>
<VideoSegment id="shot49_12">
<MediaTime>
<MediaTimePoint>T00:00:58:19758F30000</MediaTimePoint>
<MediaDuration>PT00H00M16S7487N30000F</MediaDuration>
</MediaTime>
<TemporalDecomposition>
<VideoSegment id="shot49_12_RKF">
<MediaTime>
<MediaTimePoint>T00:01:06:23001F30000</MediaTimePoint>
</MediaTime>
</VideoSegment>
</TemporalDecomposition>
</VideoSegment>
<VideoSegment id="shot49_13">
<MediaTime>
<MediaTimePoint>T00:01:14:27245F30000</MediaTimePoint>
<MediaDuration>PT00H00M12S2362N30000F</MediaDuration>
</MediaTime>
<TemporalDecomposition>
<VideoSegment id="shot49_13_RKF">
<MediaTime>
<MediaTimePoint>T00:01:20:27425F30000</MediaTimePoint>
</MediaTime>
</VideoSegment>
</TemporalDecomposition>
</VideoSegment>
<VideoSegment id="shot49_14">
<MediaTime>
<MediaTimePoint>T00:01:26:29607F30000</MediaTimePoint>
<MediaDuration>PT00H00M06S27207N30000F</MediaDuration>
</MediaTime>
<TemporalDecomposition>
<VideoSegment id="shot49_14_RKF">
<MediaTime>
<MediaTimePoint>T00:01:30:12710F30000</MediaTimePoint>
</MediaTime>
</VideoSegment>
</TemporalDecomposition>
</VideoSegment>
<VideoSegment id="shot49_15">
<MediaTime>
<MediaTimePoint>T00:01:33:26814F30000</MediaTimePoint>
<MediaDuration>PT00H00M11S20350N30000F</MediaDuration>
</MediaTime>
<TemporalDecomposition>
<VideoSegment id="shot49_15_RKF">
<MediaTime>
<MediaTimePoint>T00:01:39:20988F30000</MediaTimePoint>
</MediaTime>
</VideoSegment>
</TemporalDecomposition>
</VideoSegment>
<VideoSegment id="shot49_16">
<MediaTime>
<MediaTimePoint>T00:01:45:17164F30000</MediaTimePoint>
<MediaDuration>PT00H00M02S15075N30000F</MediaDuration>
</MediaTime>
<TemporalDecomposition>
<VideoSegment id="shot49_16_RKF">
<MediaTime>
<MediaTimePoint>T00:01:46:24201F30000</MediaTimePoint>
</MediaTime>
</VideoSegment>
</TemporalDecomposition>
</VideoSegment>
<VideoSegment id="shot49_17">
<MediaTime>
<MediaTimePoint>T00:01:48:2239F30000</MediaTimePoint>
<MediaDuration>PT00H00M12S6366N30000F</MediaDuration>
</MediaTime>
<TemporalDecomposition>
<VideoSegment id="shot49_17_NRKF_1">
<MediaTime>
<MediaTimePoint>T00:01:48:25262F30000</MediaTimePoint>
</MediaTime>
</VideoSegment>
<VideoSegment id="shot49_17_RKF">
<MediaTime>
<MediaTimePoint>T00:01:54:4421F30000</MediaTimePoint>
</MediaTime>
</VideoSegment>
<VideoSegment id="shot49_17_NRKF_2">
<MediaTime>
<MediaTimePoint>T00:01:54:28445F30000</MediaTimePoint>
</MediaTime>
</VideoSegment>
</TemporalDecomposition>
</VideoSegment>
<VideoSegment id="shot49_18">
<MediaTime>
<MediaTimePoint>T00:02:00:8605F30000</MediaTimePoint>
<MediaDuration>PT00H00M12S26386N30000F</MediaDuration>
</MediaTime>
<TemporalDecomposition>
<VideoSegment id="shot49_18_RKF">
<MediaTime>
<MediaTimePoint>T00:02:06:20797F30000</MediaTimePoint>
</MediaTime>
</VideoSegment>
</TemporalDecomposition>
</VideoSegment>
<VideoSegment id="shot49_19">
<MediaTime>
<MediaTimePoint>T00:02:13:4991F30000</MediaTimePoint>
<MediaDuration>PT00H00M07S18228N30000F</MediaDuration>
</MediaTime>
<TemporalDecomposition>
<VideoSegment id="shot49_19_RKF">
<MediaTime>
<MediaTimePoint>T00:02:16:28104F30000</MediaTimePoint>
</MediaTime>
</VideoSegment>
</TemporalDecomposition>
</VideoSegment>
<VideoSegment id="shot49_20">
<MediaTime>
<MediaTimePoint>T00:02:20:23219F30000</MediaTimePoint>
<MediaDuration>PT00H00M13S390N30000F</MediaDuration>
</MediaTime>
<TemporalDecomposition>
<VideoSegment id="shot49_20_RKF">
<MediaTime>
<MediaTimePoint>T00:02:27:7413F30000</MediaTimePoint>
</MediaTime>
</VideoSegment>
</TemporalDecomposition>
</VideoSegment>
<VideoSegment id="shot49_21">
<MediaTime>
<MediaTimePoint>T00:02:33:23609F30000</MediaTimePoint>
<MediaDuration>PT00H00M08S25265N30000F</MediaDuration>
</MediaTime>
<TemporalDecomposition>
<VideoSegment id="shot49_21_RKF">
<MediaTime>
<MediaTimePoint>T00:02:38:5741F30000</MediaTimePoint>
</MediaTime>
</VideoSegment>
</TemporalDecomposition>
</VideoSegment>
<VideoSegment id="shot49_22">
<MediaTime>
<MediaTimePoint>T00:02:42:18874F30000</MediaTimePoint>
<MediaDuration>PT00H00M03S27117N30000F</MediaDuration>
</MediaTime>
<TemporalDecomposition>
<VideoSegment id="shot49_22_RKF">
<MediaTime>
<MediaTimePoint>T00:02:44:16932F30000</MediaTimePoint>
</MediaTime>
</VideoSegment>
</TemporalDecomposition>
</VideoSegment>
<VideoSegment id="shot49_23">
<MediaTime>
<MediaTimePoint>T00:02:46:15991F30000</MediaTimePoint>
<MediaDuration>PT00H00M04S4124N30000F</MediaDuration>
</MediaTime>
<TemporalDecomposition>
<VideoSegment id="shot49_23_RKF">
<MediaTime>
<MediaTimePoint>T00:02:48:17052F30000</MediaTimePoint>
</MediaTime>
</VideoSegment>
</TemporalDecomposition>
</VideoSegment>
<VideoSegment id="shot49_24">
<MediaTime>
<MediaTimePoint>T00:02:50:20115F30000</MediaTimePoint>
<MediaDuration>PT00H00M06S1181N30000F</MediaDuration>
</MediaTime>
<TemporalDecomposition>
<VideoSegment id="shot49_24_RKF">
<MediaTime>
<MediaTimePoint>T00:02:53:20205F30000</MediaTimePoint>
</MediaTime>
</VideoSegment>
</TemporalDecomposition>
</VideoSegment>
<VideoSegment id="shot49_25">
<MediaTime>
<MediaTimePoint>T00:02:56:21296F30000</MediaTimePoint>
<MediaDuration>PT00H00M25S8758N30000F</MediaDuration>
</MediaTime>
<TemporalDecomposition>
<VideoSegment id="shot49_25_RKF">
<MediaTime>
<MediaTimePoint>T00:03:09:9674F30000</MediaTimePoint>
</MediaTime>
</VideoSegment>
</TemporalDecomposition>
</VideoSegment>
<VideoSegment id="shot49_26">
<MediaTime>
<MediaTimePoint>T00:03:22:54F30000</MediaTimePoint>
<MediaDuration>PT00H00M03S90N30000F</MediaDuration>
</MediaTime>
<TemporalDecomposition>
<VideoSegment id="shot49_26_RKF">
<MediaTime>
<MediaTimePoint>T00:03:23:14098F30000</MediaTimePoint>
</MediaTime>
</VideoSegment>
</TemporalDecomposition>
</VideoSegment>
<VideoSegment id="shot49_27">
<MediaTime>
<MediaTimePoint>T00:03:25:144F30000</MediaTimePoint>
<MediaDuration>PT00H00M05S150N30000F</MediaDuration>
</MediaTime>
<TemporalDecomposition>
<VideoSegment id="shot49_27_NRKF_1">
<MediaTime>
<MediaTimePoint>T00:03:25:20164F30000</MediaTimePoint>
</MediaTime>
</VideoSegment>
<VideoSegment id="shot49_27_RKF">
<MediaTime>
<MediaTimePoint>T00:03:27:14218F30000</MediaTimePoint>
</MediaTime>
</VideoSegment>
<VideoSegment id="shot49_27_NRKF_2">
<MediaTime>
<MediaTimePoint>T00:03:28:5239F30000</MediaTimePoint>
</MediaTime>
</VideoSegment>
</TemporalDecomposition>
</VideoSegment>
<VideoSegment id="shot49_28">
<MediaTime>
<MediaTimePoint>T00:03:30:294F30000</MediaTimePoint>
<MediaDuration>PT00H00M05S11161N30000F</MediaDuration>
</MediaTime>
<TemporalDecomposition>
<VideoSegment id="shot49_28_RKF">
<MediaTime>
<MediaTimePoint>T00:03:32:20374F30000</MediaTimePoint>
</MediaTime>
</VideoSegment>
</TemporalDecomposition>
</VideoSegment>
<VideoSegment id="shot49_29">
<MediaTime>
<MediaTimePoint>T00:03:35:11455F30000</MediaTimePoint>
<MediaDuration>PT00H00M04S10130N30000F</MediaDuration>
</MediaTime>
<TemporalDecomposition>
<VideoSegment id="shot49_29_RKF">
<MediaTime>
<MediaTimePoint>T00:03:37:15519F30000</MediaTimePoint>
</MediaTime>
</VideoSegment>
</TemporalDecomposition>
</VideoSegment>
<VideoSegment id="shot49_30">
<MediaTime>
<MediaTimePoint>T00:03:39:21585F30000</MediaTimePoint>
<MediaDuration>PT00H00M07S6216N30000F</MediaDuration>
</MediaTime>
<TemporalDecomposition>
<VideoSegment id="shot49_30_RKF">
<MediaTime>
<MediaTimePoint>T00:03:43:8692F30000</MediaTimePoint>
</MediaTime>
</VideoSegment>
</TemporalDecomposition>
</VideoSegment>
<VideoSegment id="shot49_31">
<MediaTime>
<MediaTimePoint>T00:03:46:27801F30000</MediaTimePoint>
<MediaDuration>PT00H00M02S29089N30000F</MediaDuration>
</MediaTime>
<TemporalDecomposition>
<VideoSegment id="shot49_31_RKF">
<MediaTime>
<MediaTimePoint>T00:03:48:11845F30000</MediaTimePoint>
</MediaTime>
</VideoSegment>
</TemporalDecomposition>
</VideoSegment>
<VideoSegment id="shot49_32">
<MediaTime>
<MediaTimePoint>T00:03:49:26890F30000</MediaTimePoint>
<MediaDuration>PT00H00M03S1091N30000F</MediaDuration>
</MediaTime>
<TemporalDecomposition>
<VideoSegment id="shot49_32_RKF">
<MediaTime>
<MediaTimePoint>T00:03:51:11935F30000</MediaTimePoint>
</MediaTime>
</VideoSegment>
</TemporalDecomposition>
</VideoSegment>
<VideoSegment id="shot49_33">
<MediaTime>
<MediaTimePoint>T00:03:52:27981F30000</MediaTimePoint>
<MediaDuration>PT00H00M03S10100N30000F</MediaDuration>
</MediaTime>
<TemporalDecomposition>
<VideoSegment id="shot49_33_RKF">
<MediaTime>
<MediaTimePoint>T00:03:54:17030F30000</MediaTimePoint>
</MediaTime>
</VideoSegment>
</TemporalDecomposition>
</VideoSegment>
<VideoSegment id="shot49_34">
<MediaTime>
<MediaTimePoint>T00:03:56:8081F30000</MediaTimePoint>
<MediaDuration>PT00H00M02S28088N30000F</MediaDuration>
</MediaTime>
<TemporalDecomposition>
<VideoSegment id="shot49_34_RKF">
<MediaTime>
<MediaTimePoint>T00:03:57:21124F30000</MediaTimePoint>
</MediaTime>
</VideoSegment>
</TemporalDecomposition>
</VideoSegment>
<VideoSegment id="shot49_35">
<MediaTime>
<MediaTimePoint>T00:03:59:6169F30000</MediaTimePoint>
<MediaDuration>PT00H00M02S28088N30000F</MediaDuration>
</MediaTime>
<TemporalDecomposition>
<VideoSegment id="shot49_35_RKF">
<MediaTime>
<MediaTimePoint>T00:04:00:19212F30000</MediaTimePoint>
</MediaTime>
</VideoSegment>
</TemporalDecomposition>
</VideoSegment>
<VideoSegment id="shot49_36">
<MediaTime>
<MediaTimePoint>T00:04:02:4257F30000</MediaTimePoint>
<MediaDuration>PT00H00M03S13103N30000F</MediaDuration>
</MediaTime>
<TemporalDecomposition>
<VideoSegment id="shot49_36_RKF">
<MediaTime>
<MediaTimePoint>T00:04:03:25308F30000</MediaTimePoint>
</MediaTime>
</VideoSegment>
</TemporalDecomposition>
</VideoSegment>
<VideoSegment id="shot49_37">
<MediaTime>
<MediaTimePoint>T00:04:05:17360F30000</MediaTimePoint>
<MediaDuration>PT00H00M08S7247N30000F</MediaDuration>
</MediaTime>
<TemporalDecomposition>
<VideoSegment id="shot49_37_RKF">
<MediaTime>
<MediaTimePoint>T00:04:09:20483F30000</MediaTimePoint>
</MediaTime>
</VideoSegment>
</TemporalDecomposition>
</VideoSegment>
<VideoSegment id="shot49_38">
<MediaTime>
<MediaTimePoint>T00:04:13:24607F30000</MediaTimePoint>
<MediaDuration>PT00H00M02S7067N30000F</MediaDuration>
</MediaTime>
<TemporalDecomposition>
<VideoSegment id="shot49_38_RKF">
<MediaTime>
<MediaTimePoint>T00:04:14:27640F30000</MediaTimePoint>
</MediaTime>
</VideoSegment>
</TemporalDecomposition>
</VideoSegment>
<VideoSegment id="shot49_39">
<MediaTime>
<MediaTimePoint>T00:04:16:1674F30000</MediaTimePoint>
<MediaDuration>PT00H00M09S29299N30000F</MediaDuration>
</MediaTime>
<TemporalDecomposition>
<VideoSegment id="shot49_39_RKF">
<MediaTime>
<MediaTimePoint>T00:04:21:823F30000</MediaTimePoint>
</MediaTime>
</VideoSegment>
</TemporalDecomposition>
</VideoSegment>
<VideoSegment id="shot49_40">
<MediaTime>
<MediaTimePoint>T00:04:26:973F30000</MediaTimePoint>
<MediaDuration>PT00H00M03S15105N30000F</MediaDuration>
</MediaTime>
<TemporalDecomposition>
<VideoSegment id="shot49_40_RKF">
<MediaTime>
<MediaTimePoint>T00:04:27:23025F30000</MediaTimePoint>
</MediaTime>
</VideoSegment>
</TemporalDecomposition>
</VideoSegment>
<VideoSegment id="shot49_41">
<MediaTime>
<MediaTimePoint>T00:04:29:16078F30000</MediaTimePoint>
<MediaDuration>PT00H00M04S7127N30000F</MediaDuration>
</MediaTime>
<TemporalDecomposition>
<VideoSegment id="shot49_41_RKF">
<MediaTime>
<MediaTimePoint>T00:04:31:19141F30000</MediaTimePoint>
</MediaTime>
</VideoSegment>
</TemporalDecomposition>
</VideoSegment>
<VideoSegment id="shot49_42">
<MediaTime>
<MediaTimePoint>T00:04:33:23205F30000</MediaTimePoint>
<MediaDuration>PT00H00M08S9249N30000F</MediaDuration>
</MediaTime>
<TemporalDecomposition>
<VideoSegment id="shot49_42_NRKF_1">
<MediaTime>
<MediaTimePoint>T00:04:34:3215F30000</MediaTimePoint>
</MediaTime>
</VideoSegment>
<VideoSegment id="shot49_42_RKF">
<MediaTime>
<MediaTimePoint>T00:04:37:27329F30000</MediaTimePoint>
</MediaTime>
</VideoSegment>
<VideoSegment id="shot49_42_NRKF_2">
<MediaTime>
<MediaTimePoint>T00:04:38:7339F30000</MediaTimePoint>
</MediaTime>
</VideoSegment>
</TemporalDecomposition>
</VideoSegment>
<VideoSegment id="shot49_43">
<MediaTime>
<MediaTimePoint>T00:04:42:2454F30000</MediaTimePoint>
<MediaDuration>PT00H00M06S2182N30000F</MediaDuration>
</MediaTime>
<TemporalDecomposition>
<VideoSegment id="shot49_43_RKF">
<MediaTime>
<MediaTimePoint>T00:04:45:2544F30000</MediaTimePoint>
</MediaTime>
</VideoSegment>
</TemporalDecomposition>
</VideoSegment>
<VideoSegment id="shot49_44">
<MediaTime>
<MediaTimePoint>T00:04:48:4636F30000</MediaTimePoint>
<MediaDuration>PT00H00M02S7067N30000F</MediaDuration>
</MediaTime>
<TemporalDecomposition>
<VideoSegment id="shot49_44_RKF">
<MediaTime>
<MediaTimePoint>T00:04:49:7669F30000</MediaTimePoint>
</MediaTime>
</VideoSegment>
</TemporalDecomposition>
</VideoSegment>
<VideoSegment id="shot49_45">
<MediaTime>
<MediaTimePoint>T00:04:50:11703F30000</MediaTimePoint>
<MediaDuration>PT00H00M07S16226N30000F</MediaDuration>
</MediaTime>
<TemporalDecomposition>
<VideoSegment id="shot49_45_RKF">
<MediaTime>
<MediaTimePoint>T00:04:54:3815F30000</MediaTimePoint>
</MediaTime>
</VideoSegment>
</TemporalDecomposition>
</VideoSegment>
<VideoSegment id="shot49_46">
<MediaTime>
<MediaTimePoint>T00:04:57:27929F30000</MediaTimePoint>
<MediaDuration>PT00H00M06S5185N30000F</MediaDuration>
</MediaTime>
<TemporalDecomposition>
<VideoSegment id="shot49_46_RKF">
<MediaTime>
<MediaTimePoint>T00:05:01:21F30000</MediaTimePoint>
</MediaTime>
</VideoSegment>
</TemporalDecomposition>
</VideoSegment>
<VideoSegment id="shot49_47">
<MediaTime>
<MediaTimePoint>T00:05:04:3114F30000</MediaTimePoint>
<MediaDuration>PT00H00M03S23113N30000F</MediaDuration>
</MediaTime>
<TemporalDecomposition>
<VideoSegment id="shot49_47_RKF">
<MediaTime>
<MediaTimePoint>T00:05:05:29170F30000</MediaTimePoint>
</MediaTime>
</VideoSegment>
</TemporalDecomposition>
</VideoSegment>
<VideoSegment id="shot49_48">
<MediaTime>
<MediaTimePoint>T00:05:07:26227F30000</MediaTimePoint>
<MediaDuration>PT00H00M03S90N30000F</MediaDuration>
</MediaTime>
<TemporalDecomposition>
<VideoSegment id="shot49_48_RKF">
<MediaTime>
<MediaTimePoint>T00:05:09:10271F30000</MediaTimePoint>
</MediaTime>
</VideoSegment>
</TemporalDecomposition>
</VideoSegment>
<VideoSegment id="shot49_49">
<MediaTime>
<MediaTimePoint>T00:05:10:26317F30000</MediaTimePoint>
<MediaDuration>PT00H00M03S14104N30000F</MediaDuration>
</MediaTime>
<TemporalDecomposition>
<VideoSegment id="shot49_49_NRKF_1">
<MediaTime>
<MediaTimePoint>T00:05:11:22343F30000</MediaTimePoint>
</MediaTime>
</VideoSegment>
<VideoSegment id="shot49_49_RKF">
<MediaTime>
<MediaTimePoint>T00:05:12:17368F30000</MediaTimePoint>
</MediaTime>
</VideoSegment>
<VideoSegment id="shot49_49_NRKF_2">
<MediaTime>
<MediaTimePoint>T00:05:13:14395F30000</MediaTimePoint>
</MediaTime>
</VideoSegment>
</TemporalDecomposition>
</VideoSegment>
<VideoSegment id="shot49_50">
<MediaTime>
<MediaTimePoint>T00:05:14:10421F30000</MediaTimePoint>
<MediaDuration>PT00H00M03S7097N30000F</MediaDuration>
</MediaTime>
<TemporalDecomposition>
<VideoSegment id="shot49_50_RKF">
<MediaTime>
<MediaTimePoint>T00:05:15:28469F30000</MediaTimePoint>
</MediaTime>
</VideoSegment>
</TemporalDecomposition>
</VideoSegment>
<VideoSegment id="shot49_51">
<MediaTime>
<MediaTimePoint>T00:05:17:17518F30000</MediaTimePoint>
<MediaDuration>PT00H00M11S7337N30000F</MediaDuration>
</MediaTime>
<TemporalDecomposition>
<VideoSegment id="shot49_51_RKF">
<MediaTime>
<MediaTimePoint>T00:05:23:5686F30000</MediaTimePoint>
</MediaTime>
</VideoSegment>
</TemporalDecomposition>
</VideoSegment>
<VideoSegment id="shot49_52">
<MediaTime>
<MediaTimePoint>T00:05:28:24855F30000</MediaTimePoint>
<MediaDuration>PT00H00M06S17197N30000F</MediaDuration>
</MediaTime>
<TemporalDecomposition>
<VideoSegment id="shot49_52_RKF">
<MediaTime>
<MediaTimePoint>T00:05:32:2953F30000</MediaTimePoint>
</MediaTime>
</VideoSegment>
</TemporalDecomposition>
</VideoSegment>
<VideoSegment id="shot49_53">
<MediaTime>
<MediaTimePoint>T00:05:35:12052F30000</MediaTimePoint>
<MediaDuration>PT00H00M03S5095N30000F</MediaDuration>
</MediaTime>
<TemporalDecomposition>
<VideoSegment id="shot49_53_RKF">
<MediaTime>
<MediaTimePoint>T00:05:36:29099F30000</MediaTimePoint>
</MediaTime>
</VideoSegment>
</TemporalDecomposition>
</VideoSegment>
<VideoSegment id="shot49_54">
<MediaTime>
<MediaTimePoint>T00:05:38:17147F30000</MediaTimePoint>
<MediaDuration>PT00H00M02S14074N30000F</MediaDuration>
</MediaTime>
<TemporalDecomposition>
<VideoSegment id="shot49_54_RKF">
<MediaTime>
<MediaTimePoint>T00:05:39:23183F30000</MediaTimePoint>
</MediaTime>
</VideoSegment>
</TemporalDecomposition>
</VideoSegment>
<VideoSegment id="shot49_55">
<MediaTime>
<MediaTimePoint>T00:05:41:1221F30000</MediaTimePoint>
<MediaDuration>PT00H00M08S20260N30000F</MediaDuration>
</MediaTime>
<TemporalDecomposition>
<VideoSegment id="shot49_55_RKF">
<MediaTime>
<MediaTimePoint>T00:05:45:10350F30000</MediaTimePoint>
</MediaTime>
</VideoSegment>
</TemporalDecomposition>
</VideoSegment>
<VideoSegment id="shot49_56">
<MediaTime>
<MediaTimePoint>T00:05:49:21481F30000</MediaTimePoint>
<MediaDuration>PT00H00M03S27117N30000F</MediaDuration>
</MediaTime>
<TemporalDecomposition>
<VideoSegment id="shot49_56_NRKF_1">
<MediaTime>
<MediaTimePoint>T00:05:50:17507F30000</MediaTimePoint>
</MediaTime>
</VideoSegment>
<VideoSegment id="shot49_56_RKF">
<MediaTime>
<MediaTimePoint>T00:05:51:19539F30000</MediaTimePoint>
</MediaTime>
</VideoSegment>
<VideoSegment id="shot49_56_NRKF_2">
<MediaTime>
<MediaTimePoint>T00:05:52:16566F30000</MediaTimePoint>
</MediaTime>
</VideoSegment>
</TemporalDecomposition>
</VideoSegment>
<VideoSegment id="shot49_57">
<MediaTime>
<MediaTimePoint>T00:05:53:18598F30000</MediaTimePoint>
<MediaDuration>PT00H00M03S12102N30000F</MediaDuration>
</MediaTime>
<TemporalDecomposition>
<VideoSegment id="shot49_57_NRKF_1">
<MediaTime>
<MediaTimePoint>T00:05:54:17627F30000</MediaTimePoint>
</MediaTime>
</VideoSegment>
<VideoSegment id="shot49_57_RKF">
<MediaTime>
<MediaTimePoint>T00:05:55:8648F30000</MediaTimePoint>
</MediaTime>
</VideoSegment>
<VideoSegment id="shot49_57_NRKF_2">
<MediaTime>
<MediaTimePoint>T00:05:56:8678F30000</MediaTimePoint>
</MediaTime>
</VideoSegment>
</TemporalDecomposition>
</VideoSegment>
<VideoSegment id="shot49_58">
<MediaTime>
<MediaTimePoint>T00:05:57:700F30000</MediaTimePoint>
<MediaDuration>PT00H00M02S21081N30000F</MediaDuration>
</MediaTime>
<TemporalDecomposition>
<VideoSegment id="shot49_58_RKF">
<MediaTime>
<MediaTimePoint>T00:05:58:10740F30000</MediaTimePoint>
</MediaTime>
</VideoSegment>
</TemporalDecomposition>
</VideoSegment>
<VideoSegment id="shot49_59">
<MediaTime>
<MediaTimePoint>T00:05:59:21781F30000</MediaTimePoint>
<MediaDuration>PT00H00M03S18108N30000F</MediaDuration>
</MediaTime>
<TemporalDecomposition>
<VideoSegment id="shot49_59_RKF">
<MediaTime>
<MediaTimePoint>T00:06:01:14834F30000</MediaTimePoint>
</MediaTime>
</VideoSegment>
</TemporalDecomposition>
</VideoSegment>
<VideoSegment id="shot49_60">
<MediaTime>
<MediaTimePoint>T00:06:03:9889F30000</MediaTimePoint>
<MediaDuration>PT00H00M03S22112N30000F</MediaDuration>
</MediaTime>
<TemporalDecomposition>
<VideoSegment id="shot49_60_RKF">
<MediaTime>
<MediaTimePoint>T00:06:05:4944F30000</MediaTimePoint>
</MediaTime>
</VideoSegment>
</TemporalDecomposition>
</VideoSegment>
<VideoSegment id="shot49_61">
<MediaTime>
<MediaTimePoint>T00:06:07:2001F30000</MediaTimePoint>
<MediaDuration>PT00H00M06S5185N30000F</MediaDuration>
</MediaTime>
<TemporalDecomposition>
<VideoSegment id="shot49_61_RKF">
<MediaTime>
<MediaTimePoint>T00:06:10:4093F30000</MediaTimePoint>
</MediaTime>
</VideoSegment>
</TemporalDecomposition>
</VideoSegment>
<VideoSegment id="shot49_62">
<MediaTime>
<MediaTimePoint>T00:06:13:7186F30000</MediaTimePoint>
<MediaDuration>PT00H00M02S20080N30000F</MediaDuration>
</MediaTime>
<TemporalDecomposition>
<VideoSegment id="shot49_62_RKF">
<MediaTime>
<MediaTimePoint>T00:06:14:16225F30000</MediaTimePoint>
</MediaTime>
</VideoSegment>
</TemporalDecomposition>
</VideoSegment>
<VideoSegment id="shot49_63">
<MediaTime>
<MediaTimePoint>T00:06:15:27266F30000</MediaTimePoint>
<MediaDuration>PT00H00M03S17107N30000F</MediaDuration>
</MediaTime>
<TemporalDecomposition>
<VideoSegment id="shot49_63_NRKF_1">
<MediaTime>
<MediaTimePoint>T00:06:16:25294F30000</MediaTimePoint>
</MediaTime>
</VideoSegment>
<VideoSegment id="shot49_63_RKF">
<MediaTime>
<MediaTimePoint>T00:06:17:20319F30000</MediaTimePoint>
</MediaTime>
</VideoSegment>
<VideoSegment id="shot49_63_NRKF_2">
<MediaTime>
<MediaTimePoint>T00:06:18:19348F30000</MediaTimePoint>
</MediaTime>
</VideoSegment>
</TemporalDecomposition>
</VideoSegment>
<VideoSegment id="shot49_64">
<MediaTime>
<MediaTimePoint>T00:06:19:14373F30000</MediaTimePoint>
<MediaDuration>PT00H00M20S3603N30000F</MediaDuration>
</MediaTime>
<TemporalDecomposition>
<VideoSegment id="shot49_64_RKF">
<MediaTime>
<MediaTimePoint>T00:06:29:15674F30000</MediaTimePoint>
</MediaTime>
</VideoSegment>
</TemporalDecomposition>
</VideoSegment>
<VideoSegment id="shot49_65">
<MediaTime>
<MediaTimePoint>T00:06:39:17976F30000</MediaTimePoint>
<MediaDuration>PT00H00M03S23113N30000F</MediaDuration>
</MediaTime>
<TemporalDecomposition>
<VideoSegment id="shot49_65_RKF">
<MediaTime>
<MediaTimePoint>T00:06:41:14032F30000</MediaTimePoint>
</MediaTime>
</VideoSegment>
</TemporalDecomposition>
</VideoSegment>
<VideoSegment id="shot49_66">
<MediaTime>
<MediaTimePoint>T00:06:43:11089F30000</MediaTimePoint>
<MediaDuration>PT00H00M03S14104N30000F</MediaDuration>
</MediaTime>
<TemporalDecomposition>
<VideoSegment id="shot49_66_NRKF_1">
<MediaTime>
<MediaTimePoint>T00:06:44:3111F30000</MediaTimePoint>
</MediaTime>
</VideoSegment>
<VideoSegment id="shot49_66_RKF">
<MediaTime>
<MediaTimePoint>T00:06:45:2140F30000</MediaTimePoint>
</MediaTime>
</VideoSegment>
<VideoSegment id="shot49_66_NRKF_2">
<MediaTime>
<MediaTimePoint>T00:06:45:25163F30000</MediaTimePoint>
</MediaTime>
</VideoSegment>
</TemporalDecomposition>
</VideoSegment>
<VideoSegment id="shot49_67">
<MediaTime>
<MediaTimePoint>T00:06:46:25193F30000</MediaTimePoint>
<MediaDuration>PT00H00M05S12162N30000F</MediaDuration>
</MediaTime>
<TemporalDecomposition>
<VideoSegment id="shot49_67_RKF">
<MediaTime>
<MediaTimePoint>T00:06:49:15273F30000</MediaTimePoint>
</MediaTime>
</VideoSegment>
</TemporalDecomposition>
</VideoSegment>
<VideoSegment id="shot49_68">
<MediaTime>
<MediaTimePoint>T00:06:52:7355F30000</MediaTimePoint>
<MediaDuration>PT00H00M03S29119N30000F</MediaDuration>
</MediaTime>
<TemporalDecomposition>
<VideoSegment id="shot49_68_NRKF_1">
<MediaTime>
<MediaTimePoint>T00:06:52:25373F30000</MediaTimePoint>
</MediaTime>
</VideoSegment>
<VideoSegment id="shot49_68_RKF">
<MediaTime>
<MediaTimePoint>T00:06:54:6414F30000</MediaTimePoint>
</MediaTime>
</VideoSegment>
<VideoSegment id="shot49_68_NRKF_2">
<MediaTime>
<MediaTimePoint>T00:06:54:24432F30000</MediaTimePoint>
</MediaTime>
</VideoSegment>
</TemporalDecomposition>
</VideoSegment>
<VideoSegment id="shot49_69">
<MediaTime>
<MediaTimePoint>T00:06:56:6474F30000</MediaTimePoint>
<MediaDuration>PT00H00M04S3123N30000F</MediaDuration>
</MediaTime>
<TemporalDecomposition>
<VideoSegment id="shot49_69_RKF">
<MediaTime>
<MediaTimePoint>T00:06:58:7535F30000</MediaTimePoint>
</MediaTime>
</VideoSegment>
</TemporalDecomposition>
</VideoSegment>
<VideoSegment id="shot49_70">
<MediaTime>
<MediaTimePoint>T00:07:00:9597F30000</MediaTimePoint>
<MediaDuration>PT00H00M17S23533N30000F</MediaDuration>
</MediaTime>
<TemporalDecomposition>
<VideoSegment id="shot49_70_RKF">
<MediaTime>
<MediaTimePoint>T00:07:09:5863F30000</MediaTimePoint>
</MediaTime>
</VideoSegment>
</TemporalDecomposition>
</VideoSegment>
<VideoSegment id="shot49_71">
<MediaTime>
<MediaTimePoint>T00:07:18:3130F30000</MediaTimePoint>
<MediaDuration>PT00H00M04S23143N30000F</MediaDuration>
</MediaTime>
<TemporalDecomposition>
<VideoSegment id="shot49_71_RKF">
<MediaTime>
<MediaTimePoint>T00:07:20:14201F30000</MediaTimePoint>
</MediaTime>
</VideoSegment>
</TemporalDecomposition>
</VideoSegment>
<VideoSegment id="shot49_72">
<MediaTime>
<MediaTimePoint>T00:07:22:26273F30000</MediaTimePoint>
<MediaDuration>PT00H00M03S10100N30000F</MediaDuration>
</MediaTime>
<TemporalDecomposition>
<VideoSegment id="shot49_72_RKF">
<MediaTime>
<MediaTimePoint>T00:07:24:15322F30000</MediaTimePoint>
</MediaTime>
</VideoSegment>
</TemporalDecomposition>
</VideoSegment>
<VideoSegment id="shot49_73">
<MediaTime>
<MediaTimePoint>T00:07:26:6373F30000</MediaTimePoint>
<MediaDuration>PT00H00M03S19109N30000F</MediaDuration>
</MediaTime>
<TemporalDecomposition>
<VideoSegment id="shot49_73_NRKF_1">
<MediaTime>
<MediaTimePoint>T00:07:26:26393F30000</MediaTimePoint>
</MediaTime>
</VideoSegment>
<VideoSegment id="shot49_73_RKF">
<MediaTime>
<MediaTimePoint>T00:07:28:427F30000</MediaTimePoint>
</MediaTime>
</VideoSegment>
<VideoSegment id="shot49_73_NRKF_2">
<MediaTime>
<MediaTimePoint>T00:07:28:20447F30000</MediaTimePoint>
</MediaTime>
</VideoSegment>
</TemporalDecomposition>
</VideoSegment>
<VideoSegment id="shot49_74">
<MediaTime>
<MediaTimePoint>T00:07:29:25482F30000</MediaTimePoint>
<MediaDuration>PT00H00M02S3063N30000F</MediaDuration>
</MediaTime>
<TemporalDecomposition>
<VideoSegment id="shot49_74_RKF">
<MediaTime>
<MediaTimePoint>T00:07:30:26513F30000</MediaTimePoint>
</MediaTime>
</VideoSegment>
</TemporalDecomposition>
</VideoSegment>
<VideoSegment id="shot49_75">
<MediaTime>
<MediaTimePoint>T00:07:31:28545F30000</MediaTimePoint>
<MediaDuration>PT00H00M03S90N30000F</MediaDuration>
</MediaTime>
<TemporalDecomposition>
<VideoSegment id="shot49_75_RKF">
<MediaTime>
<MediaTimePoint>T00:07:33:12589F30000</MediaTimePoint>
</MediaTime>
</VideoSegment>
</TemporalDecomposition>
</VideoSegment>
<VideoSegment id="shot49_76">
<MediaTime>
<MediaTimePoint>T00:07:34:28635F30000</MediaTimePoint>
<MediaDuration>PT00H00M02S25085N30000F</MediaDuration>
</MediaTime>
<TemporalDecomposition>
<VideoSegment id="shot49_76_RKF">
<MediaTime>
<MediaTimePoint>T00:07:36:10677F30000</MediaTimePoint>
</MediaTime>
</VideoSegment>
</TemporalDecomposition>
</VideoSegment>
<VideoSegment id="shot49_77">
<MediaTime>
<MediaTimePoint>T00:07:37:23720F30000</MediaTimePoint>
<MediaDuration>PT00H00M06S9189N30000F</MediaDuration>
</MediaTime>
<TemporalDecomposition>
<VideoSegment id="shot49_77_NRKF_1">
<MediaTime>
<MediaTimePoint>T00:07:38:4731F30000</MediaTimePoint>
</MediaTime>
</VideoSegment>
<VideoSegment id="shot49_77_RKF">
<MediaTime>
<MediaTimePoint>T00:07:40:27814F30000</MediaTimePoint>
</MediaTime>
</VideoSegment>
<VideoSegment id="shot49_77_NRKF_2">
<MediaTime>
<MediaTimePoint>T00:07:41:8825F30000</MediaTimePoint>
</MediaTime>
</VideoSegment>
</TemporalDecomposition>
</VideoSegment>
<VideoSegment id="shot49_78">
<MediaTime>
<MediaTimePoint>T00:07:44:2909F30000</MediaTimePoint>
<MediaDuration>PT00H00M02S6066N30000F</MediaDuration>
</MediaTime>
<TemporalDecomposition>
<VideoSegment id="shot49_78_RKF">
<MediaTime>
<MediaTimePoint>T00:07:45:4941F30000</MediaTimePoint>
</MediaTime>
</VideoSegment>
</TemporalDecomposition>
</VideoSegment>
<VideoSegment id="shot49_79">
<MediaTime>
<MediaTimePoint>T00:07:46:8975F30000</MediaTimePoint>
<MediaDuration>PT00H00M02S6066N30000F</MediaDuration>
</MediaTime>
<TemporalDecomposition>
<VideoSegment id="shot49_79_RKF">
<MediaTime>
<MediaTimePoint>T00:07:47:11007F30000</MediaTimePoint>
</MediaTime>
</VideoSegment>
</TemporalDecomposition>
</VideoSegment>
<VideoSegment id="shot49_80">
<MediaTime>
<MediaTimePoint>T00:07:48:15041F30000</MediaTimePoint>
<MediaDuration>PT00H00M06S15195N30000F</MediaDuration>
</MediaTime>
<TemporalDecomposition>
<VideoSegment id="shot49_80_RKF">
<MediaTime>
<MediaTimePoint>T00:07:51:22138F30000</MediaTimePoint>
</MediaTime>
</VideoSegment>
</TemporalDecomposition>
</VideoSegment>
<VideoSegment id="shot49_81">
<MediaTime>
<MediaTimePoint>T00:07:55:236F30000</MediaTimePoint>
<MediaDuration>PT00H00M03S90N30000F</MediaDuration>
</MediaTime>
<TemporalDecomposition>
<VideoSegment id="shot49_81_RKF">
<MediaTime>
<MediaTimePoint>T00:07:56:14280F30000</MediaTimePoint>
</MediaTime>
</VideoSegment>
</TemporalDecomposition>
</VideoSegment>
<VideoSegment id="shot49_82">
<MediaTime>
<MediaTimePoint>T00:07:58:326F30000</MediaTimePoint>
<MediaDuration>PT00H00M03S22112N30000F</MediaDuration>
</MediaTime>
<TemporalDecomposition>
<VideoSegment id="shot49_82_RKF">
<MediaTime>
<MediaTimePoint>T00:07:59:25381F30000</MediaTimePoint>
</MediaTime>
</VideoSegment>
</TemporalDecomposition>
</VideoSegment>
<VideoSegment id="shot49_83">
<MediaTime>
<MediaTimePoint>T00:08:01:22438F30000</MediaTimePoint>
<MediaDuration>PT00H00M04S17137N30000F</MediaDuration>
</MediaTime>
<TemporalDecomposition>
<VideoSegment id="shot49_83_RKF">
<MediaTime>
<MediaTimePoint>T00:08:04:506F30000</MediaTimePoint>
</MediaTime>
</VideoSegment>
</TemporalDecomposition>
</VideoSegment>
<VideoSegment id="shot49_84">
<MediaTime>
<MediaTimePoint>T00:08:06:9575F30000</MediaTimePoint>
<MediaDuration>PT00H00M04S19139N30000F</MediaDuration>
</MediaTime>
<TemporalDecomposition>
<VideoSegment id="shot49_84_RKF">
<MediaTime>
<MediaTimePoint>T00:08:08:18644F30000</MediaTimePoint>
</MediaTime>
</VideoSegment>
</TemporalDecomposition>
</VideoSegment>
<VideoSegment id="shot49_85">
<MediaTime>
<MediaTimePoint>T00:08:10:28714F30000</MediaTimePoint>
<MediaDuration>PT00H00M02S18078N30000F</MediaDuration>
</MediaTime>
<TemporalDecomposition>
<VideoSegment id="shot49_85_RKF">
<MediaTime>
<MediaTimePoint>T00:08:12:6752F30000</MediaTimePoint>
</MediaTime>
</VideoSegment>
</TemporalDecomposition>
</VideoSegment>
<VideoSegment id="shot49_86">
<MediaTime>
<MediaTimePoint>T00:08:13:16792F30000</MediaTimePoint>
<MediaDuration>PT00H00M04S25145N30000F</MediaDuration>
</MediaTime>
<TemporalDecomposition>
<VideoSegment id="shot49_86_RKF">
<MediaTime>
<MediaTimePoint>T00:08:15:28864F30000</MediaTimePoint>
</MediaTime>
</VideoSegment>
</TemporalDecomposition>
</VideoSegment>
<VideoSegment id="shot49_87">
<MediaTime>
<MediaTimePoint>T00:08:18:11937F30000</MediaTimePoint>
<MediaDuration>PT00H00M02S2062N30000F</MediaDuration>
</MediaTime>
<TemporalDecomposition>
<VideoSegment id="shot49_87_RKF">
<MediaTime>
<MediaTimePoint>T00:08:19:11967F30000</MediaTimePoint>
</MediaTime>
</VideoSegment>
</TemporalDecomposition>
</VideoSegment>
<VideoSegment id="shot49_88">
<MediaTime>
<MediaTimePoint>T00:08:20:13999F30000</MediaTimePoint>
<MediaDuration>PT00H00M06S26206N30000F</MediaDuration>
</MediaTime>
<TemporalDecomposition>
<VideoSegment id="shot49_88_RKF">
<MediaTime>
<MediaTimePoint>T00:08:23:26101F30000</MediaTimePoint>
</MediaTime>
</VideoSegment>
</TemporalDecomposition>
</VideoSegment>
<VideoSegment id="shot49_89">
<MediaTime>
<MediaTimePoint>T00:08:27:10205F30000</MediaTimePoint>
<MediaDuration>PT00H00M02S27087N30000F</MediaDuration>
</MediaTime>
<TemporalDecomposition>
<VideoSegment id="shot49_89_NRKF_1">
<MediaTime>
<MediaTimePoint>T00:08:28:8233F30000</MediaTimePoint>
</MediaTime>
</VideoSegment>
<VideoSegment id="shot49_89_RKF">
<MediaTime>
<MediaTimePoint>T00:08:28:23248F30000</MediaTimePoint>
</MediaTime>
</VideoSegment>
<VideoSegment id="shot49_89_NRKF_2">
<MediaTime>
<MediaTimePoint>T00:08:29:22277F30000</MediaTimePoint>
</MediaTime>
</VideoSegment>
</TemporalDecomposition>
</VideoSegment>
<VideoSegment id="shot49_90">
<MediaTime>
<MediaTimePoint>T00:08:30:7292F30000</MediaTimePoint>
<MediaDuration>PT00H00M06S28208N30000F</MediaDuration>
</MediaTime>
<TemporalDecomposition>
<VideoSegment id="shot49_90_NRKF_1">
<MediaTime>
<MediaTimePoint>T00:08:31:2317F30000</MediaTimePoint>
</MediaTime>
</VideoSegment>
<VideoSegment id="shot49_90_RKF">
<MediaTime>
<MediaTimePoint>T00:08:33:20395F30000</MediaTimePoint>
</MediaTime>
</VideoSegment>
<VideoSegment id="shot49_90_NRKF_2">
<MediaTime>
<MediaTimePoint>T00:08:34:16421F30000</MediaTimePoint>
</MediaTime>
</VideoSegment>
</TemporalDecomposition>
</VideoSegment>
<VideoSegment id="shot49_91">
<MediaTime>
<MediaTimePoint>T00:08:37:5500F30000</MediaTimePoint>
<MediaDuration>PT00H00M06S17197N30000F</MediaDuration>
</MediaTime>
<TemporalDecomposition>
<VideoSegment id="shot49_91_RKF">
<MediaTime>
<MediaTimePoint>T00:08:40:13598F30000</MediaTimePoint>
</MediaTime>
</VideoSegment>
</TemporalDecomposition>
</VideoSegment>
<VideoSegment id="shot49_92">
<MediaTime>
<MediaTimePoint>T00:08:43:22697F30000</MediaTimePoint>
<MediaDuration>PT00H00M04S22142N30000F</MediaDuration>
</MediaTime>
<TemporalDecomposition>
<VideoSegment id="shot49_92_RKF">
<MediaTime>
<MediaTimePoint>T00:08:46:2767F30000</MediaTimePoint>
</MediaTime>
</VideoSegment>
</TemporalDecomposition>
</VideoSegment>
<VideoSegment id="shot49_93">
<MediaTime>
<MediaTimePoint>T00:08:48:14839F30000</MediaTimePoint>
<MediaDuration>PT00H00M03S26116N30000F</MediaDuration>
</MediaTime>
<TemporalDecomposition>
<VideoSegment id="shot49_93_RKF">
<MediaTime>
<MediaTimePoint>T00:08:50:11896F30000</MediaTimePoint>
</MediaTime>
</VideoSegment>
</TemporalDecomposition>
</VideoSegment>
<VideoSegment id="shot49_94">
<MediaTime>
<MediaTimePoint>T00:08:52:10955F30000</MediaTimePoint>
<MediaDuration>PT00H00M02S19079N30000F</MediaDuration>
</MediaTime>
<TemporalDecomposition>
<VideoSegment id="shot49_94_RKF">
<MediaTime>
<MediaTimePoint>T00:08:53:19994F30000</MediaTimePoint>
</MediaTime>
</VideoSegment>
</TemporalDecomposition>
</VideoSegment>
<VideoSegment id="shot49_95">
<MediaTime>
<MediaTimePoint>T00:08:55:34F30000</MediaTimePoint>
<MediaDuration>PT00H00M06S19199N30000F</MediaDuration>
</MediaTime>
<TemporalDecomposition>
<VideoSegment id="shot49_95_NRKF_1">
<MediaTime>
<MediaTimePoint>T00:08:55:29063F30000</MediaTimePoint>
</MediaTime>
</VideoSegment>
<VideoSegment id="shot49_95_RKF">
<MediaTime>
<MediaTimePoint>T00:08:58:9133F30000</MediaTimePoint>
</MediaTime>
</VideoSegment>
<VideoSegment id="shot49_95_NRKF_2">
<MediaTime>
<MediaTimePoint>T00:08:59:8162F30000</MediaTimePoint>
</MediaTime>
</VideoSegment>
</TemporalDecomposition>
</VideoSegment>
<VideoSegment id="shot49_96">
<MediaTime>
<MediaTimePoint>T00:09:01:19233F30000</MediaTimePoint>
<MediaDuration>PT00H00M02S15075N30000F</MediaDuration>
</MediaTime>
<TemporalDecomposition>
<VideoSegment id="shot49_96_RKF">
<MediaTime>
<MediaTimePoint>T00:09:02:26270F30000</MediaTimePoint>
</MediaTime>
</VideoSegment>
</TemporalDecomposition>
</VideoSegment>
<VideoSegment id="shot49_97">
<MediaTime>
<MediaTimePoint>T00:09:04:4308F30000</MediaTimePoint>
<MediaDuration>PT00H00M02S10070N30000F</MediaDuration>
</MediaTime>
<TemporalDecomposition>
<VideoSegment id="shot49_97_RKF">
<MediaTime>
<MediaTimePoint>T00:09:05:8342F30000</MediaTimePoint>
</MediaTime>
</VideoSegment>
</TemporalDecomposition>
</VideoSegment>
<VideoSegment id="shot49_98">
<MediaTime>
<MediaTimePoint>T00:09:06:14378F30000</MediaTimePoint>
<MediaDuration>PT00H00M02S10070N30000F</MediaDuration>
</MediaTime>
<TemporalDecomposition>
<VideoSegment id="shot49_98_NRKF_1">
<MediaTime>
<MediaTimePoint>T00:09:06:19383F30000</MediaTimePoint>
</MediaTime>
</VideoSegment>
<VideoSegment id="shot49_98_RKF">
<MediaTime>
<MediaTimePoint>T00:09:07:18412F30000</MediaTimePoint>
</MediaTime>
</VideoSegment>
<VideoSegment id="shot49_98_NRKF_2">
<MediaTime>
<MediaTimePoint>T00:09:07:24418F30000</MediaTimePoint>
</MediaTime>
</VideoSegment>
</TemporalDecomposition>
</VideoSegment>
</TemporalDecomposition>
</Video>
</MultimediaContent>
</Description>
</Mpeg7>
