<?xml version="1.0" encoding="UTF-8"?>
<Mpeg7 xmlns="urn:mpeg:mpeg7:schema:2001" xmlns:mpeg7="urn:mpeg:mpeg7:schema:2001" xmlns:xsi="http://www.w3.org/2001/XMLSchema-instance">
<Description xsi:type="ContentEntityType">
<MultimediaContent xsi:type="VideoType">
<Video id="TRECVID2005_50">
<MediaLocator>
<MediaUri>20041121_130001_LBC_LBCNEWS2_ARB.mpg</MediaUri>
</MediaLocator>
<MediaTime>
<MediaTimePoint>T00:00:00:0F30000</MediaTimePoint>
<MediaDuration>PT00H24M58S29925N30000F</MediaDuration>
</MediaTime>
<TemporalDecomposition gap="false" overlap="false">
<VideoSegment id="shot50_1">
<MediaTime>
<MediaTimePoint>T00:00:00:0F30000</MediaTimePoint>
<MediaDuration>PT00H00M11S27357N30000F</MediaDuration>
</MediaTime>
<TemporalDecomposition>
<VideoSegment id="shot50_1_RKF">
<MediaTime>
<MediaTimePoint>T00:00:05:28178F30000</MediaTimePoint>
</MediaTime>
</VideoSegment>
</TemporalDecomposition>
</VideoSegment>
<VideoSegment id="shot50_2">
<MediaTime>
<MediaTimePoint>T00:00:11:27357F30000</MediaTimePoint>
<MediaDuration>PT00H00M17S23533N30000F</MediaDuration>
</MediaTime>
<TemporalDecomposition>
<VideoSegment id="shot50_2_RKF">
<MediaTime>
<MediaTimePoint>T00:00:20:23623F30000</MediaTimePoint>
</MediaTime>
</VideoSegment>
</TemporalDecomposition>
</VideoSegment>
<VideoSegment id="shot50_3">
<MediaTime>
<MediaTimePoint>T00:00:29:20890F30000</MediaTimePoint>
<MediaDuration>PT00H00M04S120N30000F</MediaDuration>
</MediaTime>
<TemporalDecomposition>
<VideoSegment id="shot50_3_NRKF_1">
<MediaTime>
<MediaTimePoint>T00:00:30:19919F30000</MediaTimePoint>
</MediaTime>
</VideoSegment>
<VideoSegment id="shot50_3_RKF">
<MediaTime>
<MediaTimePoint>T00:00:31:19949F30000</MediaTimePoint>
</MediaTime>
</VideoSegment>
<VideoSegment id="shot50_3_NRKF_2">
<MediaTime>
<MediaTimePoint>T00:00:32:19979F30000</MediaTimePoint>
</MediaTime>
</VideoSegment>
</TemporalDecomposition>
</VideoSegment>
<VideoSegment id="shot50_4">
<MediaTime>
<MediaTimePoint>T00:00:33:21010F30000</MediaTimePoint>
<MediaDuration>PT00H00M09S21291N30000F</MediaDuration>
</MediaTime>
<TemporalDecomposition>
<VideoSegment id="shot50_4_RKF">
<MediaTime>
<MediaTimePoint>T00:00:38:16155F30000</MediaTimePoint>
</MediaTime>
</VideoSegment>
</TemporalDecomposition>
</VideoSegment>
<VideoSegment id="shot50_5">
<MediaTime>
<MediaTimePoint>T00:00:43:12301F30000</MediaTimePoint>
<MediaDuration>PT00H00M16S16496N30000F</MediaDuration>
</MediaTime>
<TemporalDecomposition>
<VideoSegment id="shot50_5_RKF">
<MediaTime>
<MediaTimePoint>T00:00:51:19548F30000</MediaTimePoint>
</MediaTime>
</VideoSegment>
</TemporalDecomposition>
</VideoSegment>
<VideoSegment id="shot50_6">
<MediaTime>
<MediaTimePoint>T00:00:59:28797F30000</MediaTimePoint>
<MediaDuration>PT00H00M26S9789N30000F</MediaDuration>
</MediaTime>
<TemporalDecomposition>
<VideoSegment id="shot50_6_RKF">
<MediaTime>
<MediaTimePoint>T00:01:13:3191F30000</MediaTimePoint>
</MediaTime>
</VideoSegment>
</TemporalDecomposition>
</VideoSegment>
<VideoSegment id="shot50_7">
<MediaTime>
<MediaTimePoint>T00:01:26:8586F30000</MediaTimePoint>
<MediaDuration>PT00H00M30S11911N30000F</MediaDuration>
</MediaTime>
<TemporalDecomposition>
<VideoSegment id="shot50_7_RKF">
<MediaTime>
<MediaTimePoint>T00:01:41:14041F30000</MediaTimePoint>
</MediaTime>
</VideoSegment>
</TemporalDecomposition>
</VideoSegment>
<VideoSegment id="shot50_8">
<MediaTime>
<MediaTimePoint>T00:01:56:20497F30000</MediaTimePoint>
<MediaDuration>PT00H00M02S4064N30000F</MediaDuration>
</MediaTime>
<TemporalDecomposition>
<VideoSegment id="shot50_8_RKF">
<MediaTime>
<MediaTimePoint>T00:01:57:21528F30000</MediaTimePoint>
</MediaTime>
</VideoSegment>
</TemporalDecomposition>
</VideoSegment>
<VideoSegment id="shot50_9">
<MediaTime>
<MediaTimePoint>T00:01:58:24561F30000</MediaTimePoint>
<MediaDuration>PT00H00M28S17857N30000F</MediaDuration>
</MediaTime>
<TemporalDecomposition>
<VideoSegment id="shot50_9_RKF">
<MediaTime>
<MediaTimePoint>T00:02:13:2989F30000</MediaTimePoint>
</MediaTime>
</VideoSegment>
</TemporalDecomposition>
</VideoSegment>
<VideoSegment id="shot50_10">
<MediaTime>
<MediaTimePoint>T00:02:27:12418F30000</MediaTimePoint>
<MediaDuration>PT00H00M09S8278N30000F</MediaDuration>
</MediaTime>
<TemporalDecomposition>
<VideoSegment id="shot50_10_RKF">
<MediaTime>
<MediaTimePoint>T00:02:32:556F30000</MediaTimePoint>
</MediaTime>
</VideoSegment>
</TemporalDecomposition>
</VideoSegment>
<VideoSegment id="shot50_11">
<MediaTime>
<MediaTimePoint>T00:02:36:20696F30000</MediaTimePoint>
<MediaDuration>PT00H00M05S20170N30000F</MediaDuration>
</MediaTime>
<TemporalDecomposition>
<VideoSegment id="shot50_11_RKF">
<MediaTime>
<MediaTimePoint>T00:02:39:14780F30000</MediaTimePoint>
</MediaTime>
</VideoSegment>
</TemporalDecomposition>
</VideoSegment>
<VideoSegment id="shot50_12">
<MediaTime>
<MediaTimePoint>T00:02:42:10866F30000</MediaTimePoint>
<MediaDuration>PT00H00M03S8098N30000F</MediaDuration>
</MediaTime>
<TemporalDecomposition>
<VideoSegment id="shot50_12_RKF">
<MediaTime>
<MediaTimePoint>T00:02:43:28914F30000</MediaTimePoint>
</MediaTime>
</VideoSegment>
</TemporalDecomposition>
</VideoSegment>
<VideoSegment id="shot50_13">
<MediaTime>
<MediaTimePoint>T00:02:45:18964F30000</MediaTimePoint>
<MediaDuration>PT00H00M06S17197N30000F</MediaDuration>
</MediaTime>
<TemporalDecomposition>
<VideoSegment id="shot50_13_RKF">
<MediaTime>
<MediaTimePoint>T00:02:48:27062F30000</MediaTimePoint>
</MediaTime>
</VideoSegment>
</TemporalDecomposition>
</VideoSegment>
<VideoSegment id="shot50_14">
<MediaTime>
<MediaTimePoint>T00:02:52:6161F30000</MediaTimePoint>
<MediaDuration>PT00H00M03S1091N30000F</MediaDuration>
</MediaTime>
<TemporalDecomposition>
<VideoSegment id="shot50_14_RKF">
<MediaTime>
<MediaTimePoint>T00:02:53:21206F30000</MediaTimePoint>
</MediaTime>
</VideoSegment>
</TemporalDecomposition>
</VideoSegment>
<VideoSegment id="shot50_15">
<MediaTime>
<MediaTimePoint>T00:02:55:7252F30000</MediaTimePoint>
<MediaDuration>PT00H00M03S15105N30000F</MediaDuration>
</MediaTime>
<TemporalDecomposition>
<VideoSegment id="shot50_15_RKF">
<MediaTime>
<MediaTimePoint>T00:02:56:29304F30000</MediaTimePoint>
</MediaTime>
</VideoSegment>
</TemporalDecomposition>
</VideoSegment>
<VideoSegment id="shot50_16">
<MediaTime>
<MediaTimePoint>T00:02:58:22357F30000</MediaTimePoint>
<MediaDuration>PT00H00M04S21141N30000F</MediaDuration>
</MediaTime>
<TemporalDecomposition>
<VideoSegment id="shot50_16_RKF">
<MediaTime>
<MediaTimePoint>T00:03:01:2427F30000</MediaTimePoint>
</MediaTime>
</VideoSegment>
</TemporalDecomposition>
</VideoSegment>
<VideoSegment id="shot50_17">
<MediaTime>
<MediaTimePoint>T00:03:03:13498F30000</MediaTimePoint>
<MediaDuration>PT00H00M05S150N30000F</MediaDuration>
</MediaTime>
<TemporalDecomposition>
<VideoSegment id="shot50_17_RKF">
<MediaTime>
<MediaTimePoint>T00:03:05:27572F30000</MediaTimePoint>
</MediaTime>
</VideoSegment>
</TemporalDecomposition>
</VideoSegment>
<VideoSegment id="shot50_18">
<MediaTime>
<MediaTimePoint>T00:03:08:13648F30000</MediaTimePoint>
<MediaDuration>PT00H00M05S12162N30000F</MediaDuration>
</MediaTime>
<TemporalDecomposition>
<VideoSegment id="shot50_18_RKF">
<MediaTime>
<MediaTimePoint>T00:03:11:3728F30000</MediaTimePoint>
</MediaTime>
</VideoSegment>
</TemporalDecomposition>
</VideoSegment>
<VideoSegment id="shot50_19">
<MediaTime>
<MediaTimePoint>T00:03:13:25810F30000</MediaTimePoint>
<MediaDuration>PT00H00M04S120N30000F</MediaDuration>
</MediaTime>
<TemporalDecomposition>
<VideoSegment id="shot50_19_RKF">
<MediaTime>
<MediaTimePoint>T00:03:15:24869F30000</MediaTimePoint>
</MediaTime>
</VideoSegment>
</TemporalDecomposition>
</VideoSegment>
<VideoSegment id="shot50_20">
<MediaTime>
<MediaTimePoint>T00:03:17:25930F30000</MediaTimePoint>
<MediaDuration>PT00H00M06S19199N30000F</MediaDuration>
</MediaTime>
<TemporalDecomposition>
<VideoSegment id="shot50_20_RKF">
<MediaTime>
<MediaTimePoint>T00:03:21:5029F30000</MediaTimePoint>
</MediaTime>
</VideoSegment>
</TemporalDecomposition>
</VideoSegment>
<VideoSegment id="shot50_21">
<MediaTime>
<MediaTimePoint>T00:03:24:15129F30000</MediaTimePoint>
<MediaDuration>PT00H00M04S4124N30000F</MediaDuration>
</MediaTime>
<TemporalDecomposition>
<VideoSegment id="shot50_21_RKF">
<MediaTime>
<MediaTimePoint>T00:03:26:16190F30000</MediaTimePoint>
</MediaTime>
</VideoSegment>
</TemporalDecomposition>
</VideoSegment>
<VideoSegment id="shot50_22">
<MediaTime>
<MediaTimePoint>T00:03:28:19253F30000</MediaTimePoint>
<MediaDuration>PT00H00M06S12192N30000F</MediaDuration>
</MediaTime>
<TemporalDecomposition>
<VideoSegment id="shot50_22_RKF">
<MediaTime>
<MediaTimePoint>T00:03:31:24348F30000</MediaTimePoint>
</MediaTime>
</VideoSegment>
</TemporalDecomposition>
</VideoSegment>
<VideoSegment id="shot50_23">
<MediaTime>
<MediaTimePoint>T00:03:35:1445F30000</MediaTimePoint>
<MediaDuration>PT00H00M05S28178N30000F</MediaDuration>
</MediaTime>
<TemporalDecomposition>
<VideoSegment id="shot50_23_RKF">
<MediaTime>
<MediaTimePoint>T00:03:37:29533F30000</MediaTimePoint>
</MediaTime>
</VideoSegment>
</TemporalDecomposition>
</VideoSegment>
<VideoSegment id="shot50_24">
<MediaTime>
<MediaTimePoint>T00:03:40:29623F30000</MediaTimePoint>
<MediaDuration>PT00H00M03S20110N30000F</MediaDuration>
</MediaTime>
<TemporalDecomposition>
<VideoSegment id="shot50_24_RKF">
<MediaTime>
<MediaTimePoint>T00:03:42:23677F30000</MediaTimePoint>
</MediaTime>
</VideoSegment>
</TemporalDecomposition>
</VideoSegment>
<VideoSegment id="shot50_25">
<MediaTime>
<MediaTimePoint>T00:03:44:19733F30000</MediaTimePoint>
<MediaDuration>PT00H00M04S6126N30000F</MediaDuration>
</MediaTime>
<TemporalDecomposition>
<VideoSegment id="shot50_25_RKF">
<MediaTime>
<MediaTimePoint>T00:03:46:21795F30000</MediaTimePoint>
</MediaTime>
</VideoSegment>
</TemporalDecomposition>
</VideoSegment>
<VideoSegment id="shot50_26">
<MediaTime>
<MediaTimePoint>T00:03:48:25859F30000</MediaTimePoint>
<MediaDuration>PT00H00M09S2272N30000F</MediaDuration>
</MediaTime>
<TemporalDecomposition>
<VideoSegment id="shot50_26_RKF">
<MediaTime>
<MediaTimePoint>T00:03:53:10994F30000</MediaTimePoint>
</MediaTime>
</VideoSegment>
</TemporalDecomposition>
</VideoSegment>
<VideoSegment id="shot50_27">
<MediaTime>
<MediaTimePoint>T00:03:57:28131F30000</MediaTimePoint>
<MediaDuration>PT00H00M05S1151N30000F</MediaDuration>
</MediaTime>
<TemporalDecomposition>
<VideoSegment id="shot50_27_RKF">
<MediaTime>
<MediaTimePoint>T00:04:00:13206F30000</MediaTimePoint>
</MediaTime>
</VideoSegment>
</TemporalDecomposition>
</VideoSegment>
<VideoSegment id="shot50_28">
<MediaTime>
<MediaTimePoint>T00:04:02:29282F30000</MediaTimePoint>
<MediaDuration>PT00H00M02S14074N30000F</MediaDuration>
</MediaTime>
<TemporalDecomposition>
<VideoSegment id="shot50_28_RKF">
<MediaTime>
<MediaTimePoint>T00:04:04:5318F30000</MediaTimePoint>
</MediaTime>
</VideoSegment>
</TemporalDecomposition>
</VideoSegment>
<VideoSegment id="shot50_29">
<MediaTime>
<MediaTimePoint>T00:04:05:13356F30000</MediaTimePoint>
<MediaDuration>PT00H00M03S24114N30000F</MediaDuration>
</MediaTime>
<TemporalDecomposition>
<VideoSegment id="shot50_29_RKF">
<MediaTime>
<MediaTimePoint>T00:04:07:9412F30000</MediaTimePoint>
</MediaTime>
</VideoSegment>
</TemporalDecomposition>
</VideoSegment>
<VideoSegment id="shot50_30">
<MediaTime>
<MediaTimePoint>T00:04:09:7470F30000</MediaTimePoint>
<MediaDuration>PT00H00M02S6066N30000F</MediaDuration>
</MediaTime>
<TemporalDecomposition>
<VideoSegment id="shot50_30_RKF">
<MediaTime>
<MediaTimePoint>T00:04:10:9502F30000</MediaTimePoint>
</MediaTime>
</VideoSegment>
</TemporalDecomposition>
</VideoSegment>
<VideoSegment id="shot50_31">
<MediaTime>
<MediaTimePoint>T00:04:11:13536F30000</MediaTimePoint>
<MediaDuration>PT00H00M04S11131N30000F</MediaDuration>
</MediaTime>
<TemporalDecomposition>
<VideoSegment id="shot50_31_RKF">
<MediaTime>
<MediaTimePoint>T00:04:13:18601F30000</MediaTimePoint>
</MediaTime>
</VideoSegment>
</TemporalDecomposition>
</VideoSegment>
<VideoSegment id="shot50_32">
<MediaTime>
<MediaTimePoint>T00:04:15:24667F30000</MediaTimePoint>
<MediaDuration>PT00H00M02S24084N30000F</MediaDuration>
</MediaTime>
<TemporalDecomposition>
<VideoSegment id="shot50_32_RKF">
<MediaTime>
<MediaTimePoint>T00:04:17:5708F30000</MediaTimePoint>
</MediaTime>
</VideoSegment>
</TemporalDecomposition>
</VideoSegment>
<VideoSegment id="shot50_33">
<MediaTime>
<MediaTimePoint>T00:04:18:18751F30000</MediaTimePoint>
<MediaDuration>PT00H01M52S5362N30000F</MediaDuration>
</MediaTime>
<TemporalDecomposition>
<VideoSegment id="shot50_33_RKF">
<MediaTime>
<MediaTimePoint>T00:05:14:20431F30000</MediaTimePoint>
</MediaTime>
</VideoSegment>
</TemporalDecomposition>
</VideoSegment>
<VideoSegment id="shot50_34">
<MediaTime>
<MediaTimePoint>T00:06:10:24113F30000</MediaTimePoint>
<MediaDuration>PT00H00M03S28118N30000F</MediaDuration>
</MediaTime>
<TemporalDecomposition>
<VideoSegment id="shot50_34_RKF">
<MediaTime>
<MediaTimePoint>T00:06:12:22171F30000</MediaTimePoint>
</MediaTime>
</VideoSegment>
</TemporalDecomposition>
</VideoSegment>
<VideoSegment id="shot50_35">
<MediaTime>
<MediaTimePoint>T00:06:14:22231F30000</MediaTimePoint>
<MediaDuration>PT00H00M06S24204N30000F</MediaDuration>
</MediaTime>
<TemporalDecomposition>
<VideoSegment id="shot50_35_RKF">
<MediaTime>
<MediaTimePoint>T00:06:18:3332F30000</MediaTimePoint>
</MediaTime>
</VideoSegment>
</TemporalDecomposition>
</VideoSegment>
<VideoSegment id="shot50_36">
<MediaTime>
<MediaTimePoint>T00:06:21:16435F30000</MediaTimePoint>
<MediaDuration>PT00H00M06S10190N30000F</MediaDuration>
</MediaTime>
<TemporalDecomposition>
<VideoSegment id="shot50_36_RKF">
<MediaTime>
<MediaTimePoint>T00:06:24:20529F30000</MediaTimePoint>
</MediaTime>
</VideoSegment>
</TemporalDecomposition>
</VideoSegment>
<VideoSegment id="shot50_37">
<MediaTime>
<MediaTimePoint>T00:06:27:26625F30000</MediaTimePoint>
<MediaDuration>PT00H00M14S3423N30000F</MediaDuration>
</MediaTime>
<TemporalDecomposition>
<VideoSegment id="shot50_37_RKF">
<MediaTime>
<MediaTimePoint>T00:06:34:27836F30000</MediaTimePoint>
</MediaTime>
</VideoSegment>
</TemporalDecomposition>
</VideoSegment>
<VideoSegment id="shot50_38">
<MediaTime>
<MediaTimePoint>T00:06:42:48F30000</MediaTimePoint>
<MediaDuration>PT00H01M20S17415N30000F</MediaDuration>
</MediaTime>
<TemporalDecomposition>
<VideoSegment id="shot50_38_RKF">
<MediaTime>
<MediaTimePoint>T00:07:22:8255F30000</MediaTimePoint>
</MediaTime>
</VideoSegment>
</TemporalDecomposition>
</VideoSegment>
<VideoSegment id="shot50_39">
<MediaTime>
<MediaTimePoint>T00:08:02:17463F30000</MediaTimePoint>
<MediaDuration>PT00H00M08S4244N30000F</MediaDuration>
</MediaTime>
<TemporalDecomposition>
<VideoSegment id="shot50_39_RKF">
<MediaTime>
<MediaTimePoint>T00:08:06:18584F30000</MediaTimePoint>
</MediaTime>
</VideoSegment>
</TemporalDecomposition>
</VideoSegment>
<VideoSegment id="shot50_40">
<MediaTime>
<MediaTimePoint>T00:08:10:21707F30000</MediaTimePoint>
<MediaDuration>PT00H00M04S15135N30000F</MediaDuration>
</MediaTime>
<TemporalDecomposition>
<VideoSegment id="shot50_40_RKF">
<MediaTime>
<MediaTimePoint>T00:08:12:28774F30000</MediaTimePoint>
</MediaTime>
</VideoSegment>
</TemporalDecomposition>
</VideoSegment>
<VideoSegment id="shot50_41">
<MediaTime>
<MediaTimePoint>T00:08:15:6842F30000</MediaTimePoint>
<MediaDuration>PT00H00M12S17377N30000F</MediaDuration>
</MediaTime>
<TemporalDecomposition>
<VideoSegment id="shot50_41_RKF">
<MediaTime>
<MediaTimePoint>T00:08:21:15030F30000</MediaTimePoint>
</MediaTime>
</VideoSegment>
</TemporalDecomposition>
</VideoSegment>
<VideoSegment id="shot50_42">
<MediaTime>
<MediaTimePoint>T00:08:27:24219F30000</MediaTimePoint>
<MediaDuration>PT00H03M16S10885N30000F</MediaDuration>
</MediaTime>
<TemporalDecomposition>
<VideoSegment id="shot50_42_RKF">
<MediaTime>
<MediaTimePoint>T00:10:05:29161F30000</MediaTimePoint>
</MediaTime>
</VideoSegment>
</TemporalDecomposition>
</VideoSegment>
<VideoSegment id="shot50_43">
<MediaTime>
<MediaTimePoint>T00:11:44:5104F30000</MediaTimePoint>
<MediaDuration>PT00H00M02S8068N30000F</MediaDuration>
</MediaTime>
<TemporalDecomposition>
<VideoSegment id="shot50_43_RKF">
<MediaTime>
<MediaTimePoint>T00:11:45:8137F30000</MediaTimePoint>
</MediaTime>
</VideoSegment>
</TemporalDecomposition>
</VideoSegment>
<VideoSegment id="shot50_44">
<MediaTime>
<MediaTimePoint>T00:11:46:13172F30000</MediaTimePoint>
<MediaDuration>PT00H00M03S1091N30000F</MediaDuration>
</MediaTime>
<TemporalDecomposition>
<VideoSegment id="shot50_44_RKF">
<MediaTime>
<MediaTimePoint>T00:11:47:28217F30000</MediaTimePoint>
</MediaTime>
</VideoSegment>
</TemporalDecomposition>
</VideoSegment>
<VideoSegment id="shot50_45">
<MediaTime>
<MediaTimePoint>T00:11:49:14263F30000</MediaTimePoint>
<MediaDuration>PT00H00M02S22082N30000F</MediaDuration>
</MediaTime>
<TemporalDecomposition>
<VideoSegment id="shot50_45_RKF">
<MediaTime>
<MediaTimePoint>T00:11:50:24303F30000</MediaTimePoint>
</MediaTime>
</VideoSegment>
</TemporalDecomposition>
</VideoSegment>
<VideoSegment id="shot50_46">
<MediaTime>
<MediaTimePoint>T00:11:52:6345F30000</MediaTimePoint>
<MediaDuration>PT00H00M02S8068N30000F</MediaDuration>
</MediaTime>
<TemporalDecomposition>
<VideoSegment id="shot50_46_NRKF_1">
<MediaTime>
<MediaTimePoint>T00:11:53:2371F30000</MediaTimePoint>
</MediaTime>
</VideoSegment>
<VideoSegment id="shot50_46_RKF">
<MediaTime>
<MediaTimePoint>T00:11:53:9378F30000</MediaTimePoint>
</MediaTime>
</VideoSegment>
<VideoSegment id="shot50_46_NRKF_2">
<MediaTime>
<MediaTimePoint>T00:11:54:6405F30000</MediaTimePoint>
</MediaTime>
</VideoSegment>
</TemporalDecomposition>
</VideoSegment>
<VideoSegment id="shot50_47">
<MediaTime>
<MediaTimePoint>T00:11:54:14413F30000</MediaTimePoint>
<MediaDuration>PT00H00M17S29539N30000F</MediaDuration>
</MediaTime>
<TemporalDecomposition>
<VideoSegment id="shot50_47_RKF">
<MediaTime>
<MediaTimePoint>T00:12:03:13682F30000</MediaTimePoint>
</MediaTime>
</VideoSegment>
</TemporalDecomposition>
</VideoSegment>
<VideoSegment id="shot50_48">
<MediaTime>
<MediaTimePoint>T00:12:12:13952F30000</MediaTimePoint>
<MediaDuration>PT00H00M03S6096N30000F</MediaDuration>
</MediaTime>
<TemporalDecomposition>
<VideoSegment id="shot50_48_RKF">
<MediaTime>
<MediaTimePoint>T00:12:14:999F30000</MediaTimePoint>
</MediaTime>
</VideoSegment>
</TemporalDecomposition>
</VideoSegment>
<VideoSegment id="shot50_49">
<MediaTime>
<MediaTimePoint>T00:12:15:20048F30000</MediaTimePoint>
<MediaDuration>PT00H00M49S26495N30000F</MediaDuration>
</MediaTime>
<TemporalDecomposition>
<VideoSegment id="shot50_49_RKF">
<MediaTime>
<MediaTimePoint>T00:12:40:17795F30000</MediaTimePoint>
</MediaTime>
</VideoSegment>
</TemporalDecomposition>
</VideoSegment>
<VideoSegment id="shot50_50">
<MediaTime>
<MediaTimePoint>T00:13:05:16543F30000</MediaTimePoint>
<MediaDuration>PT00H00M43S1290N30000F</MediaDuration>
</MediaTime>
<TemporalDecomposition>
<VideoSegment id="shot50_50_RKF">
<MediaTime>
<MediaTimePoint>T00:13:27:1187F30000</MediaTimePoint>
</MediaTime>
</VideoSegment>
</TemporalDecomposition>
</VideoSegment>
<VideoSegment id="shot50_51">
<MediaTime>
<MediaTimePoint>T00:13:48:17833F30000</MediaTimePoint>
<MediaDuration>PT00H00M16S14494N30000F</MediaDuration>
</MediaTime>
<TemporalDecomposition>
<VideoSegment id="shot50_51_RKF">
<MediaTime>
<MediaTimePoint>T00:13:56:24079F30000</MediaTimePoint>
</MediaTime>
</VideoSegment>
</TemporalDecomposition>
</VideoSegment>
<VideoSegment id="shot50_52">
<MediaTime>
<MediaTimePoint>T00:14:05:2327F30000</MediaTimePoint>
<MediaDuration>PT00H00M07S23233N30000F</MediaDuration>
</MediaTime>
<TemporalDecomposition>
<VideoSegment id="shot50_52_RKF">
<MediaTime>
<MediaTimePoint>T00:14:08:28443F30000</MediaTimePoint>
</MediaTime>
</VideoSegment>
</TemporalDecomposition>
</VideoSegment>
<VideoSegment id="shot50_53">
<MediaTime>
<MediaTimePoint>T00:14:12:25560F30000</MediaTimePoint>
<MediaDuration>PT00H00M08S3243N30000F</MediaDuration>
</MediaTime>
<TemporalDecomposition>
<VideoSegment id="shot50_53_RKF">
<MediaTime>
<MediaTimePoint>T00:14:16:26681F30000</MediaTimePoint>
</MediaTime>
</VideoSegment>
</TemporalDecomposition>
</VideoSegment>
<VideoSegment id="shot50_54">
<MediaTime>
<MediaTimePoint>T00:14:20:28803F30000</MediaTimePoint>
<MediaDuration>PT00H00M07S24234N30000F</MediaDuration>
</MediaTime>
<TemporalDecomposition>
<VideoSegment id="shot50_54_RKF">
<MediaTime>
<MediaTimePoint>T00:14:24:24919F30000</MediaTimePoint>
</MediaTime>
</VideoSegment>
</TemporalDecomposition>
</VideoSegment>
<VideoSegment id="shot50_55">
<MediaTime>
<MediaTimePoint>T00:14:28:23037F30000</MediaTimePoint>
<MediaDuration>PT00H00M10S3303N30000F</MediaDuration>
</MediaTime>
<TemporalDecomposition>
<VideoSegment id="shot50_55_RKF">
<MediaTime>
<MediaTimePoint>T00:14:33:24188F30000</MediaTimePoint>
</MediaTime>
</VideoSegment>
</TemporalDecomposition>
</VideoSegment>
<VideoSegment id="shot50_56">
<MediaTime>
<MediaTimePoint>T00:14:38:26340F30000</MediaTimePoint>
<MediaDuration>PT00H00M05S21171N30000F</MediaDuration>
</MediaTime>
<TemporalDecomposition>
<VideoSegment id="shot50_56_RKF">
<MediaTime>
<MediaTimePoint>T00:14:41:21425F30000</MediaTimePoint>
</MediaTime>
</VideoSegment>
</TemporalDecomposition>
</VideoSegment>
<VideoSegment id="shot50_57">
<MediaTime>
<MediaTimePoint>T00:14:44:17511F30000</MediaTimePoint>
<MediaDuration>PT00H00M03S27117N30000F</MediaDuration>
</MediaTime>
<TemporalDecomposition>
<VideoSegment id="shot50_57_RKF">
<MediaTime>
<MediaTimePoint>T00:14:46:15569F30000</MediaTimePoint>
</MediaTime>
</VideoSegment>
</TemporalDecomposition>
</VideoSegment>
<VideoSegment id="shot50_58">
<MediaTime>
<MediaTimePoint>T00:14:48:14628F30000</MediaTimePoint>
<MediaDuration>PT00H00M03S14104N30000F</MediaDuration>
</MediaTime>
<TemporalDecomposition>
<VideoSegment id="shot50_58_RKF">
<MediaTime>
<MediaTimePoint>T00:14:50:5679F30000</MediaTimePoint>
</MediaTime>
</VideoSegment>
</TemporalDecomposition>
</VideoSegment>
<VideoSegment id="shot50_59">
<MediaTime>
<MediaTimePoint>T00:14:51:28732F30000</MediaTimePoint>
<MediaDuration>PT00H00M11S8338N30000F</MediaDuration>
</MediaTime>
<TemporalDecomposition>
<VideoSegment id="shot50_59_RKF">
<MediaTime>
<MediaTimePoint>T00:14:57:16900F30000</MediaTimePoint>
</MediaTime>
</VideoSegment>
</TemporalDecomposition>
</VideoSegment>
<VideoSegment id="shot50_60">
<MediaTime>
<MediaTimePoint>T00:15:03:7070F30000</MediaTimePoint>
<MediaDuration>PT00H00M06S5185N30000F</MediaDuration>
</MediaTime>
<TemporalDecomposition>
<VideoSegment id="shot50_60_RKF">
<MediaTime>
<MediaTimePoint>T00:15:06:9162F30000</MediaTimePoint>
</MediaTime>
</VideoSegment>
</TemporalDecomposition>
</VideoSegment>
<VideoSegment id="shot50_61">
<MediaTime>
<MediaTimePoint>T00:15:09:12255F30000</MediaTimePoint>
<MediaDuration>PT00H00M05S22172N30000F</MediaDuration>
</MediaTime>
<TemporalDecomposition>
<VideoSegment id="shot50_61_RKF">
<MediaTime>
<MediaTimePoint>T00:15:12:7340F30000</MediaTimePoint>
</MediaTime>
</VideoSegment>
</TemporalDecomposition>
</VideoSegment>
<VideoSegment id="shot50_62">
<MediaTime>
<MediaTimePoint>T00:15:15:4427F30000</MediaTimePoint>
<MediaDuration>PT00H00M10S3303N30000F</MediaDuration>
</MediaTime>
<TemporalDecomposition>
<VideoSegment id="shot50_62_NRKF_1">
<MediaTime>
<MediaTimePoint>T00:15:16:453F30000</MediaTimePoint>
</MediaTime>
</VideoSegment>
<VideoSegment id="shot50_62_RKF">
<MediaTime>
<MediaTimePoint>T00:15:20:5578F30000</MediaTimePoint>
</MediaTime>
</VideoSegment>
<VideoSegment id="shot50_62_NRKF_2">
<MediaTime>
<MediaTimePoint>T00:15:21:1604F30000</MediaTimePoint>
</MediaTime>
</VideoSegment>
</TemporalDecomposition>
</VideoSegment>
<VideoSegment id="shot50_63">
<MediaTime>
<MediaTimePoint>T00:15:25:7730F30000</MediaTimePoint>
<MediaDuration>PT00H00M14S8428N30000F</MediaDuration>
</MediaTime>
<TemporalDecomposition>
<VideoSegment id="shot50_63_RKF">
<MediaTime>
<MediaTimePoint>T00:15:32:10943F30000</MediaTimePoint>
</MediaTime>
</VideoSegment>
</TemporalDecomposition>
</VideoSegment>
<VideoSegment id="shot50_64">
<MediaTime>
<MediaTimePoint>T00:15:39:16158F30000</MediaTimePoint>
<MediaDuration>PT00H00M19S16586N30000F</MediaDuration>
</MediaTime>
<TemporalDecomposition>
<VideoSegment id="shot50_64_RKF">
<MediaTime>
<MediaTimePoint>T00:15:49:8450F30000</MediaTimePoint>
</MediaTime>
</VideoSegment>
</TemporalDecomposition>
</VideoSegment>
<VideoSegment id="shot50_65">
<MediaTime>
<MediaTimePoint>T00:15:59:2744F30000</MediaTimePoint>
<MediaDuration>PT00H00M06S21201N30000F</MediaDuration>
</MediaTime>
<TemporalDecomposition>
<VideoSegment id="shot50_65_RKF">
<MediaTime>
<MediaTimePoint>T00:16:02:12844F30000</MediaTimePoint>
</MediaTime>
</VideoSegment>
</TemporalDecomposition>
</VideoSegment>
<VideoSegment id="shot50_66">
<MediaTime>
<MediaTimePoint>T00:16:05:23945F30000</MediaTimePoint>
<MediaDuration>PT00H00M02S15075N30000F</MediaDuration>
</MediaTime>
<TemporalDecomposition>
<VideoSegment id="shot50_66_RKF">
<MediaTime>
<MediaTimePoint>T00:16:07:982F30000</MediaTimePoint>
</MediaTime>
</VideoSegment>
</TemporalDecomposition>
</VideoSegment>
<VideoSegment id="shot50_67">
<MediaTime>
<MediaTimePoint>T00:16:08:9020F30000</MediaTimePoint>
<MediaDuration>PT00H00M05S19169N30000F</MediaDuration>
</MediaTime>
<TemporalDecomposition>
<VideoSegment id="shot50_67_RKF">
<MediaTime>
<MediaTimePoint>T00:16:11:3104F30000</MediaTimePoint>
</MediaTime>
</VideoSegment>
</TemporalDecomposition>
</VideoSegment>
<VideoSegment id="shot50_68">
<MediaTime>
<MediaTimePoint>T00:16:13:28189F30000</MediaTimePoint>
<MediaDuration>PT00H00M02S13073N30000F</MediaDuration>
</MediaTime>
<TemporalDecomposition>
<VideoSegment id="shot50_68_RKF">
<MediaTime>
<MediaTimePoint>T00:16:15:4225F30000</MediaTimePoint>
</MediaTime>
</VideoSegment>
</TemporalDecomposition>
</VideoSegment>
<VideoSegment id="shot50_69">
<MediaTime>
<MediaTimePoint>T00:16:16:11262F30000</MediaTimePoint>
<MediaDuration>PT00H00M02S12072N30000F</MediaDuration>
</MediaTime>
<TemporalDecomposition>
<VideoSegment id="shot50_69_RKF">
<MediaTime>
<MediaTimePoint>T00:16:17:16297F30000</MediaTimePoint>
</MediaTime>
</VideoSegment>
</TemporalDecomposition>
</VideoSegment>
<VideoSegment id="shot50_70">
<MediaTime>
<MediaTimePoint>T00:16:18:23334F30000</MediaTimePoint>
<MediaDuration>PT00H00M05S11161N30000F</MediaDuration>
</MediaTime>
<TemporalDecomposition>
<VideoSegment id="shot50_70_RKF">
<MediaTime>
<MediaTimePoint>T00:16:21:13414F30000</MediaTimePoint>
</MediaTime>
</VideoSegment>
</TemporalDecomposition>
</VideoSegment>
<VideoSegment id="shot50_71">
<MediaTime>
<MediaTimePoint>T00:16:24:4495F30000</MediaTimePoint>
<MediaDuration>PT00H00M03S21111N30000F</MediaDuration>
</MediaTime>
<TemporalDecomposition>
<VideoSegment id="shot50_71_RKF">
<MediaTime>
<MediaTimePoint>T00:16:25:29550F30000</MediaTimePoint>
</MediaTime>
</VideoSegment>
</TemporalDecomposition>
</VideoSegment>
<VideoSegment id="shot50_72">
<MediaTime>
<MediaTimePoint>T00:16:27:25606F30000</MediaTimePoint>
<MediaDuration>PT00H00M02S9069N30000F</MediaDuration>
</MediaTime>
<TemporalDecomposition>
<VideoSegment id="shot50_72_RKF">
<MediaTime>
<MediaTimePoint>T00:16:28:29640F30000</MediaTimePoint>
</MediaTime>
</VideoSegment>
</TemporalDecomposition>
</VideoSegment>
<VideoSegment id="shot50_73">
<MediaTime>
<MediaTimePoint>T00:16:30:4675F30000</MediaTimePoint>
<MediaDuration>PT00H00M02S12072N30000F</MediaDuration>
</MediaTime>
<TemporalDecomposition>
<VideoSegment id="shot50_73_RKF">
<MediaTime>
<MediaTimePoint>T00:16:31:9710F30000</MediaTimePoint>
</MediaTime>
</VideoSegment>
</TemporalDecomposition>
</VideoSegment>
<VideoSegment id="shot50_74">
<MediaTime>
<MediaTimePoint>T00:16:32:16747F30000</MediaTimePoint>
<MediaDuration>PT00H00M06S19199N30000F</MediaDuration>
</MediaTime>
<TemporalDecomposition>
<VideoSegment id="shot50_74_RKF">
<MediaTime>
<MediaTimePoint>T00:16:35:25846F30000</MediaTimePoint>
</MediaTime>
</VideoSegment>
</TemporalDecomposition>
</VideoSegment>
<VideoSegment id="shot50_75">
<MediaTime>
<MediaTimePoint>T00:16:39:5946F30000</MediaTimePoint>
<MediaDuration>PT00H00M02S3063N30000F</MediaDuration>
</MediaTime>
<TemporalDecomposition>
<VideoSegment id="shot50_75_RKF">
<MediaTime>
<MediaTimePoint>T00:16:40:6977F30000</MediaTimePoint>
</MediaTime>
</VideoSegment>
</TemporalDecomposition>
</VideoSegment>
<VideoSegment id="shot50_76">
<MediaTime>
<MediaTimePoint>T00:16:41:9009F30000</MediaTimePoint>
<MediaDuration>PT00H00M02S18078N30000F</MediaDuration>
</MediaTime>
<TemporalDecomposition>
<VideoSegment id="shot50_76_RKF">
<MediaTime>
<MediaTimePoint>T00:16:42:17047F30000</MediaTimePoint>
</MediaTime>
</VideoSegment>
</TemporalDecomposition>
</VideoSegment>
<VideoSegment id="shot50_77">
<MediaTime>
<MediaTimePoint>T00:16:43:27087F30000</MediaTimePoint>
<MediaDuration>PT00H00M02S10070N30000F</MediaDuration>
</MediaTime>
<TemporalDecomposition>
<VideoSegment id="shot50_77_RKF">
<MediaTime>
<MediaTimePoint>T00:16:45:1121F30000</MediaTimePoint>
</MediaTime>
</VideoSegment>
</TemporalDecomposition>
</VideoSegment>
<VideoSegment id="shot50_78">
<MediaTime>
<MediaTimePoint>T00:16:46:7157F30000</MediaTimePoint>
<MediaDuration>PT00H00M02S3063N30000F</MediaDuration>
</MediaTime>
<TemporalDecomposition>
<VideoSegment id="shot50_78_RKF">
<MediaTime>
<MediaTimePoint>T00:16:47:8188F30000</MediaTimePoint>
</MediaTime>
</VideoSegment>
</TemporalDecomposition>
</VideoSegment>
<VideoSegment id="shot50_79">
<MediaTime>
<MediaTimePoint>T00:16:48:10220F30000</MediaTimePoint>
<MediaDuration>PT00H00M02S5065N30000F</MediaDuration>
</MediaTime>
<TemporalDecomposition>
<VideoSegment id="shot50_79_RKF">
<MediaTime>
<MediaTimePoint>T00:16:49:12252F30000</MediaTimePoint>
</MediaTime>
</VideoSegment>
</TemporalDecomposition>
</VideoSegment>
<VideoSegment id="shot50_80">
<MediaTime>
<MediaTimePoint>T00:16:50:15285F30000</MediaTimePoint>
<MediaDuration>PT00H00M03S19109N30000F</MediaDuration>
</MediaTime>
<TemporalDecomposition>
<VideoSegment id="shot50_80_RKF">
<MediaTime>
<MediaTimePoint>T00:16:52:9339F30000</MediaTimePoint>
</MediaTime>
</VideoSegment>
</TemporalDecomposition>
</VideoSegment>
<VideoSegment id="shot50_81">
<MediaTime>
<MediaTimePoint>T00:16:54:4394F30000</MediaTimePoint>
<MediaDuration>PT00H00M03S9099N30000F</MediaDuration>
</MediaTime>
<TemporalDecomposition>
<VideoSegment id="shot50_81_RKF">
<MediaTime>
<MediaTimePoint>T00:16:55:23443F30000</MediaTimePoint>
</MediaTime>
</VideoSegment>
</TemporalDecomposition>
</VideoSegment>
<VideoSegment id="shot50_82">
<MediaTime>
<MediaTimePoint>T00:16:57:13493F30000</MediaTimePoint>
<MediaDuration>PT00H00M02S20080N30000F</MediaDuration>
</MediaTime>
<TemporalDecomposition>
<VideoSegment id="shot50_82_RKF">
<MediaTime>
<MediaTimePoint>T00:16:58:22532F30000</MediaTimePoint>
</MediaTime>
</VideoSegment>
</TemporalDecomposition>
</VideoSegment>
<VideoSegment id="shot50_83">
<MediaTime>
<MediaTimePoint>T00:17:00:3573F30000</MediaTimePoint>
<MediaDuration>PT00H00M07S5215N30000F</MediaDuration>
</MediaTime>
<TemporalDecomposition>
<VideoSegment id="shot50_83_NRKF_1">
<MediaTime>
<MediaTimePoint>T00:17:01:2602F30000</MediaTimePoint>
</MediaTime>
</VideoSegment>
<VideoSegment id="shot50_83_RKF">
<MediaTime>
<MediaTimePoint>T00:17:03:20680F30000</MediaTimePoint>
</MediaTime>
</VideoSegment>
<VideoSegment id="shot50_83_NRKF_2">
<MediaTime>
<MediaTimePoint>T00:17:04:20710F30000</MediaTimePoint>
</MediaTime>
</VideoSegment>
</TemporalDecomposition>
</VideoSegment>
<VideoSegment id="shot50_84">
<MediaTime>
<MediaTimePoint>T00:17:07:8788F30000</MediaTimePoint>
<MediaDuration>PT00H00M18S21561N30000F</MediaDuration>
</MediaTime>
<TemporalDecomposition>
<VideoSegment id="shot50_84_RKF">
<MediaTime>
<MediaTimePoint>T00:17:16:19068F30000</MediaTimePoint>
</MediaTime>
</VideoSegment>
</TemporalDecomposition>
</VideoSegment>
<VideoSegment id="shot50_85">
<MediaTime>
<MediaTimePoint>T00:17:26:349F30000</MediaTimePoint>
<MediaDuration>PT00H00M03S15105N30000F</MediaDuration>
</MediaTime>
<TemporalDecomposition>
<VideoSegment id="shot50_85_RKF">
<MediaTime>
<MediaTimePoint>T00:17:27:22401F30000</MediaTimePoint>
</MediaTime>
</VideoSegment>
</TemporalDecomposition>
</VideoSegment>
<VideoSegment id="shot50_86">
<MediaTime>
<MediaTimePoint>T00:17:29:15454F30000</MediaTimePoint>
<MediaDuration>PT00H00M04S8128N30000F</MediaDuration>
</MediaTime>
<TemporalDecomposition>
<VideoSegment id="shot50_86_RKF">
<MediaTime>
<MediaTimePoint>T00:17:31:18517F30000</MediaTimePoint>
</MediaTime>
</VideoSegment>
</TemporalDecomposition>
</VideoSegment>
<VideoSegment id="shot50_87">
<MediaTime>
<MediaTimePoint>T00:17:33:23582F30000</MediaTimePoint>
<MediaDuration>PT00H00M02S9069N30000F</MediaDuration>
</MediaTime>
<TemporalDecomposition>
<VideoSegment id="shot50_87_RKF">
<MediaTime>
<MediaTimePoint>T00:17:34:27616F30000</MediaTimePoint>
</MediaTime>
</VideoSegment>
</TemporalDecomposition>
</VideoSegment>
<VideoSegment id="shot50_88">
<MediaTime>
<MediaTimePoint>T00:17:36:2651F30000</MediaTimePoint>
<MediaDuration>PT00H00M02S3063N30000F</MediaDuration>
</MediaTime>
<TemporalDecomposition>
<VideoSegment id="shot50_88_RKF">
<MediaTime>
<MediaTimePoint>T00:17:37:3682F30000</MediaTimePoint>
</MediaTime>
</VideoSegment>
</TemporalDecomposition>
</VideoSegment>
<VideoSegment id="shot50_89">
<MediaTime>
<MediaTimePoint>T00:17:38:5714F30000</MediaTimePoint>
<MediaDuration>PT00H00M02S23083N30000F</MediaDuration>
</MediaTime>
<TemporalDecomposition>
<VideoSegment id="shot50_89_RKF">
<MediaTime>
<MediaTimePoint>T00:17:39:16755F30000</MediaTimePoint>
</MediaTime>
</VideoSegment>
</TemporalDecomposition>
</VideoSegment>
<VideoSegment id="shot50_90">
<MediaTime>
<MediaTimePoint>T00:17:40:28797F30000</MediaTimePoint>
<MediaDuration>PT00H00M02S8068N30000F</MediaDuration>
</MediaTime>
<TemporalDecomposition>
<VideoSegment id="shot50_90_RKF">
<MediaTime>
<MediaTimePoint>T00:17:42:1830F30000</MediaTimePoint>
</MediaTime>
</VideoSegment>
</TemporalDecomposition>
</VideoSegment>
<VideoSegment id="shot50_91">
<MediaTime>
<MediaTimePoint>T00:17:43:6865F30000</MediaTimePoint>
<MediaDuration>PT00H00M03S90N30000F</MediaDuration>
</MediaTime>
<TemporalDecomposition>
<VideoSegment id="shot50_91_NRKF_1">
<MediaTime>
<MediaTimePoint>T00:17:43:14873F30000</MediaTimePoint>
</MediaTime>
</VideoSegment>
<VideoSegment id="shot50_91_RKF">
<MediaTime>
<MediaTimePoint>T00:17:44:20909F30000</MediaTimePoint>
</MediaTime>
</VideoSegment>
<VideoSegment id="shot50_91_NRKF_2">
<MediaTime>
<MediaTimePoint>T00:17:44:29918F30000</MediaTimePoint>
</MediaTime>
</VideoSegment>
</TemporalDecomposition>
</VideoSegment>
<VideoSegment id="shot50_92">
<MediaTime>
<MediaTimePoint>T00:17:46:6955F30000</MediaTimePoint>
<MediaDuration>PT00H00M04S13133N30000F</MediaDuration>
</MediaTime>
<TemporalDecomposition>
<VideoSegment id="shot50_92_NRKF_1">
<MediaTime>
<MediaTimePoint>T00:17:47:5984F30000</MediaTimePoint>
</MediaTime>
</VideoSegment>
<VideoSegment id="shot50_92_RKF">
<MediaTime>
<MediaTimePoint>T00:17:48:13021F30000</MediaTimePoint>
</MediaTime>
</VideoSegment>
<VideoSegment id="shot50_92_NRKF_2">
<MediaTime>
<MediaTimePoint>T00:17:49:13051F30000</MediaTimePoint>
</MediaTime>
</VideoSegment>
</TemporalDecomposition>
</VideoSegment>
<VideoSegment id="shot50_93">
<MediaTime>
<MediaTimePoint>T00:17:50:20088F30000</MediaTimePoint>
<MediaDuration>PT00H00M11S26356N30000F</MediaDuration>
</MediaTime>
<TemporalDecomposition>
<VideoSegment id="shot50_93_NRKF_1">
<MediaTime>
<MediaTimePoint>T00:17:51:12110F30000</MediaTimePoint>
</MediaTime>
</VideoSegment>
<VideoSegment id="shot50_93_RKF">
<MediaTime>
<MediaTimePoint>T00:17:56:17265F30000</MediaTimePoint>
</MediaTime>
</VideoSegment>
<VideoSegment id="shot50_93_NRKF_2">
<MediaTime>
<MediaTimePoint>T00:17:57:10288F30000</MediaTimePoint>
</MediaTime>
</VideoSegment>
</TemporalDecomposition>
</VideoSegment>
<VideoSegment id="shot50_94">
<MediaTime>
<MediaTimePoint>T00:18:02:16444F30000</MediaTimePoint>
<MediaDuration>PT00H00M02S23083N30000F</MediaDuration>
</MediaTime>
<TemporalDecomposition>
<VideoSegment id="shot50_94_RKF">
<MediaTime>
<MediaTimePoint>T00:18:03:27485F30000</MediaTimePoint>
</MediaTime>
</VideoSegment>
</TemporalDecomposition>
</VideoSegment>
<VideoSegment id="shot50_95">
<MediaTime>
<MediaTimePoint>T00:18:05:9527F30000</MediaTimePoint>
<MediaDuration>PT00H00M02S10070N30000F</MediaDuration>
</MediaTime>
<TemporalDecomposition>
<VideoSegment id="shot50_95_RKF">
<MediaTime>
<MediaTimePoint>T00:18:06:13561F30000</MediaTimePoint>
</MediaTime>
</VideoSegment>
</TemporalDecomposition>
</VideoSegment>
<VideoSegment id="shot50_96">
<MediaTime>
<MediaTimePoint>T00:18:07:19597F30000</MediaTimePoint>
<MediaDuration>PT00H00M02S16076N30000F</MediaDuration>
</MediaTime>
<TemporalDecomposition>
<VideoSegment id="shot50_96_RKF">
<MediaTime>
<MediaTimePoint>T00:18:08:26634F30000</MediaTimePoint>
</MediaTime>
</VideoSegment>
</TemporalDecomposition>
</VideoSegment>
<VideoSegment id="shot50_97">
<MediaTime>
<MediaTimePoint>T00:18:10:5673F30000</MediaTimePoint>
<MediaDuration>PT00H00M02S20080N30000F</MediaDuration>
</MediaTime>
<TemporalDecomposition>
<VideoSegment id="shot50_97_RKF">
<MediaTime>
<MediaTimePoint>T00:18:11:14712F30000</MediaTimePoint>
</MediaTime>
</VideoSegment>
</TemporalDecomposition>
</VideoSegment>
<VideoSegment id="shot50_98">
<MediaTime>
<MediaTimePoint>T00:18:12:25753F30000</MediaTimePoint>
<MediaDuration>PT00H00M02S10070N30000F</MediaDuration>
</MediaTime>
<TemporalDecomposition>
<VideoSegment id="shot50_98_NRKF_1">
<MediaTime>
<MediaTimePoint>T00:18:12:28756F30000</MediaTimePoint>
</MediaTime>
</VideoSegment>
<VideoSegment id="shot50_98_RKF">
<MediaTime>
<MediaTimePoint>T00:18:13:29787F30000</MediaTimePoint>
</MediaTime>
</VideoSegment>
<VideoSegment id="shot50_98_NRKF_2">
<MediaTime>
<MediaTimePoint>T00:18:14:3791F30000</MediaTimePoint>
</MediaTime>
</VideoSegment>
</TemporalDecomposition>
</VideoSegment>
<VideoSegment id="shot50_99">
<MediaTime>
<MediaTimePoint>T00:18:15:5823F30000</MediaTimePoint>
<MediaDuration>PT00H00M02S13073N30000F</MediaDuration>
</MediaTime>
<TemporalDecomposition>
<VideoSegment id="shot50_99_NRKF_1">
<MediaTime>
<MediaTimePoint>T00:18:15:18836F30000</MediaTimePoint>
</MediaTime>
</VideoSegment>
<VideoSegment id="shot50_99_RKF">
<MediaTime>
<MediaTimePoint>T00:18:16:11859F30000</MediaTimePoint>
</MediaTime>
</VideoSegment>
<VideoSegment id="shot50_99_NRKF_2">
<MediaTime>
<MediaTimePoint>T00:18:16:25873F30000</MediaTimePoint>
</MediaTime>
</VideoSegment>
</TemporalDecomposition>
</VideoSegment>
<VideoSegment id="shot50_100">
<MediaTime>
<MediaTimePoint>T00:18:17:18896F30000</MediaTimePoint>
<MediaDuration>PT00H00M03S24114N30000F</MediaDuration>
</MediaTime>
<TemporalDecomposition>
<VideoSegment id="shot50_100_RKF">
<MediaTime>
<MediaTimePoint>T00:18:19:14952F30000</MediaTimePoint>
</MediaTime>
</VideoSegment>
</TemporalDecomposition>
</VideoSegment>
<VideoSegment id="shot50_101">
<MediaTime>
<MediaTimePoint>T00:18:21:13010F30000</MediaTimePoint>
<MediaDuration>PT00H00M04S12132N30000F</MediaDuration>
</MediaTime>
<TemporalDecomposition>
<VideoSegment id="shot50_101_RKF">
<MediaTime>
<MediaTimePoint>T00:18:23:18075F30000</MediaTimePoint>
</MediaTime>
</VideoSegment>
</TemporalDecomposition>
</VideoSegment>
<VideoSegment id="shot50_102">
<MediaTime>
<MediaTimePoint>T00:18:25:25142F30000</MediaTimePoint>
<MediaDuration>PT00H00M03S13103N30000F</MediaDuration>
</MediaTime>
<TemporalDecomposition>
<VideoSegment id="shot50_102_RKF">
<MediaTime>
<MediaTimePoint>T00:18:27:16193F30000</MediaTimePoint>
</MediaTime>
</VideoSegment>
</TemporalDecomposition>
</VideoSegment>
<VideoSegment id="shot50_103">
<MediaTime>
<MediaTimePoint>T00:18:29:8245F30000</MediaTimePoint>
<MediaDuration>PT00H00M13S2392N30000F</MediaDuration>
</MediaTime>
<TemporalDecomposition>
<VideoSegment id="shot50_103_RKF">
<MediaTime>
<MediaTimePoint>T00:18:35:23440F30000</MediaTimePoint>
</MediaTime>
</VideoSegment>
</TemporalDecomposition>
</VideoSegment>
<VideoSegment id="shot50_104">
<MediaTime>
<MediaTimePoint>T00:18:42:10637F30000</MediaTimePoint>
<MediaDuration>PT00H00M04S25145N30000F</MediaDuration>
</MediaTime>
<TemporalDecomposition>
<VideoSegment id="shot50_104_NRKF_1">
<MediaTime>
<MediaTimePoint>T00:18:43:7664F30000</MediaTimePoint>
</MediaTime>
</VideoSegment>
<VideoSegment id="shot50_104_RKF">
<MediaTime>
<MediaTimePoint>T00:18:44:22709F30000</MediaTimePoint>
</MediaTime>
</VideoSegment>
<VideoSegment id="shot50_104_NRKF_2">
<MediaTime>
<MediaTimePoint>T00:18:45:19736F30000</MediaTimePoint>
</MediaTime>
</VideoSegment>
</TemporalDecomposition>
</VideoSegment>
<VideoSegment id="shot50_105">
<MediaTime>
<MediaTimePoint>T00:18:47:5782F30000</MediaTimePoint>
<MediaDuration>PT00H00M03S14104N30000F</MediaDuration>
</MediaTime>
<TemporalDecomposition>
<VideoSegment id="shot50_105_RKF">
<MediaTime>
<MediaTimePoint>T00:18:48:26833F30000</MediaTimePoint>
</MediaTime>
</VideoSegment>
</TemporalDecomposition>
</VideoSegment>
<VideoSegment id="shot50_106">
<MediaTime>
<MediaTimePoint>T00:18:50:19886F30000</MediaTimePoint>
<MediaDuration>PT00H00M02S2062N30000F</MediaDuration>
</MediaTime>
<TemporalDecomposition>
<VideoSegment id="shot50_106_NRKF_1">
<MediaTime>
<MediaTimePoint>T00:18:50:20887F30000</MediaTimePoint>
</MediaTime>
</VideoSegment>
<VideoSegment id="shot50_106_NRKF_2">
<MediaTime>
<MediaTimePoint>T00:18:50:27894F30000</MediaTimePoint>
</MediaTime>
</VideoSegment>
<VideoSegment id="shot50_106_NRKF_3">
<MediaTime>
<MediaTimePoint>T00:18:51:3900F30000</MediaTimePoint>
</MediaTime>
</VideoSegment>
<VideoSegment id="shot50_106_NRKF_4">
<MediaTime>
<MediaTimePoint>T00:18:51:14911F30000</MediaTimePoint>
</MediaTime>
</VideoSegment>
<VideoSegment id="shot50_106_RKF">
<MediaTime>
<MediaTimePoint>T00:18:51:19916F30000</MediaTimePoint>
</MediaTime>
</VideoSegment>
<VideoSegment id="shot50_106_NRKF_5">
<MediaTime>
<MediaTimePoint>T00:18:52:6933F30000</MediaTimePoint>
</MediaTime>
</VideoSegment>
</TemporalDecomposition>
</VideoSegment>
<VideoSegment id="shot50_107">
<MediaTime>
<MediaTimePoint>T00:18:52:21948F30000</MediaTimePoint>
<MediaDuration>PT00H00M04S3123N30000F</MediaDuration>
</MediaTime>
<TemporalDecomposition>
<VideoSegment id="shot50_107_NRKF_1">
<MediaTime>
<MediaTimePoint>T00:18:53:4961F30000</MediaTimePoint>
</MediaTime>
</VideoSegment>
<VideoSegment id="shot50_107_RKF">
<MediaTime>
<MediaTimePoint>T00:18:54:23009F30000</MediaTimePoint>
</MediaTime>
</VideoSegment>
<VideoSegment id="shot50_107_NRKF_2">
<MediaTime>
<MediaTimePoint>T00:18:55:7023F30000</MediaTimePoint>
</MediaTime>
</VideoSegment>
</TemporalDecomposition>
</VideoSegment>
<VideoSegment id="shot50_108">
<MediaTime>
<MediaTimePoint>T00:18:56:25071F30000</MediaTimePoint>
<MediaDuration>PT00H00M05S3153N30000F</MediaDuration>
</MediaTime>
<TemporalDecomposition>
<VideoSegment id="shot50_108_NRKF_1">
<MediaTime>
<MediaTimePoint>T00:18:56:28074F30000</MediaTimePoint>
</MediaTime>
</VideoSegment>
<VideoSegment id="shot50_108_NRKF_2">
<MediaTime>
<MediaTimePoint>T00:18:57:18094F30000</MediaTimePoint>
</MediaTime>
</VideoSegment>
<VideoSegment id="shot50_108_RKF">
<MediaTime>
<MediaTimePoint>T00:18:59:11147F30000</MediaTimePoint>
</MediaTime>
</VideoSegment>
<VideoSegment id="shot50_108_NRKF_3">
<MediaTime>
<MediaTimePoint>T00:19:00:1167F30000</MediaTimePoint>
</MediaTime>
</VideoSegment>
</TemporalDecomposition>
</VideoSegment>
<VideoSegment id="shot50_109">
<MediaTime>
<MediaTimePoint>T00:19:01:28224F30000</MediaTimePoint>
<MediaDuration>PT00H00M02S6066N30000F</MediaDuration>
</MediaTime>
<TemporalDecomposition>
<VideoSegment id="shot50_109_NRKF_1">
<MediaTime>
<MediaTimePoint>T00:19:02:18244F30000</MediaTimePoint>
</MediaTime>
</VideoSegment>
<VideoSegment id="shot50_109_RKF">
<MediaTime>
<MediaTimePoint>T00:19:03:256F30000</MediaTimePoint>
</MediaTime>
</VideoSegment>
<VideoSegment id="shot50_109_NRKF_2">
<MediaTime>
<MediaTimePoint>T00:19:03:21277F30000</MediaTimePoint>
</MediaTime>
</VideoSegment>
</TemporalDecomposition>
</VideoSegment>
<VideoSegment id="shot50_110">
<MediaTime>
<MediaTimePoint>T00:19:04:4290F30000</MediaTimePoint>
<MediaDuration>PT00H00M03S22112N30000F</MediaDuration>
</MediaTime>
<TemporalDecomposition>
<VideoSegment id="shot50_110_NRKF_1">
<MediaTime>
<MediaTimePoint>T00:19:04:13299F30000</MediaTimePoint>
</MediaTime>
</VideoSegment>
<VideoSegment id="shot50_110_NRKF_2">
<MediaTime>
<MediaTimePoint>T00:19:05:5321F30000</MediaTimePoint>
</MediaTime>
</VideoSegment>
<VideoSegment id="shot50_110_RKF">
<MediaTime>
<MediaTimePoint>T00:19:05:29345F30000</MediaTimePoint>
</MediaTime>
</VideoSegment>
<VideoSegment id="shot50_110_NRKF_3">
<MediaTime>
<MediaTimePoint>T00:19:06:21367F30000</MediaTimePoint>
</MediaTime>
</VideoSegment>
</TemporalDecomposition>
</VideoSegment>
<VideoSegment id="shot50_111">
<MediaTime>
<MediaTimePoint>T00:19:07:26402F30000</MediaTimePoint>
<MediaDuration>PT00H00M04S13133N30000F</MediaDuration>
</MediaTime>
<TemporalDecomposition>
<VideoSegment id="shot50_111_RKF">
<MediaTime>
<MediaTimePoint>T00:19:10:2468F30000</MediaTimePoint>
</MediaTime>
</VideoSegment>
</TemporalDecomposition>
</VideoSegment>
<VideoSegment id="shot50_112">
<MediaTime>
<MediaTimePoint>T00:19:12:9535F30000</MediaTimePoint>
<MediaDuration>PT00H00M04S15135N30000F</MediaDuration>
</MediaTime>
<TemporalDecomposition>
<VideoSegment id="shot50_112_RKF">
<MediaTime>
<MediaTimePoint>T00:19:14:16602F30000</MediaTimePoint>
</MediaTime>
</VideoSegment>
</TemporalDecomposition>
</VideoSegment>
<VideoSegment id="shot50_113">
<MediaTime>
<MediaTimePoint>T00:19:16:24670F30000</MediaTimePoint>
<MediaDuration>PT00H00M03S3093N30000F</MediaDuration>
</MediaTime>
<TemporalDecomposition>
<VideoSegment id="shot50_113_NRKF_1">
<MediaTime>
<MediaTimePoint>T00:19:17:17693F30000</MediaTimePoint>
</MediaTime>
</VideoSegment>
<VideoSegment id="shot50_113_RKF">
<MediaTime>
<MediaTimePoint>T00:19:18:10716F30000</MediaTimePoint>
</MediaTime>
</VideoSegment>
<VideoSegment id="shot50_113_NRKF_2">
<MediaTime>
<MediaTimePoint>T00:19:19:3739F30000</MediaTimePoint>
</MediaTime>
</VideoSegment>
</TemporalDecomposition>
</VideoSegment>
<VideoSegment id="shot50_114">
<MediaTime>
<MediaTimePoint>T00:19:19:27763F30000</MediaTimePoint>
<MediaDuration>PT00H00M05S17167N30000F</MediaDuration>
</MediaTime>
<TemporalDecomposition>
<VideoSegment id="shot50_114_NRKF_1">
<MediaTime>
<MediaTimePoint>T00:19:20:18784F30000</MediaTimePoint>
</MediaTime>
</VideoSegment>
<VideoSegment id="shot50_114_RKF">
<MediaTime>
<MediaTimePoint>T00:19:22:20846F30000</MediaTimePoint>
</MediaTime>
</VideoSegment>
<VideoSegment id="shot50_114_NRKF_2">
<MediaTime>
<MediaTimePoint>T00:19:23:12868F30000</MediaTimePoint>
</MediaTime>
</VideoSegment>
</TemporalDecomposition>
</VideoSegment>
<VideoSegment id="shot50_115">
<MediaTime>
<MediaTimePoint>T00:19:25:14930F30000</MediaTimePoint>
<MediaDuration>PT00H00M03S28118N30000F</MediaDuration>
</MediaTime>
<TemporalDecomposition>
<VideoSegment id="shot50_115_RKF">
<MediaTime>
<MediaTimePoint>T00:19:27:12988F30000</MediaTimePoint>
</MediaTime>
</VideoSegment>
</TemporalDecomposition>
</VideoSegment>
<VideoSegment id="shot50_116">
<MediaTime>
<MediaTimePoint>T00:19:29:13048F30000</MediaTimePoint>
<MediaDuration>PT00H00M02S4064N30000F</MediaDuration>
</MediaTime>
<TemporalDecomposition>
<VideoSegment id="shot50_116_RKF">
<MediaTime>
<MediaTimePoint>T00:19:30:14079F30000</MediaTimePoint>
</MediaTime>
</VideoSegment>
</TemporalDecomposition>
</VideoSegment>
<VideoSegment id="shot50_117">
<MediaTime>
<MediaTimePoint>T00:19:31:17112F30000</MediaTimePoint>
<MediaDuration>PT00H00M02S17077N30000F</MediaDuration>
</MediaTime>
<TemporalDecomposition>
<VideoSegment id="shot50_117_RKF">
<MediaTime>
<MediaTimePoint>T00:19:32:25150F30000</MediaTimePoint>
</MediaTime>
</VideoSegment>
</TemporalDecomposition>
</VideoSegment>
<VideoSegment id="shot50_118">
<MediaTime>
<MediaTimePoint>T00:19:34:4189F30000</MediaTimePoint>
<MediaDuration>PT00H00M02S19079N30000F</MediaDuration>
</MediaTime>
<TemporalDecomposition>
<VideoSegment id="shot50_118_NRKF_1">
<MediaTime>
<MediaTimePoint>T00:19:34:12197F30000</MediaTimePoint>
</MediaTime>
</VideoSegment>
<VideoSegment id="shot50_118_NRKF_2">
<MediaTime>
<MediaTimePoint>T00:19:34:27212F30000</MediaTimePoint>
</MediaTime>
</VideoSegment>
<VideoSegment id="shot50_118_RKF">
<MediaTime>
<MediaTimePoint>T00:19:35:13228F30000</MediaTimePoint>
</MediaTime>
</VideoSegment>
<VideoSegment id="shot50_118_NRKF_3">
<MediaTime>
<MediaTimePoint>T00:19:35:15230F30000</MediaTimePoint>
</MediaTime>
</VideoSegment>
<VideoSegment id="shot50_118_NRKF_4">
<MediaTime>
<MediaTimePoint>T00:19:35:28243F30000</MediaTimePoint>
</MediaTime>
</VideoSegment>
<VideoSegment id="shot50_118_NRKF_5">
<MediaTime>
<MediaTimePoint>T00:19:36:12257F30000</MediaTimePoint>
</MediaTime>
</VideoSegment>
</TemporalDecomposition>
</VideoSegment>
<VideoSegment id="shot50_119">
<MediaTime>
<MediaTimePoint>T00:19:36:23268F30000</MediaTimePoint>
<MediaDuration>PT00H00M04S18138N30000F</MediaDuration>
</MediaTime>
<TemporalDecomposition>
<VideoSegment id="shot50_119_NRKF_1">
<MediaTime>
<MediaTimePoint>T00:19:37:3278F30000</MediaTimePoint>
</MediaTime>
</VideoSegment>
<VideoSegment id="shot50_119_NRKF_2">
<MediaTime>
<MediaTimePoint>T00:19:37:29304F30000</MediaTimePoint>
</MediaTime>
</VideoSegment>
<VideoSegment id="shot50_119_RKF">
<MediaTime>
<MediaTimePoint>T00:19:39:1336F30000</MediaTimePoint>
</MediaTime>
</VideoSegment>
<VideoSegment id="shot50_119_NRKF_3">
<MediaTime>
<MediaTimePoint>T00:19:39:27362F30000</MediaTimePoint>
</MediaTime>
</VideoSegment>
</TemporalDecomposition>
</VideoSegment>
<VideoSegment id="shot50_120">
<MediaTime>
<MediaTimePoint>T00:19:41:11406F30000</MediaTimePoint>
<MediaDuration>PT00H00M03S1091N30000F</MediaDuration>
</MediaTime>
<TemporalDecomposition>
<VideoSegment id="shot50_120_NRKF_1">
<MediaTime>
<MediaTimePoint>T00:19:41:13408F30000</MediaTimePoint>
</MediaTime>
</VideoSegment>
<VideoSegment id="shot50_120_NRKF_2">
<MediaTime>
<MediaTimePoint>T00:19:41:29424F30000</MediaTimePoint>
</MediaTime>
</VideoSegment>
<VideoSegment id="shot50_120_NRKF_3">
<MediaTime>
<MediaTimePoint>T00:19:42:25450F30000</MediaTimePoint>
</MediaTime>
</VideoSegment>
<VideoSegment id="shot50_120_RKF">
<MediaTime>
<MediaTimePoint>T00:19:42:26451F30000</MediaTimePoint>
</MediaTime>
</VideoSegment>
<VideoSegment id="shot50_120_NRKF_4">
<MediaTime>
<MediaTimePoint>T00:19:43:25480F30000</MediaTimePoint>
</MediaTime>
</VideoSegment>
</TemporalDecomposition>
</VideoSegment>
<VideoSegment id="shot50_121">
<MediaTime>
<MediaTimePoint>T00:19:44:12497F30000</MediaTimePoint>
<MediaDuration>PT00H00M03S1091N30000F</MediaDuration>
</MediaTime>
<TemporalDecomposition>
<VideoSegment id="shot50_121_NRKF_1">
<MediaTime>
<MediaTimePoint>T00:19:44:29514F30000</MediaTimePoint>
</MediaTime>
</VideoSegment>
<VideoSegment id="shot50_121_RKF">
<MediaTime>
<MediaTimePoint>T00:19:45:27542F30000</MediaTimePoint>
</MediaTime>
</VideoSegment>
<VideoSegment id="shot50_121_NRKF_2">
<MediaTime>
<MediaTimePoint>T00:19:45:28543F30000</MediaTimePoint>
</MediaTime>
</VideoSegment>
<VideoSegment id="shot50_121_NRKF_3">
<MediaTime>
<MediaTimePoint>T00:19:46:26571F30000</MediaTimePoint>
</MediaTime>
</VideoSegment>
</TemporalDecomposition>
</VideoSegment>
<VideoSegment id="shot50_122">
<MediaTime>
<MediaTimePoint>T00:19:47:13588F30000</MediaTimePoint>
<MediaDuration>PT00H00M02S9069N30000F</MediaDuration>
</MediaTime>
<TemporalDecomposition>
<VideoSegment id="shot50_122_NRKF_1">
<MediaTime>
<MediaTimePoint>T00:19:47:29604F30000</MediaTimePoint>
</MediaTime>
</VideoSegment>
<VideoSegment id="shot50_122_RKF">
<MediaTime>
<MediaTimePoint>T00:19:48:17622F30000</MediaTimePoint>
</MediaTime>
</VideoSegment>
<VideoSegment id="shot50_122_NRKF_2">
<MediaTime>
<MediaTimePoint>T00:19:49:3638F30000</MediaTimePoint>
</MediaTime>
</VideoSegment>
</TemporalDecomposition>
</VideoSegment>
<VideoSegment id="shot50_123">
<MediaTime>
<MediaTimePoint>T00:19:49:22657F30000</MediaTimePoint>
<MediaDuration>PT00H00M02S1061N30000F</MediaDuration>
</MediaTime>
<TemporalDecomposition>
<VideoSegment id="shot50_123_NRKF_1">
<MediaTime>
<MediaTimePoint>T00:19:49:28663F30000</MediaTimePoint>
</MediaTime>
</VideoSegment>
<VideoSegment id="shot50_123_NRKF_2">
<MediaTime>
<MediaTimePoint>T00:19:50:15680F30000</MediaTimePoint>
</MediaTime>
</VideoSegment>
<VideoSegment id="shot50_123_RKF">
<MediaTime>
<MediaTimePoint>T00:19:50:22687F30000</MediaTimePoint>
</MediaTime>
</VideoSegment>
<VideoSegment id="shot50_123_NRKF_3">
<MediaTime>
<MediaTimePoint>T00:19:51:8703F30000</MediaTimePoint>
</MediaTime>
</VideoSegment>
</TemporalDecomposition>
</VideoSegment>
<VideoSegment id="shot50_124">
<MediaTime>
<MediaTimePoint>T00:19:51:23718F30000</MediaTimePoint>
<MediaDuration>PT00H00M02S15075N30000F</MediaDuration>
</MediaTime>
<TemporalDecomposition>
<VideoSegment id="shot50_124_NRKF_1">
<MediaTime>
<MediaTimePoint>T00:19:52:5730F30000</MediaTimePoint>
</MediaTime>
</VideoSegment>
<VideoSegment id="shot50_124_NRKF_2">
<MediaTime>
<MediaTimePoint>T00:19:53:755F30000</MediaTimePoint>
</MediaTime>
</VideoSegment>
<VideoSegment id="shot50_124_RKF">
<MediaTime>
<MediaTimePoint>T00:19:53:755F30000</MediaTimePoint>
</MediaTime>
</VideoSegment>
<VideoSegment id="shot50_124_NRKF_3">
<MediaTime>
<MediaTimePoint>T00:19:53:24779F30000</MediaTimePoint>
</MediaTime>
</VideoSegment>
</TemporalDecomposition>
</VideoSegment>
<VideoSegment id="shot50_125">
<MediaTime>
<MediaTimePoint>T00:19:54:8793F30000</MediaTimePoint>
<MediaDuration>PT00H00M02S11071N30000F</MediaDuration>
</MediaTime>
<TemporalDecomposition>
<VideoSegment id="shot50_125_NRKF_1">
<MediaTime>
<MediaTimePoint>T00:19:54:24809F30000</MediaTimePoint>
</MediaTime>
</VideoSegment>
<VideoSegment id="shot50_125_RKF">
<MediaTime>
<MediaTimePoint>T00:19:55:13828F30000</MediaTimePoint>
</MediaTime>
</VideoSegment>
<VideoSegment id="shot50_125_NRKF_2">
<MediaTime>
<MediaTimePoint>T00:19:55:29844F30000</MediaTimePoint>
</MediaTime>
</VideoSegment>
</TemporalDecomposition>
</VideoSegment>
<VideoSegment id="shot50_126">
<MediaTime>
<MediaTimePoint>T00:19:56:19864F30000</MediaTimePoint>
<MediaDuration>PT00H00M02S2062N30000F</MediaDuration>
</MediaTime>
<TemporalDecomposition>
<VideoSegment id="shot50_126_NRKF_1">
<MediaTime>
<MediaTimePoint>T00:19:57:2877F30000</MediaTimePoint>
</MediaTime>
</VideoSegment>
<VideoSegment id="shot50_126_RKF">
<MediaTime>
<MediaTimePoint>T00:19:57:19894F30000</MediaTimePoint>
</MediaTime>
</VideoSegment>
<VideoSegment id="shot50_126_NRKF_2">
<MediaTime>
<MediaTimePoint>T00:19:58:3908F30000</MediaTimePoint>
</MediaTime>
</VideoSegment>
</TemporalDecomposition>
</VideoSegment>
<VideoSegment id="shot50_127">
<MediaTime>
<MediaTimePoint>T00:19:58:21926F30000</MediaTimePoint>
<MediaDuration>PT00H00M02S3063N30000F</MediaDuration>
</MediaTime>
<TemporalDecomposition>
<VideoSegment id="shot50_127_NRKF_1">
<MediaTime>
<MediaTimePoint>T00:19:59:6941F30000</MediaTimePoint>
</MediaTime>
</VideoSegment>
<VideoSegment id="shot50_127_RKF">
<MediaTime>
<MediaTimePoint>T00:19:59:22957F30000</MediaTimePoint>
</MediaTime>
</VideoSegment>
<VideoSegment id="shot50_127_NRKF_2">
<MediaTime>
<MediaTimePoint>T00:20:00:8973F30000</MediaTimePoint>
</MediaTime>
</VideoSegment>
</TemporalDecomposition>
</VideoSegment>
<VideoSegment id="shot50_128">
<MediaTime>
<MediaTimePoint>T00:20:00:24989F30000</MediaTimePoint>
<MediaDuration>PT00H00M02S6066N30000F</MediaDuration>
</MediaTime>
<TemporalDecomposition>
<VideoSegment id="shot50_128_NRKF_1">
<MediaTime>
<MediaTimePoint>T00:20:01:9003F30000</MediaTimePoint>
</MediaTime>
</VideoSegment>
<VideoSegment id="shot50_128_RKF">
<MediaTime>
<MediaTimePoint>T00:20:01:27021F30000</MediaTimePoint>
</MediaTime>
</VideoSegment>
<VideoSegment id="shot50_128_NRKF_2">
<MediaTime>
<MediaTimePoint>T00:20:02:12036F30000</MediaTimePoint>
</MediaTime>
</VideoSegment>
</TemporalDecomposition>
</VideoSegment>
<VideoSegment id="shot50_129">
<MediaTime>
<MediaTimePoint>T00:20:03:1055F30000</MediaTimePoint>
<MediaDuration>PT00H00M03S6096N30000F</MediaDuration>
</MediaTime>
<TemporalDecomposition>
<VideoSegment id="shot50_129_NRKF_1">
<MediaTime>
<MediaTimePoint>T00:20:03:14068F30000</MediaTimePoint>
</MediaTime>
</VideoSegment>
<VideoSegment id="shot50_129_NRKF_2">
<MediaTime>
<MediaTimePoint>T00:20:04:12096F30000</MediaTimePoint>
</MediaTime>
</VideoSegment>
<VideoSegment id="shot50_129_RKF">
<MediaTime>
<MediaTimePoint>T00:20:04:18102F30000</MediaTimePoint>
</MediaTime>
</VideoSegment>
<VideoSegment id="shot50_129_NRKF_3">
<MediaTime>
<MediaTimePoint>T00:20:05:16130F30000</MediaTimePoint>
</MediaTime>
</VideoSegment>
</TemporalDecomposition>
</VideoSegment>
<VideoSegment id="shot50_130">
<MediaTime>
<MediaTimePoint>T00:20:06:7151F30000</MediaTimePoint>
<MediaDuration>PT00H00M02S4064N30000F</MediaDuration>
</MediaTime>
<TemporalDecomposition>
<VideoSegment id="shot50_130_NRKF_1">
<MediaTime>
<MediaTimePoint>T00:20:06:25169F30000</MediaTimePoint>
</MediaTime>
</VideoSegment>
<VideoSegment id="shot50_130_RKF">
<MediaTime>
<MediaTimePoint>T00:20:07:8182F30000</MediaTimePoint>
</MediaTime>
</VideoSegment>
<VideoSegment id="shot50_130_NRKF_2">
<MediaTime>
<MediaTimePoint>T00:20:07:27201F30000</MediaTimePoint>
</MediaTime>
</VideoSegment>
</TemporalDecomposition>
</VideoSegment>
<VideoSegment id="shot50_131">
<MediaTime>
<MediaTimePoint>T00:20:08:11215F30000</MediaTimePoint>
<MediaDuration>PT00H00M02S23083N30000F</MediaDuration>
</MediaTime>
<TemporalDecomposition>
<VideoSegment id="shot50_131_NRKF_1">
<MediaTime>
<MediaTimePoint>T00:20:08:23227F30000</MediaTimePoint>
</MediaTime>
</VideoSegment>
<VideoSegment id="shot50_131_RKF">
<MediaTime>
<MediaTimePoint>T00:20:09:22256F30000</MediaTimePoint>
</MediaTime>
</VideoSegment>
<VideoSegment id="shot50_131_NRKF_2">
<MediaTime>
<MediaTimePoint>T00:20:10:5269F30000</MediaTimePoint>
</MediaTime>
</VideoSegment>
</TemporalDecomposition>
</VideoSegment>
<VideoSegment id="shot50_132">
<MediaTime>
<MediaTimePoint>T00:20:11:4298F30000</MediaTimePoint>
<MediaDuration>PT00H00M03S24114N30000F</MediaDuration>
</MediaTime>
<TemporalDecomposition>
<VideoSegment id="shot50_132_RKF">
<MediaTime>
<MediaTimePoint>T00:20:13:354F30000</MediaTimePoint>
</MediaTime>
</VideoSegment>
</TemporalDecomposition>
</VideoSegment>
<VideoSegment id="shot50_133">
<MediaTime>
<MediaTimePoint>T00:20:14:28412F30000</MediaTimePoint>
<MediaDuration>PT00H00M02S6066N30000F</MediaDuration>
</MediaTime>
<TemporalDecomposition>
<VideoSegment id="shot50_133_RKF">
<MediaTime>
<MediaTimePoint>T00:20:16:444F30000</MediaTimePoint>
</MediaTime>
</VideoSegment>
</TemporalDecomposition>
</VideoSegment>
<VideoSegment id="shot50_134">
<MediaTime>
<MediaTimePoint>T00:20:17:4478F30000</MediaTimePoint>
<MediaDuration>PT00H00M06S1181N30000F</MediaDuration>
</MediaTime>
<TemporalDecomposition>
<VideoSegment id="shot50_134_NRKF_1">
<MediaTime>
<MediaTimePoint>T00:20:17:22496F30000</MediaTimePoint>
</MediaTime>
</VideoSegment>
<VideoSegment id="shot50_134_NRKF_2">
<MediaTime>
<MediaTimePoint>T00:20:18:22526F30000</MediaTimePoint>
</MediaTime>
</VideoSegment>
<VideoSegment id="shot50_134_RKF">
<MediaTime>
<MediaTimePoint>T00:20:20:4568F30000</MediaTimePoint>
</MediaTime>
</VideoSegment>
<VideoSegment id="shot50_134_NRKF_3">
<MediaTime>
<MediaTimePoint>T00:20:21:3597F30000</MediaTimePoint>
</MediaTime>
</VideoSegment>
</TemporalDecomposition>
</VideoSegment>
<VideoSegment id="shot50_135">
<MediaTime>
<MediaTimePoint>T00:20:23:5659F30000</MediaTimePoint>
<MediaDuration>PT00H00M03S12102N30000F</MediaDuration>
</MediaTime>
<TemporalDecomposition>
<VideoSegment id="shot50_135_RKF">
<MediaTime>
<MediaTimePoint>T00:20:24:25709F30000</MediaTimePoint>
</MediaTime>
</VideoSegment>
</TemporalDecomposition>
</VideoSegment>
<VideoSegment id="shot50_136">
<MediaTime>
<MediaTimePoint>T00:20:26:17761F30000</MediaTimePoint>
<MediaDuration>PT00H00M13S16406N30000F</MediaDuration>
</MediaTime>
<TemporalDecomposition>
<VideoSegment id="shot50_136_RKF">
<MediaTime>
<MediaTimePoint>T00:20:33:9963F30000</MediaTimePoint>
</MediaTime>
</VideoSegment>
</TemporalDecomposition>
</VideoSegment>
<VideoSegment id="shot50_137">
<MediaTime>
<MediaTimePoint>T00:20:40:4167F30000</MediaTimePoint>
<MediaDuration>PT00H00M08S17257N30000F</MediaDuration>
</MediaTime>
<TemporalDecomposition>
<VideoSegment id="shot50_137_RKF">
<MediaTime>
<MediaTimePoint>T00:20:44:12295F30000</MediaTimePoint>
</MediaTime>
</VideoSegment>
</TemporalDecomposition>
</VideoSegment>
<VideoSegment id="shot50_138">
<MediaTime>
<MediaTimePoint>T00:20:48:21424F30000</MediaTimePoint>
<MediaDuration>PT00H00M06S14194N30000F</MediaDuration>
</MediaTime>
<TemporalDecomposition>
<VideoSegment id="shot50_138_RKF">
<MediaTime>
<MediaTimePoint>T00:20:51:27520F30000</MediaTimePoint>
</MediaTime>
</VideoSegment>
</TemporalDecomposition>
</VideoSegment>
<VideoSegment id="shot50_139">
<MediaTime>
<MediaTimePoint>T00:20:55:5618F30000</MediaTimePoint>
<MediaDuration>PT00H00M33S4994N30000F</MediaDuration>
</MediaTime>
<TemporalDecomposition>
<VideoSegment id="shot50_139_RKF">
<MediaTime>
<MediaTimePoint>T00:21:11:22114F30000</MediaTimePoint>
</MediaTime>
</VideoSegment>
</TemporalDecomposition>
</VideoSegment>
<VideoSegment id="shot50_140">
<MediaTime>
<MediaTimePoint>T00:21:28:10612F30000</MediaTimePoint>
<MediaDuration>PT00H00M03S26116N30000F</MediaDuration>
</MediaTime>
<TemporalDecomposition>
<VideoSegment id="shot50_140_RKF">
<MediaTime>
<MediaTimePoint>T00:21:30:7669F30000</MediaTimePoint>
</MediaTime>
</VideoSegment>
</TemporalDecomposition>
</VideoSegment>
<VideoSegment id="shot50_141">
<MediaTime>
<MediaTimePoint>T00:21:32:6728F30000</MediaTimePoint>
<MediaDuration>PT00H00M02S17077N30000F</MediaDuration>
</MediaTime>
<TemporalDecomposition>
<VideoSegment id="shot50_141_RKF">
<MediaTime>
<MediaTimePoint>T00:21:33:14766F30000</MediaTimePoint>
</MediaTime>
</VideoSegment>
</TemporalDecomposition>
</VideoSegment>
<VideoSegment id="shot50_142">
<MediaTime>
<MediaTimePoint>T00:21:34:23805F30000</MediaTimePoint>
<MediaDuration>PT00H00M13S26416N30000F</MediaDuration>
</MediaTime>
<TemporalDecomposition>
<VideoSegment id="shot50_142_RKF">
<MediaTime>
<MediaTimePoint>T00:21:41:21012F30000</MediaTimePoint>
</MediaTime>
</VideoSegment>
</TemporalDecomposition>
</VideoSegment>
<VideoSegment id="shot50_143">
<MediaTime>
<MediaTimePoint>T00:21:48:20221F30000</MediaTimePoint>
<MediaDuration>PT00H00M04S18138N30000F</MediaDuration>
</MediaTime>
<TemporalDecomposition>
<VideoSegment id="shot50_143_RKF">
<MediaTime>
<MediaTimePoint>T00:21:50:28289F30000</MediaTimePoint>
</MediaTime>
</VideoSegment>
</TemporalDecomposition>
</VideoSegment>
<VideoSegment id="shot50_144">
<MediaTime>
<MediaTimePoint>T00:21:53:8359F30000</MediaTimePoint>
<MediaDuration>PT00H00M03S21111N30000F</MediaDuration>
</MediaTime>
<TemporalDecomposition>
<VideoSegment id="shot50_144_RKF">
<MediaTime>
<MediaTimePoint>T00:21:55:3414F30000</MediaTimePoint>
</MediaTime>
</VideoSegment>
</TemporalDecomposition>
</VideoSegment>
<VideoSegment id="shot50_145">
<MediaTime>
<MediaTimePoint>T00:21:56:29470F30000</MediaTimePoint>
<MediaDuration>PT00H00M03S10100N30000F</MediaDuration>
</MediaTime>
<TemporalDecomposition>
<VideoSegment id="shot50_145_RKF">
<MediaTime>
<MediaTimePoint>T00:21:58:18519F30000</MediaTimePoint>
</MediaTime>
</VideoSegment>
</TemporalDecomposition>
</VideoSegment>
<VideoSegment id="shot50_146">
<MediaTime>
<MediaTimePoint>T00:22:00:9570F30000</MediaTimePoint>
<MediaDuration>PT00H00M03S13103N30000F</MediaDuration>
</MediaTime>
<TemporalDecomposition>
<VideoSegment id="shot50_146_RKF">
<MediaTime>
<MediaTimePoint>T00:22:02:621F30000</MediaTimePoint>
</MediaTime>
</VideoSegment>
</TemporalDecomposition>
</VideoSegment>
<VideoSegment id="shot50_147">
<MediaTime>
<MediaTimePoint>T00:22:03:22673F30000</MediaTimePoint>
<MediaDuration>PT00H00M06S5185N30000F</MediaDuration>
</MediaTime>
<TemporalDecomposition>
<VideoSegment id="shot50_147_RKF">
<MediaTime>
<MediaTimePoint>T00:22:06:24765F30000</MediaTimePoint>
</MediaTime>
</VideoSegment>
</TemporalDecomposition>
</VideoSegment>
<VideoSegment id="shot50_148">
<MediaTime>
<MediaTimePoint>T00:22:09:27858F30000</MediaTimePoint>
<MediaDuration>PT00H00M05S21171N30000F</MediaDuration>
</MediaTime>
<TemporalDecomposition>
<VideoSegment id="shot50_148_RKF">
<MediaTime>
<MediaTimePoint>T00:22:12:22943F30000</MediaTimePoint>
</MediaTime>
</VideoSegment>
</TemporalDecomposition>
</VideoSegment>
<VideoSegment id="shot50_149">
<MediaTime>
<MediaTimePoint>T00:22:15:19029F30000</MediaTimePoint>
<MediaDuration>PT00H00M05S28178N30000F</MediaDuration>
</MediaTime>
<TemporalDecomposition>
<VideoSegment id="shot50_149_RKF">
<MediaTime>
<MediaTimePoint>T00:22:18:17117F30000</MediaTimePoint>
</MediaTime>
</VideoSegment>
</TemporalDecomposition>
</VideoSegment>
<VideoSegment id="shot50_150">
<MediaTime>
<MediaTimePoint>T00:22:21:17207F30000</MediaTimePoint>
<MediaDuration>PT00H00M03S11101N30000F</MediaDuration>
</MediaTime>
<TemporalDecomposition>
<VideoSegment id="shot50_150_RKF">
<MediaTime>
<MediaTimePoint>T00:22:23:7257F30000</MediaTimePoint>
</MediaTime>
</VideoSegment>
</TemporalDecomposition>
</VideoSegment>
<VideoSegment id="shot50_151">
<MediaTime>
<MediaTimePoint>T00:22:24:28308F30000</MediaTimePoint>
<MediaDuration>PT00H00M02S16076N30000F</MediaDuration>
</MediaTime>
<TemporalDecomposition>
<VideoSegment id="shot50_151_RKF">
<MediaTime>
<MediaTimePoint>T00:22:26:5345F30000</MediaTimePoint>
</MediaTime>
</VideoSegment>
</TemporalDecomposition>
</VideoSegment>
<VideoSegment id="shot50_152">
<MediaTime>
<MediaTimePoint>T00:22:27:14384F30000</MediaTimePoint>
<MediaDuration>PT00H00M06S16196N30000F</MediaDuration>
</MediaTime>
<TemporalDecomposition>
<VideoSegment id="shot50_152_RKF">
<MediaTime>
<MediaTimePoint>T00:22:30:21481F30000</MediaTimePoint>
</MediaTime>
</VideoSegment>
</TemporalDecomposition>
</VideoSegment>
<VideoSegment id="shot50_153">
<MediaTime>
<MediaTimePoint>T00:22:34:580F30000</MediaTimePoint>
<MediaDuration>PT00H00M27S1811N30000F</MediaDuration>
</MediaTime>
<TemporalDecomposition>
<VideoSegment id="shot50_153_RKF">
<MediaTime>
<MediaTimePoint>T00:22:47:15985F30000</MediaTimePoint>
</MediaTime>
</VideoSegment>
</TemporalDecomposition>
</VideoSegment>
<VideoSegment id="shot50_154">
<MediaTime>
<MediaTimePoint>T00:23:01:2391F30000</MediaTimePoint>
<MediaDuration>PT00H00M03S21111N30000F</MediaDuration>
</MediaTime>
<TemporalDecomposition>
<VideoSegment id="shot50_154_RKF">
<MediaTime>
<MediaTimePoint>T00:23:02:27446F30000</MediaTimePoint>
</MediaTime>
</VideoSegment>
</TemporalDecomposition>
</VideoSegment>
<VideoSegment id="shot50_155">
<MediaTime>
<MediaTimePoint>T00:23:04:23502F30000</MediaTimePoint>
<MediaDuration>PT00H00M13S9399N30000F</MediaDuration>
</MediaTime>
<TemporalDecomposition>
<VideoSegment id="shot50_155_RKF">
<MediaTime>
<MediaTimePoint>T00:23:11:12701F30000</MediaTimePoint>
</MediaTime>
</VideoSegment>
</TemporalDecomposition>
</VideoSegment>
<VideoSegment id="shot50_156">
<MediaTime>
<MediaTimePoint>T00:23:18:2901F30000</MediaTimePoint>
<MediaDuration>PT00H00M02S1061N30000F</MediaDuration>
</MediaTime>
<TemporalDecomposition>
<VideoSegment id="shot50_156_RKF">
<MediaTime>
<MediaTimePoint>T00:23:19:2931F30000</MediaTimePoint>
</MediaTime>
</VideoSegment>
</TemporalDecomposition>
</VideoSegment>
<VideoSegment id="shot50_157">
<MediaTime>
<MediaTimePoint>T00:23:20:3962F30000</MediaTimePoint>
<MediaDuration>PT00H00M03S1091N30000F</MediaDuration>
</MediaTime>
<TemporalDecomposition>
<VideoSegment id="shot50_157_RKF">
<MediaTime>
<MediaTimePoint>T00:23:21:19007F30000</MediaTimePoint>
</MediaTime>
</VideoSegment>
</TemporalDecomposition>
</VideoSegment>
<VideoSegment id="shot50_158">
<MediaTime>
<MediaTimePoint>T00:23:23:5053F30000</MediaTimePoint>
<MediaDuration>PT00H00M12S23383N30000F</MediaDuration>
</MediaTime>
<TemporalDecomposition>
<VideoSegment id="shot50_158_RKF">
<MediaTime>
<MediaTimePoint>T00:23:29:16244F30000</MediaTimePoint>
</MediaTime>
</VideoSegment>
</TemporalDecomposition>
</VideoSegment>
<VideoSegment id="shot50_159">
<MediaTime>
<MediaTimePoint>T00:23:35:28436F30000</MediaTimePoint>
<MediaDuration>PT00H00M03S11101N30000F</MediaDuration>
</MediaTime>
<TemporalDecomposition>
<VideoSegment id="shot50_159_RKF">
<MediaTime>
<MediaTimePoint>T00:23:37:18486F30000</MediaTimePoint>
</MediaTime>
</VideoSegment>
</TemporalDecomposition>
</VideoSegment>
<VideoSegment id="shot50_160">
<MediaTime>
<MediaTimePoint>T00:23:39:9537F30000</MediaTimePoint>
<MediaDuration>PT00H00M02S9069N30000F</MediaDuration>
</MediaTime>
<TemporalDecomposition>
<VideoSegment id="shot50_160_RKF">
<MediaTime>
<MediaTimePoint>T00:23:40:13571F30000</MediaTimePoint>
</MediaTime>
</VideoSegment>
</TemporalDecomposition>
</VideoSegment>
<VideoSegment id="shot50_161">
<MediaTime>
<MediaTimePoint>T00:23:41:18606F30000</MediaTimePoint>
<MediaDuration>PT00H00M10S26326N30000F</MediaDuration>
</MediaTime>
<TemporalDecomposition>
<VideoSegment id="shot50_161_RKF">
<MediaTime>
<MediaTimePoint>T00:23:47:768F30000</MediaTimePoint>
</MediaTime>
</VideoSegment>
</TemporalDecomposition>
</VideoSegment>
<VideoSegment id="shot50_162">
<MediaTime>
<MediaTimePoint>T00:23:52:14932F30000</MediaTimePoint>
<MediaDuration>PT00H00M09S8278N30000F</MediaDuration>
</MediaTime>
<TemporalDecomposition>
<VideoSegment id="shot50_162_RKF">
<MediaTime>
<MediaTimePoint>T00:23:57:3070F30000</MediaTimePoint>
</MediaTime>
</VideoSegment>
</TemporalDecomposition>
</VideoSegment>
<VideoSegment id="shot50_163">
<MediaTime>
<MediaTimePoint>T00:24:01:23210F30000</MediaTimePoint>
<MediaDuration>PT00H00M02S7067N30000F</MediaDuration>
</MediaTime>
<TemporalDecomposition>
<VideoSegment id="shot50_163_RKF">
<MediaTime>
<MediaTimePoint>T00:24:02:26243F30000</MediaTimePoint>
</MediaTime>
</VideoSegment>
</TemporalDecomposition>
</VideoSegment>
<VideoSegment id="shot50_164">
<MediaTime>
<MediaTimePoint>T00:24:04:277F30000</MediaTimePoint>
<MediaDuration>PT00H00M02S21081N30000F</MediaDuration>
</MediaTime>
<TemporalDecomposition>
<VideoSegment id="shot50_164_RKF">
<MediaTime>
<MediaTimePoint>T00:24:05:10317F30000</MediaTimePoint>
</MediaTime>
</VideoSegment>
</TemporalDecomposition>
</VideoSegment>
<VideoSegment id="shot50_165">
<MediaTime>
<MediaTimePoint>T00:24:06:21358F30000</MediaTimePoint>
<MediaDuration>PT00H00M07S13223N30000F</MediaDuration>
</MediaTime>
<TemporalDecomposition>
<VideoSegment id="shot50_165_RKF">
<MediaTime>
<MediaTimePoint>T00:24:10:12469F30000</MediaTimePoint>
</MediaTime>
</VideoSegment>
</TemporalDecomposition>
</VideoSegment>
<VideoSegment id="shot50_166">
<MediaTime>
<MediaTimePoint>T00:24:14:4581F30000</MediaTimePoint>
<MediaDuration>PT00H00M07S6216N30000F</MediaDuration>
</MediaTime>
<TemporalDecomposition>
<VideoSegment id="shot50_166_RKF">
<MediaTime>
<MediaTimePoint>T00:24:17:21688F30000</MediaTimePoint>
</MediaTime>
</VideoSegment>
</TemporalDecomposition>
</VideoSegment>
<VideoSegment id="shot50_167">
<MediaTime>
<MediaTimePoint>T00:24:21:10797F30000</MediaTimePoint>
<MediaDuration>PT00H00M04S26146N30000F</MediaDuration>
</MediaTime>
<TemporalDecomposition>
<VideoSegment id="shot50_167_RKF">
<MediaTime>
<MediaTimePoint>T00:24:23:22869F30000</MediaTimePoint>
</MediaTime>
</VideoSegment>
</TemporalDecomposition>
</VideoSegment>
<VideoSegment id="shot50_168">
<MediaTime>
<MediaTimePoint>T00:24:26:6943F30000</MediaTimePoint>
<MediaDuration>PT00H00M03S24114N30000F</MediaDuration>
</MediaTime>
<TemporalDecomposition>
<VideoSegment id="shot50_168_NRKF_1">
<MediaTime>
<MediaTimePoint>T00:24:26:20957F30000</MediaTimePoint>
</MediaTime>
</VideoSegment>
<VideoSegment id="shot50_168_RKF">
<MediaTime>
<MediaTimePoint>T00:24:28:2999F30000</MediaTimePoint>
</MediaTime>
</VideoSegment>
<VideoSegment id="shot50_168_NRKF_2">
<MediaTime>
<MediaTimePoint>T00:24:28:18014F30000</MediaTimePoint>
</MediaTime>
</VideoSegment>
</TemporalDecomposition>
</VideoSegment>
<VideoSegment id="shot50_169">
<MediaTime>
<MediaTimePoint>T00:24:30:1057F30000</MediaTimePoint>
<MediaDuration>PT00H00M03S7097N30000F</MediaDuration>
</MediaTime>
<TemporalDecomposition>
<VideoSegment id="shot50_169_RKF">
<MediaTime>
<MediaTimePoint>T00:24:31:19105F30000</MediaTimePoint>
</MediaTime>
</VideoSegment>
</TemporalDecomposition>
</VideoSegment>
<VideoSegment id="shot50_170">
<MediaTime>
<MediaTimePoint>T00:24:33:8154F30000</MediaTimePoint>
<MediaDuration>PT00H00M03S19109N30000F</MediaDuration>
</MediaTime>
<TemporalDecomposition>
<VideoSegment id="shot50_170_RKF">
<MediaTime>
<MediaTimePoint>T00:24:35:2208F30000</MediaTimePoint>
</MediaTime>
</VideoSegment>
</TemporalDecomposition>
</VideoSegment>
<VideoSegment id="shot50_171">
<MediaTime>
<MediaTimePoint>T00:24:36:27263F30000</MediaTimePoint>
<MediaDuration>PT00H00M02S9069N30000F</MediaDuration>
</MediaTime>
<TemporalDecomposition>
<VideoSegment id="shot50_171_RKF">
<MediaTime>
<MediaTimePoint>T00:24:38:1297F30000</MediaTimePoint>
</MediaTime>
</VideoSegment>
</TemporalDecomposition>
</VideoSegment>
<VideoSegment id="shot50_172">
<MediaTime>
<MediaTimePoint>T00:24:39:6332F30000</MediaTimePoint>
<MediaDuration>PT00H00M02S24084N30000F</MediaDuration>
</MediaTime>
<TemporalDecomposition>
<VideoSegment id="shot50_172_RKF">
<MediaTime>
<MediaTimePoint>T00:24:40:17373F30000</MediaTimePoint>
</MediaTime>
</VideoSegment>
</TemporalDecomposition>
</VideoSegment>
<VideoSegment id="shot50_173">
<MediaTime>
<MediaTimePoint>T00:24:42:416F30000</MediaTimePoint>
<MediaDuration>PT00H00M03S4094N30000F</MediaDuration>
</MediaTime>
<TemporalDecomposition>
<VideoSegment id="shot50_173_RKF">
<MediaTime>
<MediaTimePoint>T00:24:43:16462F30000</MediaTimePoint>
</MediaTime>
</VideoSegment>
</TemporalDecomposition>
</VideoSegment>
<VideoSegment id="shot50_174">
<MediaTime>
<MediaTimePoint>T00:24:45:4510F30000</MediaTimePoint>
<MediaDuration>PT00H00M13S25415N30000F</MediaDuration>
</MediaTime>
<TemporalDecomposition>
<VideoSegment id="shot50_174_RKF">
<MediaTime>
<MediaTimePoint>T00:24:52:1717F30000</MediaTimePoint>
</MediaTime>
</VideoSegment>
</TemporalDecomposition>
</VideoSegment>
</TemporalDecomposition>
</Video>
</MultimediaContent>
</Description>
</Mpeg7>
