<?xml version="1.0" encoding="UTF-8"?>
<Mpeg7 xmlns="urn:mpeg:mpeg7:schema:2001" xmlns:mpeg7="urn:mpeg:mpeg7:schema:2001" xmlns:xsi="http://www.w3.org/2001/XMLSchema-instance">
<Description xsi:type="ContentEntityType">
<MultimediaContent xsi:type="VideoType">
<Video id="TRECVID2005_57">
<MediaLocator>
<MediaUri>20041122_130000_LBC_LBCNEWS2_ARB.mpg</MediaUri>
</MediaLocator>
<MediaTime>
<MediaTimePoint>T00:00:00:0F30000</MediaTimePoint>
<MediaDuration>PT00H24M59S29955N30000F</MediaDuration>
</MediaTime>
<TemporalDecomposition gap="false" overlap="false">
<VideoSegment id="shot57_1">
<MediaTime>
<MediaTimePoint>T00:00:00:0F30000</MediaTimePoint>
<MediaDuration>PT00H00M15S16466N30000F</MediaDuration>
</MediaTime>
<TemporalDecomposition>
<VideoSegment id="shot57_1_RKF">
<MediaTime>
<MediaTimePoint>T00:00:07:22232F30000</MediaTimePoint>
</MediaTime>
</VideoSegment>
</TemporalDecomposition>
</VideoSegment>
<VideoSegment id="shot57_2">
<MediaTime>
<MediaTimePoint>T00:00:15:16466F30000</MediaTimePoint>
<MediaDuration>PT00H00M06S6186N30000F</MediaDuration>
</MediaTime>
<TemporalDecomposition>
<VideoSegment id="shot57_2_RKF">
<MediaTime>
<MediaTimePoint>T00:00:18:18558F30000</MediaTimePoint>
</MediaTime>
</VideoSegment>
</TemporalDecomposition>
</VideoSegment>
<VideoSegment id="shot57_3">
<MediaTime>
<MediaTimePoint>T00:00:21:22652F30000</MediaTimePoint>
<MediaDuration>PT00H00M04S1121N30000F</MediaDuration>
</MediaTime>
<TemporalDecomposition>
<VideoSegment id="shot57_3_RKF">
<MediaTime>
<MediaTimePoint>T00:00:23:22712F30000</MediaTimePoint>
</MediaTime>
</VideoSegment>
</TemporalDecomposition>
</VideoSegment>
<VideoSegment id="shot57_4">
<MediaTime>
<MediaTimePoint>T00:00:25:23773F30000</MediaTimePoint>
<MediaDuration>PT00H00M02S2062N30000F</MediaDuration>
</MediaTime>
<TemporalDecomposition>
<VideoSegment id="shot57_4_RKF">
<MediaTime>
<MediaTimePoint>T00:00:26:23803F30000</MediaTimePoint>
</MediaTime>
</VideoSegment>
</TemporalDecomposition>
</VideoSegment>
<VideoSegment id="shot57_5">
<MediaTime>
<MediaTimePoint>T00:00:27:25835F30000</MediaTimePoint>
<MediaDuration>PT00H00M03S8098N30000F</MediaDuration>
</MediaTime>
<TemporalDecomposition>
<VideoSegment id="shot57_5_NRKF_1">
<MediaTime>
<MediaTimePoint>T00:00:28:15855F30000</MediaTimePoint>
</MediaTime>
</VideoSegment>
<VideoSegment id="shot57_5_RKF">
<MediaTime>
<MediaTimePoint>T00:00:29:13883F30000</MediaTimePoint>
</MediaTime>
</VideoSegment>
<VideoSegment id="shot57_5_NRKF_2">
<MediaTime>
<MediaTimePoint>T00:00:30:4904F30000</MediaTimePoint>
</MediaTime>
</VideoSegment>
</TemporalDecomposition>
</VideoSegment>
<VideoSegment id="shot57_6">
<MediaTime>
<MediaTimePoint>T00:00:31:3933F30000</MediaTimePoint>
<MediaDuration>PT00H00M03S17107N30000F</MediaDuration>
</MediaTime>
<TemporalDecomposition>
<VideoSegment id="shot57_6_NRKF_1">
<MediaTime>
<MediaTimePoint>T00:00:32:2962F30000</MediaTimePoint>
</MediaTime>
</VideoSegment>
<VideoSegment id="shot57_6_RKF">
<MediaTime>
<MediaTimePoint>T00:00:32:26986F30000</MediaTimePoint>
</MediaTime>
</VideoSegment>
<VideoSegment id="shot57_6_NRKF_2">
<MediaTime>
<MediaTimePoint>T00:00:33:26015F30000</MediaTimePoint>
</MediaTime>
</VideoSegment>
</TemporalDecomposition>
</VideoSegment>
<VideoSegment id="shot57_7">
<MediaTime>
<MediaTimePoint>T00:00:34:21040F30000</MediaTimePoint>
<MediaDuration>PT00H00M04S120N30000F</MediaDuration>
</MediaTime>
<TemporalDecomposition>
<VideoSegment id="shot57_7_NRKF_1">
<MediaTime>
<MediaTimePoint>T00:00:35:18067F30000</MediaTimePoint>
</MediaTime>
</VideoSegment>
<VideoSegment id="shot57_7_RKF">
<MediaTime>
<MediaTimePoint>T00:00:36:20099F30000</MediaTimePoint>
</MediaTime>
</VideoSegment>
<VideoSegment id="shot57_7_NRKF_2">
<MediaTime>
<MediaTimePoint>T00:00:37:18127F30000</MediaTimePoint>
</MediaTime>
</VideoSegment>
</TemporalDecomposition>
</VideoSegment>
<VideoSegment id="shot57_8">
<MediaTime>
<MediaTimePoint>T00:00:38:21160F30000</MediaTimePoint>
<MediaDuration>PT00H00M02S7067N30000F</MediaDuration>
</MediaTime>
<TemporalDecomposition>
<VideoSegment id="shot57_8_RKF">
<MediaTime>
<MediaTimePoint>T00:00:39:24193F30000</MediaTimePoint>
</MediaTime>
</VideoSegment>
</TemporalDecomposition>
</VideoSegment>
<VideoSegment id="shot57_9">
<MediaTime>
<MediaTimePoint>T00:00:40:28227F30000</MediaTimePoint>
<MediaDuration>PT00H00M03S16106N30000F</MediaDuration>
</MediaTime>
<TemporalDecomposition>
<VideoSegment id="shot57_9_NRKF_1">
<MediaTime>
<MediaTimePoint>T00:00:41:25254F30000</MediaTimePoint>
</MediaTime>
</VideoSegment>
<VideoSegment id="shot57_9_RKF">
<MediaTime>
<MediaTimePoint>T00:00:42:20279F30000</MediaTimePoint>
</MediaTime>
</VideoSegment>
<VideoSegment id="shot57_9_NRKF_2">
<MediaTime>
<MediaTimePoint>T00:00:43:18307F30000</MediaTimePoint>
</MediaTime>
</VideoSegment>
</TemporalDecomposition>
</VideoSegment>
<VideoSegment id="shot57_10">
<MediaTime>
<MediaTimePoint>T00:00:44:14333F30000</MediaTimePoint>
<MediaDuration>PT00H00M03S7097N30000F</MediaDuration>
</MediaTime>
<TemporalDecomposition>
<VideoSegment id="shot57_10_NRKF_1">
<MediaTime>
<MediaTimePoint>T00:00:45:1350F30000</MediaTimePoint>
</MediaTime>
</VideoSegment>
<VideoSegment id="shot57_10_RKF">
<MediaTime>
<MediaTimePoint>T00:00:46:2381F30000</MediaTimePoint>
</MediaTime>
</VideoSegment>
<VideoSegment id="shot57_10_NRKF_2">
<MediaTime>
<MediaTimePoint>T00:00:46:20399F30000</MediaTimePoint>
</MediaTime>
</VideoSegment>
</TemporalDecomposition>
</VideoSegment>
<VideoSegment id="shot57_11">
<MediaTime>
<MediaTimePoint>T00:00:47:21430F30000</MediaTimePoint>
<MediaDuration>PT00H00M03S22112N30000F</MediaDuration>
</MediaTime>
<TemporalDecomposition>
<VideoSegment id="shot57_11_NRKF_1">
<MediaTime>
<MediaTimePoint>T00:00:48:19458F30000</MediaTimePoint>
</MediaTime>
</VideoSegment>
<VideoSegment id="shot57_11_RKF">
<MediaTime>
<MediaTimePoint>T00:00:49:16485F30000</MediaTimePoint>
</MediaTime>
</VideoSegment>
<VideoSegment id="shot57_11_NRKF_2">
<MediaTime>
<MediaTimePoint>T00:00:50:15514F30000</MediaTimePoint>
</MediaTime>
</VideoSegment>
</TemporalDecomposition>
</VideoSegment>
<VideoSegment id="shot57_12">
<MediaTime>
<MediaTimePoint>T00:00:51:13542F30000</MediaTimePoint>
<MediaDuration>PT00H00M04S120N30000F</MediaDuration>
</MediaTime>
<TemporalDecomposition>
<VideoSegment id="shot57_12_NRKF_1">
<MediaTime>
<MediaTimePoint>T00:00:52:6565F30000</MediaTimePoint>
</MediaTime>
</VideoSegment>
<VideoSegment id="shot57_12_RKF">
<MediaTime>
<MediaTimePoint>T00:00:53:12601F30000</MediaTimePoint>
</MediaTime>
</VideoSegment>
<VideoSegment id="shot57_12_NRKF_2">
<MediaTime>
<MediaTimePoint>T00:00:54:6625F30000</MediaTimePoint>
</MediaTime>
</VideoSegment>
</TemporalDecomposition>
</VideoSegment>
<VideoSegment id="shot57_13">
<MediaTime>
<MediaTimePoint>T00:00:55:13662F30000</MediaTimePoint>
<MediaDuration>PT00H00M02S10070N30000F</MediaDuration>
</MediaTime>
<TemporalDecomposition>
<VideoSegment id="shot57_13_RKF">
<MediaTime>
<MediaTimePoint>T00:00:56:17696F30000</MediaTimePoint>
</MediaTime>
</VideoSegment>
</TemporalDecomposition>
</VideoSegment>
<VideoSegment id="shot57_14">
<MediaTime>
<MediaTimePoint>T00:00:57:23732F30000</MediaTimePoint>
<MediaDuration>PT00H00M03S10100N30000F</MediaDuration>
</MediaTime>
<TemporalDecomposition>
<VideoSegment id="shot57_14_NRKF_1">
<MediaTime>
<MediaTimePoint>T00:00:58:20759F30000</MediaTimePoint>
</MediaTime>
</VideoSegment>
<VideoSegment id="shot57_14_RKF">
<MediaTime>
<MediaTimePoint>T00:00:59:12781F30000</MediaTimePoint>
</MediaTime>
</VideoSegment>
<VideoSegment id="shot57_14_NRKF_2">
<MediaTime>
<MediaTimePoint>T00:01:00:10809F30000</MediaTimePoint>
</MediaTime>
</VideoSegment>
</TemporalDecomposition>
</VideoSegment>
<VideoSegment id="shot57_15">
<MediaTime>
<MediaTimePoint>T00:01:01:3832F30000</MediaTimePoint>
<MediaDuration>PT00H00M02S22082N30000F</MediaDuration>
</MediaTime>
<TemporalDecomposition>
<VideoSegment id="shot57_15_NRKF_1">
<MediaTime>
<MediaTimePoint>T00:01:01:7836F30000</MediaTimePoint>
</MediaTime>
</VideoSegment>
<VideoSegment id="shot57_15_RKF">
<MediaTime>
<MediaTimePoint>T00:01:02:13872F30000</MediaTimePoint>
</MediaTime>
</VideoSegment>
<VideoSegment id="shot57_15_NRKF_2">
<MediaTime>
<MediaTimePoint>T00:01:02:18877F30000</MediaTimePoint>
</MediaTime>
</VideoSegment>
</TemporalDecomposition>
</VideoSegment>
<VideoSegment id="shot57_16">
<MediaTime>
<MediaTimePoint>T00:01:03:25914F30000</MediaTimePoint>
<MediaDuration>PT00H00M02S1061N30000F</MediaDuration>
</MediaTime>
<TemporalDecomposition>
<VideoSegment id="shot57_16_RKF">
<MediaTime>
<MediaTimePoint>T00:01:04:25944F30000</MediaTimePoint>
</MediaTime>
</VideoSegment>
</TemporalDecomposition>
</VideoSegment>
<VideoSegment id="shot57_17">
<MediaTime>
<MediaTimePoint>T00:01:05:26975F30000</MediaTimePoint>
<MediaDuration>PT00H00M03S2092N30000F</MediaDuration>
</MediaTime>
<TemporalDecomposition>
<VideoSegment id="shot57_17_NRKF_1">
<MediaTime>
<MediaTimePoint>T00:01:06:14993F30000</MediaTimePoint>
</MediaTime>
</VideoSegment>
<VideoSegment id="shot57_17_RKF">
<MediaTime>
<MediaTimePoint>T00:01:07:12020F30000</MediaTimePoint>
</MediaTime>
</VideoSegment>
<VideoSegment id="shot57_17_NRKF_2">
<MediaTime>
<MediaTimePoint>T00:01:08:1039F30000</MediaTimePoint>
</MediaTime>
</VideoSegment>
</TemporalDecomposition>
</VideoSegment>
<VideoSegment id="shot57_18">
<MediaTime>
<MediaTimePoint>T00:01:08:29067F30000</MediaTimePoint>
<MediaDuration>PT00H00M02S9069N30000F</MediaDuration>
</MediaTime>
<TemporalDecomposition>
<VideoSegment id="shot57_18_RKF">
<MediaTime>
<MediaTimePoint>T00:01:10:3101F30000</MediaTimePoint>
</MediaTime>
</VideoSegment>
</TemporalDecomposition>
</VideoSegment>
<VideoSegment id="shot57_19">
<MediaTime>
<MediaTimePoint>T00:01:11:8136F30000</MediaTimePoint>
<MediaDuration>PT00H00M03S26116N30000F</MediaDuration>
</MediaTime>
<TemporalDecomposition>
<VideoSegment id="shot57_19_NRKF_1">
<MediaTime>
<MediaTimePoint>T00:01:12:6164F30000</MediaTimePoint>
</MediaTime>
</VideoSegment>
<VideoSegment id="shot57_19_RKF">
<MediaTime>
<MediaTimePoint>T00:01:13:5193F30000</MediaTimePoint>
</MediaTime>
</VideoSegment>
<VideoSegment id="shot57_19_NRKF_2">
<MediaTime>
<MediaTimePoint>T00:01:14:4222F30000</MediaTimePoint>
</MediaTime>
</VideoSegment>
</TemporalDecomposition>
</VideoSegment>
<VideoSegment id="shot57_20">
<MediaTime>
<MediaTimePoint>T00:01:15:4252F30000</MediaTimePoint>
<MediaDuration>PT00H00M02S16076N30000F</MediaDuration>
</MediaTime>
<TemporalDecomposition>
<VideoSegment id="shot57_20_RKF">
<MediaTime>
<MediaTimePoint>T00:01:16:11289F30000</MediaTimePoint>
</MediaTime>
</VideoSegment>
</TemporalDecomposition>
</VideoSegment>
<VideoSegment id="shot57_21">
<MediaTime>
<MediaTimePoint>T00:01:17:20328F30000</MediaTimePoint>
<MediaDuration>PT00H00M03S9099N30000F</MediaDuration>
</MediaTime>
<TemporalDecomposition>
<VideoSegment id="shot57_21_NRKF_1">
<MediaTime>
<MediaTimePoint>T00:01:18:15353F30000</MediaTimePoint>
</MediaTime>
</VideoSegment>
<VideoSegment id="shot57_21_RKF">
<MediaTime>
<MediaTimePoint>T00:01:19:9377F30000</MediaTimePoint>
</MediaTime>
</VideoSegment>
<VideoSegment id="shot57_21_NRKF_2">
<MediaTime>
<MediaTimePoint>T00:01:20:4402F30000</MediaTimePoint>
</MediaTime>
</VideoSegment>
</TemporalDecomposition>
</VideoSegment>
<VideoSegment id="shot57_22">
<MediaTime>
<MediaTimePoint>T00:01:20:29427F30000</MediaTimePoint>
<MediaDuration>PT00H00M02S5065N30000F</MediaDuration>
</MediaTime>
<TemporalDecomposition>
<VideoSegment id="shot57_22_RKF">
<MediaTime>
<MediaTimePoint>T00:01:22:1459F30000</MediaTimePoint>
</MediaTime>
</VideoSegment>
</TemporalDecomposition>
</VideoSegment>
<VideoSegment id="shot57_23">
<MediaTime>
<MediaTimePoint>T00:01:23:4492F30000</MediaTimePoint>
<MediaDuration>PT00H00M06S7187N30000F</MediaDuration>
</MediaTime>
<TemporalDecomposition>
<VideoSegment id="shot57_23_RKF">
<MediaTime>
<MediaTimePoint>T00:01:26:7585F30000</MediaTimePoint>
</MediaTime>
</VideoSegment>
</TemporalDecomposition>
</VideoSegment>
<VideoSegment id="shot57_24">
<MediaTime>
<MediaTimePoint>T00:01:29:11679F30000</MediaTimePoint>
<MediaDuration>PT00H00M02S27087N30000F</MediaDuration>
</MediaTime>
<TemporalDecomposition>
<VideoSegment id="shot57_24_RKF">
<MediaTime>
<MediaTimePoint>T00:01:30:24722F30000</MediaTimePoint>
</MediaTime>
</VideoSegment>
</TemporalDecomposition>
</VideoSegment>
<VideoSegment id="shot57_25">
<MediaTime>
<MediaTimePoint>T00:01:32:8766F30000</MediaTimePoint>
<MediaDuration>PT00H00M02S4064N30000F</MediaDuration>
</MediaTime>
<TemporalDecomposition>
<VideoSegment id="shot57_25_RKF">
<MediaTime>
<MediaTimePoint>T00:01:33:9797F30000</MediaTimePoint>
</MediaTime>
</VideoSegment>
</TemporalDecomposition>
</VideoSegment>
<VideoSegment id="shot57_26">
<MediaTime>
<MediaTimePoint>T00:01:34:12830F30000</MediaTimePoint>
<MediaDuration>PT00H00M04S8128N30000F</MediaDuration>
</MediaTime>
<TemporalDecomposition>
<VideoSegment id="shot57_26_RKF">
<MediaTime>
<MediaTimePoint>T00:01:36:15893F30000</MediaTimePoint>
</MediaTime>
</VideoSegment>
</TemporalDecomposition>
</VideoSegment>
<VideoSegment id="shot57_27">
<MediaTime>
<MediaTimePoint>T00:01:38:20958F30000</MediaTimePoint>
<MediaDuration>PT00H00M03S16106N30000F</MediaDuration>
</MediaTime>
<TemporalDecomposition>
<VideoSegment id="shot57_27_RKF">
<MediaTime>
<MediaTimePoint>T00:01:40:13010F30000</MediaTimePoint>
</MediaTime>
</VideoSegment>
</TemporalDecomposition>
</VideoSegment>
<VideoSegment id="shot57_28">
<MediaTime>
<MediaTimePoint>T00:01:42:7064F30000</MediaTimePoint>
<MediaDuration>PT00H00M03S16106N30000F</MediaDuration>
</MediaTime>
<TemporalDecomposition>
<VideoSegment id="shot57_28_RKF">
<MediaTime>
<MediaTimePoint>T00:01:43:29116F30000</MediaTimePoint>
</MediaTime>
</VideoSegment>
</TemporalDecomposition>
</VideoSegment>
<VideoSegment id="shot57_29">
<MediaTime>
<MediaTimePoint>T00:01:45:23170F30000</MediaTimePoint>
<MediaDuration>PT00H00M02S15075N30000F</MediaDuration>
</MediaTime>
<TemporalDecomposition>
<VideoSegment id="shot57_29_RKF">
<MediaTime>
<MediaTimePoint>T00:01:47:207F30000</MediaTimePoint>
</MediaTime>
</VideoSegment>
</TemporalDecomposition>
</VideoSegment>
<VideoSegment id="shot57_30">
<MediaTime>
<MediaTimePoint>T00:01:48:8245F30000</MediaTimePoint>
<MediaDuration>PT00H00M03S13103N30000F</MediaDuration>
</MediaTime>
<TemporalDecomposition>
<VideoSegment id="shot57_30_RKF">
<MediaTime>
<MediaTimePoint>T00:01:49:29296F30000</MediaTimePoint>
</MediaTime>
</VideoSegment>
</TemporalDecomposition>
</VideoSegment>
<VideoSegment id="shot57_31">
<MediaTime>
<MediaTimePoint>T00:01:51:21348F30000</MediaTimePoint>
<MediaDuration>PT00H00M03S17107N30000F</MediaDuration>
</MediaTime>
<TemporalDecomposition>
<VideoSegment id="shot57_31_NRKF_1">
<MediaTime>
<MediaTimePoint>T00:01:52:18375F30000</MediaTimePoint>
</MediaTime>
</VideoSegment>
<VideoSegment id="shot57_31_RKF">
<MediaTime>
<MediaTimePoint>T00:01:53:14401F30000</MediaTimePoint>
</MediaTime>
</VideoSegment>
<VideoSegment id="shot57_31_NRKF_2">
<MediaTime>
<MediaTimePoint>T00:01:54:11428F30000</MediaTimePoint>
</MediaTime>
</VideoSegment>
</TemporalDecomposition>
</VideoSegment>
<VideoSegment id="shot57_32">
<MediaTime>
<MediaTimePoint>T00:01:55:8455F30000</MediaTimePoint>
<MediaDuration>PT00H00M03S2092N30000F</MediaDuration>
</MediaTime>
<TemporalDecomposition>
<VideoSegment id="shot57_32_NRKF_1">
<MediaTime>
<MediaTimePoint>T00:01:56:2479F30000</MediaTimePoint>
</MediaTime>
</VideoSegment>
<VideoSegment id="shot57_32_RKF">
<MediaTime>
<MediaTimePoint>T00:01:56:23500F30000</MediaTimePoint>
</MediaTime>
</VideoSegment>
<VideoSegment id="shot57_32_NRKF_2">
<MediaTime>
<MediaTimePoint>T00:01:57:18525F30000</MediaTimePoint>
</MediaTime>
</VideoSegment>
</TemporalDecomposition>
</VideoSegment>
<VideoSegment id="shot57_33">
<MediaTime>
<MediaTimePoint>T00:01:58:10547F30000</MediaTimePoint>
<MediaDuration>PT00H00M02S26086N30000F</MediaDuration>
</MediaTime>
<TemporalDecomposition>
<VideoSegment id="shot57_33_RKF">
<MediaTime>
<MediaTimePoint>T00:01:59:22589F30000</MediaTimePoint>
</MediaTime>
</VideoSegment>
</TemporalDecomposition>
</VideoSegment>
<VideoSegment id="shot57_34">
<MediaTime>
<MediaTimePoint>T00:02:01:6633F30000</MediaTimePoint>
<MediaDuration>PT00H00M05S24174N30000F</MediaDuration>
</MediaTime>
<TemporalDecomposition>
<VideoSegment id="shot57_34_NRKF_1">
<MediaTime>
<MediaTimePoint>T00:02:01:29656F30000</MediaTimePoint>
</MediaTime>
</VideoSegment>
<VideoSegment id="shot57_34_RKF">
<MediaTime>
<MediaTimePoint>T00:02:04:2719F30000</MediaTimePoint>
</MediaTime>
</VideoSegment>
<VideoSegment id="shot57_34_NRKF_2">
<MediaTime>
<MediaTimePoint>T00:02:04:26743F30000</MediaTimePoint>
</MediaTime>
</VideoSegment>
</TemporalDecomposition>
</VideoSegment>
<VideoSegment id="shot57_35">
<MediaTime>
<MediaTimePoint>T00:02:07:807F30000</MediaTimePoint>
<MediaDuration>PT00H00M03S5095N30000F</MediaDuration>
</MediaTime>
<TemporalDecomposition>
<VideoSegment id="shot57_35_RKF">
<MediaTime>
<MediaTimePoint>T00:02:08:17854F30000</MediaTimePoint>
</MediaTime>
</VideoSegment>
</TemporalDecomposition>
</VideoSegment>
<VideoSegment id="shot57_36">
<MediaTime>
<MediaTimePoint>T00:02:10:5902F30000</MediaTimePoint>
<MediaDuration>PT00H00M03S26116N30000F</MediaDuration>
</MediaTime>
<TemporalDecomposition>
<VideoSegment id="shot57_36_RKF">
<MediaTime>
<MediaTimePoint>T00:02:12:2959F30000</MediaTimePoint>
</MediaTime>
</VideoSegment>
</TemporalDecomposition>
</VideoSegment>
<VideoSegment id="shot57_37">
<MediaTime>
<MediaTimePoint>T00:02:14:2018F30000</MediaTimePoint>
<MediaDuration>PT00H00M02S12072N30000F</MediaDuration>
</MediaTime>
<TemporalDecomposition>
<VideoSegment id="shot57_37_RKF">
<MediaTime>
<MediaTimePoint>T00:02:15:7053F30000</MediaTimePoint>
</MediaTime>
</VideoSegment>
</TemporalDecomposition>
</VideoSegment>
<VideoSegment id="shot57_38">
<MediaTime>
<MediaTimePoint>T00:02:16:14090F30000</MediaTimePoint>
<MediaDuration>PT00H00M02S2062N30000F</MediaDuration>
</MediaTime>
<TemporalDecomposition>
<VideoSegment id="shot57_38_RKF">
<MediaTime>
<MediaTimePoint>T00:02:17:14120F30000</MediaTimePoint>
</MediaTime>
</VideoSegment>
</TemporalDecomposition>
</VideoSegment>
<VideoSegment id="shot57_39">
<MediaTime>
<MediaTimePoint>T00:02:18:16152F30000</MediaTimePoint>
<MediaDuration>PT00H00M02S17077N30000F</MediaDuration>
</MediaTime>
<TemporalDecomposition>
<VideoSegment id="shot57_39_RKF">
<MediaTime>
<MediaTimePoint>T00:02:19:24190F30000</MediaTimePoint>
</MediaTime>
</VideoSegment>
</TemporalDecomposition>
</VideoSegment>
<VideoSegment id="shot57_40">
<MediaTime>
<MediaTimePoint>T00:02:21:3229F30000</MediaTimePoint>
<MediaDuration>PT00H00M04S6126N30000F</MediaDuration>
</MediaTime>
<TemporalDecomposition>
<VideoSegment id="shot57_40_RKF">
<MediaTime>
<MediaTimePoint>T00:02:23:5291F30000</MediaTimePoint>
</MediaTime>
</VideoSegment>
</TemporalDecomposition>
</VideoSegment>
<VideoSegment id="shot57_41">
<MediaTime>
<MediaTimePoint>T00:02:25:9355F30000</MediaTimePoint>
<MediaDuration>PT00H00M03S9099N30000F</MediaDuration>
</MediaTime>
<TemporalDecomposition>
<VideoSegment id="shot57_41_NRKF_1">
<MediaTime>
<MediaTimePoint>T00:02:26:3379F30000</MediaTimePoint>
</MediaTime>
</VideoSegment>
<VideoSegment id="shot57_41_RKF">
<MediaTime>
<MediaTimePoint>T00:02:26:28404F30000</MediaTimePoint>
</MediaTime>
</VideoSegment>
<VideoSegment id="shot57_41_NRKF_2">
<MediaTime>
<MediaTimePoint>T00:02:27:22428F30000</MediaTimePoint>
</MediaTime>
</VideoSegment>
</TemporalDecomposition>
</VideoSegment>
<VideoSegment id="shot57_42">
<MediaTime>
<MediaTimePoint>T00:02:28:18454F30000</MediaTimePoint>
<MediaDuration>PT00H00M02S12072N30000F</MediaDuration>
</MediaTime>
<TemporalDecomposition>
<VideoSegment id="shot57_42_RKF">
<MediaTime>
<MediaTimePoint>T00:02:29:23489F30000</MediaTimePoint>
</MediaTime>
</VideoSegment>
</TemporalDecomposition>
</VideoSegment>
<VideoSegment id="shot57_43">
<MediaTime>
<MediaTimePoint>T00:02:31:526F30000</MediaTimePoint>
<MediaDuration>PT00H00M03S90N30000F</MediaDuration>
</MediaTime>
<TemporalDecomposition>
<VideoSegment id="shot57_43_RKF">
<MediaTime>
<MediaTimePoint>T00:02:32:14570F30000</MediaTimePoint>
</MediaTime>
</VideoSegment>
</TemporalDecomposition>
</VideoSegment>
<VideoSegment id="shot57_44">
<MediaTime>
<MediaTimePoint>T00:02:34:616F30000</MediaTimePoint>
<MediaDuration>PT00H00M02S6066N30000F</MediaDuration>
</MediaTime>
<TemporalDecomposition>
<VideoSegment id="shot57_44_RKF">
<MediaTime>
<MediaTimePoint>T00:02:35:2648F30000</MediaTimePoint>
</MediaTime>
</VideoSegment>
</TemporalDecomposition>
</VideoSegment>
<VideoSegment id="shot57_45">
<MediaTime>
<MediaTimePoint>T00:02:36:6682F30000</MediaTimePoint>
<MediaDuration>PT00H00M03S18108N30000F</MediaDuration>
</MediaTime>
<TemporalDecomposition>
<VideoSegment id="shot57_45_RKF">
<MediaTime>
<MediaTimePoint>T00:02:37:29735F30000</MediaTimePoint>
</MediaTime>
</VideoSegment>
</TemporalDecomposition>
</VideoSegment>
<VideoSegment id="shot57_46">
<MediaTime>
<MediaTimePoint>T00:02:39:24790F30000</MediaTimePoint>
<MediaDuration>PT00H00M03S14104N30000F</MediaDuration>
</MediaTime>
<TemporalDecomposition>
<VideoSegment id="shot57_46_NRKF_1">
<MediaTime>
<MediaTimePoint>T00:02:40:8804F30000</MediaTimePoint>
</MediaTime>
</VideoSegment>
<VideoSegment id="shot57_46_RKF">
<MediaTime>
<MediaTimePoint>T00:02:41:15841F30000</MediaTimePoint>
</MediaTime>
</VideoSegment>
<VideoSegment id="shot57_46_NRKF_2">
<MediaTime>
<MediaTimePoint>T00:02:42:856F30000</MediaTimePoint>
</MediaTime>
</VideoSegment>
</TemporalDecomposition>
</VideoSegment>
<VideoSegment id="shot57_47">
<MediaTime>
<MediaTimePoint>T00:02:43:8894F30000</MediaTimePoint>
<MediaDuration>PT00H00M03S1091N30000F</MediaDuration>
</MediaTime>
<TemporalDecomposition>
<VideoSegment id="shot57_47_RKF">
<MediaTime>
<MediaTimePoint>T00:02:44:23939F30000</MediaTimePoint>
</MediaTime>
</VideoSegment>
</TemporalDecomposition>
</VideoSegment>
<VideoSegment id="shot57_48">
<MediaTime>
<MediaTimePoint>T00:02:46:9985F30000</MediaTimePoint>
<MediaDuration>PT00H00M02S11071N30000F</MediaDuration>
</MediaTime>
<TemporalDecomposition>
<VideoSegment id="shot57_48_RKF">
<MediaTime>
<MediaTimePoint>T00:02:47:15020F30000</MediaTimePoint>
</MediaTime>
</VideoSegment>
</TemporalDecomposition>
</VideoSegment>
<VideoSegment id="shot57_49">
<MediaTime>
<MediaTimePoint>T00:02:48:21056F30000</MediaTimePoint>
<MediaDuration>PT00H00M03S13103N30000F</MediaDuration>
</MediaTime>
<TemporalDecomposition>
<VideoSegment id="shot57_49_RKF">
<MediaTime>
<MediaTimePoint>T00:02:50:12107F30000</MediaTimePoint>
</MediaTime>
</VideoSegment>
</TemporalDecomposition>
</VideoSegment>
<VideoSegment id="shot57_50">
<MediaTime>
<MediaTimePoint>T00:02:52:4159F30000</MediaTimePoint>
<MediaDuration>PT00H00M02S13073N30000F</MediaDuration>
</MediaTime>
<TemporalDecomposition>
<VideoSegment id="shot57_50_RKF">
<MediaTime>
<MediaTimePoint>T00:02:53:10195F30000</MediaTimePoint>
</MediaTime>
</VideoSegment>
</TemporalDecomposition>
</VideoSegment>
<VideoSegment id="shot57_51">
<MediaTime>
<MediaTimePoint>T00:02:54:17232F30000</MediaTimePoint>
<MediaDuration>PT00H00M05S10160N30000F</MediaDuration>
</MediaTime>
<TemporalDecomposition>
<VideoSegment id="shot57_51_RKF">
<MediaTime>
<MediaTimePoint>T00:02:57:6311F30000</MediaTimePoint>
</MediaTime>
</VideoSegment>
</TemporalDecomposition>
</VideoSegment>
<VideoSegment id="shot57_52">
<MediaTime>
<MediaTimePoint>T00:02:59:27392F30000</MediaTimePoint>
<MediaDuration>PT00H00M02S20080N30000F</MediaDuration>
</MediaTime>
<TemporalDecomposition>
<VideoSegment id="shot57_52_RKF">
<MediaTime>
<MediaTimePoint>T00:03:01:6431F30000</MediaTimePoint>
</MediaTime>
</VideoSegment>
</TemporalDecomposition>
</VideoSegment>
<VideoSegment id="shot57_53">
<MediaTime>
<MediaTimePoint>T00:03:02:17472F30000</MediaTimePoint>
<MediaDuration>PT00H00M02S12072N30000F</MediaDuration>
</MediaTime>
<TemporalDecomposition>
<VideoSegment id="shot57_53_RKF">
<MediaTime>
<MediaTimePoint>T00:03:03:22507F30000</MediaTimePoint>
</MediaTime>
</VideoSegment>
</TemporalDecomposition>
</VideoSegment>
<VideoSegment id="shot57_54">
<MediaTime>
<MediaTimePoint>T00:03:04:29544F30000</MediaTimePoint>
<MediaDuration>PT00H00M07S17227N30000F</MediaDuration>
</MediaTime>
<TemporalDecomposition>
<VideoSegment id="shot57_54_RKF">
<MediaTime>
<MediaTimePoint>T00:03:08:22657F30000</MediaTimePoint>
</MediaTime>
</VideoSegment>
</TemporalDecomposition>
</VideoSegment>
<VideoSegment id="shot57_55">
<MediaTime>
<MediaTimePoint>T00:03:12:16771F30000</MediaTimePoint>
<MediaDuration>PT00H00M03S8098N30000F</MediaDuration>
</MediaTime>
<TemporalDecomposition>
<VideoSegment id="shot57_55_NRKF_1">
<MediaTime>
<MediaTimePoint>T00:03:13:8793F30000</MediaTimePoint>
</MediaTime>
</VideoSegment>
<VideoSegment id="shot57_55_RKF">
<MediaTime>
<MediaTimePoint>T00:03:14:4819F30000</MediaTimePoint>
</MediaTime>
</VideoSegment>
<VideoSegment id="shot57_55_NRKF_2">
<MediaTime>
<MediaTimePoint>T00:03:14:27842F30000</MediaTimePoint>
</MediaTime>
</VideoSegment>
</TemporalDecomposition>
</VideoSegment>
<VideoSegment id="shot57_56">
<MediaTime>
<MediaTimePoint>T00:03:15:24869F30000</MediaTimePoint>
<MediaDuration>PT00H00M03S14104N30000F</MediaDuration>
</MediaTime>
<TemporalDecomposition>
<VideoSegment id="shot57_56_NRKF_1">
<MediaTime>
<MediaTimePoint>T00:03:16:21896F30000</MediaTimePoint>
</MediaTime>
</VideoSegment>
<VideoSegment id="shot57_56_RKF">
<MediaTime>
<MediaTimePoint>T00:03:17:15920F30000</MediaTimePoint>
</MediaTime>
</VideoSegment>
<VideoSegment id="shot57_56_NRKF_2">
<MediaTime>
<MediaTimePoint>T00:03:18:13948F30000</MediaTimePoint>
</MediaTime>
</VideoSegment>
</TemporalDecomposition>
</VideoSegment>
<VideoSegment id="shot57_57">
<MediaTime>
<MediaTimePoint>T00:03:19:8973F30000</MediaTimePoint>
<MediaDuration>PT00H00M03S19109N30000F</MediaDuration>
</MediaTime>
<TemporalDecomposition>
<VideoSegment id="shot57_57_NRKF_1">
<MediaTime>
<MediaTimePoint>T00:03:20:3998F30000</MediaTimePoint>
</MediaTime>
</VideoSegment>
<VideoSegment id="shot57_57_RKF">
<MediaTime>
<MediaTimePoint>T00:03:21:3027F30000</MediaTimePoint>
</MediaTime>
</VideoSegment>
<VideoSegment id="shot57_57_NRKF_2">
<MediaTime>
<MediaTimePoint>T00:03:21:29053F30000</MediaTimePoint>
</MediaTime>
</VideoSegment>
</TemporalDecomposition>
</VideoSegment>
<VideoSegment id="shot57_58">
<MediaTime>
<MediaTimePoint>T00:03:22:28082F30000</MediaTimePoint>
<MediaDuration>PT00H00M03S29119N30000F</MediaDuration>
</MediaTime>
<TemporalDecomposition>
<VideoSegment id="shot57_58_NRKF_1">
<MediaTime>
<MediaTimePoint>T00:03:23:21105F30000</MediaTimePoint>
</MediaTime>
</VideoSegment>
<VideoSegment id="shot57_58_RKF">
<MediaTime>
<MediaTimePoint>T00:03:24:27141F30000</MediaTimePoint>
</MediaTime>
</VideoSegment>
<VideoSegment id="shot57_58_NRKF_2">
<MediaTime>
<MediaTimePoint>T00:03:25:20164F30000</MediaTimePoint>
</MediaTime>
</VideoSegment>
</TemporalDecomposition>
</VideoSegment>
<VideoSegment id="shot57_59">
<MediaTime>
<MediaTimePoint>T00:03:26:27201F30000</MediaTimePoint>
<MediaDuration>PT00H00M02S26086N30000F</MediaDuration>
</MediaTime>
<TemporalDecomposition>
<VideoSegment id="shot57_59_RKF">
<MediaTime>
<MediaTimePoint>T00:03:28:9243F30000</MediaTimePoint>
</MediaTime>
</VideoSegment>
</TemporalDecomposition>
</VideoSegment>
<VideoSegment id="shot57_60">
<MediaTime>
<MediaTimePoint>T00:03:29:23287F30000</MediaTimePoint>
<MediaDuration>PT00H00M04S6126N30000F</MediaDuration>
</MediaTime>
<TemporalDecomposition>
<VideoSegment id="shot57_60_RKF">
<MediaTime>
<MediaTimePoint>T00:03:31:25349F30000</MediaTimePoint>
</MediaTime>
</VideoSegment>
</TemporalDecomposition>
</VideoSegment>
<VideoSegment id="shot57_61">
<MediaTime>
<MediaTimePoint>T00:03:33:29413F30000</MediaTimePoint>
<MediaDuration>PT00H00M03S20110N30000F</MediaDuration>
</MediaTime>
<TemporalDecomposition>
<VideoSegment id="shot57_61_RKF">
<MediaTime>
<MediaTimePoint>T00:03:35:23467F30000</MediaTimePoint>
</MediaTime>
</VideoSegment>
</TemporalDecomposition>
</VideoSegment>
<VideoSegment id="shot57_62">
<MediaTime>
<MediaTimePoint>T00:03:37:19523F30000</MediaTimePoint>
<MediaDuration>PT00H00M03S19109N30000F</MediaDuration>
</MediaTime>
<TemporalDecomposition>
<VideoSegment id="shot57_62_RKF">
<MediaTime>
<MediaTimePoint>T00:03:39:13577F30000</MediaTimePoint>
</MediaTime>
</VideoSegment>
</TemporalDecomposition>
</VideoSegment>
<VideoSegment id="shot57_63">
<MediaTime>
<MediaTimePoint>T00:03:41:8632F30000</MediaTimePoint>
<MediaDuration>PT00H00M02S17077N30000F</MediaDuration>
</MediaTime>
<TemporalDecomposition>
<VideoSegment id="shot57_63_RKF">
<MediaTime>
<MediaTimePoint>T00:03:42:16670F30000</MediaTimePoint>
</MediaTime>
</VideoSegment>
</TemporalDecomposition>
</VideoSegment>
<VideoSegment id="shot57_64">
<MediaTime>
<MediaTimePoint>T00:03:43:25709F30000</MediaTimePoint>
<MediaDuration>PT00H00M02S6066N30000F</MediaDuration>
</MediaTime>
<TemporalDecomposition>
<VideoSegment id="shot57_64_RKF">
<MediaTime>
<MediaTimePoint>T00:03:44:27741F30000</MediaTimePoint>
</MediaTime>
</VideoSegment>
</TemporalDecomposition>
</VideoSegment>
<VideoSegment id="shot57_65">
<MediaTime>
<MediaTimePoint>T00:03:46:1775F30000</MediaTimePoint>
<MediaDuration>PT00H00M02S29089N30000F</MediaDuration>
</MediaTime>
<TemporalDecomposition>
<VideoSegment id="shot57_65_RKF">
<MediaTime>
<MediaTimePoint>T00:03:47:15819F30000</MediaTimePoint>
</MediaTime>
</VideoSegment>
</TemporalDecomposition>
</VideoSegment>
<VideoSegment id="shot57_66">
<MediaTime>
<MediaTimePoint>T00:03:49:864F30000</MediaTimePoint>
<MediaDuration>PT00H00M04S120N30000F</MediaDuration>
</MediaTime>
<TemporalDecomposition>
<VideoSegment id="shot57_66_RKF">
<MediaTime>
<MediaTimePoint>T00:03:50:29923F30000</MediaTimePoint>
</MediaTime>
</VideoSegment>
</TemporalDecomposition>
</VideoSegment>
<VideoSegment id="shot57_67">
<MediaTime>
<MediaTimePoint>T00:03:53:984F30000</MediaTimePoint>
<MediaDuration>PT00H00M05S8158N30000F</MediaDuration>
</MediaTime>
<TemporalDecomposition>
<VideoSegment id="shot57_67_RKF">
<MediaTime>
<MediaTimePoint>T00:03:55:19062F30000</MediaTimePoint>
</MediaTime>
</VideoSegment>
</TemporalDecomposition>
</VideoSegment>
<VideoSegment id="shot57_68">
<MediaTime>
<MediaTimePoint>T00:03:58:9142F30000</MediaTimePoint>
<MediaDuration>PT00H00M02S27087N30000F</MediaDuration>
</MediaTime>
<TemporalDecomposition>
<VideoSegment id="shot57_68_RKF">
<MediaTime>
<MediaTimePoint>T00:03:59:22185F30000</MediaTimePoint>
</MediaTime>
</VideoSegment>
</TemporalDecomposition>
</VideoSegment>
<VideoSegment id="shot57_69">
<MediaTime>
<MediaTimePoint>T00:04:01:6229F30000</MediaTimePoint>
<MediaDuration>PT00H00M11S16346N30000F</MediaDuration>
</MediaTime>
<TemporalDecomposition>
<VideoSegment id="shot57_69_RKF">
<MediaTime>
<MediaTimePoint>T00:04:06:28401F30000</MediaTimePoint>
</MediaTime>
</VideoSegment>
</TemporalDecomposition>
</VideoSegment>
<VideoSegment id="shot57_70">
<MediaTime>
<MediaTimePoint>T00:04:12:22575F30000</MediaTimePoint>
<MediaDuration>PT00H00M12S2362N30000F</MediaDuration>
</MediaTime>
<TemporalDecomposition>
<VideoSegment id="shot57_70_RKF">
<MediaTime>
<MediaTimePoint>T00:04:18:22755F30000</MediaTimePoint>
</MediaTime>
</VideoSegment>
</TemporalDecomposition>
</VideoSegment>
<VideoSegment id="shot57_71">
<MediaTime>
<MediaTimePoint>T00:04:24:24937F30000</MediaTimePoint>
<MediaDuration>PT00H00M04S120N30000F</MediaDuration>
</MediaTime>
<TemporalDecomposition>
<VideoSegment id="shot57_71_RKF">
<MediaTime>
<MediaTimePoint>T00:04:26:23996F30000</MediaTimePoint>
</MediaTime>
</VideoSegment>
</TemporalDecomposition>
</VideoSegment>
<VideoSegment id="shot57_72">
<MediaTime>
<MediaTimePoint>T00:04:28:25057F30000</MediaTimePoint>
<MediaDuration>PT00H00M05S23173N30000F</MediaDuration>
</MediaTime>
<TemporalDecomposition>
<VideoSegment id="shot57_72_RKF">
<MediaTime>
<MediaTimePoint>T00:04:31:21143F30000</MediaTimePoint>
</MediaTime>
</VideoSegment>
</TemporalDecomposition>
</VideoSegment>
<VideoSegment id="shot57_73">
<MediaTime>
<MediaTimePoint>T00:04:34:18230F30000</MediaTimePoint>
<MediaDuration>PT00H00M02S14074N30000F</MediaDuration>
</MediaTime>
<TemporalDecomposition>
<VideoSegment id="shot57_73_RKF">
<MediaTime>
<MediaTimePoint>T00:04:35:24266F30000</MediaTimePoint>
</MediaTime>
</VideoSegment>
</TemporalDecomposition>
</VideoSegment>
<VideoSegment id="shot57_74">
<MediaTime>
<MediaTimePoint>T00:04:37:2304F30000</MediaTimePoint>
<MediaDuration>PT00H00M03S20110N30000F</MediaDuration>
</MediaTime>
<TemporalDecomposition>
<VideoSegment id="shot57_74_RKF">
<MediaTime>
<MediaTimePoint>T00:04:38:26358F30000</MediaTimePoint>
</MediaTime>
</VideoSegment>
</TemporalDecomposition>
</VideoSegment>
<VideoSegment id="shot57_75">
<MediaTime>
<MediaTimePoint>T00:04:40:22414F30000</MediaTimePoint>
<MediaDuration>PT00H00M03S6096N30000F</MediaDuration>
</MediaTime>
<TemporalDecomposition>
<VideoSegment id="shot57_75_RKF">
<MediaTime>
<MediaTimePoint>T00:04:42:9461F30000</MediaTimePoint>
</MediaTime>
</VideoSegment>
</TemporalDecomposition>
</VideoSegment>
<VideoSegment id="shot57_76">
<MediaTime>
<MediaTimePoint>T00:04:43:28510F30000</MediaTimePoint>
<MediaDuration>PT00H00M02S15075N30000F</MediaDuration>
</MediaTime>
<TemporalDecomposition>
<VideoSegment id="shot57_76_RKF">
<MediaTime>
<MediaTimePoint>T00:04:45:5547F30000</MediaTimePoint>
</MediaTime>
</VideoSegment>
</TemporalDecomposition>
</VideoSegment>
<VideoSegment id="shot57_77">
<MediaTime>
<MediaTimePoint>T00:04:46:13585F30000</MediaTimePoint>
<MediaDuration>PT00H00M04S21141N30000F</MediaDuration>
</MediaTime>
<TemporalDecomposition>
<VideoSegment id="shot57_77_RKF">
<MediaTime>
<MediaTimePoint>T00:04:48:23655F30000</MediaTimePoint>
</MediaTime>
</VideoSegment>
</TemporalDecomposition>
</VideoSegment>
<VideoSegment id="shot57_78">
<MediaTime>
<MediaTimePoint>T00:04:51:4726F30000</MediaTimePoint>
<MediaDuration>PT00H00M02S28088N30000F</MediaDuration>
</MediaTime>
<TemporalDecomposition>
<VideoSegment id="shot57_78_RKF">
<MediaTime>
<MediaTimePoint>T00:04:52:17769F30000</MediaTimePoint>
</MediaTime>
</VideoSegment>
</TemporalDecomposition>
</VideoSegment>
<VideoSegment id="shot57_79">
<MediaTime>
<MediaTimePoint>T00:04:54:2814F30000</MediaTimePoint>
<MediaDuration>PT00H00M12S8368N30000F</MediaDuration>
</MediaTime>
<TemporalDecomposition>
<VideoSegment id="shot57_79_RKF">
<MediaTime>
<MediaTimePoint>T00:05:00:5997F30000</MediaTimePoint>
</MediaTime>
</VideoSegment>
</TemporalDecomposition>
</VideoSegment>
<VideoSegment id="shot57_80">
<MediaTime>
<MediaTimePoint>T00:05:06:11182F30000</MediaTimePoint>
<MediaDuration>PT00H00M12S12372N30000F</MediaDuration>
</MediaTime>
<TemporalDecomposition>
<VideoSegment id="shot57_80_RKF">
<MediaTime>
<MediaTimePoint>T00:05:12:16367F30000</MediaTimePoint>
</MediaTime>
</VideoSegment>
</TemporalDecomposition>
</VideoSegment>
<VideoSegment id="shot57_81">
<MediaTime>
<MediaTimePoint>T00:05:18:23554F30000</MediaTimePoint>
<MediaDuration>PT00H00M08S27267N30000F</MediaDuration>
</MediaTime>
<TemporalDecomposition>
<VideoSegment id="shot57_81_RKF">
<MediaTime>
<MediaTimePoint>T00:05:23:6687F30000</MediaTimePoint>
</MediaTime>
</VideoSegment>
</TemporalDecomposition>
</VideoSegment>
<VideoSegment id="shot57_82">
<MediaTime>
<MediaTimePoint>T00:05:27:20821F30000</MediaTimePoint>
<MediaDuration>PT00H00M24S21741N30000F</MediaDuration>
</MediaTime>
<TemporalDecomposition>
<VideoSegment id="shot57_82_RKF">
<MediaTime>
<MediaTimePoint>T00:05:40:1191F30000</MediaTimePoint>
</MediaTime>
</VideoSegment>
</TemporalDecomposition>
</VideoSegment>
<VideoSegment id="shot57_83">
<MediaTime>
<MediaTimePoint>T00:05:52:12562F30000</MediaTimePoint>
<MediaDuration>PT00H00M04S2122N30000F</MediaDuration>
</MediaTime>
<TemporalDecomposition>
<VideoSegment id="shot57_83_RKF">
<MediaTime>
<MediaTimePoint>T00:05:54:12622F30000</MediaTimePoint>
</MediaTime>
</VideoSegment>
</TemporalDecomposition>
</VideoSegment>
<VideoSegment id="shot57_84">
<MediaTime>
<MediaTimePoint>T00:05:56:14684F30000</MediaTimePoint>
<MediaDuration>PT00H00M03S6096N30000F</MediaDuration>
</MediaTime>
<TemporalDecomposition>
<VideoSegment id="shot57_84_RKF">
<MediaTime>
<MediaTimePoint>T00:05:58:1731F30000</MediaTimePoint>
</MediaTime>
</VideoSegment>
</TemporalDecomposition>
</VideoSegment>
<VideoSegment id="shot57_85">
<MediaTime>
<MediaTimePoint>T00:05:59:20780F30000</MediaTimePoint>
<MediaDuration>PT00H00M04S5125N30000F</MediaDuration>
</MediaTime>
<TemporalDecomposition>
<VideoSegment id="shot57_85_RKF">
<MediaTime>
<MediaTimePoint>T00:06:01:22842F30000</MediaTimePoint>
</MediaTime>
</VideoSegment>
</TemporalDecomposition>
</VideoSegment>
<VideoSegment id="shot57_86">
<MediaTime>
<MediaTimePoint>T00:06:03:25905F30000</MediaTimePoint>
<MediaDuration>PT00H00M24S28748N30000F</MediaDuration>
</MediaTime>
<TemporalDecomposition>
<VideoSegment id="shot57_86_RKF">
<MediaTime>
<MediaTimePoint>T00:06:16:9278F30000</MediaTimePoint>
</MediaTime>
</VideoSegment>
</TemporalDecomposition>
</VideoSegment>
<VideoSegment id="shot57_87">
<MediaTime>
<MediaTimePoint>T00:06:28:24653F30000</MediaTimePoint>
<MediaDuration>PT00H00M14S8428N30000F</MediaDuration>
</MediaTime>
<TemporalDecomposition>
<VideoSegment id="shot57_87_RKF">
<MediaTime>
<MediaTimePoint>T00:06:35:27866F30000</MediaTimePoint>
</MediaTime>
</VideoSegment>
</TemporalDecomposition>
</VideoSegment>
<VideoSegment id="shot57_88">
<MediaTime>
<MediaTimePoint>T00:06:43:3081F30000</MediaTimePoint>
<MediaDuration>PT00H00M03S17107N30000F</MediaDuration>
</MediaTime>
<TemporalDecomposition>
<VideoSegment id="shot57_88_RKF">
<MediaTime>
<MediaTimePoint>T00:06:44:26134F30000</MediaTimePoint>
</MediaTime>
</VideoSegment>
</TemporalDecomposition>
</VideoSegment>
<VideoSegment id="shot57_89">
<MediaTime>
<MediaTimePoint>T00:06:46:20188F30000</MediaTimePoint>
<MediaDuration>PT00H00M04S4124N30000F</MediaDuration>
</MediaTime>
<TemporalDecomposition>
<VideoSegment id="shot57_89_RKF">
<MediaTime>
<MediaTimePoint>T00:06:48:21249F30000</MediaTimePoint>
</MediaTime>
</VideoSegment>
</TemporalDecomposition>
</VideoSegment>
<VideoSegment id="shot57_90">
<MediaTime>
<MediaTimePoint>T00:06:50:24312F30000</MediaTimePoint>
<MediaDuration>PT00H00M05S17167N30000F</MediaDuration>
</MediaTime>
<TemporalDecomposition>
<VideoSegment id="shot57_90_RKF">
<MediaTime>
<MediaTimePoint>T00:06:53:17395F30000</MediaTimePoint>
</MediaTime>
</VideoSegment>
</TemporalDecomposition>
</VideoSegment>
<VideoSegment id="shot57_91">
<MediaTime>
<MediaTimePoint>T00:06:56:11479F30000</MediaTimePoint>
<MediaDuration>PT00H00M05S19169N30000F</MediaDuration>
</MediaTime>
<TemporalDecomposition>
<VideoSegment id="shot57_91_RKF">
<MediaTime>
<MediaTimePoint>T00:06:59:5563F30000</MediaTimePoint>
</MediaTime>
</VideoSegment>
</TemporalDecomposition>
</VideoSegment>
<VideoSegment id="shot57_92">
<MediaTime>
<MediaTimePoint>T00:07:02:648F30000</MediaTimePoint>
<MediaDuration>PT00H01M08S20058N30000F</MediaDuration>
</MediaTime>
<TemporalDecomposition>
<VideoSegment id="shot57_92_RKF">
<MediaTime>
<MediaTimePoint>T00:07:36:9676F30000</MediaTimePoint>
</MediaTime>
</VideoSegment>
</TemporalDecomposition>
</VideoSegment>
<VideoSegment id="shot57_93">
<MediaTime>
<MediaTimePoint>T00:08:10:20706F30000</MediaTimePoint>
<MediaDuration>PT00H00M04S7127N30000F</MediaDuration>
</MediaTime>
<TemporalDecomposition>
<VideoSegment id="shot57_93_RKF">
<MediaTime>
<MediaTimePoint>T00:08:12:23769F30000</MediaTimePoint>
</MediaTime>
</VideoSegment>
</TemporalDecomposition>
</VideoSegment>
<VideoSegment id="shot57_94">
<MediaTime>
<MediaTimePoint>T00:08:14:27833F30000</MediaTimePoint>
<MediaDuration>PT00H00M46S379N30000F</MediaDuration>
</MediaTime>
<TemporalDecomposition>
<VideoSegment id="shot57_94_RKF">
<MediaTime>
<MediaTimePoint>T00:08:37:27522F30000</MediaTimePoint>
</MediaTime>
</VideoSegment>
</TemporalDecomposition>
</VideoSegment>
<VideoSegment id="shot57_95">
<MediaTime>
<MediaTimePoint>T00:09:00:28212F30000</MediaTimePoint>
<MediaDuration>PT00H00M10S7307N30000F</MediaDuration>
</MediaTime>
<TemporalDecomposition>
<VideoSegment id="shot57_95_RKF">
<MediaTime>
<MediaTimePoint>T00:09:06:1365F30000</MediaTimePoint>
</MediaTime>
</VideoSegment>
</TemporalDecomposition>
</VideoSegment>
<VideoSegment id="shot57_96">
<MediaTime>
<MediaTimePoint>T00:09:11:5519F30000</MediaTimePoint>
<MediaDuration>PT00H00M05S11161N30000F</MediaDuration>
</MediaTime>
<TemporalDecomposition>
<VideoSegment id="shot57_96_RKF">
<MediaTime>
<MediaTimePoint>T00:09:13:25599F30000</MediaTimePoint>
</MediaTime>
</VideoSegment>
</TemporalDecomposition>
</VideoSegment>
<VideoSegment id="shot57_97">
<MediaTime>
<MediaTimePoint>T00:09:16:16680F30000</MediaTimePoint>
<MediaDuration>PT00H00M03S19109N30000F</MediaDuration>
</MediaTime>
<TemporalDecomposition>
<VideoSegment id="shot57_97_RKF">
<MediaTime>
<MediaTimePoint>T00:09:18:10734F30000</MediaTimePoint>
</MediaTime>
</VideoSegment>
</TemporalDecomposition>
</VideoSegment>
<VideoSegment id="shot57_98">
<MediaTime>
<MediaTimePoint>T00:09:20:5789F30000</MediaTimePoint>
<MediaDuration>PT00H00M02S19079N30000F</MediaDuration>
</MediaTime>
<TemporalDecomposition>
<VideoSegment id="shot57_98_RKF">
<MediaTime>
<MediaTimePoint>T00:09:21:14828F30000</MediaTimePoint>
</MediaTime>
</VideoSegment>
</TemporalDecomposition>
</VideoSegment>
<VideoSegment id="shot57_99">
<MediaTime>
<MediaTimePoint>T00:09:22:24868F30000</MediaTimePoint>
<MediaDuration>PT00H00M06S26206N30000F</MediaDuration>
</MediaTime>
<TemporalDecomposition>
<VideoSegment id="shot57_99_RKF">
<MediaTime>
<MediaTimePoint>T00:09:26:6970F30000</MediaTimePoint>
</MediaTime>
</VideoSegment>
</TemporalDecomposition>
</VideoSegment>
<VideoSegment id="shot57_100">
<MediaTime>
<MediaTimePoint>T00:09:29:21074F30000</MediaTimePoint>
<MediaDuration>PT00H00M04S17137N30000F</MediaDuration>
</MediaTime>
<TemporalDecomposition>
<VideoSegment id="shot57_100_RKF">
<MediaTime>
<MediaTimePoint>T00:09:31:29142F30000</MediaTimePoint>
</MediaTime>
</VideoSegment>
</TemporalDecomposition>
</VideoSegment>
<VideoSegment id="shot57_101">
<MediaTime>
<MediaTimePoint>T00:09:34:8211F30000</MediaTimePoint>
<MediaDuration>PT00H00M10S26326N30000F</MediaDuration>
</MediaTime>
<TemporalDecomposition>
<VideoSegment id="shot57_101_RKF">
<MediaTime>
<MediaTimePoint>T00:09:39:20373F30000</MediaTimePoint>
</MediaTime>
</VideoSegment>
</TemporalDecomposition>
</VideoSegment>
<VideoSegment id="shot57_102">
<MediaTime>
<MediaTimePoint>T00:09:45:4537F30000</MediaTimePoint>
<MediaDuration>PT00H00M03S2092N30000F</MediaDuration>
</MediaTime>
<TemporalDecomposition>
<VideoSegment id="shot57_102_RKF">
<MediaTime>
<MediaTimePoint>T00:09:46:19582F30000</MediaTimePoint>
</MediaTime>
</VideoSegment>
</TemporalDecomposition>
</VideoSegment>
<VideoSegment id="shot57_103">
<MediaTime>
<MediaTimePoint>T00:09:48:6629F30000</MediaTimePoint>
<MediaDuration>PT00H00M18S20560N30000F</MediaDuration>
</MediaTime>
<TemporalDecomposition>
<VideoSegment id="shot57_103_RKF">
<MediaTime>
<MediaTimePoint>T00:09:57:15908F30000</MediaTimePoint>
</MediaTime>
</VideoSegment>
</TemporalDecomposition>
</VideoSegment>
<VideoSegment id="shot57_104">
<MediaTime>
<MediaTimePoint>T00:10:06:27189F30000</MediaTimePoint>
<MediaDuration>PT00H00M02S18078N30000F</MediaDuration>
</MediaTime>
<TemporalDecomposition>
<VideoSegment id="shot57_104_RKF">
<MediaTime>
<MediaTimePoint>T00:10:08:5227F30000</MediaTimePoint>
</MediaTime>
</VideoSegment>
</TemporalDecomposition>
</VideoSegment>
<VideoSegment id="shot57_105">
<MediaTime>
<MediaTimePoint>T00:10:09:15267F30000</MediaTimePoint>
<MediaDuration>PT00H00M23S20710N30000F</MediaDuration>
</MediaTime>
<TemporalDecomposition>
<VideoSegment id="shot57_105_RKF">
<MediaTime>
<MediaTimePoint>T00:10:21:9621F30000</MediaTimePoint>
</MediaTime>
</VideoSegment>
</TemporalDecomposition>
</VideoSegment>
<VideoSegment id="shot57_106">
<MediaTime>
<MediaTimePoint>T00:10:33:5977F30000</MediaTimePoint>
<MediaDuration>PT00H00M02S25085N30000F</MediaDuration>
</MediaTime>
<TemporalDecomposition>
<VideoSegment id="shot57_106_RKF">
<MediaTime>
<MediaTimePoint>T00:10:34:18019F30000</MediaTimePoint>
</MediaTime>
</VideoSegment>
</TemporalDecomposition>
</VideoSegment>
<VideoSegment id="shot57_107">
<MediaTime>
<MediaTimePoint>T00:10:36:1062F30000</MediaTimePoint>
<MediaDuration>PT00H01M06S27005N30000F</MediaDuration>
</MediaTime>
<TemporalDecomposition>
<VideoSegment id="shot57_107_RKF">
<MediaTime>
<MediaTimePoint>T00:11:09:14064F30000</MediaTimePoint>
</MediaTime>
</VideoSegment>
</TemporalDecomposition>
</VideoSegment>
<VideoSegment id="shot57_108">
<MediaTime>
<MediaTimePoint>T00:11:42:28067F30000</MediaTimePoint>
<MediaDuration>PT00H00M05S26176N30000F</MediaDuration>
</MediaTime>
<TemporalDecomposition>
<VideoSegment id="shot57_108_RKF">
<MediaTime>
<MediaTimePoint>T00:11:45:25154F30000</MediaTimePoint>
</MediaTime>
</VideoSegment>
</TemporalDecomposition>
</VideoSegment>
<VideoSegment id="shot57_109">
<MediaTime>
<MediaTimePoint>T00:11:48:24243F30000</MediaTimePoint>
<MediaDuration>PT00H00M06S6186N30000F</MediaDuration>
</MediaTime>
<TemporalDecomposition>
<VideoSegment id="shot57_109_RKF">
<MediaTime>
<MediaTimePoint>T00:11:51:26335F30000</MediaTimePoint>
</MediaTime>
</VideoSegment>
</TemporalDecomposition>
</VideoSegment>
<VideoSegment id="shot57_110">
<MediaTime>
<MediaTimePoint>T00:11:55:429F30000</MediaTimePoint>
<MediaDuration>PT00H00M03S25115N30000F</MediaDuration>
</MediaTime>
<TemporalDecomposition>
<VideoSegment id="shot57_110_RKF">
<MediaTime>
<MediaTimePoint>T00:11:56:27486F30000</MediaTimePoint>
</MediaTime>
</VideoSegment>
</TemporalDecomposition>
</VideoSegment>
<VideoSegment id="shot57_111">
<MediaTime>
<MediaTimePoint>T00:11:58:25544F30000</MediaTimePoint>
<MediaDuration>PT00H00M02S1061N30000F</MediaDuration>
</MediaTime>
<TemporalDecomposition>
<VideoSegment id="shot57_111_RKF">
<MediaTime>
<MediaTimePoint>T00:11:59:25574F30000</MediaTimePoint>
</MediaTime>
</VideoSegment>
</TemporalDecomposition>
</VideoSegment>
<VideoSegment id="shot57_112">
<MediaTime>
<MediaTimePoint>T00:12:00:26605F30000</MediaTimePoint>
<MediaDuration>PT00H00M03S3093N30000F</MediaDuration>
</MediaTime>
<TemporalDecomposition>
<VideoSegment id="shot57_112_RKF">
<MediaTime>
<MediaTimePoint>T00:12:02:12651F30000</MediaTimePoint>
</MediaTime>
</VideoSegment>
</TemporalDecomposition>
</VideoSegment>
<VideoSegment id="shot57_113">
<MediaTime>
<MediaTimePoint>T00:12:03:29698F30000</MediaTimePoint>
<MediaDuration>PT00H00M04S16136N30000F</MediaDuration>
</MediaTime>
<TemporalDecomposition>
<VideoSegment id="shot57_113_RKF">
<MediaTime>
<MediaTimePoint>T00:12:06:6765F30000</MediaTimePoint>
</MediaTime>
</VideoSegment>
</TemporalDecomposition>
</VideoSegment>
<VideoSegment id="shot57_114">
<MediaTime>
<MediaTimePoint>T00:12:08:15834F30000</MediaTimePoint>
<MediaDuration>PT00H00M03S26116N30000F</MediaDuration>
</MediaTime>
<TemporalDecomposition>
<VideoSegment id="shot57_114_RKF">
<MediaTime>
<MediaTimePoint>T00:12:10:12891F30000</MediaTimePoint>
</MediaTime>
</VideoSegment>
</TemporalDecomposition>
</VideoSegment>
<VideoSegment id="shot57_115">
<MediaTime>
<MediaTimePoint>T00:12:12:11950F30000</MediaTimePoint>
<MediaDuration>PT00H00M16S5485N30000F</MediaDuration>
</MediaTime>
<TemporalDecomposition>
<VideoSegment id="shot57_115_RKF">
<MediaTime>
<MediaTimePoint>T00:12:20:14192F30000</MediaTimePoint>
</MediaTime>
</VideoSegment>
</TemporalDecomposition>
</VideoSegment>
<VideoSegment id="shot57_116">
<MediaTime>
<MediaTimePoint>T00:12:28:17435F30000</MediaTimePoint>
<MediaDuration>PT00H00M05S13163N30000F</MediaDuration>
</MediaTime>
<TemporalDecomposition>
<VideoSegment id="shot57_116_RKF">
<MediaTime>
<MediaTimePoint>T00:12:31:8516F30000</MediaTimePoint>
</MediaTime>
</VideoSegment>
</TemporalDecomposition>
</VideoSegment>
<VideoSegment id="shot57_117">
<MediaTime>
<MediaTimePoint>T00:12:34:598F30000</MediaTimePoint>
<MediaDuration>PT00H00M02S5065N30000F</MediaDuration>
</MediaTime>
<TemporalDecomposition>
<VideoSegment id="shot57_117_RKF">
<MediaTime>
<MediaTimePoint>T00:12:35:2630F30000</MediaTimePoint>
</MediaTime>
</VideoSegment>
</TemporalDecomposition>
</VideoSegment>
<VideoSegment id="shot57_118">
<MediaTime>
<MediaTimePoint>T00:12:36:5663F30000</MediaTimePoint>
<MediaDuration>PT00H00M04S8128N30000F</MediaDuration>
</MediaTime>
<TemporalDecomposition>
<VideoSegment id="shot57_118_NRKF_1">
<MediaTime>
<MediaTimePoint>T00:12:36:13671F30000</MediaTimePoint>
</MediaTime>
</VideoSegment>
<VideoSegment id="shot57_118_NRKF_2">
<MediaTime>
<MediaTimePoint>T00:12:37:4692F30000</MediaTimePoint>
</MediaTime>
</VideoSegment>
<VideoSegment id="shot57_118_RKF">
<MediaTime>
<MediaTimePoint>T00:12:38:8726F30000</MediaTimePoint>
</MediaTime>
</VideoSegment>
<VideoSegment id="shot57_118_NRKF_3">
<MediaTime>
<MediaTimePoint>T00:12:38:29747F30000</MediaTimePoint>
</MediaTime>
</VideoSegment>
</TemporalDecomposition>
</VideoSegment>
<VideoSegment id="shot57_119">
<MediaTime>
<MediaTimePoint>T00:12:40:13791F30000</MediaTimePoint>
<MediaDuration>PT00H00M06S20200N30000F</MediaDuration>
</MediaTime>
<TemporalDecomposition>
<VideoSegment id="shot57_119_RKF">
<MediaTime>
<MediaTimePoint>T00:12:43:22890F30000</MediaTimePoint>
</MediaTime>
</VideoSegment>
</TemporalDecomposition>
</VideoSegment>
<VideoSegment id="shot57_120">
<MediaTime>
<MediaTimePoint>T00:12:47:3991F30000</MediaTimePoint>
<MediaDuration>PT00H00M03S16106N30000F</MediaDuration>
</MediaTime>
<TemporalDecomposition>
<VideoSegment id="shot57_120_RKF">
<MediaTime>
<MediaTimePoint>T00:12:48:26043F30000</MediaTimePoint>
</MediaTime>
</VideoSegment>
</TemporalDecomposition>
</VideoSegment>
<VideoSegment id="shot57_121">
<MediaTime>
<MediaTimePoint>T00:12:50:20097F30000</MediaTimePoint>
<MediaDuration>PT00H00M02S15075N30000F</MediaDuration>
</MediaTime>
<TemporalDecomposition>
<VideoSegment id="shot57_121_RKF">
<MediaTime>
<MediaTimePoint>T00:12:51:27134F30000</MediaTimePoint>
</MediaTime>
</VideoSegment>
</TemporalDecomposition>
</VideoSegment>
<VideoSegment id="shot57_122">
<MediaTime>
<MediaTimePoint>T00:12:53:5172F30000</MediaTimePoint>
<MediaDuration>PT00H00M03S23113N30000F</MediaDuration>
</MediaTime>
<TemporalDecomposition>
<VideoSegment id="shot57_122_RKF">
<MediaTime>
<MediaTimePoint>T00:12:55:1228F30000</MediaTimePoint>
</MediaTime>
</VideoSegment>
</TemporalDecomposition>
</VideoSegment>
<VideoSegment id="shot57_123">
<MediaTime>
<MediaTimePoint>T00:12:56:28285F30000</MediaTimePoint>
<MediaDuration>PT00H00M02S4064N30000F</MediaDuration>
</MediaTime>
<TemporalDecomposition>
<VideoSegment id="shot57_123_RKF">
<MediaTime>
<MediaTimePoint>T00:12:57:29316F30000</MediaTimePoint>
</MediaTime>
</VideoSegment>
</TemporalDecomposition>
</VideoSegment>
<VideoSegment id="shot57_124">
<MediaTime>
<MediaTimePoint>T00:12:59:2349F30000</MediaTimePoint>
<MediaDuration>PT00H00M02S22082N30000F</MediaDuration>
</MediaTime>
<TemporalDecomposition>
<VideoSegment id="shot57_124_RKF">
<MediaTime>
<MediaTimePoint>T00:13:00:12389F30000</MediaTimePoint>
</MediaTime>
</VideoSegment>
</TemporalDecomposition>
</VideoSegment>
<VideoSegment id="shot57_125">
<MediaTime>
<MediaTimePoint>T00:13:01:24431F30000</MediaTimePoint>
<MediaDuration>PT00H00M03S16106N30000F</MediaDuration>
</MediaTime>
<TemporalDecomposition>
<VideoSegment id="shot57_125_NRKF_1">
<MediaTime>
<MediaTimePoint>T00:13:02:16453F30000</MediaTimePoint>
</MediaTime>
</VideoSegment>
<VideoSegment id="shot57_125_RKF">
<MediaTime>
<MediaTimePoint>T00:13:03:16483F30000</MediaTimePoint>
</MediaTime>
</VideoSegment>
<VideoSegment id="shot57_125_NRKF_2">
<MediaTime>
<MediaTimePoint>T00:13:04:9506F30000</MediaTimePoint>
</MediaTime>
</VideoSegment>
</TemporalDecomposition>
</VideoSegment>
<VideoSegment id="shot57_126">
<MediaTime>
<MediaTimePoint>T00:13:05:10537F30000</MediaTimePoint>
<MediaDuration>PT00H01M40S18015N30000F</MediaDuration>
</MediaTime>
<TemporalDecomposition>
<VideoSegment id="shot57_126_RKF">
<MediaTime>
<MediaTimePoint>T00:13:55:19044F30000</MediaTimePoint>
</MediaTime>
</VideoSegment>
</TemporalDecomposition>
</VideoSegment>
<VideoSegment id="shot57_127">
<MediaTime>
<MediaTimePoint>T00:14:45:28552F30000</MediaTimePoint>
<MediaDuration>PT00H00M02S15075N30000F</MediaDuration>
</MediaTime>
<TemporalDecomposition>
<VideoSegment id="shot57_127_RKF">
<MediaTime>
<MediaTimePoint>T00:14:47:5589F30000</MediaTimePoint>
</MediaTime>
</VideoSegment>
</TemporalDecomposition>
</VideoSegment>
<VideoSegment id="shot57_128">
<MediaTime>
<MediaTimePoint>T00:14:48:13627F30000</MediaTimePoint>
<MediaDuration>PT00H00M03S1091N30000F</MediaDuration>
</MediaTime>
<TemporalDecomposition>
<VideoSegment id="shot57_128_RKF">
<MediaTime>
<MediaTimePoint>T00:14:49:28672F30000</MediaTimePoint>
</MediaTime>
</VideoSegment>
</TemporalDecomposition>
</VideoSegment>
<VideoSegment id="shot57_129">
<MediaTime>
<MediaTimePoint>T00:14:51:14718F30000</MediaTimePoint>
<MediaDuration>PT00H00M02S24084N30000F</MediaDuration>
</MediaTime>
<TemporalDecomposition>
<VideoSegment id="shot57_129_RKF">
<MediaTime>
<MediaTimePoint>T00:14:52:25759F30000</MediaTimePoint>
</MediaTime>
</VideoSegment>
</TemporalDecomposition>
</VideoSegment>
<VideoSegment id="shot57_130">
<MediaTime>
<MediaTimePoint>T00:14:54:8802F30000</MediaTimePoint>
<MediaDuration>PT00H00M03S6096N30000F</MediaDuration>
</MediaTime>
<TemporalDecomposition>
<VideoSegment id="shot57_130_RKF">
<MediaTime>
<MediaTimePoint>T00:14:55:25849F30000</MediaTimePoint>
</MediaTime>
</VideoSegment>
</TemporalDecomposition>
</VideoSegment>
<VideoSegment id="shot57_131">
<MediaTime>
<MediaTimePoint>T00:14:57:14898F30000</MediaTimePoint>
<MediaDuration>PT00H00M02S17077N30000F</MediaDuration>
</MediaTime>
<TemporalDecomposition>
<VideoSegment id="shot57_131_RKF">
<MediaTime>
<MediaTimePoint>T00:14:58:22936F30000</MediaTimePoint>
</MediaTime>
</VideoSegment>
</TemporalDecomposition>
</VideoSegment>
<VideoSegment id="shot57_132">
<MediaTime>
<MediaTimePoint>T00:15:00:1975F30000</MediaTimePoint>
<MediaDuration>PT00H00M03S7097N30000F</MediaDuration>
</MediaTime>
<TemporalDecomposition>
<VideoSegment id="shot57_132_RKF">
<MediaTime>
<MediaTimePoint>T00:15:01:20023F30000</MediaTimePoint>
</MediaTime>
</VideoSegment>
</TemporalDecomposition>
</VideoSegment>
<VideoSegment id="shot57_133">
<MediaTime>
<MediaTimePoint>T00:15:03:9072F30000</MediaTimePoint>
<MediaDuration>PT00H00M12S26386N30000F</MediaDuration>
</MediaTime>
<TemporalDecomposition>
<VideoSegment id="shot57_133_RKF">
<MediaTime>
<MediaTimePoint>T00:15:09:21264F30000</MediaTimePoint>
</MediaTime>
</VideoSegment>
</TemporalDecomposition>
</VideoSegment>
<VideoSegment id="shot57_134">
<MediaTime>
<MediaTimePoint>T00:15:16:5458F30000</MediaTimePoint>
<MediaDuration>PT00H01M33S28816N30000F</MediaDuration>
</MediaTime>
<TemporalDecomposition>
<VideoSegment id="shot57_134_RKF">
<MediaTime>
<MediaTimePoint>T00:16:03:3865F30000</MediaTimePoint>
</MediaTime>
</VideoSegment>
</TemporalDecomposition>
</VideoSegment>
<VideoSegment id="shot57_135">
<MediaTime>
<MediaTimePoint>T00:16:50:4274F30000</MediaTimePoint>
<MediaDuration>PT00H00M39S3172N30000F</MediaDuration>
</MediaTime>
<TemporalDecomposition>
<VideoSegment id="shot57_135_RKF">
<MediaTime>
<MediaTimePoint>T00:17:09:19859F30000</MediaTimePoint>
</MediaTime>
</VideoSegment>
</TemporalDecomposition>
</VideoSegment>
<VideoSegment id="shot57_136">
<MediaTime>
<MediaTimePoint>T00:17:29:7446F30000</MediaTimePoint>
<MediaDuration>PT00H00M03S29119N30000F</MediaDuration>
</MediaTime>
<TemporalDecomposition>
<VideoSegment id="shot57_136_RKF">
<MediaTime>
<MediaTimePoint>T00:17:31:6505F30000</MediaTimePoint>
</MediaTime>
</VideoSegment>
</TemporalDecomposition>
</VideoSegment>
<VideoSegment id="shot57_137">
<MediaTime>
<MediaTimePoint>T00:17:33:6565F30000</MediaTimePoint>
<MediaDuration>PT00H00M02S25085N30000F</MediaDuration>
</MediaTime>
<TemporalDecomposition>
<VideoSegment id="shot57_137_RKF">
<MediaTime>
<MediaTimePoint>T00:17:34:18607F30000</MediaTimePoint>
</MediaTime>
</VideoSegment>
</TemporalDecomposition>
</VideoSegment>
<VideoSegment id="shot57_138">
<MediaTime>
<MediaTimePoint>T00:17:36:1650F30000</MediaTimePoint>
<MediaDuration>PT00H00M03S5095N30000F</MediaDuration>
</MediaTime>
<TemporalDecomposition>
<VideoSegment id="shot57_138_RKF">
<MediaTime>
<MediaTimePoint>T00:17:37:18697F30000</MediaTimePoint>
</MediaTime>
</VideoSegment>
</TemporalDecomposition>
</VideoSegment>
<VideoSegment id="shot57_139">
<MediaTime>
<MediaTimePoint>T00:17:39:6745F30000</MediaTimePoint>
<MediaDuration>PT00H00M02S7067N30000F</MediaDuration>
</MediaTime>
<TemporalDecomposition>
<VideoSegment id="shot57_139_RKF">
<MediaTime>
<MediaTimePoint>T00:17:40:9778F30000</MediaTimePoint>
</MediaTime>
</VideoSegment>
</TemporalDecomposition>
</VideoSegment>
<VideoSegment id="shot57_140">
<MediaTime>
<MediaTimePoint>T00:17:41:13812F30000</MediaTimePoint>
<MediaDuration>PT00H00M04S4124N30000F</MediaDuration>
</MediaTime>
<TemporalDecomposition>
<VideoSegment id="shot57_140_NRKF_1">
<MediaTime>
<MediaTimePoint>T00:17:42:829F30000</MediaTimePoint>
</MediaTime>
</VideoSegment>
<VideoSegment id="shot57_140_RKF">
<MediaTime>
<MediaTimePoint>T00:17:43:14873F30000</MediaTimePoint>
</MediaTime>
</VideoSegment>
<VideoSegment id="shot57_140_NRKF_2">
<MediaTime>
<MediaTimePoint>T00:17:44:2891F30000</MediaTimePoint>
</MediaTime>
</VideoSegment>
</TemporalDecomposition>
</VideoSegment>
<VideoSegment id="shot57_141">
<MediaTime>
<MediaTimePoint>T00:17:45:17936F30000</MediaTimePoint>
<MediaDuration>PT00H00M02S12072N30000F</MediaDuration>
</MediaTime>
<TemporalDecomposition>
<VideoSegment id="shot57_141_NRKF_1">
<MediaTime>
<MediaTimePoint>T00:17:45:18937F30000</MediaTimePoint>
</MediaTime>
</VideoSegment>
<VideoSegment id="shot57_141_RKF">
<MediaTime>
<MediaTimePoint>T00:17:46:22971F30000</MediaTimePoint>
</MediaTime>
</VideoSegment>
<VideoSegment id="shot57_141_NRKF_2">
<MediaTime>
<MediaTimePoint>T00:17:46:24973F30000</MediaTimePoint>
</MediaTime>
</VideoSegment>
</TemporalDecomposition>
</VideoSegment>
<VideoSegment id="shot57_142">
<MediaTime>
<MediaTimePoint>T00:17:48:8F30000</MediaTimePoint>
<MediaDuration>PT00H00M09S24294N30000F</MediaDuration>
</MediaTime>
<TemporalDecomposition>
<VideoSegment id="shot57_142_RKF">
<MediaTime>
<MediaTimePoint>T00:17:52:26154F30000</MediaTimePoint>
</MediaTime>
</VideoSegment>
</TemporalDecomposition>
</VideoSegment>
<VideoSegment id="shot57_143">
<MediaTime>
<MediaTimePoint>T00:17:57:24302F30000</MediaTimePoint>
<MediaDuration>PT00H00M03S29119N30000F</MediaDuration>
</MediaTime>
<TemporalDecomposition>
<VideoSegment id="shot57_143_RKF">
<MediaTime>
<MediaTimePoint>T00:17:59:23361F30000</MediaTimePoint>
</MediaTime>
</VideoSegment>
</TemporalDecomposition>
</VideoSegment>
<VideoSegment id="shot57_144">
<MediaTime>
<MediaTimePoint>T00:18:01:23421F30000</MediaTimePoint>
<MediaDuration>PT00H00M10S25325N30000F</MediaDuration>
</MediaTime>
<TemporalDecomposition>
<VideoSegment id="shot57_144_NRKF_1">
<MediaTime>
<MediaTimePoint>T00:18:02:15443F30000</MediaTimePoint>
</MediaTime>
</VideoSegment>
<VideoSegment id="shot57_144_RKF">
<MediaTime>
<MediaTimePoint>T00:18:07:5583F30000</MediaTimePoint>
</MediaTime>
</VideoSegment>
<VideoSegment id="shot57_144_NRKF_2">
<MediaTime>
<MediaTimePoint>T00:18:07:28606F30000</MediaTimePoint>
</MediaTime>
</VideoSegment>
</TemporalDecomposition>
</VideoSegment>
<VideoSegment id="shot57_145">
<MediaTime>
<MediaTimePoint>T00:18:12:18746F30000</MediaTimePoint>
<MediaDuration>PT00H00M03S9099N30000F</MediaDuration>
</MediaTime>
<TemporalDecomposition>
<VideoSegment id="shot57_145_RKF">
<MediaTime>
<MediaTimePoint>T00:18:14:7795F30000</MediaTimePoint>
</MediaTime>
</VideoSegment>
</TemporalDecomposition>
</VideoSegment>
<VideoSegment id="shot57_146">
<MediaTime>
<MediaTimePoint>T00:18:15:27845F30000</MediaTimePoint>
<MediaDuration>PT00H01M48S23260N30000F</MediaDuration>
</MediaTime>
<TemporalDecomposition>
<VideoSegment id="shot57_146_RKF">
<MediaTime>
<MediaTimePoint>T00:19:10:8474F30000</MediaTimePoint>
</MediaTime>
</VideoSegment>
</TemporalDecomposition>
</VideoSegment>
<VideoSegment id="shot57_147">
<MediaTime>
<MediaTimePoint>T00:20:04:21105F30000</MediaTimePoint>
<MediaDuration>PT00H00M04S29149N30000F</MediaDuration>
</MediaTime>
<TemporalDecomposition>
<VideoSegment id="shot57_147_RKF">
<MediaTime>
<MediaTimePoint>T00:20:07:5179F30000</MediaTimePoint>
</MediaTime>
</VideoSegment>
</TemporalDecomposition>
</VideoSegment>
<VideoSegment id="shot57_148">
<MediaTime>
<MediaTimePoint>T00:20:09:20254F30000</MediaTimePoint>
<MediaDuration>PT00H00M36S20099N30000F</MediaDuration>
</MediaTime>
<TemporalDecomposition>
<VideoSegment id="shot57_148_RKF">
<MediaTime>
<MediaTimePoint>T00:20:27:29803F30000</MediaTimePoint>
</MediaTime>
</VideoSegment>
</TemporalDecomposition>
</VideoSegment>
<VideoSegment id="shot57_149">
<MediaTime>
<MediaTimePoint>T00:20:46:10353F30000</MediaTimePoint>
<MediaDuration>PT00H00M22S1661N30000F</MediaDuration>
</MediaTime>
<TemporalDecomposition>
<VideoSegment id="shot57_149_RKF">
<MediaTime>
<MediaTimePoint>T00:20:57:10683F30000</MediaTimePoint>
</MediaTime>
</VideoSegment>
</TemporalDecomposition>
</VideoSegment>
<VideoSegment id="shot57_150">
<MediaTime>
<MediaTimePoint>T00:21:08:12014F30000</MediaTimePoint>
<MediaDuration>PT00H00M12S24384N30000F</MediaDuration>
</MediaTime>
<TemporalDecomposition>
<VideoSegment id="shot57_150_RKF">
<MediaTime>
<MediaTimePoint>T00:21:14:23205F30000</MediaTimePoint>
</MediaTime>
</VideoSegment>
</TemporalDecomposition>
</VideoSegment>
<VideoSegment id="shot57_151">
<MediaTime>
<MediaTimePoint>T00:21:21:6398F30000</MediaTimePoint>
<MediaDuration>PT00H00M06S13193N30000F</MediaDuration>
</MediaTime>
<TemporalDecomposition>
<VideoSegment id="shot57_151_RKF">
<MediaTime>
<MediaTimePoint>T00:21:24:12494F30000</MediaTimePoint>
</MediaTime>
</VideoSegment>
</TemporalDecomposition>
</VideoSegment>
<VideoSegment id="shot57_152">
<MediaTime>
<MediaTimePoint>T00:21:27:19591F30000</MediaTimePoint>
<MediaDuration>PT00H00M02S3063N30000F</MediaDuration>
</MediaTime>
<TemporalDecomposition>
<VideoSegment id="shot57_152_RKF">
<MediaTime>
<MediaTimePoint>T00:21:28:20622F30000</MediaTimePoint>
</MediaTime>
</VideoSegment>
</TemporalDecomposition>
</VideoSegment>
<VideoSegment id="shot57_153">
<MediaTime>
<MediaTimePoint>T00:21:29:22654F30000</MediaTimePoint>
<MediaDuration>PT00H00M06S1181N30000F</MediaDuration>
</MediaTime>
<TemporalDecomposition>
<VideoSegment id="shot57_153_RKF">
<MediaTime>
<MediaTimePoint>T00:21:32:22744F30000</MediaTimePoint>
</MediaTime>
</VideoSegment>
</TemporalDecomposition>
</VideoSegment>
<VideoSegment id="shot57_154">
<MediaTime>
<MediaTimePoint>T00:21:35:23835F30000</MediaTimePoint>
<MediaDuration>PT00H00M02S21081N30000F</MediaDuration>
</MediaTime>
<TemporalDecomposition>
<VideoSegment id="shot57_154_RKF">
<MediaTime>
<MediaTimePoint>T00:21:37:3875F30000</MediaTimePoint>
</MediaTime>
</VideoSegment>
</TemporalDecomposition>
</VideoSegment>
<VideoSegment id="shot57_155">
<MediaTime>
<MediaTimePoint>T00:21:38:14916F30000</MediaTimePoint>
<MediaDuration>PT00H00M05S10160N30000F</MediaDuration>
</MediaTime>
<TemporalDecomposition>
<VideoSegment id="shot57_155_RKF">
<MediaTime>
<MediaTimePoint>T00:21:41:3995F30000</MediaTimePoint>
</MediaTime>
</VideoSegment>
</TemporalDecomposition>
</VideoSegment>
<VideoSegment id="shot57_156">
<MediaTime>
<MediaTimePoint>T00:21:43:25076F30000</MediaTimePoint>
<MediaDuration>PT00H00M02S3063N30000F</MediaDuration>
</MediaTime>
<TemporalDecomposition>
<VideoSegment id="shot57_156_RKF">
<MediaTime>
<MediaTimePoint>T00:21:44:26107F30000</MediaTimePoint>
</MediaTime>
</VideoSegment>
</TemporalDecomposition>
</VideoSegment>
<VideoSegment id="shot57_157">
<MediaTime>
<MediaTimePoint>T00:21:45:28139F30000</MediaTimePoint>
<MediaDuration>PT00H00M38S2141N30000F</MediaDuration>
</MediaTime>
<TemporalDecomposition>
<VideoSegment id="shot57_157_NRKF_1">
<MediaTime>
<MediaTimePoint>T00:21:46:27168F30000</MediaTimePoint>
</MediaTime>
</VideoSegment>
<VideoSegment id="shot57_157_RKF">
<MediaTime>
<MediaTimePoint>T00:22:04:28709F30000</MediaTimePoint>
</MediaTime>
</VideoSegment>
<VideoSegment id="shot57_157_NRKF_2">
<MediaTime>
<MediaTimePoint>T00:22:05:27738F30000</MediaTimePoint>
</MediaTime>
</VideoSegment>
</TemporalDecomposition>
</VideoSegment>
<VideoSegment id="shot57_158">
<MediaTime>
<MediaTimePoint>T00:22:24:280F30000</MediaTimePoint>
<MediaDuration>PT00H00M03S15105N30000F</MediaDuration>
</MediaTime>
<TemporalDecomposition>
<VideoSegment id="shot57_158_RKF">
<MediaTime>
<MediaTimePoint>T00:22:25:22332F30000</MediaTimePoint>
</MediaTime>
</VideoSegment>
</TemporalDecomposition>
</VideoSegment>
<VideoSegment id="shot57_159">
<MediaTime>
<MediaTimePoint>T00:22:27:15385F30000</MediaTimePoint>
<MediaDuration>PT00H00M02S8068N30000F</MediaDuration>
</MediaTime>
<TemporalDecomposition>
<VideoSegment id="shot57_159_RKF">
<MediaTime>
<MediaTimePoint>T00:22:28:18418F30000</MediaTimePoint>
</MediaTime>
</VideoSegment>
</TemporalDecomposition>
</VideoSegment>
<VideoSegment id="shot57_160">
<MediaTime>
<MediaTimePoint>T00:22:29:23453F30000</MediaTimePoint>
<MediaDuration>PT00H00M26S8788N30000F</MediaDuration>
</MediaTime>
<TemporalDecomposition>
<VideoSegment id="shot57_160_RKF">
<MediaTime>
<MediaTimePoint>T00:22:42:26846F30000</MediaTimePoint>
</MediaTime>
</VideoSegment>
</TemporalDecomposition>
</VideoSegment>
<VideoSegment id="shot57_161">
<MediaTime>
<MediaTimePoint>T00:22:56:2241F30000</MediaTimePoint>
<MediaDuration>PT00H00M11S2332N30000F</MediaDuration>
</MediaTime>
<TemporalDecomposition>
<VideoSegment id="shot57_161_RKF">
<MediaTime>
<MediaTimePoint>T00:23:01:17406F30000</MediaTimePoint>
</MediaTime>
</VideoSegment>
</TemporalDecomposition>
</VideoSegment>
<VideoSegment id="shot57_162">
<MediaTime>
<MediaTimePoint>T00:23:07:4573F30000</MediaTimePoint>
<MediaDuration>PT00H00M04S26146N30000F</MediaDuration>
</MediaTime>
<TemporalDecomposition>
<VideoSegment id="shot57_162_RKF">
<MediaTime>
<MediaTimePoint>T00:23:09:16645F30000</MediaTimePoint>
</MediaTime>
</VideoSegment>
</TemporalDecomposition>
</VideoSegment>
<VideoSegment id="shot57_163">
<MediaTime>
<MediaTimePoint>T00:23:12:719F30000</MediaTimePoint>
<MediaDuration>PT00H00M04S10130N30000F</MediaDuration>
</MediaTime>
<TemporalDecomposition>
<VideoSegment id="shot57_163_RKF">
<MediaTime>
<MediaTimePoint>T00:23:14:4783F30000</MediaTimePoint>
</MediaTime>
</VideoSegment>
</TemporalDecomposition>
</VideoSegment>
<VideoSegment id="shot57_164">
<MediaTime>
<MediaTimePoint>T00:23:16:10849F30000</MediaTimePoint>
<MediaDuration>PT00H00M04S14134N30000F</MediaDuration>
</MediaTime>
<TemporalDecomposition>
<VideoSegment id="shot57_164_RKF">
<MediaTime>
<MediaTimePoint>T00:23:18:16915F30000</MediaTimePoint>
</MediaTime>
</VideoSegment>
</TemporalDecomposition>
</VideoSegment>
<VideoSegment id="shot57_165">
<MediaTime>
<MediaTimePoint>T00:23:20:24983F30000</MediaTimePoint>
<MediaDuration>PT00H00M02S15075N30000F</MediaDuration>
</MediaTime>
<TemporalDecomposition>
<VideoSegment id="shot57_165_RKF">
<MediaTime>
<MediaTimePoint>T00:23:22:2020F30000</MediaTimePoint>
</MediaTime>
</VideoSegment>
</TemporalDecomposition>
</VideoSegment>
<VideoSegment id="shot57_166">
<MediaTime>
<MediaTimePoint>T00:23:23:10058F30000</MediaTimePoint>
<MediaDuration>PT00H00M02S10070N30000F</MediaDuration>
</MediaTime>
<TemporalDecomposition>
<VideoSegment id="shot57_166_RKF">
<MediaTime>
<MediaTimePoint>T00:23:24:14092F30000</MediaTimePoint>
</MediaTime>
</VideoSegment>
</TemporalDecomposition>
</VideoSegment>
<VideoSegment id="shot57_167">
<MediaTime>
<MediaTimePoint>T00:23:25:20128F30000</MediaTimePoint>
<MediaDuration>PT00H00M03S18108N30000F</MediaDuration>
</MediaTime>
<TemporalDecomposition>
<VideoSegment id="shot57_167_NRKF_1">
<MediaTime>
<MediaTimePoint>T00:23:26:11149F30000</MediaTimePoint>
</MediaTime>
</VideoSegment>
<VideoSegment id="shot57_167_RKF">
<MediaTime>
<MediaTimePoint>T00:23:27:13181F30000</MediaTimePoint>
</MediaTime>
</VideoSegment>
<VideoSegment id="shot57_167_NRKF_2">
<MediaTime>
<MediaTimePoint>T00:23:28:5203F30000</MediaTimePoint>
</MediaTime>
</VideoSegment>
</TemporalDecomposition>
</VideoSegment>
<VideoSegment id="shot57_168">
<MediaTime>
<MediaTimePoint>T00:23:29:8236F30000</MediaTimePoint>
<MediaDuration>PT00H00M02S24084N30000F</MediaDuration>
</MediaTime>
<TemporalDecomposition>
<VideoSegment id="shot57_168_RKF">
<MediaTime>
<MediaTimePoint>T00:23:30:19277F30000</MediaTimePoint>
</MediaTime>
</VideoSegment>
</TemporalDecomposition>
</VideoSegment>
<VideoSegment id="shot57_169">
<MediaTime>
<MediaTimePoint>T00:23:32:2320F30000</MediaTimePoint>
<MediaDuration>PT00H00M11S7337N30000F</MediaDuration>
</MediaTime>
<TemporalDecomposition>
<VideoSegment id="shot57_169_RKF">
<MediaTime>
<MediaTimePoint>T00:23:37:20488F30000</MediaTimePoint>
</MediaTime>
</VideoSegment>
</TemporalDecomposition>
</VideoSegment>
<VideoSegment id="shot57_170">
<MediaTime>
<MediaTimePoint>T00:23:43:9657F30000</MediaTimePoint>
<MediaDuration>PT00H00M04S2122N30000F</MediaDuration>
</MediaTime>
<TemporalDecomposition>
<VideoSegment id="shot57_170_RKF">
<MediaTime>
<MediaTimePoint>T00:23:45:9717F30000</MediaTimePoint>
</MediaTime>
</VideoSegment>
</TemporalDecomposition>
</VideoSegment>
<VideoSegment id="shot57_171">
<MediaTime>
<MediaTimePoint>T00:23:47:11779F30000</MediaTimePoint>
<MediaDuration>PT00H00M04S18138N30000F</MediaDuration>
</MediaTime>
<TemporalDecomposition>
<VideoSegment id="shot57_171_NRKF_1">
<MediaTime>
<MediaTimePoint>T00:23:48:1799F30000</MediaTimePoint>
</MediaTime>
</VideoSegment>
<VideoSegment id="shot57_171_RKF">
<MediaTime>
<MediaTimePoint>T00:23:49:19847F30000</MediaTimePoint>
</MediaTime>
</VideoSegment>
<VideoSegment id="shot57_171_NRKF_2">
<MediaTime>
<MediaTimePoint>T00:23:50:10868F30000</MediaTimePoint>
</MediaTime>
</VideoSegment>
</TemporalDecomposition>
</VideoSegment>
<VideoSegment id="shot57_172">
<MediaTime>
<MediaTimePoint>T00:23:51:29917F30000</MediaTimePoint>
<MediaDuration>PT00H00M02S16076N30000F</MediaDuration>
</MediaTime>
<TemporalDecomposition>
<VideoSegment id="shot57_172_NRKF_1">
<MediaTime>
<MediaTimePoint>T00:23:52:8926F30000</MediaTimePoint>
</MediaTime>
</VideoSegment>
<VideoSegment id="shot57_172_NRKF_2">
<MediaTime>
<MediaTimePoint>T00:23:53:3951F30000</MediaTimePoint>
</MediaTime>
</VideoSegment>
<VideoSegment id="shot57_172_RKF">
<MediaTime>
<MediaTimePoint>T00:23:53:6954F30000</MediaTimePoint>
</MediaTime>
</VideoSegment>
<VideoSegment id="shot57_172_NRKF_3">
<MediaTime>
<MediaTimePoint>T00:23:54:1979F30000</MediaTimePoint>
</MediaTime>
</VideoSegment>
</TemporalDecomposition>
</VideoSegment>
<VideoSegment id="shot57_173">
<MediaTime>
<MediaTimePoint>T00:23:54:15993F30000</MediaTimePoint>
<MediaDuration>PT00H00M03S5095N30000F</MediaDuration>
</MediaTime>
<TemporalDecomposition>
<VideoSegment id="shot57_173_RKF">
<MediaTime>
<MediaTimePoint>T00:23:56:3040F30000</MediaTimePoint>
</MediaTime>
</VideoSegment>
</TemporalDecomposition>
</VideoSegment>
<VideoSegment id="shot57_174">
<MediaTime>
<MediaTimePoint>T00:23:57:21088F30000</MediaTimePoint>
<MediaDuration>PT00H00M06S15195N30000F</MediaDuration>
</MediaTime>
<TemporalDecomposition>
<VideoSegment id="shot57_174_NRKF_1">
<MediaTime>
<MediaTimePoint>T00:23:57:24091F30000</MediaTimePoint>
</MediaTime>
</VideoSegment>
<VideoSegment id="shot57_174_NRKF_2">
<MediaTime>
<MediaTimePoint>T00:23:58:14111F30000</MediaTimePoint>
</MediaTime>
</VideoSegment>
<VideoSegment id="shot57_174_RKF">
<MediaTime>
<MediaTimePoint>T00:24:00:28185F30000</MediaTimePoint>
</MediaTime>
</VideoSegment>
<VideoSegment id="shot57_174_NRKF_3">
<MediaTime>
<MediaTimePoint>T00:24:01:18205F30000</MediaTimePoint>
</MediaTime>
</VideoSegment>
</TemporalDecomposition>
</VideoSegment>
<VideoSegment id="shot57_175">
<MediaTime>
<MediaTimePoint>T00:24:04:6283F30000</MediaTimePoint>
<MediaDuration>PT00H00M02S9069N30000F</MediaDuration>
</MediaTime>
<TemporalDecomposition>
<VideoSegment id="shot57_175_NRKF_1">
<MediaTime>
<MediaTimePoint>T00:24:04:17294F30000</MediaTimePoint>
</MediaTime>
</VideoSegment>
<VideoSegment id="shot57_175_NRKF_2">
<MediaTime>
<MediaTimePoint>T00:24:05:10317F30000</MediaTimePoint>
</MediaTime>
</VideoSegment>
<VideoSegment id="shot57_175_RKF">
<MediaTime>
<MediaTimePoint>T00:24:05:10317F30000</MediaTimePoint>
</MediaTime>
</VideoSegment>
<VideoSegment id="shot57_175_NRKF_3">
<MediaTime>
<MediaTimePoint>T00:24:06:2339F30000</MediaTimePoint>
</MediaTime>
</VideoSegment>
</TemporalDecomposition>
</VideoSegment>
<VideoSegment id="shot57_176">
<MediaTime>
<MediaTimePoint>T00:24:06:15352F30000</MediaTimePoint>
<MediaDuration>PT00H00M06S22202N30000F</MediaDuration>
</MediaTime>
<TemporalDecomposition>
<VideoSegment id="shot57_176_NRKF_1">
<MediaTime>
<MediaTimePoint>T00:24:07:11378F30000</MediaTimePoint>
</MediaTime>
</VideoSegment>
<VideoSegment id="shot57_176_RKF">
<MediaTime>
<MediaTimePoint>T00:24:09:25452F30000</MediaTimePoint>
</MediaTime>
</VideoSegment>
<VideoSegment id="shot57_176_NRKF_2">
<MediaTime>
<MediaTimePoint>T00:24:10:22479F30000</MediaTimePoint>
</MediaTime>
</VideoSegment>
</TemporalDecomposition>
</VideoSegment>
<VideoSegment id="shot57_177">
<MediaTime>
<MediaTimePoint>T00:24:13:7554F30000</MediaTimePoint>
<MediaDuration>PT00H00M03S90N30000F</MediaDuration>
</MediaTime>
<TemporalDecomposition>
<VideoSegment id="shot57_177_NRKF_1">
<MediaTime>
<MediaTimePoint>T00:24:14:577F30000</MediaTimePoint>
</MediaTime>
</VideoSegment>
<VideoSegment id="shot57_177_RKF">
<MediaTime>
<MediaTimePoint>T00:24:14:21598F30000</MediaTimePoint>
</MediaTime>
</VideoSegment>
<VideoSegment id="shot57_177_NRKF_2">
<MediaTime>
<MediaTimePoint>T00:24:15:15622F30000</MediaTimePoint>
</MediaTime>
</VideoSegment>
</TemporalDecomposition>
</VideoSegment>
<VideoSegment id="shot57_178">
<MediaTime>
<MediaTimePoint>T00:24:16:7644F30000</MediaTimePoint>
<MediaDuration>PT00H00M02S6066N30000F</MediaDuration>
</MediaTime>
<TemporalDecomposition>
<VideoSegment id="shot57_178_NRKF_1">
<MediaTime>
<MediaTimePoint>T00:24:16:14651F30000</MediaTimePoint>
</MediaTime>
</VideoSegment>
<VideoSegment id="shot57_178_NRKF_2">
<MediaTime>
<MediaTimePoint>T00:24:17:667F30000</MediaTimePoint>
</MediaTime>
</VideoSegment>
<VideoSegment id="shot57_178_RKF">
<MediaTime>
<MediaTimePoint>T00:24:17:9676F30000</MediaTimePoint>
</MediaTime>
</VideoSegment>
<VideoSegment id="shot57_178_NRKF_3">
<MediaTime>
<MediaTimePoint>T00:24:17:11678F30000</MediaTimePoint>
</MediaTime>
</VideoSegment>
<VideoSegment id="shot57_178_NRKF_4">
<MediaTime>
<MediaTimePoint>T00:24:17:28695F30000</MediaTimePoint>
</MediaTime>
</VideoSegment>
</TemporalDecomposition>
</VideoSegment>
<VideoSegment id="shot57_179">
<MediaTime>
<MediaTimePoint>T00:24:18:13710F30000</MediaTimePoint>
<MediaDuration>PT00H00M02S13073N30000F</MediaDuration>
</MediaTime>
<TemporalDecomposition>
<VideoSegment id="shot57_179_NRKF_1">
<MediaTime>
<MediaTimePoint>T00:24:18:15712F30000</MediaTimePoint>
</MediaTime>
</VideoSegment>
<VideoSegment id="shot57_179_NRKF_2">
<MediaTime>
<MediaTimePoint>T00:24:18:19716F30000</MediaTimePoint>
</MediaTime>
</VideoSegment>
<VideoSegment id="shot57_179_NRKF_3">
<MediaTime>
<MediaTimePoint>T00:24:18:25722F30000</MediaTimePoint>
</MediaTime>
</VideoSegment>
<VideoSegment id="shot57_179_NRKF_4">
<MediaTime>
<MediaTimePoint>T00:24:19:727F30000</MediaTimePoint>
</MediaTime>
</VideoSegment>
<VideoSegment id="shot57_179_NRKF_5">
<MediaTime>
<MediaTimePoint>T00:24:19:6733F30000</MediaTimePoint>
</MediaTime>
</VideoSegment>
<VideoSegment id="shot57_179_RKF">
<MediaTime>
<MediaTimePoint>T00:24:19:19746F30000</MediaTimePoint>
</MediaTime>
</VideoSegment>
<VideoSegment id="shot57_179_NRKF_6">
<MediaTime>
<MediaTimePoint>T00:24:19:26753F30000</MediaTimePoint>
</MediaTime>
</VideoSegment>
<VideoSegment id="shot57_179_NRKF_7">
<MediaTime>
<MediaTimePoint>T00:24:20:19776F30000</MediaTimePoint>
</MediaTime>
</VideoSegment>
</TemporalDecomposition>
</VideoSegment>
<VideoSegment id="shot57_180">
<MediaTime>
<MediaTimePoint>T00:24:20:26783F30000</MediaTimePoint>
<MediaDuration>PT00H00M02S24084N30000F</MediaDuration>
</MediaTime>
<TemporalDecomposition>
<VideoSegment id="shot57_180_NRKF_1">
<MediaTime>
<MediaTimePoint>T00:24:21:6793F30000</MediaTimePoint>
</MediaTime>
</VideoSegment>
<VideoSegment id="shot57_180_NRKF_2">
<MediaTime>
<MediaTimePoint>T00:24:22:1818F30000</MediaTimePoint>
</MediaTime>
</VideoSegment>
<VideoSegment id="shot57_180_RKF">
<MediaTime>
<MediaTimePoint>T00:24:22:7824F30000</MediaTimePoint>
</MediaTime>
</VideoSegment>
<VideoSegment id="shot57_180_NRKF_3">
<MediaTime>
<MediaTimePoint>T00:24:22:21838F30000</MediaTimePoint>
</MediaTime>
</VideoSegment>
<VideoSegment id="shot57_180_NRKF_4">
<MediaTime>
<MediaTimePoint>T00:24:23:7854F30000</MediaTimePoint>
</MediaTime>
</VideoSegment>
</TemporalDecomposition>
</VideoSegment>
<VideoSegment id="shot57_181">
<MediaTime>
<MediaTimePoint>T00:24:23:20867F30000</MediaTimePoint>
<MediaDuration>PT00H00M04S1121N30000F</MediaDuration>
</MediaTime>
<TemporalDecomposition>
<VideoSegment id="shot57_181_NRKF_1">
<MediaTime>
<MediaTimePoint>T00:24:23:25872F30000</MediaTimePoint>
</MediaTime>
</VideoSegment>
<VideoSegment id="shot57_181_RKF">
<MediaTime>
<MediaTimePoint>T00:24:25:20927F30000</MediaTimePoint>
</MediaTime>
</VideoSegment>
<VideoSegment id="shot57_181_NRKF_2">
<MediaTime>
<MediaTimePoint>T00:24:25:25932F30000</MediaTimePoint>
</MediaTime>
</VideoSegment>
</TemporalDecomposition>
</VideoSegment>
<VideoSegment id="shot57_182">
<MediaTime>
<MediaTimePoint>T00:24:27:21988F30000</MediaTimePoint>
<MediaDuration>PT00H00M02S3063N30000F</MediaDuration>
</MediaTime>
<TemporalDecomposition>
<VideoSegment id="shot57_182_NRKF_1">
<MediaTime>
<MediaTimePoint>T00:24:27:29996F30000</MediaTimePoint>
</MediaTime>
</VideoSegment>
<VideoSegment id="shot57_182_NRKF_2">
<MediaTime>
<MediaTimePoint>T00:24:28:15011F30000</MediaTimePoint>
</MediaTime>
</VideoSegment>
<VideoSegment id="shot57_182_RKF">
<MediaTime>
<MediaTimePoint>T00:24:28:23019F30000</MediaTimePoint>
</MediaTime>
</VideoSegment>
<VideoSegment id="shot57_182_NRKF_3">
<MediaTime>
<MediaTimePoint>T00:24:29:8034F30000</MediaTimePoint>
</MediaTime>
</VideoSegment>
</TemporalDecomposition>
</VideoSegment>
<VideoSegment id="shot57_183">
<MediaTime>
<MediaTimePoint>T00:24:29:25051F30000</MediaTimePoint>
<MediaDuration>PT00H00M02S2062N30000F</MediaDuration>
</MediaTime>
<TemporalDecomposition>
<VideoSegment id="shot57_183_NRKF_1">
<MediaTime>
<MediaTimePoint>T00:24:30:6062F30000</MediaTimePoint>
</MediaTime>
</VideoSegment>
<VideoSegment id="shot57_183_NRKF_2">
<MediaTime>
<MediaTimePoint>T00:24:30:24080F30000</MediaTimePoint>
</MediaTime>
</VideoSegment>
<VideoSegment id="shot57_183_RKF">
<MediaTime>
<MediaTimePoint>T00:24:30:25081F30000</MediaTimePoint>
</MediaTime>
</VideoSegment>
<VideoSegment id="shot57_183_NRKF_3">
<MediaTime>
<MediaTimePoint>T00:24:31:5091F30000</MediaTimePoint>
</MediaTime>
</VideoSegment>
<VideoSegment id="shot57_183_NRKF_4">
<MediaTime>
<MediaTimePoint>T00:24:31:12098F30000</MediaTimePoint>
</MediaTime>
</VideoSegment>
<VideoSegment id="shot57_183_NRKF_5">
<MediaTime>
<MediaTimePoint>T00:24:31:16102F30000</MediaTimePoint>
</MediaTime>
</VideoSegment>
<VideoSegment id="shot57_183_NRKF_6">
<MediaTime>
<MediaTimePoint>T00:24:31:20106F30000</MediaTimePoint>
</MediaTime>
</VideoSegment>
<VideoSegment id="shot57_183_NRKF_7">
<MediaTime>
<MediaTimePoint>T00:24:31:24110F30000</MediaTimePoint>
</MediaTime>
</VideoSegment>
</TemporalDecomposition>
</VideoSegment>
<VideoSegment id="shot57_184">
<MediaTime>
<MediaTimePoint>T00:24:31:27113F30000</MediaTimePoint>
<MediaDuration>PT00H00M02S11071N30000F</MediaDuration>
</MediaTime>
<TemporalDecomposition>
<VideoSegment id="shot57_184_NRKF_1">
<MediaTime>
<MediaTimePoint>T00:24:32:116F30000</MediaTimePoint>
</MediaTime>
</VideoSegment>
<VideoSegment id="shot57_184_NRKF_2">
<MediaTime>
<MediaTimePoint>T00:24:32:7123F30000</MediaTimePoint>
</MediaTime>
</VideoSegment>
<VideoSegment id="shot57_184_NRKF_3">
<MediaTime>
<MediaTimePoint>T00:24:32:17133F30000</MediaTimePoint>
</MediaTime>
</VideoSegment>
<VideoSegment id="shot57_184_RKF">
<MediaTime>
<MediaTimePoint>T00:24:33:2148F30000</MediaTimePoint>
</MediaTime>
</VideoSegment>
<VideoSegment id="shot57_184_NRKF_4">
<MediaTime>
<MediaTimePoint>T00:24:33:16162F30000</MediaTimePoint>
</MediaTime>
</VideoSegment>
</TemporalDecomposition>
</VideoSegment>
<VideoSegment id="shot57_185">
<MediaTime>
<MediaTimePoint>T00:24:34:8184F30000</MediaTimePoint>
<MediaDuration>PT00H00M02S15075N30000F</MediaDuration>
</MediaTime>
<TemporalDecomposition>
<VideoSegment id="shot57_185_NRKF_1">
<MediaTime>
<MediaTimePoint>T00:24:35:1207F30000</MediaTimePoint>
</MediaTime>
</VideoSegment>
<VideoSegment id="shot57_185_RKF">
<MediaTime>
<MediaTimePoint>T00:24:35:15221F30000</MediaTimePoint>
</MediaTime>
</VideoSegment>
<VideoSegment id="shot57_185_NRKF_2">
<MediaTime>
<MediaTimePoint>T00:24:36:9245F30000</MediaTimePoint>
</MediaTime>
</VideoSegment>
</TemporalDecomposition>
</VideoSegment>
<VideoSegment id="shot57_186">
<MediaTime>
<MediaTimePoint>T00:24:36:23259F30000</MediaTimePoint>
<MediaDuration>PT00H00M03S18108N30000F</MediaDuration>
</MediaTime>
<TemporalDecomposition>
<VideoSegment id="shot57_186_NRKF_1">
<MediaTime>
<MediaTimePoint>T00:24:37:7273F30000</MediaTimePoint>
</MediaTime>
</VideoSegment>
<VideoSegment id="shot57_186_NRKF_2">
<MediaTime>
<MediaTimePoint>T00:24:38:5301F30000</MediaTimePoint>
</MediaTime>
</VideoSegment>
<VideoSegment id="shot57_186_RKF">
<MediaTime>
<MediaTimePoint>T00:24:38:16312F30000</MediaTimePoint>
</MediaTime>
</VideoSegment>
<VideoSegment id="shot57_186_NRKF_3">
<MediaTime>
<MediaTimePoint>T00:24:39:15341F30000</MediaTimePoint>
</MediaTime>
</VideoSegment>
</TemporalDecomposition>
</VideoSegment>
<VideoSegment id="shot57_187">
<MediaTime>
<MediaTimePoint>T00:24:40:11367F30000</MediaTimePoint>
<MediaDuration>PT00H00M03S16106N30000F</MediaDuration>
</MediaTime>
<TemporalDecomposition>
<VideoSegment id="shot57_187_RKF">
<MediaTime>
<MediaTimePoint>T00:24:42:3419F30000</MediaTimePoint>
</MediaTime>
</VideoSegment>
</TemporalDecomposition>
</VideoSegment>
<VideoSegment id="shot57_188">
<MediaTime>
<MediaTimePoint>T00:24:43:27473F30000</MediaTimePoint>
<MediaDuration>PT00H00M04S1121N30000F</MediaDuration>
</MediaTime>
<TemporalDecomposition>
<VideoSegment id="shot57_188_RKF">
<MediaTime>
<MediaTimePoint>T00:24:45:27533F30000</MediaTimePoint>
</MediaTime>
</VideoSegment>
</TemporalDecomposition>
</VideoSegment>
<VideoSegment id="shot57_189">
<MediaTime>
<MediaTimePoint>T00:24:47:28594F30000</MediaTimePoint>
<MediaDuration>PT00H00M03S28118N30000F</MediaDuration>
</MediaTime>
<TemporalDecomposition>
<VideoSegment id="shot57_189_RKF">
<MediaTime>
<MediaTimePoint>T00:24:49:26652F30000</MediaTimePoint>
</MediaTime>
</VideoSegment>
</TemporalDecomposition>
</VideoSegment>
<VideoSegment id="shot57_190">
<MediaTime>
<MediaTimePoint>T00:24:51:26712F30000</MediaTimePoint>
<MediaDuration>PT00H00M05S10160N30000F</MediaDuration>
</MediaTime>
<TemporalDecomposition>
<VideoSegment id="shot57_190_RKF">
<MediaTime>
<MediaTimePoint>T00:24:54:15791F30000</MediaTimePoint>
</MediaTime>
</VideoSegment>
</TemporalDecomposition>
</VideoSegment>
<VideoSegment id="shot57_191">
<MediaTime>
<MediaTimePoint>T00:24:57:6872F30000</MediaTimePoint>
<MediaDuration>PT00H00M02S2062N30000F</MediaDuration>
</MediaTime>
<TemporalDecomposition>
<VideoSegment id="shot57_191_RKF">
<MediaTime>
<MediaTimePoint>T00:24:58:6902F30000</MediaTimePoint>
</MediaTime>
</VideoSegment>
</TemporalDecomposition>
</VideoSegment>
<VideoSegment id="shot57_192">
<MediaTime>
<MediaTimePoint>T00:24:59:8934F30000</MediaTimePoint>
<MediaDuration>PT00H00M00S21021N30000F</MediaDuration>
</MediaTime>
<TemporalDecomposition>
<VideoSegment id="shot57_192_RKF">
<MediaTime>
<MediaTimePoint>T00:24:59:18944F30000</MediaTimePoint>
</MediaTime>
</VideoSegment>
</TemporalDecomposition>
</VideoSegment>
</TemporalDecomposition>
</Video>
</MultimediaContent>
</Description>
</Mpeg7>
