<?xml version="1.0" encoding="UTF-8"?>
<Mpeg7 xmlns="urn:mpeg:mpeg7:schema:2001" xmlns:mpeg7="urn:mpeg:mpeg7:schema:2001" xmlns:xsi="http://www.w3.org/2001/XMLSchema-instance">
<Description xsi:type="ContentEntityType">
<MultimediaContent xsi:type="VideoType">
<Video id="TRECVID2005_61">
<MediaLocator>
<MediaUri>20041122_190000_NTDTV_NTDNEWS19_CHN.mpg</MediaUri>
</MediaLocator>
<MediaTime>
<MediaTimePoint>T00:00:00:0F30000</MediaTimePoint>
<MediaDuration>PT00H19M01S22218N30000F</MediaDuration>
</MediaTime>
<TemporalDecomposition gap="false" overlap="false">
<VideoSegment id="shot61_1">
<MediaTime>
<MediaTimePoint>T00:00:00:0F30000</MediaTimePoint>
<MediaDuration>PT00H00M06S1181N30000F</MediaDuration>
</MediaTime>
<TemporalDecomposition>
<VideoSegment id="shot61_1_RKF">
<MediaTime>
<MediaTimePoint>T00:00:03:90F30000</MediaTimePoint>
</MediaTime>
</VideoSegment>
</TemporalDecomposition>
</VideoSegment>
<VideoSegment id="shot61_2">
<MediaTime>
<MediaTimePoint>T00:00:06:1181F30000</MediaTimePoint>
<MediaDuration>PT00H00M03S90N30000F</MediaDuration>
</MediaTime>
<TemporalDecomposition>
<VideoSegment id="shot61_2_NRKF_1">
<MediaTime>
<MediaTimePoint>T00:00:06:25205F30000</MediaTimePoint>
</MediaTime>
</VideoSegment>
<VideoSegment id="shot61_2_RKF">
<MediaTime>
<MediaTimePoint>T00:00:07:15225F30000</MediaTimePoint>
</MediaTime>
</VideoSegment>
<VideoSegment id="shot61_2_NRKF_2">
<MediaTime>
<MediaTimePoint>T00:00:08:10250F30000</MediaTimePoint>
</MediaTime>
</VideoSegment>
</TemporalDecomposition>
</VideoSegment>
<VideoSegment id="shot61_3">
<MediaTime>
<MediaTimePoint>T00:00:09:1271F30000</MediaTimePoint>
<MediaDuration>PT00H00M02S9069N30000F</MediaDuration>
</MediaTime>
<TemporalDecomposition>
<VideoSegment id="shot61_3_RKF">
<MediaTime>
<MediaTimePoint>T00:00:10:5305F30000</MediaTimePoint>
</MediaTime>
</VideoSegment>
</TemporalDecomposition>
</VideoSegment>
<VideoSegment id="shot61_4">
<MediaTime>
<MediaTimePoint>T00:00:11:10340F30000</MediaTimePoint>
<MediaDuration>PT00H00M02S25085N30000F</MediaDuration>
</MediaTime>
<TemporalDecomposition>
<VideoSegment id="shot61_4_RKF">
<MediaTime>
<MediaTimePoint>T00:00:12:22382F30000</MediaTimePoint>
</MediaTime>
</VideoSegment>
</TemporalDecomposition>
</VideoSegment>
<VideoSegment id="shot61_5">
<MediaTime>
<MediaTimePoint>T00:00:14:5425F30000</MediaTimePoint>
<MediaDuration>PT00H00M03S25115N30000F</MediaDuration>
</MediaTime>
<TemporalDecomposition>
<VideoSegment id="shot61_5_RKF">
<MediaTime>
<MediaTimePoint>T00:00:16:2482F30000</MediaTimePoint>
</MediaTime>
</VideoSegment>
</TemporalDecomposition>
</VideoSegment>
<VideoSegment id="shot61_6">
<MediaTime>
<MediaTimePoint>T00:00:18:540F30000</MediaTimePoint>
<MediaDuration>PT00H00M03S19109N30000F</MediaDuration>
</MediaTime>
<TemporalDecomposition>
<VideoSegment id="shot61_6_RKF">
<MediaTime>
<MediaTimePoint>T00:00:19:24594F30000</MediaTimePoint>
</MediaTime>
</VideoSegment>
</TemporalDecomposition>
</VideoSegment>
<VideoSegment id="shot61_7">
<MediaTime>
<MediaTimePoint>T00:00:21:19649F30000</MediaTimePoint>
<MediaDuration>PT00H00M02S15075N30000F</MediaDuration>
</MediaTime>
<TemporalDecomposition>
<VideoSegment id="shot61_7_RKF">
<MediaTime>
<MediaTimePoint>T00:00:22:26686F30000</MediaTimePoint>
</MediaTime>
</VideoSegment>
</TemporalDecomposition>
</VideoSegment>
<VideoSegment id="shot61_8">
<MediaTime>
<MediaTimePoint>T00:00:24:4724F30000</MediaTimePoint>
<MediaDuration>PT00H00M23S4694N30000F</MediaDuration>
</MediaTime>
<TemporalDecomposition>
<VideoSegment id="shot61_8_NRKF_1">
<MediaTime>
<MediaTimePoint>T00:00:24:19739F30000</MediaTimePoint>
</MediaTime>
</VideoSegment>
<VideoSegment id="shot61_8_NRKF_2">
<MediaTime>
<MediaTimePoint>T00:00:25:19769F30000</MediaTimePoint>
</MediaTime>
</VideoSegment>
<VideoSegment id="shot61_8_RKF">
<MediaTime>
<MediaTimePoint>T00:00:35:21070F30000</MediaTimePoint>
</MediaTime>
</VideoSegment>
<VideoSegment id="shot61_8_NRKF_3">
<MediaTime>
<MediaTimePoint>T00:00:36:21100F30000</MediaTimePoint>
</MediaTime>
</VideoSegment>
</TemporalDecomposition>
</VideoSegment>
<VideoSegment id="shot61_9">
<MediaTime>
<MediaTimePoint>T00:00:47:9418F30000</MediaTimePoint>
<MediaDuration>PT00H00M03S24114N30000F</MediaDuration>
</MediaTime>
<TemporalDecomposition>
<VideoSegment id="shot61_9_RKF">
<MediaTime>
<MediaTimePoint>T00:00:49:5474F30000</MediaTimePoint>
</MediaTime>
</VideoSegment>
</TemporalDecomposition>
</VideoSegment>
<VideoSegment id="shot61_10">
<MediaTime>
<MediaTimePoint>T00:00:51:3532F30000</MediaTimePoint>
<MediaDuration>PT00H00M04S2122N30000F</MediaDuration>
</MediaTime>
<TemporalDecomposition>
<VideoSegment id="shot61_10_RKF">
<MediaTime>
<MediaTimePoint>T00:00:53:3592F30000</MediaTimePoint>
</MediaTime>
</VideoSegment>
</TemporalDecomposition>
</VideoSegment>
<VideoSegment id="shot61_11">
<MediaTime>
<MediaTimePoint>T00:00:55:5654F30000</MediaTimePoint>
<MediaDuration>PT00H00M04S120N30000F</MediaDuration>
</MediaTime>
<TemporalDecomposition>
<VideoSegment id="shot61_11_RKF">
<MediaTime>
<MediaTimePoint>T00:00:57:4713F30000</MediaTimePoint>
</MediaTime>
</VideoSegment>
</TemporalDecomposition>
</VideoSegment>
<VideoSegment id="shot61_12">
<MediaTime>
<MediaTimePoint>T00:00:59:5774F30000</MediaTimePoint>
<MediaDuration>PT00H00M03S4094N30000F</MediaDuration>
</MediaTime>
<TemporalDecomposition>
<VideoSegment id="shot61_12_RKF">
<MediaTime>
<MediaTimePoint>T00:01:00:21820F30000</MediaTimePoint>
</MediaTime>
</VideoSegment>
</TemporalDecomposition>
</VideoSegment>
<VideoSegment id="shot61_13">
<MediaTime>
<MediaTimePoint>T00:01:02:9868F30000</MediaTimePoint>
<MediaDuration>PT00H00M02S29089N30000F</MediaDuration>
</MediaTime>
<TemporalDecomposition>
<VideoSegment id="shot61_13_RKF">
<MediaTime>
<MediaTimePoint>T00:01:03:23912F30000</MediaTimePoint>
</MediaTime>
</VideoSegment>
</TemporalDecomposition>
</VideoSegment>
<VideoSegment id="shot61_14">
<MediaTime>
<MediaTimePoint>T00:01:05:8957F30000</MediaTimePoint>
<MediaDuration>PT00H00M03S4094N30000F</MediaDuration>
</MediaTime>
<TemporalDecomposition>
<VideoSegment id="shot61_14_RKF">
<MediaTime>
<MediaTimePoint>T00:01:06:25003F30000</MediaTimePoint>
</MediaTime>
</VideoSegment>
</TemporalDecomposition>
</VideoSegment>
<VideoSegment id="shot61_15">
<MediaTime>
<MediaTimePoint>T00:01:08:13051F30000</MediaTimePoint>
<MediaDuration>PT00H00M02S28088N30000F</MediaDuration>
</MediaTime>
<TemporalDecomposition>
<VideoSegment id="shot61_15_RKF">
<MediaTime>
<MediaTimePoint>T00:01:09:26094F30000</MediaTimePoint>
</MediaTime>
</VideoSegment>
</TemporalDecomposition>
</VideoSegment>
<VideoSegment id="shot61_16">
<MediaTime>
<MediaTimePoint>T00:01:11:11139F30000</MediaTimePoint>
<MediaDuration>PT00H00M02S23083N30000F</MediaDuration>
</MediaTime>
<TemporalDecomposition>
<VideoSegment id="shot61_16_RKF">
<MediaTime>
<MediaTimePoint>T00:01:12:22180F30000</MediaTimePoint>
</MediaTime>
</VideoSegment>
</TemporalDecomposition>
</VideoSegment>
<VideoSegment id="shot61_17">
<MediaTime>
<MediaTimePoint>T00:01:14:4222F30000</MediaTimePoint>
<MediaDuration>PT00H00M03S9099N30000F</MediaDuration>
</MediaTime>
<TemporalDecomposition>
<VideoSegment id="shot61_17_RKF">
<MediaTime>
<MediaTimePoint>T00:01:15:23271F30000</MediaTimePoint>
</MediaTime>
</VideoSegment>
</TemporalDecomposition>
</VideoSegment>
<VideoSegment id="shot61_18">
<MediaTime>
<MediaTimePoint>T00:01:17:13321F30000</MediaTimePoint>
<MediaDuration>PT00H00M04S15135N30000F</MediaDuration>
</MediaTime>
<TemporalDecomposition>
<VideoSegment id="shot61_18_RKF">
<MediaTime>
<MediaTimePoint>T00:01:19:20388F30000</MediaTimePoint>
</MediaTime>
</VideoSegment>
</TemporalDecomposition>
</VideoSegment>
<VideoSegment id="shot61_19">
<MediaTime>
<MediaTimePoint>T00:01:21:28456F30000</MediaTimePoint>
<MediaDuration>PT00H00M03S15105N30000F</MediaDuration>
</MediaTime>
<TemporalDecomposition>
<VideoSegment id="shot61_19_RKF">
<MediaTime>
<MediaTimePoint>T00:01:23:20508F30000</MediaTimePoint>
</MediaTime>
</VideoSegment>
</TemporalDecomposition>
</VideoSegment>
<VideoSegment id="shot61_20">
<MediaTime>
<MediaTimePoint>T00:01:25:13561F30000</MediaTimePoint>
<MediaDuration>PT00H00M03S90N30000F</MediaDuration>
</MediaTime>
<TemporalDecomposition>
<VideoSegment id="shot61_20_RKF">
<MediaTime>
<MediaTimePoint>T00:01:26:27605F30000</MediaTimePoint>
</MediaTime>
</VideoSegment>
</TemporalDecomposition>
</VideoSegment>
<VideoSegment id="shot61_21">
<MediaTime>
<MediaTimePoint>T00:01:28:13651F30000</MediaTimePoint>
<MediaDuration>PT00H00M18S16556N30000F</MediaDuration>
</MediaTime>
<TemporalDecomposition>
<VideoSegment id="shot61_21_RKF">
<MediaTime>
<MediaTimePoint>T00:01:37:20928F30000</MediaTimePoint>
</MediaTime>
</VideoSegment>
</TemporalDecomposition>
</VideoSegment>
<VideoSegment id="shot61_22">
<MediaTime>
<MediaTimePoint>T00:01:47:207F30000</MediaTimePoint>
<MediaDuration>PT00H00M02S23083N30000F</MediaDuration>
</MediaTime>
<TemporalDecomposition>
<VideoSegment id="shot61_22_RKF">
<MediaTime>
<MediaTimePoint>T00:01:48:11248F30000</MediaTimePoint>
</MediaTime>
</VideoSegment>
</TemporalDecomposition>
</VideoSegment>
<VideoSegment id="shot61_23">
<MediaTime>
<MediaTimePoint>T00:01:49:23290F30000</MediaTimePoint>
<MediaDuration>PT00H00M14S3423N30000F</MediaDuration>
</MediaTime>
<TemporalDecomposition>
<VideoSegment id="shot61_23_RKF">
<MediaTime>
<MediaTimePoint>T00:01:56:24501F30000</MediaTimePoint>
</MediaTime>
</VideoSegment>
</TemporalDecomposition>
</VideoSegment>
<VideoSegment id="shot61_24">
<MediaTime>
<MediaTimePoint>T00:02:03:26713F30000</MediaTimePoint>
<MediaDuration>PT00H00M02S6066N30000F</MediaDuration>
</MediaTime>
<TemporalDecomposition>
<VideoSegment id="shot61_24_RKF">
<MediaTime>
<MediaTimePoint>T00:02:04:28745F30000</MediaTimePoint>
</MediaTime>
</VideoSegment>
</TemporalDecomposition>
</VideoSegment>
<VideoSegment id="shot61_25">
<MediaTime>
<MediaTimePoint>T00:02:06:2779F30000</MediaTimePoint>
<MediaDuration>PT00H00M03S24114N30000F</MediaDuration>
</MediaTime>
<TemporalDecomposition>
<VideoSegment id="shot61_25_RKF">
<MediaTime>
<MediaTimePoint>T00:02:07:28835F30000</MediaTimePoint>
</MediaTime>
</VideoSegment>
</TemporalDecomposition>
</VideoSegment>
<VideoSegment id="shot61_26">
<MediaTime>
<MediaTimePoint>T00:02:09:26893F30000</MediaTimePoint>
<MediaDuration>PT00H00M05S19169N30000F</MediaDuration>
</MediaTime>
<TemporalDecomposition>
<VideoSegment id="shot61_26_RKF">
<MediaTime>
<MediaTimePoint>T00:02:12:20977F30000</MediaTimePoint>
</MediaTime>
</VideoSegment>
</TemporalDecomposition>
</VideoSegment>
<VideoSegment id="shot61_27">
<MediaTime>
<MediaTimePoint>T00:02:15:16062F30000</MediaTimePoint>
<MediaDuration>PT00H00M04S11131N30000F</MediaDuration>
</MediaTime>
<TemporalDecomposition>
<VideoSegment id="shot61_27_RKF">
<MediaTime>
<MediaTimePoint>T00:02:17:21127F30000</MediaTimePoint>
</MediaTime>
</VideoSegment>
</TemporalDecomposition>
</VideoSegment>
<VideoSegment id="shot61_28">
<MediaTime>
<MediaTimePoint>T00:02:19:27193F30000</MediaTimePoint>
<MediaDuration>PT00H00M02S1061N30000F</MediaDuration>
</MediaTime>
<TemporalDecomposition>
<VideoSegment id="shot61_28_RKF">
<MediaTime>
<MediaTimePoint>T00:02:20:27223F30000</MediaTimePoint>
</MediaTime>
</VideoSegment>
</TemporalDecomposition>
</VideoSegment>
<VideoSegment id="shot61_29">
<MediaTime>
<MediaTimePoint>T00:02:21:28254F30000</MediaTimePoint>
<MediaDuration>PT00H00M02S3063N30000F</MediaDuration>
</MediaTime>
<TemporalDecomposition>
<VideoSegment id="shot61_29_RKF">
<MediaTime>
<MediaTimePoint>T00:02:22:29285F30000</MediaTimePoint>
</MediaTime>
</VideoSegment>
</TemporalDecomposition>
</VideoSegment>
<VideoSegment id="shot61_30">
<MediaTime>
<MediaTimePoint>T00:02:24:1317F30000</MediaTimePoint>
<MediaDuration>PT00H00M22S660N30000F</MediaDuration>
</MediaTime>
<TemporalDecomposition>
<VideoSegment id="shot61_30_NRKF_1">
<MediaTime>
<MediaTimePoint>T00:02:24:20336F30000</MediaTimePoint>
</MediaTime>
</VideoSegment>
<VideoSegment id="shot61_30_RKF">
<MediaTime>
<MediaTimePoint>T00:02:35:646F30000</MediaTimePoint>
</MediaTime>
</VideoSegment>
<VideoSegment id="shot61_30_NRKF_2">
<MediaTime>
<MediaTimePoint>T00:02:35:20666F30000</MediaTimePoint>
</MediaTime>
</VideoSegment>
</TemporalDecomposition>
</VideoSegment>
<VideoSegment id="shot61_31">
<MediaTime>
<MediaTimePoint>T00:02:46:1977F30000</MediaTimePoint>
<MediaDuration>PT00H00M02S8068N30000F</MediaDuration>
</MediaTime>
<TemporalDecomposition>
<VideoSegment id="shot61_31_RKF">
<MediaTime>
<MediaTimePoint>T00:02:47:5010F30000</MediaTimePoint>
</MediaTime>
</VideoSegment>
</TemporalDecomposition>
</VideoSegment>
<VideoSegment id="shot61_32">
<MediaTime>
<MediaTimePoint>T00:02:48:10045F30000</MediaTimePoint>
<MediaDuration>PT00H00M08S240N30000F</MediaDuration>
</MediaTime>
<TemporalDecomposition>
<VideoSegment id="shot61_32_RKF">
<MediaTime>
<MediaTimePoint>T00:02:52:9164F30000</MediaTimePoint>
</MediaTime>
</VideoSegment>
</TemporalDecomposition>
</VideoSegment>
<VideoSegment id="shot61_33">
<MediaTime>
<MediaTimePoint>T00:02:56:10285F30000</MediaTimePoint>
<MediaDuration>PT00H00M04S18138N30000F</MediaDuration>
</MediaTime>
<TemporalDecomposition>
<VideoSegment id="shot61_33_NRKF_1">
<MediaTime>
<MediaTimePoint>T00:02:57:9314F30000</MediaTimePoint>
</MediaTime>
</VideoSegment>
<VideoSegment id="shot61_33_RKF">
<MediaTime>
<MediaTimePoint>T00:02:58:18353F30000</MediaTimePoint>
</MediaTime>
</VideoSegment>
<VideoSegment id="shot61_33_NRKF_2">
<MediaTime>
<MediaTimePoint>T00:02:59:18383F30000</MediaTimePoint>
</MediaTime>
</VideoSegment>
</TemporalDecomposition>
</VideoSegment>
<VideoSegment id="shot61_34">
<MediaTime>
<MediaTimePoint>T00:03:00:28423F30000</MediaTimePoint>
<MediaDuration>PT00H00M03S28118N30000F</MediaDuration>
</MediaTime>
<TemporalDecomposition>
<VideoSegment id="shot61_34_RKF">
<MediaTime>
<MediaTimePoint>T00:03:02:26481F30000</MediaTimePoint>
</MediaTime>
</VideoSegment>
</TemporalDecomposition>
</VideoSegment>
<VideoSegment id="shot61_35">
<MediaTime>
<MediaTimePoint>T00:03:04:26541F30000</MediaTimePoint>
<MediaDuration>PT00H00M03S29119N30000F</MediaDuration>
</MediaTime>
<TemporalDecomposition>
<VideoSegment id="shot61_35_NRKF_1">
<MediaTime>
<MediaTimePoint>T00:03:05:23568F30000</MediaTimePoint>
</MediaTime>
</VideoSegment>
<VideoSegment id="shot61_35_RKF">
<MediaTime>
<MediaTimePoint>T00:03:06:25600F30000</MediaTimePoint>
</MediaTime>
</VideoSegment>
<VideoSegment id="shot61_35_NRKF_2">
<MediaTime>
<MediaTimePoint>T00:03:07:23628F30000</MediaTimePoint>
</MediaTime>
</VideoSegment>
</TemporalDecomposition>
</VideoSegment>
<VideoSegment id="shot61_36">
<MediaTime>
<MediaTimePoint>T00:03:08:25660F30000</MediaTimePoint>
<MediaDuration>PT00H00M04S1121N30000F</MediaDuration>
</MediaTime>
<TemporalDecomposition>
<VideoSegment id="shot61_36_RKF">
<MediaTime>
<MediaTimePoint>T00:03:10:25720F30000</MediaTimePoint>
</MediaTime>
</VideoSegment>
</TemporalDecomposition>
</VideoSegment>
<VideoSegment id="shot61_37">
<MediaTime>
<MediaTimePoint>T00:03:12:26781F30000</MediaTimePoint>
<MediaDuration>PT00H00M04S5125N30000F</MediaDuration>
</MediaTime>
<TemporalDecomposition>
<VideoSegment id="shot61_37_RKF">
<MediaTime>
<MediaTimePoint>T00:03:14:28843F30000</MediaTimePoint>
</MediaTime>
</VideoSegment>
</TemporalDecomposition>
</VideoSegment>
<VideoSegment id="shot61_38">
<MediaTime>
<MediaTimePoint>T00:03:17:1906F30000</MediaTimePoint>
<MediaDuration>PT00H00M05S1151N30000F</MediaDuration>
</MediaTime>
<TemporalDecomposition>
<VideoSegment id="shot61_38_NRKF_1">
<MediaTime>
<MediaTimePoint>T00:03:17:8913F30000</MediaTimePoint>
</MediaTime>
</VideoSegment>
<VideoSegment id="shot61_38_RKF">
<MediaTime>
<MediaTimePoint>T00:03:19:16981F30000</MediaTimePoint>
</MediaTime>
</VideoSegment>
<VideoSegment id="shot61_38_NRKF_2">
<MediaTime>
<MediaTimePoint>T00:03:19:24989F30000</MediaTimePoint>
</MediaTime>
</VideoSegment>
</TemporalDecomposition>
</VideoSegment>
<VideoSegment id="shot61_39">
<MediaTime>
<MediaTimePoint>T00:03:22:3057F30000</MediaTimePoint>
<MediaDuration>PT00H00M12S29389N30000F</MediaDuration>
</MediaTime>
<TemporalDecomposition>
<VideoSegment id="shot61_39_RKF">
<MediaTime>
<MediaTimePoint>T00:03:28:17251F30000</MediaTimePoint>
</MediaTime>
</VideoSegment>
</TemporalDecomposition>
</VideoSegment>
<VideoSegment id="shot61_40">
<MediaTime>
<MediaTimePoint>T00:03:35:2446F30000</MediaTimePoint>
<MediaDuration>PT00H00M08S27267N30000F</MediaDuration>
</MediaTime>
<TemporalDecomposition>
<VideoSegment id="shot61_40_RKF">
<MediaTime>
<MediaTimePoint>T00:03:39:15579F30000</MediaTimePoint>
</MediaTime>
</VideoSegment>
</TemporalDecomposition>
</VideoSegment>
<VideoSegment id="shot61_41">
<MediaTime>
<MediaTimePoint>T00:03:43:29713F30000</MediaTimePoint>
<MediaDuration>PT00H00M11S11341N30000F</MediaDuration>
</MediaTime>
<TemporalDecomposition>
<VideoSegment id="shot61_41_RKF">
<MediaTime>
<MediaTimePoint>T00:03:49:19883F30000</MediaTimePoint>
</MediaTime>
</VideoSegment>
</TemporalDecomposition>
</VideoSegment>
<VideoSegment id="shot61_42">
<MediaTime>
<MediaTimePoint>T00:03:55:11054F30000</MediaTimePoint>
<MediaDuration>PT00H00M22S1661N30000F</MediaDuration>
</MediaTime>
<TemporalDecomposition>
<VideoSegment id="shot61_42_RKF">
<MediaTime>
<MediaTimePoint>T00:04:06:11384F30000</MediaTimePoint>
</MediaTime>
</VideoSegment>
</TemporalDecomposition>
</VideoSegment>
<VideoSegment id="shot61_43">
<MediaTime>
<MediaTimePoint>T00:04:17:12715F30000</MediaTimePoint>
<MediaDuration>PT00H00M03S9099N30000F</MediaDuration>
</MediaTime>
<TemporalDecomposition>
<VideoSegment id="shot61_43_RKF">
<MediaTime>
<MediaTimePoint>T00:04:19:1764F30000</MediaTimePoint>
</MediaTime>
</VideoSegment>
</TemporalDecomposition>
</VideoSegment>
<VideoSegment id="shot61_44">
<MediaTime>
<MediaTimePoint>T00:04:20:21814F30000</MediaTimePoint>
<MediaDuration>PT00H00M02S4064N30000F</MediaDuration>
</MediaTime>
<TemporalDecomposition>
<VideoSegment id="shot61_44_RKF">
<MediaTime>
<MediaTimePoint>T00:04:21:22845F30000</MediaTimePoint>
</MediaTime>
</VideoSegment>
</TemporalDecomposition>
</VideoSegment>
<VideoSegment id="shot61_45">
<MediaTime>
<MediaTimePoint>T00:04:22:25878F30000</MediaTimePoint>
<MediaDuration>PT00H00M06S24204N30000F</MediaDuration>
</MediaTime>
<TemporalDecomposition>
<VideoSegment id="shot61_45_RKF">
<MediaTime>
<MediaTimePoint>T00:04:26:6979F30000</MediaTimePoint>
</MediaTime>
</VideoSegment>
</TemporalDecomposition>
</VideoSegment>
<VideoSegment id="shot61_46">
<MediaTime>
<MediaTimePoint>T00:04:29:20082F30000</MediaTimePoint>
<MediaDuration>PT00H00M05S18168N30000F</MediaDuration>
</MediaTime>
<TemporalDecomposition>
<VideoSegment id="shot61_46_RKF">
<MediaTime>
<MediaTimePoint>T00:04:32:13165F30000</MediaTimePoint>
</MediaTime>
</VideoSegment>
</TemporalDecomposition>
</VideoSegment>
<VideoSegment id="shot61_47">
<MediaTime>
<MediaTimePoint>T00:04:35:8250F30000</MediaTimePoint>
<MediaDuration>PT00H00M05S6156N30000F</MediaDuration>
</MediaTime>
<TemporalDecomposition>
<VideoSegment id="shot61_47_RKF">
<MediaTime>
<MediaTimePoint>T00:04:37:25327F30000</MediaTimePoint>
</MediaTime>
</VideoSegment>
</TemporalDecomposition>
</VideoSegment>
<VideoSegment id="shot61_48">
<MediaTime>
<MediaTimePoint>T00:04:40:14406F30000</MediaTimePoint>
<MediaDuration>PT00H00M10S22322N30000F</MediaDuration>
</MediaTime>
<TemporalDecomposition>
<VideoSegment id="shot61_48_RKF">
<MediaTime>
<MediaTimePoint>T00:04:45:24566F30000</MediaTimePoint>
</MediaTime>
</VideoSegment>
</TemporalDecomposition>
</VideoSegment>
<VideoSegment id="shot61_49">
<MediaTime>
<MediaTimePoint>T00:04:51:6728F30000</MediaTimePoint>
<MediaDuration>PT00H00M14S15435N30000F</MediaDuration>
</MediaTime>
<TemporalDecomposition>
<VideoSegment id="shot61_49_NRKF_1">
<MediaTime>
<MediaTimePoint>T00:04:51:20742F30000</MediaTimePoint>
</MediaTime>
</VideoSegment>
<VideoSegment id="shot61_49_RKF">
<MediaTime>
<MediaTimePoint>T00:04:58:13945F30000</MediaTimePoint>
</MediaTime>
</VideoSegment>
<VideoSegment id="shot61_49_NRKF_2">
<MediaTime>
<MediaTimePoint>T00:04:58:27959F30000</MediaTimePoint>
</MediaTime>
</VideoSegment>
</TemporalDecomposition>
</VideoSegment>
<VideoSegment id="shot61_50">
<MediaTime>
<MediaTimePoint>T00:05:05:22163F30000</MediaTimePoint>
<MediaDuration>PT00H00M04S27147N30000F</MediaDuration>
</MediaTime>
<TemporalDecomposition>
<VideoSegment id="shot61_50_RKF">
<MediaTime>
<MediaTimePoint>T00:05:08:5236F30000</MediaTimePoint>
</MediaTime>
</VideoSegment>
</TemporalDecomposition>
</VideoSegment>
<VideoSegment id="shot61_51">
<MediaTime>
<MediaTimePoint>T00:05:10:19310F30000</MediaTimePoint>
<MediaDuration>PT00H00M03S11101N30000F</MediaDuration>
</MediaTime>
<TemporalDecomposition>
<VideoSegment id="shot61_51_NRKF_1">
<MediaTime>
<MediaTimePoint>T00:05:11:6327F30000</MediaTimePoint>
</MediaTime>
</VideoSegment>
<VideoSegment id="shot61_51_RKF">
<MediaTime>
<MediaTimePoint>T00:05:12:9360F30000</MediaTimePoint>
</MediaTime>
</VideoSegment>
<VideoSegment id="shot61_51_NRKF_2">
<MediaTime>
<MediaTimePoint>T00:05:12:26377F30000</MediaTimePoint>
</MediaTime>
</VideoSegment>
</TemporalDecomposition>
</VideoSegment>
<VideoSegment id="shot61_52">
<MediaTime>
<MediaTimePoint>T00:05:14:411F30000</MediaTimePoint>
<MediaDuration>PT00H00M02S9069N30000F</MediaDuration>
</MediaTime>
<TemporalDecomposition>
<VideoSegment id="shot61_52_RKF">
<MediaTime>
<MediaTimePoint>T00:05:15:4445F30000</MediaTimePoint>
</MediaTime>
</VideoSegment>
</TemporalDecomposition>
</VideoSegment>
<VideoSegment id="shot61_53">
<MediaTime>
<MediaTimePoint>T00:05:16:9480F30000</MediaTimePoint>
<MediaDuration>PT00H00M12S29389N30000F</MediaDuration>
</MediaTime>
<TemporalDecomposition>
<VideoSegment id="shot61_53_RKF">
<MediaTime>
<MediaTimePoint>T00:05:22:23674F30000</MediaTimePoint>
</MediaTime>
</VideoSegment>
</TemporalDecomposition>
</VideoSegment>
<VideoSegment id="shot61_54">
<MediaTime>
<MediaTimePoint>T00:05:29:8869F30000</MediaTimePoint>
<MediaDuration>PT00H00M02S5065N30000F</MediaDuration>
</MediaTime>
<TemporalDecomposition>
<VideoSegment id="shot61_54_RKF">
<MediaTime>
<MediaTimePoint>T00:05:30:10901F30000</MediaTimePoint>
</MediaTime>
</VideoSegment>
</TemporalDecomposition>
</VideoSegment>
<VideoSegment id="shot61_55">
<MediaTime>
<MediaTimePoint>T00:05:31:13934F30000</MediaTimePoint>
<MediaDuration>PT00H00M07S7217N30000F</MediaDuration>
</MediaTime>
<TemporalDecomposition>
<VideoSegment id="shot61_55_RKF">
<MediaTime>
<MediaTimePoint>T00:05:35:2042F30000</MediaTimePoint>
</MediaTime>
</VideoSegment>
</TemporalDecomposition>
</VideoSegment>
<VideoSegment id="shot61_56">
<MediaTime>
<MediaTimePoint>T00:05:38:21151F30000</MediaTimePoint>
<MediaDuration>PT00H00M02S9069N30000F</MediaDuration>
</MediaTime>
<TemporalDecomposition>
<VideoSegment id="shot61_56_RKF">
<MediaTime>
<MediaTimePoint>T00:05:39:25185F30000</MediaTimePoint>
</MediaTime>
</VideoSegment>
</TemporalDecomposition>
</VideoSegment>
<VideoSegment id="shot61_57">
<MediaTime>
<MediaTimePoint>T00:05:41:220F30000</MediaTimePoint>
<MediaDuration>PT00H00M04S9129N30000F</MediaDuration>
</MediaTime>
<TemporalDecomposition>
<VideoSegment id="shot61_57_RKF">
<MediaTime>
<MediaTimePoint>T00:05:43:4284F30000</MediaTimePoint>
</MediaTime>
</VideoSegment>
</TemporalDecomposition>
</VideoSegment>
<VideoSegment id="shot61_58">
<MediaTime>
<MediaTimePoint>T00:05:45:9349F30000</MediaTimePoint>
<MediaDuration>PT00H00M04S10130N30000F</MediaDuration>
</MediaTime>
<TemporalDecomposition>
<VideoSegment id="shot61_58_RKF">
<MediaTime>
<MediaTimePoint>T00:05:47:13413F30000</MediaTimePoint>
</MediaTime>
</VideoSegment>
</TemporalDecomposition>
</VideoSegment>
<VideoSegment id="shot61_59">
<MediaTime>
<MediaTimePoint>T00:05:49:19479F30000</MediaTimePoint>
<MediaDuration>PT00H00M02S2062N30000F</MediaDuration>
</MediaTime>
<TemporalDecomposition>
<VideoSegment id="shot61_59_RKF">
<MediaTime>
<MediaTimePoint>T00:05:50:19509F30000</MediaTimePoint>
</MediaTime>
</VideoSegment>
</TemporalDecomposition>
</VideoSegment>
<VideoSegment id="shot61_60">
<MediaTime>
<MediaTimePoint>T00:05:51:21541F30000</MediaTimePoint>
<MediaDuration>PT00H00M06S4184N30000F</MediaDuration>
</MediaTime>
<TemporalDecomposition>
<VideoSegment id="shot61_60_RKF">
<MediaTime>
<MediaTimePoint>T00:05:54:22632F30000</MediaTimePoint>
</MediaTime>
</VideoSegment>
</TemporalDecomposition>
</VideoSegment>
<VideoSegment id="shot61_61">
<MediaTime>
<MediaTimePoint>T00:05:57:25725F30000</MediaTimePoint>
<MediaDuration>PT00H00M27S5815N30000F</MediaDuration>
</MediaTime>
<TemporalDecomposition>
<VideoSegment id="shot61_61_RKF">
<MediaTime>
<MediaTimePoint>T00:06:11:13132F30000</MediaTimePoint>
</MediaTime>
</VideoSegment>
</TemporalDecomposition>
</VideoSegment>
<VideoSegment id="shot61_62">
<MediaTime>
<MediaTimePoint>T00:06:25:1540F30000</MediaTimePoint>
<MediaDuration>PT00H00M04S24144N30000F</MediaDuration>
</MediaTime>
<TemporalDecomposition>
<VideoSegment id="shot61_62_RKF">
<MediaTime>
<MediaTimePoint>T00:06:27:12611F30000</MediaTimePoint>
</MediaTime>
</VideoSegment>
</TemporalDecomposition>
</VideoSegment>
<VideoSegment id="shot61_63">
<MediaTime>
<MediaTimePoint>T00:06:29:25684F30000</MediaTimePoint>
<MediaDuration>PT00H00M08S27267N30000F</MediaDuration>
</MediaTime>
<TemporalDecomposition>
<VideoSegment id="shot61_63_RKF">
<MediaTime>
<MediaTimePoint>T00:06:34:8817F30000</MediaTimePoint>
</MediaTime>
</VideoSegment>
</TemporalDecomposition>
</VideoSegment>
<VideoSegment id="shot61_64">
<MediaTime>
<MediaTimePoint>T00:06:38:22951F30000</MediaTimePoint>
<MediaDuration>PT00H00M09S21291N30000F</MediaDuration>
</MediaTime>
<TemporalDecomposition>
<VideoSegment id="shot61_64_NRKF_1">
<MediaTime>
<MediaTimePoint>T00:06:39:18977F30000</MediaTimePoint>
</MediaTime>
</VideoSegment>
<VideoSegment id="shot61_64_RKF">
<MediaTime>
<MediaTimePoint>T00:06:43:18096F30000</MediaTimePoint>
</MediaTime>
</VideoSegment>
<VideoSegment id="shot61_64_NRKF_2">
<MediaTime>
<MediaTimePoint>T00:06:44:15123F30000</MediaTimePoint>
</MediaTime>
</VideoSegment>
</TemporalDecomposition>
</VideoSegment>
<VideoSegment id="shot61_65">
<MediaTime>
<MediaTimePoint>T00:06:48:14242F30000</MediaTimePoint>
<MediaDuration>PT00H00M03S90N30000F</MediaDuration>
</MediaTime>
<TemporalDecomposition>
<VideoSegment id="shot61_65_RKF">
<MediaTime>
<MediaTimePoint>T00:06:49:28286F30000</MediaTimePoint>
</MediaTime>
</VideoSegment>
</TemporalDecomposition>
</VideoSegment>
<VideoSegment id="shot61_66">
<MediaTime>
<MediaTimePoint>T00:06:51:14332F30000</MediaTimePoint>
<MediaDuration>PT00H00M02S17077N30000F</MediaDuration>
</MediaTime>
<TemporalDecomposition>
<VideoSegment id="shot61_66_RKF">
<MediaTime>
<MediaTimePoint>T00:06:52:22370F30000</MediaTimePoint>
</MediaTime>
</VideoSegment>
</TemporalDecomposition>
</VideoSegment>
<VideoSegment id="shot61_67">
<MediaTime>
<MediaTimePoint>T00:06:54:1409F30000</MediaTimePoint>
<MediaDuration>PT00H00M02S11071N30000F</MediaDuration>
</MediaTime>
<TemporalDecomposition>
<VideoSegment id="shot61_67_RKF">
<MediaTime>
<MediaTimePoint>T00:06:55:6444F30000</MediaTimePoint>
</MediaTime>
</VideoSegment>
</TemporalDecomposition>
</VideoSegment>
<VideoSegment id="shot61_68">
<MediaTime>
<MediaTimePoint>T00:06:56:12480F30000</MediaTimePoint>
<MediaDuration>PT00H00M02S12072N30000F</MediaDuration>
</MediaTime>
<TemporalDecomposition>
<VideoSegment id="shot61_68_RKF">
<MediaTime>
<MediaTimePoint>T00:06:57:17515F30000</MediaTimePoint>
</MediaTime>
</VideoSegment>
</TemporalDecomposition>
</VideoSegment>
<VideoSegment id="shot61_69">
<MediaTime>
<MediaTimePoint>T00:06:58:24552F30000</MediaTimePoint>
<MediaDuration>PT00H00M02S11071N30000F</MediaDuration>
</MediaTime>
<TemporalDecomposition>
<VideoSegment id="shot61_69_RKF">
<MediaTime>
<MediaTimePoint>T00:06:59:29587F30000</MediaTimePoint>
</MediaTime>
</VideoSegment>
</TemporalDecomposition>
</VideoSegment>
<VideoSegment id="shot61_70">
<MediaTime>
<MediaTimePoint>T00:07:01:5623F30000</MediaTimePoint>
<MediaDuration>PT00H00M04S28148N30000F</MediaDuration>
</MediaTime>
<TemporalDecomposition>
<VideoSegment id="shot61_70_RKF">
<MediaTime>
<MediaTimePoint>T00:07:03:18696F30000</MediaTimePoint>
</MediaTime>
</VideoSegment>
</TemporalDecomposition>
</VideoSegment>
<VideoSegment id="shot61_71">
<MediaTime>
<MediaTimePoint>T00:07:06:3771F30000</MediaTimePoint>
<MediaDuration>PT00H00M02S1061N30000F</MediaDuration>
</MediaTime>
<TemporalDecomposition>
<VideoSegment id="shot61_71_NRKF_1">
<MediaTime>
<MediaTimePoint>T00:07:06:25793F30000</MediaTimePoint>
</MediaTime>
</VideoSegment>
<VideoSegment id="shot61_71_RKF">
<MediaTime>
<MediaTimePoint>T00:07:07:3801F30000</MediaTimePoint>
</MediaTime>
</VideoSegment>
<VideoSegment id="shot61_71_NRKF_2">
<MediaTime>
<MediaTimePoint>T00:07:07:25823F30000</MediaTimePoint>
</MediaTime>
</VideoSegment>
</TemporalDecomposition>
</VideoSegment>
<VideoSegment id="shot61_72">
<MediaTime>
<MediaTimePoint>T00:07:08:4832F30000</MediaTimePoint>
<MediaDuration>PT00H00M06S25205N30000F</MediaDuration>
</MediaTime>
<TemporalDecomposition>
<VideoSegment id="shot61_72_RKF">
<MediaTime>
<MediaTimePoint>T00:07:11:16934F30000</MediaTimePoint>
</MediaTime>
</VideoSegment>
</TemporalDecomposition>
</VideoSegment>
<VideoSegment id="shot61_73">
<MediaTime>
<MediaTimePoint>T00:07:15:37F30000</MediaTimePoint>
<MediaDuration>PT00H00M03S25115N30000F</MediaDuration>
</MediaTime>
<TemporalDecomposition>
<VideoSegment id="shot61_73_NRKF_1">
<MediaTime>
<MediaTimePoint>T00:07:15:24061F30000</MediaTimePoint>
</MediaTime>
</VideoSegment>
<VideoSegment id="shot61_73_RKF">
<MediaTime>
<MediaTimePoint>T00:07:16:27094F30000</MediaTimePoint>
</MediaTime>
</VideoSegment>
<VideoSegment id="shot61_73_NRKF_2">
<MediaTime>
<MediaTimePoint>T00:07:17:21118F30000</MediaTimePoint>
</MediaTime>
</VideoSegment>
</TemporalDecomposition>
</VideoSegment>
<VideoSegment id="shot61_74">
<MediaTime>
<MediaTimePoint>T00:07:18:25152F30000</MediaTimePoint>
<MediaDuration>PT00H00M03S23113N30000F</MediaDuration>
</MediaTime>
<TemporalDecomposition>
<VideoSegment id="shot61_74_NRKF_1">
<MediaTime>
<MediaTimePoint>T00:07:19:18175F30000</MediaTimePoint>
</MediaTime>
</VideoSegment>
<VideoSegment id="shot61_74_RKF">
<MediaTime>
<MediaTimePoint>T00:07:20:21208F30000</MediaTimePoint>
</MediaTime>
</VideoSegment>
<VideoSegment id="shot61_74_NRKF_2">
<MediaTime>
<MediaTimePoint>T00:07:21:15232F30000</MediaTimePoint>
</MediaTime>
</VideoSegment>
</TemporalDecomposition>
</VideoSegment>
<VideoSegment id="shot61_75">
<MediaTime>
<MediaTimePoint>T00:07:22:18265F30000</MediaTimePoint>
<MediaDuration>PT00H00M08S23263N30000F</MediaDuration>
</MediaTime>
<TemporalDecomposition>
<VideoSegment id="shot61_75_NRKF_1">
<MediaTime>
<MediaTimePoint>T00:07:23:13290F30000</MediaTimePoint>
</MediaTime>
</VideoSegment>
<VideoSegment id="shot61_75_RKF">
<MediaTime>
<MediaTimePoint>T00:07:26:29396F30000</MediaTimePoint>
</MediaTime>
</VideoSegment>
<VideoSegment id="shot61_75_NRKF_2">
<MediaTime>
<MediaTimePoint>T00:07:27:25422F30000</MediaTimePoint>
</MediaTime>
</VideoSegment>
</TemporalDecomposition>
</VideoSegment>
<VideoSegment id="shot61_76">
<MediaTime>
<MediaTimePoint>T00:07:31:11528F30000</MediaTimePoint>
<MediaDuration>PT00H00M04S4124N30000F</MediaDuration>
</MediaTime>
<TemporalDecomposition>
<VideoSegment id="shot61_76_NRKF_1">
<MediaTime>
<MediaTimePoint>T00:07:31:29546F30000</MediaTimePoint>
</MediaTime>
</VideoSegment>
<VideoSegment id="shot61_76_RKF">
<MediaTime>
<MediaTimePoint>T00:07:33:12589F30000</MediaTimePoint>
</MediaTime>
</VideoSegment>
<VideoSegment id="shot61_76_NRKF_2">
<MediaTime>
<MediaTimePoint>T00:07:34:1608F30000</MediaTimePoint>
</MediaTime>
</VideoSegment>
</TemporalDecomposition>
</VideoSegment>
<VideoSegment id="shot61_77">
<MediaTime>
<MediaTimePoint>T00:07:35:15652F30000</MediaTimePoint>
<MediaDuration>PT00H00M03S6096N30000F</MediaDuration>
</MediaTime>
<TemporalDecomposition>
<VideoSegment id="shot61_77_RKF">
<MediaTime>
<MediaTimePoint>T00:07:37:2699F30000</MediaTimePoint>
</MediaTime>
</VideoSegment>
</TemporalDecomposition>
</VideoSegment>
<VideoSegment id="shot61_78">
<MediaTime>
<MediaTimePoint>T00:07:38:21748F30000</MediaTimePoint>
<MediaDuration>PT00H00M06S18198N30000F</MediaDuration>
</MediaTime>
<TemporalDecomposition>
<VideoSegment id="shot61_78_RKF">
<MediaTime>
<MediaTimePoint>T00:07:41:29846F30000</MediaTimePoint>
</MediaTime>
</VideoSegment>
</TemporalDecomposition>
</VideoSegment>
<VideoSegment id="shot61_79">
<MediaTime>
<MediaTimePoint>T00:07:45:9946F30000</MediaTimePoint>
<MediaDuration>PT00H00M03S1091N30000F</MediaDuration>
</MediaTime>
<TemporalDecomposition>
<VideoSegment id="shot61_79_RKF">
<MediaTime>
<MediaTimePoint>T00:07:46:24991F30000</MediaTimePoint>
</MediaTime>
</VideoSegment>
</TemporalDecomposition>
</VideoSegment>
<VideoSegment id="shot61_80">
<MediaTime>
<MediaTimePoint>T00:07:48:11037F30000</MediaTimePoint>
<MediaDuration>PT00H00M03S19109N30000F</MediaDuration>
</MediaTime>
<TemporalDecomposition>
<VideoSegment id="shot61_80_RKF">
<MediaTime>
<MediaTimePoint>T00:07:50:5091F30000</MediaTimePoint>
</MediaTime>
</VideoSegment>
</TemporalDecomposition>
</VideoSegment>
<VideoSegment id="shot61_81">
<MediaTime>
<MediaTimePoint>T00:07:52:146F30000</MediaTimePoint>
<MediaDuration>PT00H00M03S9099N30000F</MediaDuration>
</MediaTime>
<TemporalDecomposition>
<VideoSegment id="shot61_81_RKF">
<MediaTime>
<MediaTimePoint>T00:07:53:19195F30000</MediaTimePoint>
</MediaTime>
</VideoSegment>
</TemporalDecomposition>
</VideoSegment>
<VideoSegment id="shot61_82">
<MediaTime>
<MediaTimePoint>T00:07:55:9245F30000</MediaTimePoint>
<MediaDuration>PT00H00M03S22112N30000F</MediaDuration>
</MediaTime>
<TemporalDecomposition>
<VideoSegment id="shot61_82_RKF">
<MediaTime>
<MediaTimePoint>T00:07:57:4300F30000</MediaTimePoint>
</MediaTime>
</VideoSegment>
</TemporalDecomposition>
</VideoSegment>
<VideoSegment id="shot61_83">
<MediaTime>
<MediaTimePoint>T00:07:59:1357F30000</MediaTimePoint>
<MediaDuration>PT00H00M02S3063N30000F</MediaDuration>
</MediaTime>
<TemporalDecomposition>
<VideoSegment id="shot61_83_RKF">
<MediaTime>
<MediaTimePoint>T00:08:00:2388F30000</MediaTimePoint>
</MediaTime>
</VideoSegment>
</TemporalDecomposition>
</VideoSegment>
<VideoSegment id="shot61_84">
<MediaTime>
<MediaTimePoint>T00:08:01:4420F30000</MediaTimePoint>
<MediaDuration>PT00H00M02S10070N30000F</MediaDuration>
</MediaTime>
<TemporalDecomposition>
<VideoSegment id="shot61_84_RKF">
<MediaTime>
<MediaTimePoint>T00:08:02:8454F30000</MediaTimePoint>
</MediaTime>
</VideoSegment>
</TemporalDecomposition>
</VideoSegment>
<VideoSegment id="shot61_85">
<MediaTime>
<MediaTimePoint>T00:08:03:14490F30000</MediaTimePoint>
<MediaDuration>PT00H00M02S28088N30000F</MediaDuration>
</MediaTime>
<TemporalDecomposition>
<VideoSegment id="shot61_85_RKF">
<MediaTime>
<MediaTimePoint>T00:08:04:27533F30000</MediaTimePoint>
</MediaTime>
</VideoSegment>
</TemporalDecomposition>
</VideoSegment>
<VideoSegment id="shot61_86">
<MediaTime>
<MediaTimePoint>T00:08:06:12578F30000</MediaTimePoint>
<MediaDuration>PT00H00M02S11071N30000F</MediaDuration>
</MediaTime>
<TemporalDecomposition>
<VideoSegment id="shot61_86_RKF">
<MediaTime>
<MediaTimePoint>T00:08:07:17613F30000</MediaTimePoint>
</MediaTime>
</VideoSegment>
</TemporalDecomposition>
</VideoSegment>
<VideoSegment id="shot61_87">
<MediaTime>
<MediaTimePoint>T00:08:08:23649F30000</MediaTimePoint>
<MediaDuration>PT00H00M02S16076N30000F</MediaDuration>
</MediaTime>
<TemporalDecomposition>
<VideoSegment id="shot61_87_RKF">
<MediaTime>
<MediaTimePoint>T00:08:10:686F30000</MediaTimePoint>
</MediaTime>
</VideoSegment>
</TemporalDecomposition>
</VideoSegment>
<VideoSegment id="shot61_88">
<MediaTime>
<MediaTimePoint>T00:08:11:9725F30000</MediaTimePoint>
<MediaDuration>PT00H00M02S18078N30000F</MediaDuration>
</MediaTime>
<TemporalDecomposition>
<VideoSegment id="shot61_88_RKF">
<MediaTime>
<MediaTimePoint>T00:08:12:17763F30000</MediaTimePoint>
</MediaTime>
</VideoSegment>
</TemporalDecomposition>
</VideoSegment>
<VideoSegment id="shot61_89">
<MediaTime>
<MediaTimePoint>T00:08:13:27803F30000</MediaTimePoint>
<MediaDuration>PT00H00M02S29089N30000F</MediaDuration>
</MediaTime>
<TemporalDecomposition>
<VideoSegment id="shot61_89_NRKF_1">
<MediaTime>
<MediaTimePoint>T00:08:14:17823F30000</MediaTimePoint>
</MediaTime>
</VideoSegment>
<VideoSegment id="shot61_89_RKF">
<MediaTime>
<MediaTimePoint>T00:08:15:11847F30000</MediaTimePoint>
</MediaTime>
</VideoSegment>
<VideoSegment id="shot61_89_NRKF_2">
<MediaTime>
<MediaTimePoint>T00:08:16:1867F30000</MediaTimePoint>
</MediaTime>
</VideoSegment>
</TemporalDecomposition>
</VideoSegment>
<VideoSegment id="shot61_90">
<MediaTime>
<MediaTimePoint>T00:08:16:26892F30000</MediaTimePoint>
<MediaDuration>PT00H00M05S8158N30000F</MediaDuration>
</MediaTime>
<TemporalDecomposition>
<VideoSegment id="shot61_90_RKF">
<MediaTime>
<MediaTimePoint>T00:08:19:14970F30000</MediaTimePoint>
</MediaTime>
</VideoSegment>
</TemporalDecomposition>
</VideoSegment>
<VideoSegment id="shot61_91">
<MediaTime>
<MediaTimePoint>T00:08:22:5050F30000</MediaTimePoint>
<MediaDuration>PT00H00M02S7067N30000F</MediaDuration>
</MediaTime>
<TemporalDecomposition>
<VideoSegment id="shot61_91_RKF">
<MediaTime>
<MediaTimePoint>T00:08:23:8083F30000</MediaTimePoint>
</MediaTime>
</VideoSegment>
</TemporalDecomposition>
</VideoSegment>
<VideoSegment id="shot61_92">
<MediaTime>
<MediaTimePoint>T00:08:24:12117F30000</MediaTimePoint>
<MediaDuration>PT00H00M04S20140N30000F</MediaDuration>
</MediaTime>
<TemporalDecomposition>
<VideoSegment id="shot61_92_RKF">
<MediaTime>
<MediaTimePoint>T00:08:26:21186F30000</MediaTimePoint>
</MediaTime>
</VideoSegment>
</TemporalDecomposition>
</VideoSegment>
<VideoSegment id="shot61_93">
<MediaTime>
<MediaTimePoint>T00:08:29:2257F30000</MediaTimePoint>
<MediaDuration>PT00H00M05S10160N30000F</MediaDuration>
</MediaTime>
<TemporalDecomposition>
<VideoSegment id="shot61_93_RKF">
<MediaTime>
<MediaTimePoint>T00:08:31:21336F30000</MediaTimePoint>
</MediaTime>
</VideoSegment>
</TemporalDecomposition>
</VideoSegment>
<VideoSegment id="shot61_94">
<MediaTime>
<MediaTimePoint>T00:08:34:12417F30000</MediaTimePoint>
<MediaDuration>PT00H00M05S3153N30000F</MediaDuration>
</MediaTime>
<TemporalDecomposition>
<VideoSegment id="shot61_94_RKF">
<MediaTime>
<MediaTimePoint>T00:08:36:28493F30000</MediaTimePoint>
</MediaTime>
</VideoSegment>
</TemporalDecomposition>
</VideoSegment>
<VideoSegment id="shot61_95">
<MediaTime>
<MediaTimePoint>T00:08:39:15570F30000</MediaTimePoint>
<MediaDuration>PT00H00M08S19259N30000F</MediaDuration>
</MediaTime>
<TemporalDecomposition>
<VideoSegment id="shot61_95_NRKF_1">
<MediaTime>
<MediaTimePoint>T00:08:40:10595F30000</MediaTimePoint>
</MediaTime>
</VideoSegment>
<VideoSegment id="shot61_95_RKF">
<MediaTime>
<MediaTimePoint>T00:08:43:24699F30000</MediaTimePoint>
</MediaTime>
</VideoSegment>
<VideoSegment id="shot61_95_NRKF_2">
<MediaTime>
<MediaTimePoint>T00:08:44:20725F30000</MediaTimePoint>
</MediaTime>
</VideoSegment>
</TemporalDecomposition>
</VideoSegment>
<VideoSegment id="shot61_96">
<MediaTime>
<MediaTimePoint>T00:08:48:4829F30000</MediaTimePoint>
<MediaDuration>PT00H00M02S15075N30000F</MediaDuration>
</MediaTime>
<TemporalDecomposition>
<VideoSegment id="shot61_96_RKF">
<MediaTime>
<MediaTimePoint>T00:08:49:11866F30000</MediaTimePoint>
</MediaTime>
</VideoSegment>
</TemporalDecomposition>
</VideoSegment>
<VideoSegment id="shot61_97">
<MediaTime>
<MediaTimePoint>T00:08:50:19904F30000</MediaTimePoint>
<MediaDuration>PT00H00M09S22292N30000F</MediaDuration>
</MediaTime>
<TemporalDecomposition>
<VideoSegment id="shot61_97_NRKF_1">
<MediaTime>
<MediaTimePoint>T00:08:51:1916F30000</MediaTimePoint>
</MediaTime>
</VideoSegment>
<VideoSegment id="shot61_97_RKF">
<MediaTime>
<MediaTimePoint>T00:08:55:15049F30000</MediaTimePoint>
</MediaTime>
</VideoSegment>
<VideoSegment id="shot61_97_NRKF_2">
<MediaTime>
<MediaTimePoint>T00:08:55:28062F30000</MediaTimePoint>
</MediaTime>
</VideoSegment>
</TemporalDecomposition>
</VideoSegment>
<VideoSegment id="shot61_98">
<MediaTime>
<MediaTimePoint>T00:09:00:12196F30000</MediaTimePoint>
<MediaDuration>PT00H00M05S27177N30000F</MediaDuration>
</MediaTime>
<TemporalDecomposition>
<VideoSegment id="shot61_98_RKF">
<MediaTime>
<MediaTimePoint>T00:09:03:10284F30000</MediaTimePoint>
</MediaTime>
</VideoSegment>
</TemporalDecomposition>
</VideoSegment>
<VideoSegment id="shot61_99">
<MediaTime>
<MediaTimePoint>T00:09:06:9373F30000</MediaTimePoint>
<MediaDuration>PT00H00M02S19079N30000F</MediaDuration>
</MediaTime>
<TemporalDecomposition>
<VideoSegment id="shot61_99_RKF">
<MediaTime>
<MediaTimePoint>T00:09:07:18412F30000</MediaTimePoint>
</MediaTime>
</VideoSegment>
</TemporalDecomposition>
</VideoSegment>
<VideoSegment id="shot61_100">
<MediaTime>
<MediaTimePoint>T00:09:08:28452F30000</MediaTimePoint>
<MediaDuration>PT00H00M03S22112N30000F</MediaDuration>
</MediaTime>
<TemporalDecomposition>
<VideoSegment id="shot61_100_NRKF_1">
<MediaTime>
<MediaTimePoint>T00:09:09:22476F30000</MediaTimePoint>
</MediaTime>
</VideoSegment>
<VideoSegment id="shot61_100_RKF">
<MediaTime>
<MediaTimePoint>T00:09:10:23507F30000</MediaTimePoint>
</MediaTime>
</VideoSegment>
<VideoSegment id="shot61_100_NRKF_2">
<MediaTime>
<MediaTimePoint>T00:09:11:18532F30000</MediaTimePoint>
</MediaTime>
</VideoSegment>
</TemporalDecomposition>
</VideoSegment>
<VideoSegment id="shot61_101">
<MediaTime>
<MediaTimePoint>T00:09:12:20564F30000</MediaTimePoint>
<MediaDuration>PT00H00M04S1121N30000F</MediaDuration>
</MediaTime>
<TemporalDecomposition>
<VideoSegment id="shot61_101_RKF">
<MediaTime>
<MediaTimePoint>T00:09:14:20624F30000</MediaTimePoint>
</MediaTime>
</VideoSegment>
</TemporalDecomposition>
</VideoSegment>
<VideoSegment id="shot61_102">
<MediaTime>
<MediaTimePoint>T00:09:16:21685F30000</MediaTimePoint>
<MediaDuration>PT00H00M04S6126N30000F</MediaDuration>
</MediaTime>
<TemporalDecomposition>
<VideoSegment id="shot61_102_NRKF_1">
<MediaTime>
<MediaTimePoint>T00:09:17:15709F30000</MediaTimePoint>
</MediaTime>
</VideoSegment>
<VideoSegment id="shot61_102_RKF">
<MediaTime>
<MediaTimePoint>T00:09:18:23747F30000</MediaTimePoint>
</MediaTime>
</VideoSegment>
<VideoSegment id="shot61_102_NRKF_2">
<MediaTime>
<MediaTimePoint>T00:09:19:18772F30000</MediaTimePoint>
</MediaTime>
</VideoSegment>
</TemporalDecomposition>
</VideoSegment>
<VideoSegment id="shot61_103">
<MediaTime>
<MediaTimePoint>T00:09:20:27811F30000</MediaTimePoint>
<MediaDuration>PT00H00M08S240N30000F</MediaDuration>
</MediaTime>
<TemporalDecomposition>
<VideoSegment id="shot61_103_RKF">
<MediaTime>
<MediaTimePoint>T00:09:24:26930F30000</MediaTimePoint>
</MediaTime>
</VideoSegment>
</TemporalDecomposition>
</VideoSegment>
<VideoSegment id="shot61_104">
<MediaTime>
<MediaTimePoint>T00:09:28:28051F30000</MediaTimePoint>
<MediaDuration>PT00H00M22S29689N30000F</MediaDuration>
</MediaTime>
<TemporalDecomposition>
<VideoSegment id="shot61_104_RKF">
<MediaTime>
<MediaTimePoint>T00:09:40:12395F30000</MediaTimePoint>
</MediaTime>
</VideoSegment>
</TemporalDecomposition>
</VideoSegment>
<VideoSegment id="shot61_105">
<MediaTime>
<MediaTimePoint>T00:09:51:27740F30000</MediaTimePoint>
<MediaDuration>PT00H00M02S10070N30000F</MediaDuration>
</MediaTime>
<TemporalDecomposition>
<VideoSegment id="shot61_105_RKF">
<MediaTime>
<MediaTimePoint>T00:09:53:1774F30000</MediaTimePoint>
</MediaTime>
</VideoSegment>
</TemporalDecomposition>
</VideoSegment>
<VideoSegment id="shot61_106">
<MediaTime>
<MediaTimePoint>T00:09:54:7810F30000</MediaTimePoint>
<MediaDuration>PT00H00M04S22142N30000F</MediaDuration>
</MediaTime>
<TemporalDecomposition>
<VideoSegment id="shot61_106_RKF">
<MediaTime>
<MediaTimePoint>T00:09:56:17880F30000</MediaTimePoint>
</MediaTime>
</VideoSegment>
</TemporalDecomposition>
</VideoSegment>
<VideoSegment id="shot61_107">
<MediaTime>
<MediaTimePoint>T00:09:58:29952F30000</MediaTimePoint>
<MediaDuration>PT00H00M02S26086N30000F</MediaDuration>
</MediaTime>
<TemporalDecomposition>
<VideoSegment id="shot61_107_RKF">
<MediaTime>
<MediaTimePoint>T00:10:00:11994F30000</MediaTimePoint>
</MediaTime>
</VideoSegment>
</TemporalDecomposition>
</VideoSegment>
<VideoSegment id="shot61_108">
<MediaTime>
<MediaTimePoint>T00:10:01:26038F30000</MediaTimePoint>
<MediaDuration>PT00H00M02S26086N30000F</MediaDuration>
</MediaTime>
<TemporalDecomposition>
<VideoSegment id="shot61_108_NRKF_1">
<MediaTime>
<MediaTimePoint>T00:10:02:11053F30000</MediaTimePoint>
</MediaTime>
</VideoSegment>
<VideoSegment id="shot61_108_NRKF_2">
<MediaTime>
<MediaTimePoint>T00:10:03:7079F30000</MediaTimePoint>
</MediaTime>
</VideoSegment>
<VideoSegment id="shot61_108_RKF">
<MediaTime>
<MediaTimePoint>T00:10:03:8080F30000</MediaTimePoint>
</MediaTime>
</VideoSegment>
<VideoSegment id="shot61_108_NRKF_3">
<MediaTime>
<MediaTimePoint>T00:10:04:5107F30000</MediaTimePoint>
</MediaTime>
</VideoSegment>
</TemporalDecomposition>
</VideoSegment>
<VideoSegment id="shot61_109">
<MediaTime>
<MediaTimePoint>T00:10:04:22124F30000</MediaTimePoint>
<MediaDuration>PT00H00M02S5065N30000F</MediaDuration>
</MediaTime>
<TemporalDecomposition>
<VideoSegment id="shot61_109_RKF">
<MediaTime>
<MediaTimePoint>T00:10:05:24156F30000</MediaTimePoint>
</MediaTime>
</VideoSegment>
</TemporalDecomposition>
</VideoSegment>
<VideoSegment id="shot61_110">
<MediaTime>
<MediaTimePoint>T00:10:06:27189F30000</MediaTimePoint>
<MediaDuration>PT00H00M02S10070N30000F</MediaDuration>
</MediaTime>
<TemporalDecomposition>
<VideoSegment id="shot61_110_RKF">
<MediaTime>
<MediaTimePoint>T00:10:08:1223F30000</MediaTimePoint>
</MediaTime>
</VideoSegment>
</TemporalDecomposition>
</VideoSegment>
<VideoSegment id="shot61_111">
<MediaTime>
<MediaTimePoint>T00:10:09:7259F30000</MediaTimePoint>
<MediaDuration>PT00H00M02S2062N30000F</MediaDuration>
</MediaTime>
<TemporalDecomposition>
<VideoSegment id="shot61_111_RKF">
<MediaTime>
<MediaTimePoint>T00:10:10:7289F30000</MediaTimePoint>
</MediaTime>
</VideoSegment>
</TemporalDecomposition>
</VideoSegment>
<VideoSegment id="shot61_112">
<MediaTime>
<MediaTimePoint>T00:10:11:9321F30000</MediaTimePoint>
<MediaDuration>PT00H00M02S24084N30000F</MediaDuration>
</MediaTime>
<TemporalDecomposition>
<VideoSegment id="shot61_112_RKF">
<MediaTime>
<MediaTimePoint>T00:10:12:20362F30000</MediaTimePoint>
</MediaTime>
</VideoSegment>
</TemporalDecomposition>
</VideoSegment>
<VideoSegment id="shot61_113">
<MediaTime>
<MediaTimePoint>T00:10:14:3405F30000</MediaTimePoint>
<MediaDuration>PT00H00M05S21171N30000F</MediaDuration>
</MediaTime>
<TemporalDecomposition>
<VideoSegment id="shot61_113_RKF">
<MediaTime>
<MediaTimePoint>T00:10:16:28490F30000</MediaTimePoint>
</MediaTime>
</VideoSegment>
</TemporalDecomposition>
</VideoSegment>
<VideoSegment id="shot61_114">
<MediaTime>
<MediaTimePoint>T00:10:19:24576F30000</MediaTimePoint>
<MediaDuration>PT00H00M07S1211N30000F</MediaDuration>
</MediaTime>
<TemporalDecomposition>
<VideoSegment id="shot61_114_RKF">
<MediaTime>
<MediaTimePoint>T00:10:23:9681F30000</MediaTimePoint>
</MediaTime>
</VideoSegment>
</TemporalDecomposition>
</VideoSegment>
<VideoSegment id="shot61_115">
<MediaTime>
<MediaTimePoint>T00:10:26:25787F30000</MediaTimePoint>
<MediaDuration>PT00H00M02S11071N30000F</MediaDuration>
</MediaTime>
<TemporalDecomposition>
<VideoSegment id="shot61_115_RKF">
<MediaTime>
<MediaTimePoint>T00:10:28:822F30000</MediaTimePoint>
</MediaTime>
</VideoSegment>
</TemporalDecomposition>
</VideoSegment>
<VideoSegment id="shot61_116">
<MediaTime>
<MediaTimePoint>T00:10:29:6858F30000</MediaTimePoint>
<MediaDuration>PT00H00M03S23113N30000F</MediaDuration>
</MediaTime>
<TemporalDecomposition>
<VideoSegment id="shot61_116_RKF">
<MediaTime>
<MediaTimePoint>T00:10:31:2914F30000</MediaTimePoint>
</MediaTime>
</VideoSegment>
</TemporalDecomposition>
</VideoSegment>
<VideoSegment id="shot61_117">
<MediaTime>
<MediaTimePoint>T00:10:32:29971F30000</MediaTimePoint>
<MediaDuration>PT00H00M04S8128N30000F</MediaDuration>
</MediaTime>
<TemporalDecomposition>
<VideoSegment id="shot61_117_RKF">
<MediaTime>
<MediaTimePoint>T00:10:35:3034F30000</MediaTimePoint>
</MediaTime>
</VideoSegment>
</TemporalDecomposition>
</VideoSegment>
<VideoSegment id="shot61_118">
<MediaTime>
<MediaTimePoint>T00:10:37:8099F30000</MediaTimePoint>
<MediaDuration>PT00H00M04S17137N30000F</MediaDuration>
</MediaTime>
<TemporalDecomposition>
<VideoSegment id="shot61_118_RKF">
<MediaTime>
<MediaTimePoint>T00:10:39:16167F30000</MediaTimePoint>
</MediaTime>
</VideoSegment>
</TemporalDecomposition>
</VideoSegment>
<VideoSegment id="shot61_119">
<MediaTime>
<MediaTimePoint>T00:10:41:25236F30000</MediaTimePoint>
<MediaDuration>PT00H00M03S11101N30000F</MediaDuration>
</MediaTime>
<TemporalDecomposition>
<VideoSegment id="shot61_119_RKF">
<MediaTime>
<MediaTimePoint>T00:10:43:15286F30000</MediaTimePoint>
</MediaTime>
</VideoSegment>
</TemporalDecomposition>
</VideoSegment>
<VideoSegment id="shot61_120">
<MediaTime>
<MediaTimePoint>T00:10:45:6337F30000</MediaTimePoint>
<MediaDuration>PT00H00M09S7277N30000F</MediaDuration>
</MediaTime>
<TemporalDecomposition>
<VideoSegment id="shot61_120_RKF">
<MediaTime>
<MediaTimePoint>T00:10:49:24475F30000</MediaTimePoint>
</MediaTime>
</VideoSegment>
</TemporalDecomposition>
</VideoSegment>
<VideoSegment id="shot61_121">
<MediaTime>
<MediaTimePoint>T00:10:54:13614F30000</MediaTimePoint>
<MediaDuration>PT00H00M02S9069N30000F</MediaDuration>
</MediaTime>
<TemporalDecomposition>
<VideoSegment id="shot61_121_RKF">
<MediaTime>
<MediaTimePoint>T00:10:55:17648F30000</MediaTimePoint>
</MediaTime>
</VideoSegment>
</TemporalDecomposition>
</VideoSegment>
<VideoSegment id="shot61_122">
<MediaTime>
<MediaTimePoint>T00:10:56:22683F30000</MediaTimePoint>
<MediaDuration>PT00H00M02S5065N30000F</MediaDuration>
</MediaTime>
<TemporalDecomposition>
<VideoSegment id="shot61_122_RKF">
<MediaTime>
<MediaTimePoint>T00:10:57:24715F30000</MediaTimePoint>
</MediaTime>
</VideoSegment>
</TemporalDecomposition>
</VideoSegment>
<VideoSegment id="shot61_123">
<MediaTime>
<MediaTimePoint>T00:10:58:27748F30000</MediaTimePoint>
<MediaDuration>PT00H00M13S11401N30000F</MediaDuration>
</MediaTime>
<TemporalDecomposition>
<VideoSegment id="shot61_123_RKF">
<MediaTime>
<MediaTimePoint>T00:11:05:17948F30000</MediaTimePoint>
</MediaTime>
</VideoSegment>
</TemporalDecomposition>
</VideoSegment>
<VideoSegment id="shot61_124">
<MediaTime>
<MediaTimePoint>T00:11:12:9149F30000</MediaTimePoint>
<MediaDuration>PT00H00M09S27297N30000F</MediaDuration>
</MediaTime>
<TemporalDecomposition>
<VideoSegment id="shot61_124_RKF">
<MediaTime>
<MediaTimePoint>T00:11:17:7297F30000</MediaTimePoint>
</MediaTime>
</VideoSegment>
</TemporalDecomposition>
</VideoSegment>
<VideoSegment id="shot61_125">
<MediaTime>
<MediaTimePoint>T00:11:22:6446F30000</MediaTimePoint>
<MediaDuration>PT00H00M18S9549N30000F</MediaDuration>
</MediaTime>
<TemporalDecomposition>
<VideoSegment id="shot61_125_NRKF_1">
<MediaTime>
<MediaTimePoint>T00:11:22:12452F30000</MediaTimePoint>
</MediaTime>
</VideoSegment>
<VideoSegment id="shot61_125_NRKF_2">
<MediaTime>
<MediaTimePoint>T00:11:22:20460F30000</MediaTimePoint>
</MediaTime>
</VideoSegment>
<VideoSegment id="shot61_125_RKF">
<MediaTime>
<MediaTimePoint>T00:11:31:10720F30000</MediaTimePoint>
</MediaTime>
</VideoSegment>
<VideoSegment id="shot61_125_NRKF_3">
<MediaTime>
<MediaTimePoint>T00:11:31:18728F30000</MediaTimePoint>
</MediaTime>
</VideoSegment>
</TemporalDecomposition>
</VideoSegment>
<VideoSegment id="shot61_126">
<MediaTime>
<MediaTimePoint>T00:11:40:15995F30000</MediaTimePoint>
<MediaDuration>PT00H00M03S2092N30000F</MediaDuration>
</MediaTime>
<TemporalDecomposition>
<VideoSegment id="shot61_126_RKF">
<MediaTime>
<MediaTimePoint>T00:11:42:1040F30000</MediaTimePoint>
</MediaTime>
</VideoSegment>
</TemporalDecomposition>
</VideoSegment>
<VideoSegment id="shot61_127">
<MediaTime>
<MediaTimePoint>T00:11:43:18087F30000</MediaTimePoint>
<MediaDuration>PT00H00M02S23083N30000F</MediaDuration>
</MediaTime>
<TemporalDecomposition>
<VideoSegment id="shot61_127_RKF">
<MediaTime>
<MediaTimePoint>T00:11:44:29128F30000</MediaTimePoint>
</MediaTime>
</VideoSegment>
</TemporalDecomposition>
</VideoSegment>
<VideoSegment id="shot61_128">
<MediaTime>
<MediaTimePoint>T00:11:46:11170F30000</MediaTimePoint>
<MediaDuration>PT00H00M02S25085N30000F</MediaDuration>
</MediaTime>
<TemporalDecomposition>
<VideoSegment id="shot61_128_RKF">
<MediaTime>
<MediaTimePoint>T00:11:47:23212F30000</MediaTimePoint>
</MediaTime>
</VideoSegment>
</TemporalDecomposition>
</VideoSegment>
<VideoSegment id="shot61_129">
<MediaTime>
<MediaTimePoint>T00:11:49:6255F30000</MediaTimePoint>
<MediaDuration>PT00H00M03S9099N30000F</MediaDuration>
</MediaTime>
<TemporalDecomposition>
<VideoSegment id="shot61_129_RKF">
<MediaTime>
<MediaTimePoint>T00:11:50:25304F30000</MediaTimePoint>
</MediaTime>
</VideoSegment>
</TemporalDecomposition>
</VideoSegment>
<VideoSegment id="shot61_130">
<MediaTime>
<MediaTimePoint>T00:11:52:15354F30000</MediaTimePoint>
<MediaDuration>PT00H00M03S9099N30000F</MediaDuration>
</MediaTime>
<TemporalDecomposition>
<VideoSegment id="shot61_130_RKF">
<MediaTime>
<MediaTimePoint>T00:11:54:4403F30000</MediaTimePoint>
</MediaTime>
</VideoSegment>
</TemporalDecomposition>
</VideoSegment>
<VideoSegment id="shot61_131">
<MediaTime>
<MediaTimePoint>T00:11:55:24453F30000</MediaTimePoint>
<MediaDuration>PT00H00M02S24084N30000F</MediaDuration>
</MediaTime>
<TemporalDecomposition>
<VideoSegment id="shot61_131_RKF">
<MediaTime>
<MediaTimePoint>T00:11:57:5494F30000</MediaTimePoint>
</MediaTime>
</VideoSegment>
</TemporalDecomposition>
</VideoSegment>
<VideoSegment id="shot61_132">
<MediaTime>
<MediaTimePoint>T00:11:58:18537F30000</MediaTimePoint>
<MediaDuration>PT00H00M05S24174N30000F</MediaDuration>
</MediaTime>
<TemporalDecomposition>
<VideoSegment id="shot61_132_RKF">
<MediaTime>
<MediaTimePoint>T00:12:01:14623F30000</MediaTimePoint>
</MediaTime>
</VideoSegment>
</TemporalDecomposition>
</VideoSegment>
<VideoSegment id="shot61_133">
<MediaTime>
<MediaTimePoint>T00:12:04:12711F30000</MediaTimePoint>
<MediaDuration>PT00H00M05S2152N30000F</MediaDuration>
</MediaTime>
<TemporalDecomposition>
<VideoSegment id="shot61_133_RKF">
<MediaTime>
<MediaTimePoint>T00:12:06:27786F30000</MediaTimePoint>
</MediaTime>
</VideoSegment>
</TemporalDecomposition>
</VideoSegment>
<VideoSegment id="shot61_134">
<MediaTime>
<MediaTimePoint>T00:12:09:14863F30000</MediaTimePoint>
<MediaDuration>PT00H00M02S13073N30000F</MediaDuration>
</MediaTime>
<TemporalDecomposition>
<VideoSegment id="shot61_134_RKF">
<MediaTime>
<MediaTimePoint>T00:12:10:20899F30000</MediaTimePoint>
</MediaTime>
</VideoSegment>
</TemporalDecomposition>
</VideoSegment>
<VideoSegment id="shot61_135">
<MediaTime>
<MediaTimePoint>T00:12:11:27936F30000</MediaTimePoint>
<MediaDuration>PT00H00M20S6606N30000F</MediaDuration>
</MediaTime>
<TemporalDecomposition>
<VideoSegment id="shot61_135_RKF">
<MediaTime>
<MediaTimePoint>T00:12:22:238F30000</MediaTimePoint>
</MediaTime>
</VideoSegment>
</TemporalDecomposition>
</VideoSegment>
<VideoSegment id="shot61_136">
<MediaTime>
<MediaTimePoint>T00:12:32:4542F30000</MediaTimePoint>
<MediaDuration>PT00H00M04S17137N30000F</MediaDuration>
</MediaTime>
<TemporalDecomposition>
<VideoSegment id="shot61_136_RKF">
<MediaTime>
<MediaTimePoint>T00:12:34:12610F30000</MediaTimePoint>
</MediaTime>
</VideoSegment>
</TemporalDecomposition>
</VideoSegment>
<VideoSegment id="shot61_137">
<MediaTime>
<MediaTimePoint>T00:12:36:21679F30000</MediaTimePoint>
<MediaDuration>PT00H00M04S3123N30000F</MediaDuration>
</MediaTime>
<TemporalDecomposition>
<VideoSegment id="shot61_137_RKF">
<MediaTime>
<MediaTimePoint>T00:12:38:22740F30000</MediaTimePoint>
</MediaTime>
</VideoSegment>
</TemporalDecomposition>
</VideoSegment>
<VideoSegment id="shot61_138">
<MediaTime>
<MediaTimePoint>T00:12:40:24802F30000</MediaTimePoint>
<MediaDuration>PT00H00M03S9099N30000F</MediaDuration>
</MediaTime>
<TemporalDecomposition>
<VideoSegment id="shot61_138_RKF">
<MediaTime>
<MediaTimePoint>T00:12:42:13851F30000</MediaTimePoint>
</MediaTime>
</VideoSegment>
</TemporalDecomposition>
</VideoSegment>
<VideoSegment id="shot61_139">
<MediaTime>
<MediaTimePoint>T00:12:44:3901F30000</MediaTimePoint>
<MediaDuration>PT00H00M03S22112N30000F</MediaDuration>
</MediaTime>
<TemporalDecomposition>
<VideoSegment id="shot61_139_RKF">
<MediaTime>
<MediaTimePoint>T00:12:45:28956F30000</MediaTimePoint>
</MediaTime>
</VideoSegment>
</TemporalDecomposition>
</VideoSegment>
<VideoSegment id="shot61_140">
<MediaTime>
<MediaTimePoint>T00:12:47:26013F30000</MediaTimePoint>
<MediaDuration>PT00H00M16S7487N30000F</MediaDuration>
</MediaTime>
<TemporalDecomposition>
<VideoSegment id="shot61_140_RKF">
<MediaTime>
<MediaTimePoint>T00:12:55:29256F30000</MediaTimePoint>
</MediaTime>
</VideoSegment>
</TemporalDecomposition>
</VideoSegment>
<VideoSegment id="shot61_141">
<MediaTime>
<MediaTimePoint>T00:13:04:3500F30000</MediaTimePoint>
<MediaDuration>PT00H00M02S9069N30000F</MediaDuration>
</MediaTime>
<TemporalDecomposition>
<VideoSegment id="shot61_141_RKF">
<MediaTime>
<MediaTimePoint>T00:13:05:7534F30000</MediaTimePoint>
</MediaTime>
</VideoSegment>
</TemporalDecomposition>
</VideoSegment>
<VideoSegment id="shot61_142">
<MediaTime>
<MediaTimePoint>T00:13:06:12569F30000</MediaTimePoint>
<MediaDuration>PT00H00M02S15075N30000F</MediaDuration>
</MediaTime>
<TemporalDecomposition>
<VideoSegment id="shot61_142_RKF">
<MediaTime>
<MediaTimePoint>T00:13:07:19606F30000</MediaTimePoint>
</MediaTime>
</VideoSegment>
</TemporalDecomposition>
</VideoSegment>
<VideoSegment id="shot61_143">
<MediaTime>
<MediaTimePoint>T00:13:08:27644F30000</MediaTimePoint>
<MediaDuration>PT00H00M02S3063N30000F</MediaDuration>
</MediaTime>
<TemporalDecomposition>
<VideoSegment id="shot61_143_RKF">
<MediaTime>
<MediaTimePoint>T00:13:09:28675F30000</MediaTimePoint>
</MediaTime>
</VideoSegment>
</TemporalDecomposition>
</VideoSegment>
<VideoSegment id="shot61_144">
<MediaTime>
<MediaTimePoint>T00:13:11:707F30000</MediaTimePoint>
<MediaDuration>PT00H00M02S16076N30000F</MediaDuration>
</MediaTime>
<TemporalDecomposition>
<VideoSegment id="shot61_144_RKF">
<MediaTime>
<MediaTimePoint>T00:13:12:7744F30000</MediaTimePoint>
</MediaTime>
</VideoSegment>
</TemporalDecomposition>
</VideoSegment>
<VideoSegment id="shot61_145">
<MediaTime>
<MediaTimePoint>T00:13:13:16783F30000</MediaTimePoint>
<MediaDuration>PT00H00M03S8098N30000F</MediaDuration>
</MediaTime>
<TemporalDecomposition>
<VideoSegment id="shot61_145_RKF">
<MediaTime>
<MediaTimePoint>T00:13:15:4831F30000</MediaTimePoint>
</MediaTime>
</VideoSegment>
</TemporalDecomposition>
</VideoSegment>
<VideoSegment id="shot61_146">
<MediaTime>
<MediaTimePoint>T00:13:16:24881F30000</MediaTimePoint>
<MediaDuration>PT00H00M02S25085N30000F</MediaDuration>
</MediaTime>
<TemporalDecomposition>
<VideoSegment id="shot61_146_RKF">
<MediaTime>
<MediaTimePoint>T00:13:18:6923F30000</MediaTimePoint>
</MediaTime>
</VideoSegment>
</TemporalDecomposition>
</VideoSegment>
<VideoSegment id="shot61_147">
<MediaTime>
<MediaTimePoint>T00:13:19:19966F30000</MediaTimePoint>
<MediaDuration>PT00H00M05S4154N30000F</MediaDuration>
</MediaTime>
<TemporalDecomposition>
<VideoSegment id="shot61_147_RKF">
<MediaTime>
<MediaTimePoint>T00:13:22:6042F30000</MediaTimePoint>
</MediaTime>
</VideoSegment>
</TemporalDecomposition>
</VideoSegment>
<VideoSegment id="shot61_148">
<MediaTime>
<MediaTimePoint>T00:13:24:24120F30000</MediaTimePoint>
<MediaDuration>PT00H00M03S7097N30000F</MediaDuration>
</MediaTime>
<TemporalDecomposition>
<VideoSegment id="shot61_148_RKF">
<MediaTime>
<MediaTimePoint>T00:13:26:12168F30000</MediaTimePoint>
</MediaTime>
</VideoSegment>
</TemporalDecomposition>
</VideoSegment>
<VideoSegment id="shot61_149">
<MediaTime>
<MediaTimePoint>T00:13:28:1217F30000</MediaTimePoint>
<MediaDuration>PT00H00M02S28088N30000F</MediaDuration>
</MediaTime>
<TemporalDecomposition>
<VideoSegment id="shot61_149_RKF">
<MediaTime>
<MediaTimePoint>T00:13:29:14260F30000</MediaTimePoint>
</MediaTime>
</VideoSegment>
</TemporalDecomposition>
</VideoSegment>
<VideoSegment id="shot61_150">
<MediaTime>
<MediaTimePoint>T00:13:30:29305F30000</MediaTimePoint>
<MediaDuration>PT00H00M05S18168N30000F</MediaDuration>
</MediaTime>
<TemporalDecomposition>
<VideoSegment id="shot61_150_NRKF_1">
<MediaTime>
<MediaTimePoint>T00:13:31:26332F30000</MediaTimePoint>
</MediaTime>
</VideoSegment>
<VideoSegment id="shot61_150_RKF">
<MediaTime>
<MediaTimePoint>T00:13:33:22388F30000</MediaTimePoint>
</MediaTime>
</VideoSegment>
<VideoSegment id="shot61_150_NRKF_2">
<MediaTime>
<MediaTimePoint>T00:13:34:20416F30000</MediaTimePoint>
</MediaTime>
</VideoSegment>
</TemporalDecomposition>
</VideoSegment>
<VideoSegment id="shot61_151">
<MediaTime>
<MediaTimePoint>T00:13:36:17473F30000</MediaTimePoint>
<MediaDuration>PT00H00M04S13133N30000F</MediaDuration>
</MediaTime>
<TemporalDecomposition>
<VideoSegment id="shot61_151_RKF">
<MediaTime>
<MediaTimePoint>T00:13:38:23539F30000</MediaTimePoint>
</MediaTime>
</VideoSegment>
</TemporalDecomposition>
</VideoSegment>
<VideoSegment id="shot61_152">
<MediaTime>
<MediaTimePoint>T00:13:41:606F30000</MediaTimePoint>
<MediaDuration>PT00H00M05S15165N30000F</MediaDuration>
</MediaTime>
<TemporalDecomposition>
<VideoSegment id="shot61_152_RKF">
<MediaTime>
<MediaTimePoint>T00:13:43:22688F30000</MediaTimePoint>
</MediaTime>
</VideoSegment>
</TemporalDecomposition>
</VideoSegment>
<VideoSegment id="shot61_153">
<MediaTime>
<MediaTimePoint>T00:13:46:15771F30000</MediaTimePoint>
<MediaDuration>PT00H00M03S13103N30000F</MediaDuration>
</MediaTime>
<TemporalDecomposition>
<VideoSegment id="shot61_153_RKF">
<MediaTime>
<MediaTimePoint>T00:13:48:6822F30000</MediaTimePoint>
</MediaTime>
</VideoSegment>
</TemporalDecomposition>
</VideoSegment>
<VideoSegment id="shot61_154">
<MediaTime>
<MediaTimePoint>T00:13:49:28874F30000</MediaTimePoint>
<MediaDuration>PT00H00M05S13163N30000F</MediaDuration>
</MediaTime>
<TemporalDecomposition>
<VideoSegment id="shot61_154_RKF">
<MediaTime>
<MediaTimePoint>T00:13:52:19955F30000</MediaTimePoint>
</MediaTime>
</VideoSegment>
</TemporalDecomposition>
</VideoSegment>
<VideoSegment id="shot61_155">
<MediaTime>
<MediaTimePoint>T00:13:55:12037F30000</MediaTimePoint>
<MediaDuration>PT00H00M03S27117N30000F</MediaDuration>
</MediaTime>
<TemporalDecomposition>
<VideoSegment id="shot61_155_RKF">
<MediaTime>
<MediaTimePoint>T00:13:57:10095F30000</MediaTimePoint>
</MediaTime>
</VideoSegment>
</TemporalDecomposition>
</VideoSegment>
<VideoSegment id="shot61_156">
<MediaTime>
<MediaTimePoint>T00:13:59:9154F30000</MediaTimePoint>
<MediaDuration>PT00H00M02S12072N30000F</MediaDuration>
</MediaTime>
<TemporalDecomposition>
<VideoSegment id="shot61_156_RKF">
<MediaTime>
<MediaTimePoint>T00:14:00:14189F30000</MediaTimePoint>
</MediaTime>
</VideoSegment>
</TemporalDecomposition>
</VideoSegment>
<VideoSegment id="shot61_157">
<MediaTime>
<MediaTimePoint>T00:14:01:21226F30000</MediaTimePoint>
<MediaDuration>PT00H00M03S10100N30000F</MediaDuration>
</MediaTime>
<TemporalDecomposition>
<VideoSegment id="shot61_157_RKF">
<MediaTime>
<MediaTimePoint>T00:14:03:10275F30000</MediaTimePoint>
</MediaTime>
</VideoSegment>
</TemporalDecomposition>
</VideoSegment>
<VideoSegment id="shot61_158">
<MediaTime>
<MediaTimePoint>T00:14:05:1326F30000</MediaTimePoint>
<MediaDuration>PT00H00M10S8308N30000F</MediaDuration>
</MediaTime>
<TemporalDecomposition>
<VideoSegment id="shot61_158_NRKF_1">
<MediaTime>
<MediaTimePoint>T00:14:05:9334F30000</MediaTimePoint>
</MediaTime>
</VideoSegment>
<VideoSegment id="shot61_158_RKF">
<MediaTime>
<MediaTimePoint>T00:14:10:4479F30000</MediaTimePoint>
</MediaTime>
</VideoSegment>
<VideoSegment id="shot61_158_NRKF_2">
<MediaTime>
<MediaTimePoint>T00:14:10:13488F30000</MediaTimePoint>
</MediaTime>
</VideoSegment>
</TemporalDecomposition>
</VideoSegment>
<VideoSegment id="shot61_159">
<MediaTime>
<MediaTimePoint>T00:14:15:9634F30000</MediaTimePoint>
<MediaDuration>PT00H00M03S7097N30000F</MediaDuration>
</MediaTime>
<TemporalDecomposition>
<VideoSegment id="shot61_159_RKF">
<MediaTime>
<MediaTimePoint>T00:14:16:27682F30000</MediaTimePoint>
</MediaTime>
</VideoSegment>
</TemporalDecomposition>
</VideoSegment>
<VideoSegment id="shot61_160">
<MediaTime>
<MediaTimePoint>T00:14:18:16731F30000</MediaTimePoint>
<MediaDuration>PT00H00M14S420N30000F</MediaDuration>
</MediaTime>
<TemporalDecomposition>
<VideoSegment id="shot61_160_RKF">
<MediaTime>
<MediaTimePoint>T00:14:25:15940F30000</MediaTimePoint>
</MediaTime>
</VideoSegment>
</TemporalDecomposition>
</VideoSegment>
<VideoSegment id="shot61_161">
<MediaTime>
<MediaTimePoint>T00:14:32:17151F30000</MediaTimePoint>
<MediaDuration>PT00H00M06S22202N30000F</MediaDuration>
</MediaTime>
<TemporalDecomposition>
<VideoSegment id="shot61_161_RKF">
<MediaTime>
<MediaTimePoint>T00:14:35:27251F30000</MediaTimePoint>
</MediaTime>
</VideoSegment>
</TemporalDecomposition>
</VideoSegment>
<VideoSegment id="shot61_162">
<MediaTime>
<MediaTimePoint>T00:14:39:9353F30000</MediaTimePoint>
<MediaDuration>PT00H00M04S29149N30000F</MediaDuration>
</MediaTime>
<TemporalDecomposition>
<VideoSegment id="shot61_162_RKF">
<MediaTime>
<MediaTimePoint>T00:14:41:23427F30000</MediaTimePoint>
</MediaTime>
</VideoSegment>
</TemporalDecomposition>
</VideoSegment>
<VideoSegment id="shot61_163">
<MediaTime>
<MediaTimePoint>T00:14:44:8502F30000</MediaTimePoint>
<MediaDuration>PT00H00M03S20110N30000F</MediaDuration>
</MediaTime>
<TemporalDecomposition>
<VideoSegment id="shot61_163_RKF">
<MediaTime>
<MediaTimePoint>T00:14:46:2556F30000</MediaTimePoint>
</MediaTime>
</VideoSegment>
</TemporalDecomposition>
</VideoSegment>
<VideoSegment id="shot61_164">
<MediaTime>
<MediaTimePoint>T00:14:47:28612F30000</MediaTimePoint>
<MediaDuration>PT00H01M17S13321N30000F</MediaDuration>
</MediaTime>
<TemporalDecomposition>
<VideoSegment id="shot61_164_RKF">
<MediaTime>
<MediaTimePoint>T00:15:26:19772F30000</MediaTimePoint>
</MediaTime>
</VideoSegment>
</TemporalDecomposition>
</VideoSegment>
<VideoSegment id="shot61_165">
<MediaTime>
<MediaTimePoint>T00:16:05:11933F30000</MediaTimePoint>
<MediaDuration>PT00H00M06S26206N30000F</MediaDuration>
</MediaTime>
<TemporalDecomposition>
<VideoSegment id="shot61_165_NRKF_1">
<MediaTime>
<MediaTimePoint>T00:16:05:22944F30000</MediaTimePoint>
</MediaTime>
</VideoSegment>
<VideoSegment id="shot61_165_NRKF_2">
<MediaTime>
<MediaTimePoint>T00:16:06:11963F30000</MediaTimePoint>
</MediaTime>
</VideoSegment>
<VideoSegment id="shot61_165_RKF">
<MediaTime>
<MediaTimePoint>T00:16:08:24035F30000</MediaTimePoint>
</MediaTime>
</VideoSegment>
<VideoSegment id="shot61_165_NRKF_3">
<MediaTime>
<MediaTimePoint>T00:16:09:13054F30000</MediaTimePoint>
</MediaTime>
</VideoSegment>
</TemporalDecomposition>
</VideoSegment>
<VideoSegment id="shot61_166">
<MediaTime>
<MediaTimePoint>T00:16:12:8139F30000</MediaTimePoint>
<MediaDuration>PT00H00M03S11101N30000F</MediaDuration>
</MediaTime>
<TemporalDecomposition>
<VideoSegment id="shot61_166_RKF">
<MediaTime>
<MediaTimePoint>T00:16:13:28189F30000</MediaTimePoint>
</MediaTime>
</VideoSegment>
</TemporalDecomposition>
</VideoSegment>
<VideoSegment id="shot61_167">
<MediaTime>
<MediaTimePoint>T00:16:15:19240F30000</MediaTimePoint>
<MediaDuration>PT00H00M03S18108N30000F</MediaDuration>
</MediaTime>
<TemporalDecomposition>
<VideoSegment id="shot61_167_RKF">
<MediaTime>
<MediaTimePoint>T00:16:17:12293F30000</MediaTimePoint>
</MediaTime>
</VideoSegment>
</TemporalDecomposition>
</VideoSegment>
<VideoSegment id="shot61_168">
<MediaTime>
<MediaTimePoint>T00:16:19:7348F30000</MediaTimePoint>
<MediaDuration>PT00H00M05S3153N30000F</MediaDuration>
</MediaTime>
<TemporalDecomposition>
<VideoSegment id="shot61_168_NRKF_1">
<MediaTime>
<MediaTimePoint>T00:16:20:371F30000</MediaTimePoint>
</MediaTime>
</VideoSegment>
<VideoSegment id="shot61_168_RKF">
<MediaTime>
<MediaTimePoint>T00:16:21:23424F30000</MediaTimePoint>
</MediaTime>
</VideoSegment>
<VideoSegment id="shot61_168_NRKF_2">
<MediaTime>
<MediaTimePoint>T00:16:22:17448F30000</MediaTimePoint>
</MediaTime>
</VideoSegment>
</TemporalDecomposition>
</VideoSegment>
<VideoSegment id="shot61_169">
<MediaTime>
<MediaTimePoint>T00:16:24:10501F30000</MediaTimePoint>
<MediaDuration>PT00H00M04S15135N30000F</MediaDuration>
</MediaTime>
<TemporalDecomposition>
<VideoSegment id="shot61_169_RKF">
<MediaTime>
<MediaTimePoint>T00:16:26:17568F30000</MediaTimePoint>
</MediaTime>
</VideoSegment>
</TemporalDecomposition>
</VideoSegment>
<VideoSegment id="shot61_170">
<MediaTime>
<MediaTimePoint>T00:16:28:25636F30000</MediaTimePoint>
<MediaDuration>PT00H00M04S25145N30000F</MediaDuration>
</MediaTime>
<TemporalDecomposition>
<VideoSegment id="shot61_170_NRKF_1">
<MediaTime>
<MediaTimePoint>T00:16:29:20661F30000</MediaTimePoint>
</MediaTime>
</VideoSegment>
<VideoSegment id="shot61_170_RKF">
<MediaTime>
<MediaTimePoint>T00:16:31:7708F30000</MediaTimePoint>
</MediaTime>
</VideoSegment>
<VideoSegment id="shot61_170_NRKF_2">
<MediaTime>
<MediaTimePoint>T00:16:32:2733F30000</MediaTimePoint>
</MediaTime>
</VideoSegment>
</TemporalDecomposition>
</VideoSegment>
<VideoSegment id="shot61_171">
<MediaTime>
<MediaTimePoint>T00:16:33:20781F30000</MediaTimePoint>
<MediaDuration>PT00H00M05S3153N30000F</MediaDuration>
</MediaTime>
<TemporalDecomposition>
<VideoSegment id="shot61_171_RKF">
<MediaTime>
<MediaTimePoint>T00:16:36:6857F30000</MediaTimePoint>
</MediaTime>
</VideoSegment>
</TemporalDecomposition>
</VideoSegment>
<VideoSegment id="shot61_172">
<MediaTime>
<MediaTimePoint>T00:16:38:23934F30000</MediaTimePoint>
<MediaDuration>PT00H00M04S11131N30000F</MediaDuration>
</MediaTime>
<TemporalDecomposition>
<VideoSegment id="shot61_172_RKF">
<MediaTime>
<MediaTimePoint>T00:16:40:28999F30000</MediaTimePoint>
</MediaTime>
</VideoSegment>
</TemporalDecomposition>
</VideoSegment>
<VideoSegment id="shot61_173">
<MediaTime>
<MediaTimePoint>T00:16:43:5065F30000</MediaTimePoint>
<MediaDuration>PT00H00M05S17167N30000F</MediaDuration>
</MediaTime>
<TemporalDecomposition>
<VideoSegment id="shot61_173_NRKF_1">
<MediaTime>
<MediaTimePoint>T00:16:44:90F30000</MediaTimePoint>
</MediaTime>
</VideoSegment>
<VideoSegment id="shot61_173_RKF">
<MediaTime>
<MediaTimePoint>T00:16:45:28148F30000</MediaTimePoint>
</MediaTime>
</VideoSegment>
<VideoSegment id="shot61_173_NRKF_2">
<MediaTime>
<MediaTimePoint>T00:16:46:23173F30000</MediaTimePoint>
</MediaTime>
</VideoSegment>
</TemporalDecomposition>
</VideoSegment>
<VideoSegment id="shot61_174">
<MediaTime>
<MediaTimePoint>T00:16:48:22232F30000</MediaTimePoint>
<MediaDuration>PT00H00M16S6486N30000F</MediaDuration>
</MediaTime>
<TemporalDecomposition>
<VideoSegment id="shot61_174_RKF">
<MediaTime>
<MediaTimePoint>T00:16:56:24474F30000</MediaTimePoint>
</MediaTime>
</VideoSegment>
</TemporalDecomposition>
</VideoSegment>
<VideoSegment id="shot61_175">
<MediaTime>
<MediaTimePoint>T00:17:04:28718F30000</MediaTimePoint>
<MediaDuration>PT00H00M03S90N30000F</MediaDuration>
</MediaTime>
<TemporalDecomposition>
<VideoSegment id="shot61_175_RKF">
<MediaTime>
<MediaTimePoint>T00:17:06:12762F30000</MediaTimePoint>
</MediaTime>
</VideoSegment>
</TemporalDecomposition>
</VideoSegment>
<VideoSegment id="shot61_176">
<MediaTime>
<MediaTimePoint>T00:17:07:28808F30000</MediaTimePoint>
<MediaDuration>PT00H00M11S24354N30000F</MediaDuration>
</MediaTime>
<TemporalDecomposition>
<VideoSegment id="shot61_176_RKF">
<MediaTime>
<MediaTimePoint>T00:17:13:24984F30000</MediaTimePoint>
</MediaTime>
</VideoSegment>
</TemporalDecomposition>
</VideoSegment>
<VideoSegment id="shot61_177">
<MediaTime>
<MediaTimePoint>T00:17:19:23162F30000</MediaTimePoint>
<MediaDuration>PT00H00M06S1181N30000F</MediaDuration>
</MediaTime>
<TemporalDecomposition>
<VideoSegment id="shot61_177_NRKF_1">
<MediaTime>
<MediaTimePoint>T00:17:20:10179F30000</MediaTimePoint>
</MediaTime>
</VideoSegment>
<VideoSegment id="shot61_177_RKF">
<MediaTime>
<MediaTimePoint>T00:17:22:23252F30000</MediaTimePoint>
</MediaTime>
</VideoSegment>
<VideoSegment id="shot61_177_NRKF_2">
<MediaTime>
<MediaTimePoint>T00:17:23:10269F30000</MediaTimePoint>
</MediaTime>
</VideoSegment>
</TemporalDecomposition>
</VideoSegment>
<VideoSegment id="shot61_178">
<MediaTime>
<MediaTimePoint>T00:17:25:24343F30000</MediaTimePoint>
<MediaDuration>PT00H00M13S18408N30000F</MediaDuration>
</MediaTime>
<TemporalDecomposition>
<VideoSegment id="shot61_178_RKF">
<MediaTime>
<MediaTimePoint>T00:17:32:17546F30000</MediaTimePoint>
</MediaTime>
</VideoSegment>
</TemporalDecomposition>
</VideoSegment>
<VideoSegment id="shot61_179">
<MediaTime>
<MediaTimePoint>T00:17:39:12751F30000</MediaTimePoint>
<MediaDuration>PT00H00M04S10130N30000F</MediaDuration>
</MediaTime>
<TemporalDecomposition>
<VideoSegment id="shot61_179_NRKF_1">
<MediaTime>
<MediaTimePoint>T00:17:39:16755F30000</MediaTimePoint>
</MediaTime>
</VideoSegment>
<VideoSegment id="shot61_179_NRKF_2">
<MediaTime>
<MediaTimePoint>T00:17:39:24763F30000</MediaTimePoint>
</MediaTime>
</VideoSegment>
<VideoSegment id="shot61_179_RKF">
<MediaTime>
<MediaTimePoint>T00:17:41:16815F30000</MediaTimePoint>
</MediaTime>
</VideoSegment>
<VideoSegment id="shot61_179_NRKF_3">
<MediaTime>
<MediaTimePoint>T00:17:41:25824F30000</MediaTimePoint>
</MediaTime>
</VideoSegment>
</TemporalDecomposition>
</VideoSegment>
<VideoSegment id="shot61_180">
<MediaTime>
<MediaTimePoint>T00:17:43:22881F30000</MediaTimePoint>
<MediaDuration>PT00H00M02S8068N30000F</MediaDuration>
</MediaTime>
<TemporalDecomposition>
<VideoSegment id="shot61_180_NRKF_1">
<MediaTime>
<MediaTimePoint>T00:17:44:2891F30000</MediaTimePoint>
</MediaTime>
</VideoSegment>
<VideoSegment id="shot61_180_NRKF_2">
<MediaTime>
<MediaTimePoint>T00:17:44:24913F30000</MediaTimePoint>
</MediaTime>
</VideoSegment>
<VideoSegment id="shot61_180_RKF">
<MediaTime>
<MediaTimePoint>T00:17:44:25914F30000</MediaTimePoint>
</MediaTime>
</VideoSegment>
<VideoSegment id="shot61_180_NRKF_3">
<MediaTime>
<MediaTimePoint>T00:17:45:18937F30000</MediaTimePoint>
</MediaTime>
</VideoSegment>
</TemporalDecomposition>
</VideoSegment>
<VideoSegment id="shot61_181">
<MediaTime>
<MediaTimePoint>T00:17:46:949F30000</MediaTimePoint>
<MediaDuration>PT00H00M02S22082N30000F</MediaDuration>
</MediaTime>
<TemporalDecomposition>
<VideoSegment id="shot61_181_RKF">
<MediaTime>
<MediaTimePoint>T00:17:47:10989F30000</MediaTimePoint>
</MediaTime>
</VideoSegment>
</TemporalDecomposition>
</VideoSegment>
<VideoSegment id="shot61_182">
<MediaTime>
<MediaTimePoint>T00:17:48:23031F30000</MediaTimePoint>
<MediaDuration>PT00H00M06S22202N30000F</MediaDuration>
</MediaTime>
<TemporalDecomposition>
<VideoSegment id="shot61_182_NRKF_1">
<MediaTime>
<MediaTimePoint>T00:17:49:10048F30000</MediaTimePoint>
</MediaTime>
</VideoSegment>
<VideoSegment id="shot61_182_RKF">
<MediaTime>
<MediaTimePoint>T00:17:52:3131F30000</MediaTimePoint>
</MediaTime>
</VideoSegment>
<VideoSegment id="shot61_182_NRKF_2">
<MediaTime>
<MediaTimePoint>T00:17:52:21149F30000</MediaTimePoint>
</MediaTime>
</VideoSegment>
</TemporalDecomposition>
</VideoSegment>
<VideoSegment id="shot61_183">
<MediaTime>
<MediaTimePoint>T00:17:55:15233F30000</MediaTimePoint>
<MediaDuration>PT00H00M19S15585N30000F</MediaDuration>
</MediaTime>
<TemporalDecomposition>
<VideoSegment id="shot61_183_NRKF_1">
<MediaTime>
<MediaTimePoint>T00:17:55:18236F30000</MediaTimePoint>
</MediaTime>
</VideoSegment>
<VideoSegment id="shot61_183_RKF">
<MediaTime>
<MediaTimePoint>T00:18:05:7525F30000</MediaTimePoint>
</MediaTime>
</VideoSegment>
<VideoSegment id="shot61_183_NRKF_2">
<MediaTime>
<MediaTimePoint>T00:18:05:11529F30000</MediaTimePoint>
</MediaTime>
</VideoSegment>
</TemporalDecomposition>
</VideoSegment>
<VideoSegment id="shot61_184">
<MediaTime>
<MediaTimePoint>T00:18:15:818F30000</MediaTimePoint>
<MediaDuration>PT00H00M05S5155N30000F</MediaDuration>
</MediaTime>
<TemporalDecomposition>
<VideoSegment id="shot61_184_RKF">
<MediaTime>
<MediaTimePoint>T00:18:17:17895F30000</MediaTimePoint>
</MediaTime>
</VideoSegment>
</TemporalDecomposition>
</VideoSegment>
<VideoSegment id="shot61_185">
<MediaTime>
<MediaTimePoint>T00:18:20:5973F30000</MediaTimePoint>
<MediaDuration>PT00H00M04S17137N30000F</MediaDuration>
</MediaTime>
<TemporalDecomposition>
<VideoSegment id="shot61_185_RKF">
<MediaTime>
<MediaTimePoint>T00:18:22:14041F30000</MediaTimePoint>
</MediaTime>
</VideoSegment>
</TemporalDecomposition>
</VideoSegment>
<VideoSegment id="shot61_186">
<MediaTime>
<MediaTimePoint>T00:18:24:23110F30000</MediaTimePoint>
<MediaDuration>PT00H00M23S690N30000F</MediaDuration>
</MediaTime>
<TemporalDecomposition>
<VideoSegment id="shot61_186_RKF">
<MediaTime>
<MediaTimePoint>T00:18:36:7454F30000</MediaTimePoint>
</MediaTime>
</VideoSegment>
</TemporalDecomposition>
</VideoSegment>
<VideoSegment id="shot61_187">
<MediaTime>
<MediaTimePoint>T00:18:47:23800F30000</MediaTimePoint>
<MediaDuration>PT00H00M05S17167N30000F</MediaDuration>
</MediaTime>
<TemporalDecomposition>
<VideoSegment id="shot61_187_RKF">
<MediaTime>
<MediaTimePoint>T00:18:50:16883F30000</MediaTimePoint>
</MediaTime>
</VideoSegment>
</TemporalDecomposition>
</VideoSegment>
<VideoSegment id="shot61_188">
<MediaTime>
<MediaTimePoint>T00:18:53:10967F30000</MediaTimePoint>
<MediaDuration>PT00H00M04S23143N30000F</MediaDuration>
</MediaTime>
<TemporalDecomposition>
<VideoSegment id="shot61_188_NRKF_1">
<MediaTime>
<MediaTimePoint>T00:18:54:2989F30000</MediaTimePoint>
</MediaTime>
</VideoSegment>
<VideoSegment id="shot61_188_RKF">
<MediaTime>
<MediaTimePoint>T00:18:55:22038F30000</MediaTimePoint>
</MediaTime>
</VideoSegment>
<VideoSegment id="shot61_188_NRKF_2">
<MediaTime>
<MediaTimePoint>T00:18:56:15061F30000</MediaTimePoint>
</MediaTime>
</VideoSegment>
</TemporalDecomposition>
</VideoSegment>
<VideoSegment id="shot61_189">
<MediaTime>
<MediaTimePoint>T00:18:58:4110F30000</MediaTimePoint>
<MediaDuration>PT00H00M03S18108N30000F</MediaDuration>
</MediaTime>
<TemporalDecomposition>
<VideoSegment id="shot61_189_RKF">
<MediaTime>
<MediaTimePoint>T00:18:59:27163F30000</MediaTimePoint>
</MediaTime>
</VideoSegment>
</TemporalDecomposition>
</VideoSegment>
</TemporalDecomposition>
</Video>
</MultimediaContent>
</Description>
</Mpeg7>
