<?xml version="1.0" encoding="UTF-8"?>
<Mpeg7 xmlns="urn:mpeg:mpeg7:schema:2001" xmlns:mpeg7="urn:mpeg:mpeg7:schema:2001" xmlns:xsi="http://www.w3.org/2001/XMLSchema-instance">
<Description xsi:type="ContentEntityType">
<MultimediaContent xsi:type="VideoType">
<Video id="TRECVID2005_67">
<MediaLocator>
<MediaUri>20041123_130000_LBC_LBCNEWS2_ARB.mpg</MediaUri>
</MediaLocator>
<MediaTime>
<MediaTimePoint>T00:00:00:0F30000</MediaTimePoint>
<MediaDuration>PT00H24M59S29955N30000F</MediaDuration>
</MediaTime>
<TemporalDecomposition gap="false" overlap="false">
<VideoSegment id="shot67_1">
<MediaTime>
<MediaTimePoint>T00:00:00:0F30000</MediaTimePoint>
<MediaDuration>PT00H00M08S3243N30000F</MediaDuration>
</MediaTime>
<TemporalDecomposition>
<VideoSegment id="shot67_1_RKF">
<MediaTime>
<MediaTimePoint>T00:00:04:1121F30000</MediaTimePoint>
</MediaTime>
</VideoSegment>
</TemporalDecomposition>
</VideoSegment>
<VideoSegment id="shot67_2">
<MediaTime>
<MediaTimePoint>T00:00:08:3243F30000</MediaTimePoint>
<MediaDuration>PT00H00M02S2062N30000F</MediaDuration>
</MediaTime>
<TemporalDecomposition>
<VideoSegment id="shot67_2_RKF">
<MediaTime>
<MediaTimePoint>T00:00:09:3273F30000</MediaTimePoint>
</MediaTime>
</VideoSegment>
</TemporalDecomposition>
</VideoSegment>
<VideoSegment id="shot67_3">
<MediaTime>
<MediaTimePoint>T00:00:10:5305F30000</MediaTimePoint>
<MediaDuration>PT00H00M39S10179N30000F</MediaDuration>
</MediaTime>
<TemporalDecomposition>
<VideoSegment id="shot67_3_RKF">
<MediaTime>
<MediaTimePoint>T00:00:29:24894F30000</MediaTimePoint>
</MediaTime>
</VideoSegment>
</TemporalDecomposition>
</VideoSegment>
<VideoSegment id="shot67_4">
<MediaTime>
<MediaTimePoint>T00:00:49:15484F30000</MediaTimePoint>
<MediaDuration>PT00H00M02S2062N30000F</MediaDuration>
</MediaTime>
<TemporalDecomposition>
<VideoSegment id="shot67_4_RKF">
<MediaTime>
<MediaTimePoint>T00:00:50:15514F30000</MediaTimePoint>
</MediaTime>
</VideoSegment>
</TemporalDecomposition>
</VideoSegment>
<VideoSegment id="shot67_5">
<MediaTime>
<MediaTimePoint>T00:00:51:17546F30000</MediaTimePoint>
<MediaDuration>PT00H00M20S4604N30000F</MediaDuration>
</MediaTime>
<TemporalDecomposition>
<VideoSegment id="shot67_5_RKF">
<MediaTime>
<MediaTimePoint>T00:01:01:18847F30000</MediaTimePoint>
</MediaTime>
</VideoSegment>
</TemporalDecomposition>
</VideoSegment>
<VideoSegment id="shot67_6">
<MediaTime>
<MediaTimePoint>T00:01:11:22150F30000</MediaTimePoint>
<MediaDuration>PT00H00M12S5365N30000F</MediaDuration>
</MediaTime>
<TemporalDecomposition>
<VideoSegment id="shot67_6_RKF">
<MediaTime>
<MediaTimePoint>T00:01:17:24332F30000</MediaTimePoint>
</MediaTime>
</VideoSegment>
</TemporalDecomposition>
</VideoSegment>
<VideoSegment id="shot67_7">
<MediaTime>
<MediaTimePoint>T00:01:23:27515F30000</MediaTimePoint>
<MediaDuration>PT00H00M03S13103N30000F</MediaDuration>
</MediaTime>
<TemporalDecomposition>
<VideoSegment id="shot67_7_RKF">
<MediaTime>
<MediaTimePoint>T00:01:25:18566F30000</MediaTimePoint>
</MediaTime>
</VideoSegment>
</TemporalDecomposition>
</VideoSegment>
<VideoSegment id="shot67_8">
<MediaTime>
<MediaTimePoint>T00:01:27:10618F30000</MediaTimePoint>
<MediaDuration>PT00H00M05S150N30000F</MediaDuration>
</MediaTime>
<TemporalDecomposition>
<VideoSegment id="shot67_8_NRKF_1">
<MediaTime>
<MediaTimePoint>T00:01:27:26634F30000</MediaTimePoint>
</MediaTime>
</VideoSegment>
<VideoSegment id="shot67_8_RKF">
<MediaTime>
<MediaTimePoint>T00:01:29:24692F30000</MediaTimePoint>
</MediaTime>
</VideoSegment>
<VideoSegment id="shot67_8_NRKF_2">
<MediaTime>
<MediaTimePoint>T00:01:30:11709F30000</MediaTimePoint>
</MediaTime>
</VideoSegment>
</TemporalDecomposition>
</VideoSegment>
<VideoSegment id="shot67_9">
<MediaTime>
<MediaTimePoint>T00:01:32:10768F30000</MediaTimePoint>
<MediaDuration>PT00H00M03S4094N30000F</MediaDuration>
</MediaTime>
<TemporalDecomposition>
<VideoSegment id="shot67_9_RKF">
<MediaTime>
<MediaTimePoint>T00:01:33:26814F30000</MediaTimePoint>
</MediaTime>
</VideoSegment>
</TemporalDecomposition>
</VideoSegment>
<VideoSegment id="shot67_10">
<MediaTime>
<MediaTimePoint>T00:01:35:14862F30000</MediaTimePoint>
<MediaDuration>PT00H00M03S22112N30000F</MediaDuration>
</MediaTime>
<TemporalDecomposition>
<VideoSegment id="shot67_10_RKF">
<MediaTime>
<MediaTimePoint>T00:01:37:9917F30000</MediaTimePoint>
</MediaTime>
</VideoSegment>
</TemporalDecomposition>
</VideoSegment>
<VideoSegment id="shot67_11">
<MediaTime>
<MediaTimePoint>T00:01:39:6974F30000</MediaTimePoint>
<MediaDuration>PT00H00M03S19109N30000F</MediaDuration>
</MediaTime>
<TemporalDecomposition>
<VideoSegment id="shot67_11_RKF">
<MediaTime>
<MediaTimePoint>T00:01:41:1028F30000</MediaTimePoint>
</MediaTime>
</VideoSegment>
</TemporalDecomposition>
</VideoSegment>
<VideoSegment id="shot67_12">
<MediaTime>
<MediaTimePoint>T00:01:42:26083F30000</MediaTimePoint>
<MediaDuration>PT00H00M10S2302N30000F</MediaDuration>
</MediaTime>
<TemporalDecomposition>
<VideoSegment id="shot67_12_NRKF_1">
<MediaTime>
<MediaTimePoint>T00:01:43:1088F30000</MediaTimePoint>
</MediaTime>
</VideoSegment>
<VideoSegment id="shot67_12_RKF">
<MediaTime>
<MediaTimePoint>T00:01:47:26233F30000</MediaTimePoint>
</MediaTime>
</VideoSegment>
<VideoSegment id="shot67_12_NRKF_2">
<MediaTime>
<MediaTimePoint>T00:01:48:2239F30000</MediaTimePoint>
</MediaTime>
</VideoSegment>
</TemporalDecomposition>
</VideoSegment>
<VideoSegment id="shot67_13">
<MediaTime>
<MediaTimePoint>T00:01:52:28385F30000</MediaTimePoint>
<MediaDuration>PT00H00M03S17107N30000F</MediaDuration>
</MediaTime>
<TemporalDecomposition>
<VideoSegment id="shot67_13_RKF">
<MediaTime>
<MediaTimePoint>T00:01:54:21438F30000</MediaTimePoint>
</MediaTime>
</VideoSegment>
</TemporalDecomposition>
</VideoSegment>
<VideoSegment id="shot67_14">
<MediaTime>
<MediaTimePoint>T00:01:56:15492F30000</MediaTimePoint>
<MediaDuration>PT00H00M04S1121N30000F</MediaDuration>
</MediaTime>
<TemporalDecomposition>
<VideoSegment id="shot67_14_RKF">
<MediaTime>
<MediaTimePoint>T00:01:58:15552F30000</MediaTimePoint>
</MediaTime>
</VideoSegment>
</TemporalDecomposition>
</VideoSegment>
<VideoSegment id="shot67_15">
<MediaTime>
<MediaTimePoint>T00:02:00:16613F30000</MediaTimePoint>
<MediaDuration>PT00H00M07S15225N30000F</MediaDuration>
</MediaTime>
<TemporalDecomposition>
<VideoSegment id="shot67_15_RKF">
<MediaTime>
<MediaTimePoint>T00:02:04:8725F30000</MediaTimePoint>
</MediaTime>
</VideoSegment>
</TemporalDecomposition>
</VideoSegment>
<VideoSegment id="shot67_16">
<MediaTime>
<MediaTimePoint>T00:02:08:1838F30000</MediaTimePoint>
<MediaDuration>PT00H00M02S1061N30000F</MediaDuration>
</MediaTime>
<TemporalDecomposition>
<VideoSegment id="shot67_16_RKF">
<MediaTime>
<MediaTimePoint>T00:02:09:1868F30000</MediaTimePoint>
</MediaTime>
</VideoSegment>
</TemporalDecomposition>
</VideoSegment>
<VideoSegment id="shot67_17">
<MediaTime>
<MediaTimePoint>T00:02:10:2899F30000</MediaTimePoint>
<MediaDuration>PT00H00M05S16166N30000F</MediaDuration>
</MediaTime>
<TemporalDecomposition>
<VideoSegment id="shot67_17_RKF">
<MediaTime>
<MediaTimePoint>T00:02:12:24981F30000</MediaTimePoint>
</MediaTime>
</VideoSegment>
</TemporalDecomposition>
</VideoSegment>
<VideoSegment id="shot67_18">
<MediaTime>
<MediaTimePoint>T00:02:15:19065F30000</MediaTimePoint>
<MediaDuration>PT00H00M04S25145N30000F</MediaDuration>
</MediaTime>
<TemporalDecomposition>
<VideoSegment id="shot67_18_RKF">
<MediaTime>
<MediaTimePoint>T00:02:18:1137F30000</MediaTimePoint>
</MediaTime>
</VideoSegment>
</TemporalDecomposition>
</VideoSegment>
<VideoSegment id="shot67_19">
<MediaTime>
<MediaTimePoint>T00:02:20:14210F30000</MediaTimePoint>
<MediaDuration>PT00H00M03S16106N30000F</MediaDuration>
</MediaTime>
<TemporalDecomposition>
<VideoSegment id="shot67_19_NRKF_1">
<MediaTime>
<MediaTimePoint>T00:02:21:7233F30000</MediaTimePoint>
</MediaTime>
</VideoSegment>
<VideoSegment id="shot67_19_RKF">
<MediaTime>
<MediaTimePoint>T00:02:22:6262F30000</MediaTimePoint>
</MediaTime>
</VideoSegment>
<VideoSegment id="shot67_19_NRKF_2">
<MediaTime>
<MediaTimePoint>T00:02:23:286F30000</MediaTimePoint>
</MediaTime>
</VideoSegment>
</TemporalDecomposition>
</VideoSegment>
<VideoSegment id="shot67_20">
<MediaTime>
<MediaTimePoint>T00:02:24:316F30000</MediaTimePoint>
<MediaDuration>PT00H00M03S24114N30000F</MediaDuration>
</MediaTime>
<TemporalDecomposition>
<VideoSegment id="shot67_20_NRKF_1">
<MediaTime>
<MediaTimePoint>T00:02:24:13329F30000</MediaTimePoint>
</MediaTime>
</VideoSegment>
<VideoSegment id="shot67_20_RKF">
<MediaTime>
<MediaTimePoint>T00:02:25:26372F30000</MediaTimePoint>
</MediaTime>
</VideoSegment>
<VideoSegment id="shot67_20_NRKF_2">
<MediaTime>
<MediaTimePoint>T00:02:26:10386F30000</MediaTimePoint>
</MediaTime>
</VideoSegment>
</TemporalDecomposition>
</VideoSegment>
<VideoSegment id="shot67_21">
<MediaTime>
<MediaTimePoint>T00:02:27:24430F30000</MediaTimePoint>
<MediaDuration>PT00H00M02S27087N30000F</MediaDuration>
</MediaTime>
<TemporalDecomposition>
<VideoSegment id="shot67_21_NRKF_1">
<MediaTime>
<MediaTimePoint>T00:02:28:11447F30000</MediaTimePoint>
</MediaTime>
</VideoSegment>
<VideoSegment id="shot67_21_RKF">
<MediaTime>
<MediaTimePoint>T00:02:29:7473F30000</MediaTimePoint>
</MediaTime>
</VideoSegment>
<VideoSegment id="shot67_21_NRKF_2">
<MediaTime>
<MediaTimePoint>T00:02:29:24490F30000</MediaTimePoint>
</MediaTime>
</VideoSegment>
</TemporalDecomposition>
</VideoSegment>
<VideoSegment id="shot67_22">
<MediaTime>
<MediaTimePoint>T00:02:30:21517F30000</MediaTimePoint>
<MediaDuration>PT00H00M04S7127N30000F</MediaDuration>
</MediaTime>
<TemporalDecomposition>
<VideoSegment id="shot67_22_RKF">
<MediaTime>
<MediaTimePoint>T00:02:32:24580F30000</MediaTimePoint>
</MediaTime>
</VideoSegment>
</TemporalDecomposition>
</VideoSegment>
<VideoSegment id="shot67_23">
<MediaTime>
<MediaTimePoint>T00:02:34:28644F30000</MediaTimePoint>
<MediaDuration>PT00H00M17S22532N30000F</MediaDuration>
</MediaTime>
<TemporalDecomposition>
<VideoSegment id="shot67_23_RKF">
<MediaTime>
<MediaTimePoint>T00:02:43:23909F30000</MediaTimePoint>
</MediaTime>
</VideoSegment>
</TemporalDecomposition>
</VideoSegment>
<VideoSegment id="shot67_24">
<MediaTime>
<MediaTimePoint>T00:02:52:21176F30000</MediaTimePoint>
<MediaDuration>PT00H00M09S18288N30000F</MediaDuration>
</MediaTime>
<TemporalDecomposition>
<VideoSegment id="shot67_24_NRKF_1">
<MediaTime>
<MediaTimePoint>T00:02:52:28183F30000</MediaTimePoint>
</MediaTime>
</VideoSegment>
<VideoSegment id="shot67_24_RKF">
<MediaTime>
<MediaTimePoint>T00:02:57:14319F30000</MediaTimePoint>
</MediaTime>
</VideoSegment>
<VideoSegment id="shot67_24_NRKF_2">
<MediaTime>
<MediaTimePoint>T00:02:57:22327F30000</MediaTimePoint>
</MediaTime>
</VideoSegment>
</TemporalDecomposition>
</VideoSegment>
<VideoSegment id="shot67_25">
<MediaTime>
<MediaTimePoint>T00:03:02:9464F30000</MediaTimePoint>
<MediaDuration>PT00H00M05S22172N30000F</MediaDuration>
</MediaTime>
<TemporalDecomposition>
<VideoSegment id="shot67_25_RKF">
<MediaTime>
<MediaTimePoint>T00:03:05:4549F30000</MediaTimePoint>
</MediaTime>
</VideoSegment>
</TemporalDecomposition>
</VideoSegment>
<VideoSegment id="shot67_26">
<MediaTime>
<MediaTimePoint>T00:03:08:1636F30000</MediaTimePoint>
<MediaDuration>PT00H00M02S25085N30000F</MediaDuration>
</MediaTime>
<TemporalDecomposition>
<VideoSegment id="shot67_26_RKF">
<MediaTime>
<MediaTimePoint>T00:03:09:13678F30000</MediaTimePoint>
</MediaTime>
</VideoSegment>
</TemporalDecomposition>
</VideoSegment>
<VideoSegment id="shot67_27">
<MediaTime>
<MediaTimePoint>T00:03:10:26721F30000</MediaTimePoint>
<MediaDuration>PT00H00M04S120N30000F</MediaDuration>
</MediaTime>
<TemporalDecomposition>
<VideoSegment id="shot67_27_RKF">
<MediaTime>
<MediaTimePoint>T00:03:12:25780F30000</MediaTimePoint>
</MediaTime>
</VideoSegment>
</TemporalDecomposition>
</VideoSegment>
<VideoSegment id="shot67_28">
<MediaTime>
<MediaTimePoint>T00:03:14:26841F30000</MediaTimePoint>
<MediaDuration>PT00H00M03S29119N30000F</MediaDuration>
</MediaTime>
<TemporalDecomposition>
<VideoSegment id="shot67_28_RKF">
<MediaTime>
<MediaTimePoint>T00:03:16:25900F30000</MediaTimePoint>
</MediaTime>
</VideoSegment>
</TemporalDecomposition>
</VideoSegment>
<VideoSegment id="shot67_29">
<MediaTime>
<MediaTimePoint>T00:03:18:25960F30000</MediaTimePoint>
<MediaDuration>PT00H00M03S8098N30000F</MediaDuration>
</MediaTime>
<TemporalDecomposition>
<VideoSegment id="shot67_29_RKF">
<MediaTime>
<MediaTimePoint>T00:03:20:14008F30000</MediaTimePoint>
</MediaTime>
</VideoSegment>
</TemporalDecomposition>
</VideoSegment>
<VideoSegment id="shot67_30">
<MediaTime>
<MediaTimePoint>T00:03:22:4058F30000</MediaTimePoint>
<MediaDuration>PT00H00M02S4064N30000F</MediaDuration>
</MediaTime>
<TemporalDecomposition>
<VideoSegment id="shot67_30_RKF">
<MediaTime>
<MediaTimePoint>T00:03:23:5089F30000</MediaTimePoint>
</MediaTime>
</VideoSegment>
</TemporalDecomposition>
</VideoSegment>
<VideoSegment id="shot67_31">
<MediaTime>
<MediaTimePoint>T00:03:24:8122F30000</MediaTimePoint>
<MediaDuration>PT00H00M10S15315N30000F</MediaDuration>
</MediaTime>
<TemporalDecomposition>
<VideoSegment id="shot67_31_RKF">
<MediaTime>
<MediaTimePoint>T00:03:29:15279F30000</MediaTimePoint>
</MediaTime>
</VideoSegment>
</TemporalDecomposition>
</VideoSegment>
<VideoSegment id="shot67_32">
<MediaTime>
<MediaTimePoint>T00:03:34:23437F30000</MediaTimePoint>
<MediaDuration>PT00H00M12S5365N30000F</MediaDuration>
</MediaTime>
<TemporalDecomposition>
<VideoSegment id="shot67_32_RKF">
<MediaTime>
<MediaTimePoint>T00:03:40:25619F30000</MediaTimePoint>
</MediaTime>
</VideoSegment>
</TemporalDecomposition>
</VideoSegment>
<VideoSegment id="shot67_33">
<MediaTime>
<MediaTimePoint>T00:03:46:28802F30000</MediaTimePoint>
<MediaDuration>PT00H00M05S2152N30000F</MediaDuration>
</MediaTime>
<TemporalDecomposition>
<VideoSegment id="shot67_33_RKF">
<MediaTime>
<MediaTimePoint>T00:03:49:13877F30000</MediaTimePoint>
</MediaTime>
</VideoSegment>
</TemporalDecomposition>
</VideoSegment>
<VideoSegment id="shot67_34">
<MediaTime>
<MediaTimePoint>T00:03:52:954F30000</MediaTimePoint>
<MediaDuration>PT00H00M03S16106N30000F</MediaDuration>
</MediaTime>
<TemporalDecomposition>
<VideoSegment id="shot67_34_NRKF_1">
<MediaTime>
<MediaTimePoint>T00:03:52:3957F30000</MediaTimePoint>
</MediaTime>
</VideoSegment>
<VideoSegment id="shot67_34_RKF">
<MediaTime>
<MediaTimePoint>T00:03:53:23006F30000</MediaTimePoint>
</MediaTime>
</VideoSegment>
<VideoSegment id="shot67_34_NRKF_2">
<MediaTime>
<MediaTimePoint>T00:03:53:27010F30000</MediaTimePoint>
</MediaTime>
</VideoSegment>
</TemporalDecomposition>
</VideoSegment>
<VideoSegment id="shot67_35">
<MediaTime>
<MediaTimePoint>T00:03:55:17060F30000</MediaTimePoint>
<MediaDuration>PT00H00M07S5215N30000F</MediaDuration>
</MediaTime>
<TemporalDecomposition>
<VideoSegment id="shot67_35_RKF">
<MediaTime>
<MediaTimePoint>T00:03:59:4167F30000</MediaTimePoint>
</MediaTime>
</VideoSegment>
</TemporalDecomposition>
</VideoSegment>
<VideoSegment id="shot67_36">
<MediaTime>
<MediaTimePoint>T00:04:02:22275F30000</MediaTimePoint>
<MediaDuration>PT00H00M04S8128N30000F</MediaDuration>
</MediaTime>
<TemporalDecomposition>
<VideoSegment id="shot67_36_RKF">
<MediaTime>
<MediaTimePoint>T00:04:04:25338F30000</MediaTimePoint>
</MediaTime>
</VideoSegment>
</TemporalDecomposition>
</VideoSegment>
<VideoSegment id="shot67_37">
<MediaTime>
<MediaTimePoint>T00:04:07:403F30000</MediaTimePoint>
<MediaDuration>PT00H00M04S29149N30000F</MediaDuration>
</MediaTime>
<TemporalDecomposition>
<VideoSegment id="shot67_37_RKF">
<MediaTime>
<MediaTimePoint>T00:04:09:14477F30000</MediaTimePoint>
</MediaTime>
</VideoSegment>
</TemporalDecomposition>
</VideoSegment>
<VideoSegment id="shot67_38">
<MediaTime>
<MediaTimePoint>T00:04:11:29552F30000</MediaTimePoint>
<MediaDuration>PT00H00M03S14104N30000F</MediaDuration>
</MediaTime>
<TemporalDecomposition>
<VideoSegment id="shot67_38_RKF">
<MediaTime>
<MediaTimePoint>T00:04:13:20603F30000</MediaTimePoint>
</MediaTime>
</VideoSegment>
</TemporalDecomposition>
</VideoSegment>
<VideoSegment id="shot67_39">
<MediaTime>
<MediaTimePoint>T00:04:15:13656F30000</MediaTimePoint>
<MediaDuration>PT00H00M02S22082N30000F</MediaDuration>
</MediaTime>
<TemporalDecomposition>
<VideoSegment id="shot67_39_RKF">
<MediaTime>
<MediaTimePoint>T00:04:16:23696F30000</MediaTimePoint>
</MediaTime>
</VideoSegment>
</TemporalDecomposition>
</VideoSegment>
<VideoSegment id="shot67_40">
<MediaTime>
<MediaTimePoint>T00:04:18:5738F30000</MediaTimePoint>
<MediaDuration>PT00H00M03S6096N30000F</MediaDuration>
</MediaTime>
<TemporalDecomposition>
<VideoSegment id="shot67_40_RKF">
<MediaTime>
<MediaTimePoint>T00:04:19:22785F30000</MediaTimePoint>
</MediaTime>
</VideoSegment>
</TemporalDecomposition>
</VideoSegment>
<VideoSegment id="shot67_41">
<MediaTime>
<MediaTimePoint>T00:04:21:11834F30000</MediaTimePoint>
<MediaDuration>PT00H00M05S26176N30000F</MediaDuration>
</MediaTime>
<TemporalDecomposition>
<VideoSegment id="shot67_41_RKF">
<MediaTime>
<MediaTimePoint>T00:04:24:8921F30000</MediaTimePoint>
</MediaTime>
</VideoSegment>
</TemporalDecomposition>
</VideoSegment>
<VideoSegment id="shot67_42">
<MediaTime>
<MediaTimePoint>T00:04:27:8010F30000</MediaTimePoint>
<MediaDuration>PT00H00M03S14104N30000F</MediaDuration>
</MediaTime>
<TemporalDecomposition>
<VideoSegment id="shot67_42_NRKF_1">
<MediaTime>
<MediaTimePoint>T00:04:28:4036F30000</MediaTimePoint>
</MediaTime>
</VideoSegment>
<VideoSegment id="shot67_42_RKF">
<MediaTime>
<MediaTimePoint>T00:04:28:29061F30000</MediaTimePoint>
</MediaTime>
</VideoSegment>
<VideoSegment id="shot67_42_NRKF_2">
<MediaTime>
<MediaTimePoint>T00:04:29:26088F30000</MediaTimePoint>
</MediaTime>
</VideoSegment>
</TemporalDecomposition>
</VideoSegment>
<VideoSegment id="shot67_43">
<MediaTime>
<MediaTimePoint>T00:04:30:22114F30000</MediaTimePoint>
<MediaDuration>PT00H00M03S90N30000F</MediaDuration>
</MediaTime>
<TemporalDecomposition>
<VideoSegment id="shot67_43_RKF">
<MediaTime>
<MediaTimePoint>T00:04:32:6158F30000</MediaTimePoint>
</MediaTime>
</VideoSegment>
</TemporalDecomposition>
</VideoSegment>
<VideoSegment id="shot67_44">
<MediaTime>
<MediaTimePoint>T00:04:33:22204F30000</MediaTimePoint>
<MediaDuration>PT00H00M03S26116N30000F</MediaDuration>
</MediaTime>
<TemporalDecomposition>
<VideoSegment id="shot67_44_RKF">
<MediaTime>
<MediaTimePoint>T00:04:35:19261F30000</MediaTimePoint>
</MediaTime>
</VideoSegment>
</TemporalDecomposition>
</VideoSegment>
<VideoSegment id="shot67_45">
<MediaTime>
<MediaTimePoint>T00:04:37:18320F30000</MediaTimePoint>
<MediaDuration>PT00H00M26S13793N30000F</MediaDuration>
</MediaTime>
<TemporalDecomposition>
<VideoSegment id="shot67_45_RKF">
<MediaTime>
<MediaTimePoint>T00:04:50:24716F30000</MediaTimePoint>
</MediaTime>
</VideoSegment>
</TemporalDecomposition>
</VideoSegment>
<VideoSegment id="shot67_46">
<MediaTime>
<MediaTimePoint>T00:05:04:2113F30000</MediaTimePoint>
<MediaDuration>PT00H00M10S10310N30000F</MediaDuration>
</MediaTime>
<TemporalDecomposition>
<VideoSegment id="shot67_46_RKF">
<MediaTime>
<MediaTimePoint>T00:05:09:6267F30000</MediaTimePoint>
</MediaTime>
</VideoSegment>
</TemporalDecomposition>
</VideoSegment>
<VideoSegment id="shot67_47">
<MediaTime>
<MediaTimePoint>T00:05:14:12423F30000</MediaTimePoint>
<MediaDuration>PT00H02M32S2558N30000F</MediaDuration>
</MediaTime>
<TemporalDecomposition>
<VideoSegment id="shot67_47_RKF">
<MediaTime>
<MediaTimePoint>T00:06:30:12701F30000</MediaTimePoint>
</MediaTime>
</VideoSegment>
</TemporalDecomposition>
</VideoSegment>
<VideoSegment id="shot67_48">
<MediaTime>
<MediaTimePoint>T00:07:46:14981F30000</MediaTimePoint>
<MediaDuration>PT00H01M49S19286N30000F</MediaDuration>
</MediaTime>
<TemporalDecomposition>
<VideoSegment id="shot67_48_RKF">
<MediaTime>
<MediaTimePoint>T00:08:41:8623F30000</MediaTimePoint>
</MediaTime>
</VideoSegment>
</TemporalDecomposition>
</VideoSegment>
<VideoSegment id="shot67_49">
<MediaTime>
<MediaTimePoint>T00:09:36:4267F30000</MediaTimePoint>
<MediaDuration>PT00H00M02S16076N30000F</MediaDuration>
</MediaTime>
<TemporalDecomposition>
<VideoSegment id="shot67_49_RKF">
<MediaTime>
<MediaTimePoint>T00:09:37:11304F30000</MediaTimePoint>
</MediaTime>
</VideoSegment>
</TemporalDecomposition>
</VideoSegment>
<VideoSegment id="shot67_50">
<MediaTime>
<MediaTimePoint>T00:09:38:20343F30000</MediaTimePoint>
<MediaDuration>PT00H00M02S8068N30000F</MediaDuration>
</MediaTime>
<TemporalDecomposition>
<VideoSegment id="shot67_50_RKF">
<MediaTime>
<MediaTimePoint>T00:09:39:23376F30000</MediaTimePoint>
</MediaTime>
</VideoSegment>
</TemporalDecomposition>
</VideoSegment>
<VideoSegment id="shot67_51">
<MediaTime>
<MediaTimePoint>T00:09:40:28411F30000</MediaTimePoint>
<MediaDuration>PT00H00M02S8068N30000F</MediaDuration>
</MediaTime>
<TemporalDecomposition>
<VideoSegment id="shot67_51_RKF">
<MediaTime>
<MediaTimePoint>T00:09:42:1444F30000</MediaTimePoint>
</MediaTime>
</VideoSegment>
</TemporalDecomposition>
</VideoSegment>
<VideoSegment id="shot67_52">
<MediaTime>
<MediaTimePoint>T00:09:43:6479F30000</MediaTimePoint>
<MediaDuration>PT00H00M02S5065N30000F</MediaDuration>
</MediaTime>
<TemporalDecomposition>
<VideoSegment id="shot67_52_RKF">
<MediaTime>
<MediaTimePoint>T00:09:44:8511F30000</MediaTimePoint>
</MediaTime>
</VideoSegment>
</TemporalDecomposition>
</VideoSegment>
<VideoSegment id="shot67_53">
<MediaTime>
<MediaTimePoint>T00:09:45:11544F30000</MediaTimePoint>
<MediaDuration>PT00H00M04S25145N30000F</MediaDuration>
</MediaTime>
<TemporalDecomposition>
<VideoSegment id="shot67_53_RKF">
<MediaTime>
<MediaTimePoint>T00:09:47:23616F30000</MediaTimePoint>
</MediaTime>
</VideoSegment>
</TemporalDecomposition>
</VideoSegment>
<VideoSegment id="shot67_54">
<MediaTime>
<MediaTimePoint>T00:09:50:6689F30000</MediaTimePoint>
<MediaDuration>PT00H00M04S12132N30000F</MediaDuration>
</MediaTime>
<TemporalDecomposition>
<VideoSegment id="shot67_54_RKF">
<MediaTime>
<MediaTimePoint>T00:09:52:11754F30000</MediaTimePoint>
</MediaTime>
</VideoSegment>
</TemporalDecomposition>
</VideoSegment>
<VideoSegment id="shot67_55">
<MediaTime>
<MediaTimePoint>T00:09:54:18821F30000</MediaTimePoint>
<MediaDuration>PT00H00M02S5065N30000F</MediaDuration>
</MediaTime>
<TemporalDecomposition>
<VideoSegment id="shot67_55_RKF">
<MediaTime>
<MediaTimePoint>T00:09:55:20853F30000</MediaTimePoint>
</MediaTime>
</VideoSegment>
</TemporalDecomposition>
</VideoSegment>
<VideoSegment id="shot67_56">
<MediaTime>
<MediaTimePoint>T00:09:56:23886F30000</MediaTimePoint>
<MediaDuration>PT00H00M38S25164N30000F</MediaDuration>
</MediaTime>
<TemporalDecomposition>
<VideoSegment id="shot67_56_RKF">
<MediaTime>
<MediaTimePoint>T00:10:16:5467F30000</MediaTimePoint>
</MediaTime>
</VideoSegment>
</TemporalDecomposition>
</VideoSegment>
<VideoSegment id="shot67_57">
<MediaTime>
<MediaTimePoint>T00:10:35:19050F30000</MediaTimePoint>
<MediaDuration>PT00H00M02S10070N30000F</MediaDuration>
</MediaTime>
<TemporalDecomposition>
<VideoSegment id="shot67_57_RKF">
<MediaTime>
<MediaTimePoint>T00:10:36:23084F30000</MediaTimePoint>
</MediaTime>
</VideoSegment>
</TemporalDecomposition>
</VideoSegment>
<VideoSegment id="shot67_58">
<MediaTime>
<MediaTimePoint>T00:10:37:29120F30000</MediaTimePoint>
<MediaDuration>PT00H00M02S12072N30000F</MediaDuration>
</MediaTime>
<TemporalDecomposition>
<VideoSegment id="shot67_58_RKF">
<MediaTime>
<MediaTimePoint>T00:10:39:4155F30000</MediaTimePoint>
</MediaTime>
</VideoSegment>
</TemporalDecomposition>
</VideoSegment>
<VideoSegment id="shot67_59">
<MediaTime>
<MediaTimePoint>T00:10:40:11192F30000</MediaTimePoint>
<MediaDuration>PT00H00M26S25805N30000F</MediaDuration>
</MediaTime>
<TemporalDecomposition>
<VideoSegment id="shot67_59_RKF">
<MediaTime>
<MediaTimePoint>T00:10:53:23594F30000</MediaTimePoint>
</MediaTime>
</VideoSegment>
</TemporalDecomposition>
</VideoSegment>
<VideoSegment id="shot67_60">
<MediaTime>
<MediaTimePoint>T00:11:07:6997F30000</MediaTimePoint>
<MediaDuration>PT00H00M03S24114N30000F</MediaDuration>
</MediaTime>
<TemporalDecomposition>
<VideoSegment id="shot67_60_NRKF_1">
<MediaTime>
<MediaTimePoint>T00:11:08:5025F30000</MediaTimePoint>
</MediaTime>
</VideoSegment>
<VideoSegment id="shot67_60_RKF">
<MediaTime>
<MediaTimePoint>T00:11:09:3053F30000</MediaTimePoint>
</MediaTime>
</VideoSegment>
<VideoSegment id="shot67_60_NRKF_2">
<MediaTime>
<MediaTimePoint>T00:11:10:2082F30000</MediaTimePoint>
</MediaTime>
</VideoSegment>
</TemporalDecomposition>
</VideoSegment>
<VideoSegment id="shot67_61">
<MediaTime>
<MediaTimePoint>T00:11:11:1111F30000</MediaTimePoint>
<MediaDuration>PT00H00M03S8098N30000F</MediaDuration>
</MediaTime>
<TemporalDecomposition>
<VideoSegment id="shot67_61_RKF">
<MediaTime>
<MediaTimePoint>T00:11:12:19159F30000</MediaTimePoint>
</MediaTime>
</VideoSegment>
</TemporalDecomposition>
</VideoSegment>
<VideoSegment id="shot67_62">
<MediaTime>
<MediaTimePoint>T00:11:14:9209F30000</MediaTimePoint>
<MediaDuration>PT00H00M04S19139N30000F</MediaDuration>
</MediaTime>
<TemporalDecomposition>
<VideoSegment id="shot67_62_RKF">
<MediaTime>
<MediaTimePoint>T00:11:16:18278F30000</MediaTimePoint>
</MediaTime>
</VideoSegment>
</TemporalDecomposition>
</VideoSegment>
<VideoSegment id="shot67_63">
<MediaTime>
<MediaTimePoint>T00:11:18:28348F30000</MediaTimePoint>
<MediaDuration>PT00H00M02S24084N30000F</MediaDuration>
</MediaTime>
<TemporalDecomposition>
<VideoSegment id="shot67_63_RKF">
<MediaTime>
<MediaTimePoint>T00:11:20:9389F30000</MediaTimePoint>
</MediaTime>
</VideoSegment>
</TemporalDecomposition>
</VideoSegment>
<VideoSegment id="shot67_64">
<MediaTime>
<MediaTimePoint>T00:11:21:22432F30000</MediaTimePoint>
<MediaDuration>PT00H00M02S27087N30000F</MediaDuration>
</MediaTime>
<TemporalDecomposition>
<VideoSegment id="shot67_64_RKF">
<MediaTime>
<MediaTimePoint>T00:11:23:5475F30000</MediaTimePoint>
</MediaTime>
</VideoSegment>
</TemporalDecomposition>
</VideoSegment>
<VideoSegment id="shot67_65">
<MediaTime>
<MediaTimePoint>T00:11:24:19519F30000</MediaTimePoint>
<MediaDuration>PT00H00M14S24444N30000F</MediaDuration>
</MediaTime>
<TemporalDecomposition>
<VideoSegment id="shot67_65_RKF">
<MediaTime>
<MediaTimePoint>T00:11:32:740F30000</MediaTimePoint>
</MediaTime>
</VideoSegment>
</TemporalDecomposition>
</VideoSegment>
<VideoSegment id="shot67_66">
<MediaTime>
<MediaTimePoint>T00:11:39:13963F30000</MediaTimePoint>
<MediaDuration>PT00H00M03S7097N30000F</MediaDuration>
</MediaTime>
<TemporalDecomposition>
<VideoSegment id="shot67_66_RKF">
<MediaTime>
<MediaTimePoint>T00:11:41:2011F30000</MediaTimePoint>
</MediaTime>
</VideoSegment>
</TemporalDecomposition>
</VideoSegment>
<VideoSegment id="shot67_67">
<MediaTime>
<MediaTimePoint>T00:11:42:21060F30000</MediaTimePoint>
<MediaDuration>PT00H00M02S20080N30000F</MediaDuration>
</MediaTime>
<TemporalDecomposition>
<VideoSegment id="shot67_67_NRKF_1">
<MediaTime>
<MediaTimePoint>T00:11:42:26065F30000</MediaTimePoint>
</MediaTime>
</VideoSegment>
<VideoSegment id="shot67_67_RKF">
<MediaTime>
<MediaTimePoint>T00:11:44:99F30000</MediaTimePoint>
</MediaTime>
</VideoSegment>
<VideoSegment id="shot67_67_NRKF_2">
<MediaTime>
<MediaTimePoint>T00:11:44:6105F30000</MediaTimePoint>
</MediaTime>
</VideoSegment>
</TemporalDecomposition>
</VideoSegment>
<VideoSegment id="shot67_68">
<MediaTime>
<MediaTimePoint>T00:11:45:11140F30000</MediaTimePoint>
<MediaDuration>PT00H00M02S15075N30000F</MediaDuration>
</MediaTime>
<TemporalDecomposition>
<VideoSegment id="shot67_68_RKF">
<MediaTime>
<MediaTimePoint>T00:11:46:18177F30000</MediaTimePoint>
</MediaTime>
</VideoSegment>
</TemporalDecomposition>
</VideoSegment>
<VideoSegment id="shot67_69">
<MediaTime>
<MediaTimePoint>T00:11:47:26215F30000</MediaTimePoint>
<MediaDuration>PT00H00M02S13073N30000F</MediaDuration>
</MediaTime>
<TemporalDecomposition>
<VideoSegment id="shot67_69_RKF">
<MediaTime>
<MediaTimePoint>T00:11:49:2251F30000</MediaTimePoint>
</MediaTime>
</VideoSegment>
</TemporalDecomposition>
</VideoSegment>
<VideoSegment id="shot67_70">
<MediaTime>
<MediaTimePoint>T00:11:50:9288F30000</MediaTimePoint>
<MediaDuration>PT00H00M03S1091N30000F</MediaDuration>
</MediaTime>
<TemporalDecomposition>
<VideoSegment id="shot67_70_RKF">
<MediaTime>
<MediaTimePoint>T00:11:51:24333F30000</MediaTimePoint>
</MediaTime>
</VideoSegment>
</TemporalDecomposition>
</VideoSegment>
<VideoSegment id="shot67_71">
<MediaTime>
<MediaTimePoint>T00:11:53:10379F30000</MediaTimePoint>
<MediaDuration>PT00H00M08S11251N30000F</MediaDuration>
</MediaTime>
<TemporalDecomposition>
<VideoSegment id="shot67_71_RKF">
<MediaTime>
<MediaTimePoint>T00:11:57:15504F30000</MediaTimePoint>
</MediaTime>
</VideoSegment>
</TemporalDecomposition>
</VideoSegment>
<VideoSegment id="shot67_72">
<MediaTime>
<MediaTimePoint>T00:12:01:21630F30000</MediaTimePoint>
<MediaDuration>PT00H00M03S19109N30000F</MediaDuration>
</MediaTime>
<TemporalDecomposition>
<VideoSegment id="shot67_72_RKF">
<MediaTime>
<MediaTimePoint>T00:12:03:15684F30000</MediaTimePoint>
</MediaTime>
</VideoSegment>
</TemporalDecomposition>
</VideoSegment>
<VideoSegment id="shot67_73">
<MediaTime>
<MediaTimePoint>T00:12:05:10739F30000</MediaTimePoint>
<MediaDuration>PT00H00M03S25115N30000F</MediaDuration>
</MediaTime>
<TemporalDecomposition>
<VideoSegment id="shot67_73_RKF">
<MediaTime>
<MediaTimePoint>T00:12:07:7796F30000</MediaTimePoint>
</MediaTime>
</VideoSegment>
</TemporalDecomposition>
</VideoSegment>
<VideoSegment id="shot67_74">
<MediaTime>
<MediaTimePoint>T00:12:09:5854F30000</MediaTimePoint>
<MediaDuration>PT00H00M04S10130N30000F</MediaDuration>
</MediaTime>
<TemporalDecomposition>
<VideoSegment id="shot67_74_RKF">
<MediaTime>
<MediaTimePoint>T00:12:11:9918F30000</MediaTimePoint>
</MediaTime>
</VideoSegment>
</TemporalDecomposition>
</VideoSegment>
<VideoSegment id="shot67_75">
<MediaTime>
<MediaTimePoint>T00:12:13:15984F30000</MediaTimePoint>
<MediaDuration>PT00H00M02S28088N30000F</MediaDuration>
</MediaTime>
<TemporalDecomposition>
<VideoSegment id="shot67_75_RKF">
<MediaTime>
<MediaTimePoint>T00:12:14:29027F30000</MediaTimePoint>
</MediaTime>
</VideoSegment>
</TemporalDecomposition>
</VideoSegment>
<VideoSegment id="shot67_76">
<MediaTime>
<MediaTimePoint>T00:12:16:14072F30000</MediaTimePoint>
<MediaDuration>PT00H00M02S1061N30000F</MediaDuration>
</MediaTime>
<TemporalDecomposition>
<VideoSegment id="shot67_76_RKF">
<MediaTime>
<MediaTimePoint>T00:12:17:14102F30000</MediaTimePoint>
</MediaTime>
</VideoSegment>
</TemporalDecomposition>
</VideoSegment>
<VideoSegment id="shot67_77">
<MediaTime>
<MediaTimePoint>T00:12:18:15133F30000</MediaTimePoint>
<MediaDuration>PT00H00M07S13223N30000F</MediaDuration>
</MediaTime>
<TemporalDecomposition>
<VideoSegment id="shot67_77_RKF">
<MediaTime>
<MediaTimePoint>T00:12:22:6244F30000</MediaTimePoint>
</MediaTime>
</VideoSegment>
</TemporalDecomposition>
</VideoSegment>
<VideoSegment id="shot67_78">
<MediaTime>
<MediaTimePoint>T00:12:25:28356F30000</MediaTimePoint>
<MediaDuration>PT00H00M19S11581N30000F</MediaDuration>
</MediaTime>
<TemporalDecomposition>
<VideoSegment id="shot67_78_RKF">
<MediaTime>
<MediaTimePoint>T00:12:35:18646F30000</MediaTimePoint>
</MediaTime>
</VideoSegment>
</TemporalDecomposition>
</VideoSegment>
<VideoSegment id="shot67_79">
<MediaTime>
<MediaTimePoint>T00:12:45:9937F30000</MediaTimePoint>
<MediaDuration>PT00H00M03S6096N30000F</MediaDuration>
</MediaTime>
<TemporalDecomposition>
<VideoSegment id="shot67_79_RKF">
<MediaTime>
<MediaTimePoint>T00:12:46:26984F30000</MediaTimePoint>
</MediaTime>
</VideoSegment>
</TemporalDecomposition>
</VideoSegment>
<VideoSegment id="shot67_80">
<MediaTime>
<MediaTimePoint>T00:12:48:16033F30000</MediaTimePoint>
<MediaDuration>PT00H00M02S4064N30000F</MediaDuration>
</MediaTime>
<TemporalDecomposition>
<VideoSegment id="shot67_80_RKF">
<MediaTime>
<MediaTimePoint>T00:12:49:17064F30000</MediaTimePoint>
</MediaTime>
</VideoSegment>
</TemporalDecomposition>
</VideoSegment>
<VideoSegment id="shot67_81">
<MediaTime>
<MediaTimePoint>T00:12:50:20097F30000</MediaTimePoint>
<MediaDuration>PT00H00M02S15075N30000F</MediaDuration>
</MediaTime>
<TemporalDecomposition>
<VideoSegment id="shot67_81_RKF">
<MediaTime>
<MediaTimePoint>T00:12:51:27134F30000</MediaTimePoint>
</MediaTime>
</VideoSegment>
</TemporalDecomposition>
</VideoSegment>
<VideoSegment id="shot67_82">
<MediaTime>
<MediaTimePoint>T00:12:53:5172F30000</MediaTimePoint>
<MediaDuration>PT00H00M02S12072N30000F</MediaDuration>
</MediaTime>
<TemporalDecomposition>
<VideoSegment id="shot67_82_RKF">
<MediaTime>
<MediaTimePoint>T00:12:54:10207F30000</MediaTimePoint>
</MediaTime>
</VideoSegment>
</TemporalDecomposition>
</VideoSegment>
<VideoSegment id="shot67_83">
<MediaTime>
<MediaTimePoint>T00:12:55:17244F30000</MediaTimePoint>
<MediaDuration>PT00H00M03S4094N30000F</MediaDuration>
</MediaTime>
<TemporalDecomposition>
<VideoSegment id="shot67_83_RKF">
<MediaTime>
<MediaTimePoint>T00:12:57:3290F30000</MediaTimePoint>
</MediaTime>
</VideoSegment>
</TemporalDecomposition>
</VideoSegment>
<VideoSegment id="shot67_84">
<MediaTime>
<MediaTimePoint>T00:12:58:21338F30000</MediaTimePoint>
<MediaDuration>PT00H00M04S18138N30000F</MediaDuration>
</MediaTime>
<TemporalDecomposition>
<VideoSegment id="shot67_84_RKF">
<MediaTime>
<MediaTimePoint>T00:13:00:29406F30000</MediaTimePoint>
</MediaTime>
</VideoSegment>
</TemporalDecomposition>
</VideoSegment>
<VideoSegment id="shot67_85">
<MediaTime>
<MediaTimePoint>T00:13:03:9476F30000</MediaTimePoint>
<MediaDuration>PT00H00M02S9069N30000F</MediaDuration>
</MediaTime>
<TemporalDecomposition>
<VideoSegment id="shot67_85_RKF">
<MediaTime>
<MediaTimePoint>T00:13:04:13510F30000</MediaTimePoint>
</MediaTime>
</VideoSegment>
</TemporalDecomposition>
</VideoSegment>
<VideoSegment id="shot67_86">
<MediaTime>
<MediaTimePoint>T00:13:05:18545F30000</MediaTimePoint>
<MediaDuration>PT00H00M05S1151N30000F</MediaDuration>
</MediaTime>
<TemporalDecomposition>
<VideoSegment id="shot67_86_RKF">
<MediaTime>
<MediaTimePoint>T00:13:08:3620F30000</MediaTimePoint>
</MediaTime>
</VideoSegment>
</TemporalDecomposition>
</VideoSegment>
<VideoSegment id="shot67_87">
<MediaTime>
<MediaTimePoint>T00:13:10:19696F30000</MediaTimePoint>
<MediaDuration>PT00H00M02S23083N30000F</MediaDuration>
</MediaTime>
<TemporalDecomposition>
<VideoSegment id="shot67_87_RKF">
<MediaTime>
<MediaTimePoint>T00:13:12:737F30000</MediaTimePoint>
</MediaTime>
</VideoSegment>
</TemporalDecomposition>
</VideoSegment>
<VideoSegment id="shot67_88">
<MediaTime>
<MediaTimePoint>T00:13:13:12779F30000</MediaTimePoint>
<MediaDuration>PT00H00M05S29179N30000F</MediaDuration>
</MediaTime>
<TemporalDecomposition>
<VideoSegment id="shot67_88_NRKF_1">
<MediaTime>
<MediaTimePoint>T00:13:14:11808F30000</MediaTimePoint>
</MediaTime>
</VideoSegment>
<VideoSegment id="shot67_88_RKF">
<MediaTime>
<MediaTimePoint>T00:13:16:11868F30000</MediaTimePoint>
</MediaTime>
</VideoSegment>
<VideoSegment id="shot67_88_NRKF_2">
<MediaTime>
<MediaTimePoint>T00:13:17:10897F30000</MediaTimePoint>
</MediaTime>
</VideoSegment>
</TemporalDecomposition>
</VideoSegment>
<VideoSegment id="shot67_89">
<MediaTime>
<MediaTimePoint>T00:13:19:11958F30000</MediaTimePoint>
<MediaDuration>PT00H00M04S21141N30000F</MediaDuration>
</MediaTime>
<TemporalDecomposition>
<VideoSegment id="shot67_89_NRKF_1">
<MediaTime>
<MediaTimePoint>T00:13:19:24971F30000</MediaTimePoint>
</MediaTime>
</VideoSegment>
<VideoSegment id="shot67_89_RKF">
<MediaTime>
<MediaTimePoint>T00:13:21:22028F30000</MediaTimePoint>
</MediaTime>
</VideoSegment>
<VideoSegment id="shot67_89_NRKF_2">
<MediaTime>
<MediaTimePoint>T00:13:22:6042F30000</MediaTimePoint>
</MediaTime>
</VideoSegment>
</TemporalDecomposition>
</VideoSegment>
<VideoSegment id="shot67_90">
<MediaTime>
<MediaTimePoint>T00:13:24:3099F30000</MediaTimePoint>
<MediaDuration>PT00H00M04S24144N30000F</MediaDuration>
</MediaTime>
<TemporalDecomposition>
<VideoSegment id="shot67_90_RKF">
<MediaTime>
<MediaTimePoint>T00:13:26:14170F30000</MediaTimePoint>
</MediaTime>
</VideoSegment>
</TemporalDecomposition>
</VideoSegment>
<VideoSegment id="shot67_91">
<MediaTime>
<MediaTimePoint>T00:13:28:27243F30000</MediaTimePoint>
<MediaDuration>PT00H00M02S24084N30000F</MediaDuration>
</MediaTime>
<TemporalDecomposition>
<VideoSegment id="shot67_91_RKF">
<MediaTime>
<MediaTimePoint>T00:13:30:8284F30000</MediaTimePoint>
</MediaTime>
</VideoSegment>
</TemporalDecomposition>
</VideoSegment>
<VideoSegment id="shot67_92">
<MediaTime>
<MediaTimePoint>T00:13:31:21327F30000</MediaTimePoint>
<MediaDuration>PT00H00M02S6066N30000F</MediaDuration>
</MediaTime>
<TemporalDecomposition>
<VideoSegment id="shot67_92_RKF">
<MediaTime>
<MediaTimePoint>T00:13:32:23359F30000</MediaTimePoint>
</MediaTime>
</VideoSegment>
</TemporalDecomposition>
</VideoSegment>
<VideoSegment id="shot67_93">
<MediaTime>
<MediaTimePoint>T00:13:33:27393F30000</MediaTimePoint>
<MediaDuration>PT00H00M04S25145N30000F</MediaDuration>
</MediaTime>
<TemporalDecomposition>
<VideoSegment id="shot67_93_RKF">
<MediaTime>
<MediaTimePoint>T00:13:36:9465F30000</MediaTimePoint>
</MediaTime>
</VideoSegment>
</TemporalDecomposition>
</VideoSegment>
<VideoSegment id="shot67_94">
<MediaTime>
<MediaTimePoint>T00:13:38:22538F30000</MediaTimePoint>
<MediaDuration>PT00H00M03S7097N30000F</MediaDuration>
</MediaTime>
<TemporalDecomposition>
<VideoSegment id="shot67_94_RKF">
<MediaTime>
<MediaTimePoint>T00:13:40:10586F30000</MediaTimePoint>
</MediaTime>
</VideoSegment>
</TemporalDecomposition>
</VideoSegment>
<VideoSegment id="shot67_95">
<MediaTime>
<MediaTimePoint>T00:13:41:29635F30000</MediaTimePoint>
<MediaDuration>PT00H00M02S7067N30000F</MediaDuration>
</MediaTime>
<TemporalDecomposition>
<VideoSegment id="shot67_95_RKF">
<MediaTime>
<MediaTimePoint>T00:13:43:2668F30000</MediaTimePoint>
</MediaTime>
</VideoSegment>
</TemporalDecomposition>
</VideoSegment>
<VideoSegment id="shot67_96">
<MediaTime>
<MediaTimePoint>T00:13:44:6702F30000</MediaTimePoint>
<MediaDuration>PT00H00M02S29089N30000F</MediaDuration>
</MediaTime>
<TemporalDecomposition>
<VideoSegment id="shot67_96_RKF">
<MediaTime>
<MediaTimePoint>T00:13:45:20746F30000</MediaTimePoint>
</MediaTime>
</VideoSegment>
</TemporalDecomposition>
</VideoSegment>
<VideoSegment id="shot67_97">
<MediaTime>
<MediaTimePoint>T00:13:47:5791F30000</MediaTimePoint>
<MediaDuration>PT00H00M03S1091N30000F</MediaDuration>
</MediaTime>
<TemporalDecomposition>
<VideoSegment id="shot67_97_RKF">
<MediaTime>
<MediaTimePoint>T00:13:48:20836F30000</MediaTimePoint>
</MediaTime>
</VideoSegment>
</TemporalDecomposition>
</VideoSegment>
<VideoSegment id="shot67_98">
<MediaTime>
<MediaTimePoint>T00:13:50:6882F30000</MediaTimePoint>
<MediaDuration>PT00H00M04S13133N30000F</MediaDuration>
</MediaTime>
<TemporalDecomposition>
<VideoSegment id="shot67_98_RKF">
<MediaTime>
<MediaTimePoint>T00:13:52:12948F30000</MediaTimePoint>
</MediaTime>
</VideoSegment>
</TemporalDecomposition>
</VideoSegment>
<VideoSegment id="shot67_99">
<MediaTime>
<MediaTimePoint>T00:13:54:20015F30000</MediaTimePoint>
<MediaDuration>PT00H00M02S11071N30000F</MediaDuration>
</MediaTime>
<TemporalDecomposition>
<VideoSegment id="shot67_99_RKF">
<MediaTime>
<MediaTimePoint>T00:13:55:25050F30000</MediaTimePoint>
</MediaTime>
</VideoSegment>
</TemporalDecomposition>
</VideoSegment>
<VideoSegment id="shot67_100">
<MediaTime>
<MediaTimePoint>T00:13:57:1086F30000</MediaTimePoint>
<MediaDuration>PT00H00M04S22142N30000F</MediaDuration>
</MediaTime>
<TemporalDecomposition>
<VideoSegment id="shot67_100_NRKF_1">
<MediaTime>
<MediaTimePoint>T00:13:58:115F30000</MediaTimePoint>
</MediaTime>
</VideoSegment>
<VideoSegment id="shot67_100_RKF">
<MediaTime>
<MediaTimePoint>T00:13:59:11156F30000</MediaTimePoint>
</MediaTime>
</VideoSegment>
<VideoSegment id="shot67_100_NRKF_2">
<MediaTime>
<MediaTimePoint>T00:14:00:11186F30000</MediaTimePoint>
</MediaTime>
</VideoSegment>
</TemporalDecomposition>
</VideoSegment>
<VideoSegment id="shot67_101">
<MediaTime>
<MediaTimePoint>T00:14:01:23228F30000</MediaTimePoint>
<MediaDuration>PT00H00M02S13073N30000F</MediaDuration>
</MediaTime>
<TemporalDecomposition>
<VideoSegment id="shot67_101_NRKF_1">
<MediaTime>
<MediaTimePoint>T00:14:02:16251F30000</MediaTimePoint>
</MediaTime>
</VideoSegment>
<VideoSegment id="shot67_101_RKF">
<MediaTime>
<MediaTimePoint>T00:14:02:29264F30000</MediaTimePoint>
</MediaTime>
</VideoSegment>
<VideoSegment id="shot67_101_NRKF_2">
<MediaTime>
<MediaTimePoint>T00:14:03:22287F30000</MediaTimePoint>
</MediaTime>
</VideoSegment>
</TemporalDecomposition>
</VideoSegment>
<VideoSegment id="shot67_102">
<MediaTime>
<MediaTimePoint>T00:14:04:6301F30000</MediaTimePoint>
<MediaDuration>PT00H00M03S8098N30000F</MediaDuration>
</MediaTime>
<TemporalDecomposition>
<VideoSegment id="shot67_102_NRKF_1">
<MediaTime>
<MediaTimePoint>T00:14:04:20315F30000</MediaTimePoint>
</MediaTime>
</VideoSegment>
<VideoSegment id="shot67_102_RKF">
<MediaTime>
<MediaTimePoint>T00:14:05:24349F30000</MediaTimePoint>
</MediaTime>
</VideoSegment>
<VideoSegment id="shot67_102_NRKF_2">
<MediaTime>
<MediaTimePoint>T00:14:06:9364F30000</MediaTimePoint>
</MediaTime>
</VideoSegment>
</TemporalDecomposition>
</VideoSegment>
<VideoSegment id="shot67_103">
<MediaTime>
<MediaTimePoint>T00:14:07:14399F30000</MediaTimePoint>
<MediaDuration>PT00H00M02S11071N30000F</MediaDuration>
</MediaTime>
<TemporalDecomposition>
<VideoSegment id="shot67_103_RKF">
<MediaTime>
<MediaTimePoint>T00:14:08:19434F30000</MediaTimePoint>
</MediaTime>
</VideoSegment>
</TemporalDecomposition>
</VideoSegment>
<VideoSegment id="shot67_104">
<MediaTime>
<MediaTimePoint>T00:14:09:25470F30000</MediaTimePoint>
<MediaDuration>PT00H00M02S29089N30000F</MediaDuration>
</MediaTime>
<TemporalDecomposition>
<VideoSegment id="shot67_104_RKF">
<MediaTime>
<MediaTimePoint>T00:14:11:9514F30000</MediaTimePoint>
</MediaTime>
</VideoSegment>
</TemporalDecomposition>
</VideoSegment>
<VideoSegment id="shot67_105">
<MediaTime>
<MediaTimePoint>T00:14:12:24559F30000</MediaTimePoint>
<MediaDuration>PT00H00M02S13073N30000F</MediaDuration>
</MediaTime>
<TemporalDecomposition>
<VideoSegment id="shot67_105_RKF">
<MediaTime>
<MediaTimePoint>T00:14:14:595F30000</MediaTimePoint>
</MediaTime>
</VideoSegment>
</TemporalDecomposition>
</VideoSegment>
<VideoSegment id="shot67_106">
<MediaTime>
<MediaTimePoint>T00:14:15:7632F30000</MediaTimePoint>
<MediaDuration>PT00H00M02S5065N30000F</MediaDuration>
</MediaTime>
<TemporalDecomposition>
<VideoSegment id="shot67_106_RKF">
<MediaTime>
<MediaTimePoint>T00:14:16:9664F30000</MediaTimePoint>
</MediaTime>
</VideoSegment>
</TemporalDecomposition>
</VideoSegment>
<VideoSegment id="shot67_107">
<MediaTime>
<MediaTimePoint>T00:14:17:12697F30000</MediaTimePoint>
<MediaDuration>PT00H00M02S23083N30000F</MediaDuration>
</MediaTime>
<TemporalDecomposition>
<VideoSegment id="shot67_107_RKF">
<MediaTime>
<MediaTimePoint>T00:14:18:23738F30000</MediaTimePoint>
</MediaTime>
</VideoSegment>
</TemporalDecomposition>
</VideoSegment>
<VideoSegment id="shot67_108">
<MediaTime>
<MediaTimePoint>T00:14:20:5780F30000</MediaTimePoint>
<MediaDuration>PT00H00M02S13073N30000F</MediaDuration>
</MediaTime>
<TemporalDecomposition>
<VideoSegment id="shot67_108_NRKF_1">
<MediaTime>
<MediaTimePoint>T00:14:20:29804F30000</MediaTimePoint>
</MediaTime>
</VideoSegment>
<VideoSegment id="shot67_108_RKF">
<MediaTime>
<MediaTimePoint>T00:14:21:11816F30000</MediaTimePoint>
</MediaTime>
</VideoSegment>
<VideoSegment id="shot67_108_NRKF_2">
<MediaTime>
<MediaTimePoint>T00:14:22:6841F30000</MediaTimePoint>
</MediaTime>
</VideoSegment>
</TemporalDecomposition>
</VideoSegment>
<VideoSegment id="shot67_109">
<MediaTime>
<MediaTimePoint>T00:14:22:18853F30000</MediaTimePoint>
<MediaDuration>PT00H00M03S15105N30000F</MediaDuration>
</MediaTime>
<TemporalDecomposition>
<VideoSegment id="shot67_109_RKF">
<MediaTime>
<MediaTimePoint>T00:14:24:10905F30000</MediaTimePoint>
</MediaTime>
</VideoSegment>
</TemporalDecomposition>
</VideoSegment>
<VideoSegment id="shot67_110">
<MediaTime>
<MediaTimePoint>T00:14:26:3958F30000</MediaTimePoint>
<MediaDuration>PT00H00M02S21081N30000F</MediaDuration>
</MediaTime>
<TemporalDecomposition>
<VideoSegment id="shot67_110_RKF">
<MediaTime>
<MediaTimePoint>T00:14:27:13998F30000</MediaTimePoint>
</MediaTime>
</VideoSegment>
</TemporalDecomposition>
</VideoSegment>
<VideoSegment id="shot67_111">
<MediaTime>
<MediaTimePoint>T00:14:28:25039F30000</MediaTimePoint>
<MediaDuration>PT00H00M03S14104N30000F</MediaDuration>
</MediaTime>
<TemporalDecomposition>
<VideoSegment id="shot67_111_RKF">
<MediaTime>
<MediaTimePoint>T00:14:30:16090F30000</MediaTimePoint>
</MediaTime>
</VideoSegment>
</TemporalDecomposition>
</VideoSegment>
<VideoSegment id="shot67_112">
<MediaTime>
<MediaTimePoint>T00:14:32:9143F30000</MediaTimePoint>
<MediaDuration>PT00H00M08S26266N30000F</MediaDuration>
</MediaTime>
<TemporalDecomposition>
<VideoSegment id="shot67_112_RKF">
<MediaTime>
<MediaTimePoint>T00:14:36:21275F30000</MediaTimePoint>
</MediaTime>
</VideoSegment>
</TemporalDecomposition>
</VideoSegment>
<VideoSegment id="shot67_113">
<MediaTime>
<MediaTimePoint>T00:14:41:5409F30000</MediaTimePoint>
<MediaDuration>PT00H00M03S4094N30000F</MediaDuration>
</MediaTime>
<TemporalDecomposition>
<VideoSegment id="shot67_113_RKF">
<MediaTime>
<MediaTimePoint>T00:14:42:21455F30000</MediaTimePoint>
</MediaTime>
</VideoSegment>
</TemporalDecomposition>
</VideoSegment>
<VideoSegment id="shot67_114">
<MediaTime>
<MediaTimePoint>T00:14:44:9503F30000</MediaTimePoint>
<MediaDuration>PT00H00M02S19079N30000F</MediaDuration>
</MediaTime>
<TemporalDecomposition>
<VideoSegment id="shot67_114_RKF">
<MediaTime>
<MediaTimePoint>T00:14:45:18542F30000</MediaTimePoint>
</MediaTime>
</VideoSegment>
</TemporalDecomposition>
</VideoSegment>
<VideoSegment id="shot67_115">
<MediaTime>
<MediaTimePoint>T00:14:46:28582F30000</MediaTimePoint>
<MediaDuration>PT00H00M05S19169N30000F</MediaDuration>
</MediaTime>
<TemporalDecomposition>
<VideoSegment id="shot67_115_NRKF_1">
<MediaTime>
<MediaTimePoint>T00:14:47:27611F30000</MediaTimePoint>
</MediaTime>
</VideoSegment>
<VideoSegment id="shot67_115_RKF">
<MediaTime>
<MediaTimePoint>T00:14:49:22666F30000</MediaTimePoint>
</MediaTime>
</VideoSegment>
<VideoSegment id="shot67_115_NRKF_2">
<MediaTime>
<MediaTimePoint>T00:14:50:22696F30000</MediaTimePoint>
</MediaTime>
</VideoSegment>
</TemporalDecomposition>
</VideoSegment>
<VideoSegment id="shot67_116">
<MediaTime>
<MediaTimePoint>T00:14:52:17751F30000</MediaTimePoint>
<MediaDuration>PT00H00M02S8068N30000F</MediaDuration>
</MediaTime>
<TemporalDecomposition>
<VideoSegment id="shot67_116_RKF">
<MediaTime>
<MediaTimePoint>T00:14:53:20784F30000</MediaTimePoint>
</MediaTime>
</VideoSegment>
</TemporalDecomposition>
</VideoSegment>
<VideoSegment id="shot67_117">
<MediaTime>
<MediaTimePoint>T00:14:54:25819F30000</MediaTimePoint>
<MediaDuration>PT00H00M04S17137N30000F</MediaDuration>
</MediaTime>
<TemporalDecomposition>
<VideoSegment id="shot67_117_NRKF_1">
<MediaTime>
<MediaTimePoint>T00:14:55:18842F30000</MediaTimePoint>
</MediaTime>
</VideoSegment>
<VideoSegment id="shot67_117_RKF">
<MediaTime>
<MediaTimePoint>T00:14:57:3887F30000</MediaTimePoint>
</MediaTime>
</VideoSegment>
<VideoSegment id="shot67_117_NRKF_2">
<MediaTime>
<MediaTimePoint>T00:14:57:27911F30000</MediaTimePoint>
</MediaTime>
</VideoSegment>
</TemporalDecomposition>
</VideoSegment>
<VideoSegment id="shot67_118">
<MediaTime>
<MediaTimePoint>T00:14:59:12956F30000</MediaTimePoint>
<MediaDuration>PT00H00M02S2062N30000F</MediaDuration>
</MediaTime>
<TemporalDecomposition>
<VideoSegment id="shot67_118_RKF">
<MediaTime>
<MediaTimePoint>T00:15:00:12986F30000</MediaTimePoint>
</MediaTime>
</VideoSegment>
</TemporalDecomposition>
</VideoSegment>
<VideoSegment id="shot67_119">
<MediaTime>
<MediaTimePoint>T00:15:01:15018F30000</MediaTimePoint>
<MediaDuration>PT00H00M10S300N30000F</MediaDuration>
</MediaTime>
<TemporalDecomposition>
<VideoSegment id="shot67_119_RKF">
<MediaTime>
<MediaTimePoint>T00:15:06:14167F30000</MediaTimePoint>
</MediaTime>
</VideoSegment>
</TemporalDecomposition>
</VideoSegment>
<VideoSegment id="shot67_120">
<MediaTime>
<MediaTimePoint>T00:15:11:15318F30000</MediaTimePoint>
<MediaDuration>PT00H00M04S2122N30000F</MediaDuration>
</MediaTime>
<TemporalDecomposition>
<VideoSegment id="shot67_120_NRKF_1">
<MediaTime>
<MediaTimePoint>T00:15:12:5338F30000</MediaTimePoint>
</MediaTime>
</VideoSegment>
<VideoSegment id="shot67_120_RKF">
<MediaTime>
<MediaTimePoint>T00:15:13:15378F30000</MediaTimePoint>
</MediaTime>
</VideoSegment>
<VideoSegment id="shot67_120_NRKF_2">
<MediaTime>
<MediaTimePoint>T00:15:14:6399F30000</MediaTimePoint>
</MediaTime>
</VideoSegment>
</TemporalDecomposition>
</VideoSegment>
<VideoSegment id="shot67_121">
<MediaTime>
<MediaTimePoint>T00:15:15:17440F30000</MediaTimePoint>
<MediaDuration>PT00H00M04S5125N30000F</MediaDuration>
</MediaTime>
<TemporalDecomposition>
<VideoSegment id="shot67_121_NRKF_1">
<MediaTime>
<MediaTimePoint>T00:15:16:7460F30000</MediaTimePoint>
</MediaTime>
</VideoSegment>
<VideoSegment id="shot67_121_RKF">
<MediaTime>
<MediaTimePoint>T00:15:17:19502F30000</MediaTimePoint>
</MediaTime>
</VideoSegment>
<VideoSegment id="shot67_121_NRKF_2">
<MediaTime>
<MediaTimePoint>T00:15:18:10523F30000</MediaTimePoint>
</MediaTime>
</VideoSegment>
</TemporalDecomposition>
</VideoSegment>
<VideoSegment id="shot67_122">
<MediaTime>
<MediaTimePoint>T00:15:19:22565F30000</MediaTimePoint>
<MediaDuration>PT00H00M02S2062N30000F</MediaDuration>
</MediaTime>
<TemporalDecomposition>
<VideoSegment id="shot67_122_NRKF_1">
<MediaTime>
<MediaTimePoint>T00:15:19:28571F30000</MediaTimePoint>
</MediaTime>
</VideoSegment>
<VideoSegment id="shot67_122_NRKF_2">
<MediaTime>
<MediaTimePoint>T00:15:20:6579F30000</MediaTimePoint>
</MediaTime>
</VideoSegment>
<VideoSegment id="shot67_122_NRKF_3">
<MediaTime>
<MediaTimePoint>T00:15:20:16589F30000</MediaTimePoint>
</MediaTime>
</VideoSegment>
<VideoSegment id="shot67_122_RKF">
<MediaTime>
<MediaTimePoint>T00:15:20:22595F30000</MediaTimePoint>
</MediaTime>
</VideoSegment>
<VideoSegment id="shot67_122_NRKF_4">
<MediaTime>
<MediaTimePoint>T00:15:20:26599F30000</MediaTimePoint>
</MediaTime>
</VideoSegment>
<VideoSegment id="shot67_122_NRKF_5">
<MediaTime>
<MediaTimePoint>T00:15:21:11614F30000</MediaTimePoint>
</MediaTime>
</VideoSegment>
</TemporalDecomposition>
</VideoSegment>
<VideoSegment id="shot67_123">
<MediaTime>
<MediaTimePoint>T00:15:21:24627F30000</MediaTimePoint>
<MediaDuration>PT00H00M04S2122N30000F</MediaDuration>
</MediaTime>
<TemporalDecomposition>
<VideoSegment id="shot67_123_NRKF_1">
<MediaTime>
<MediaTimePoint>T00:15:22:7640F30000</MediaTimePoint>
</MediaTime>
</VideoSegment>
<VideoSegment id="shot67_123_RKF">
<MediaTime>
<MediaTimePoint>T00:15:23:24687F30000</MediaTimePoint>
</MediaTime>
</VideoSegment>
<VideoSegment id="shot67_123_NRKF_2">
<MediaTime>
<MediaTimePoint>T00:15:24:8701F30000</MediaTimePoint>
</MediaTime>
</VideoSegment>
</TemporalDecomposition>
</VideoSegment>
<VideoSegment id="shot67_124">
<MediaTime>
<MediaTimePoint>T00:15:25:26749F30000</MediaTimePoint>
<MediaDuration>PT00H00M06S16196N30000F</MediaDuration>
</MediaTime>
<TemporalDecomposition>
<VideoSegment id="shot67_124_NRKF_1">
<MediaTime>
<MediaTimePoint>T00:15:25:29752F30000</MediaTimePoint>
</MediaTime>
</VideoSegment>
<VideoSegment id="shot67_124_NRKF_2">
<MediaTime>
<MediaTimePoint>T00:15:26:20773F30000</MediaTimePoint>
</MediaTime>
</VideoSegment>
<VideoSegment id="shot67_124_RKF">
<MediaTime>
<MediaTimePoint>T00:15:29:3846F30000</MediaTimePoint>
</MediaTime>
</VideoSegment>
<VideoSegment id="shot67_124_NRKF_3">
<MediaTime>
<MediaTimePoint>T00:15:29:24867F30000</MediaTimePoint>
</MediaTime>
</VideoSegment>
</TemporalDecomposition>
</VideoSegment>
<VideoSegment id="shot67_125">
<MediaTime>
<MediaTimePoint>T00:15:32:12945F30000</MediaTimePoint>
<MediaDuration>PT00H00M02S8068N30000F</MediaDuration>
</MediaTime>
<TemporalDecomposition>
<VideoSegment id="shot67_125_NRKF_1">
<MediaTime>
<MediaTimePoint>T00:15:32:23956F30000</MediaTimePoint>
</MediaTime>
</VideoSegment>
<VideoSegment id="shot67_125_NRKF_2">
<MediaTime>
<MediaTimePoint>T00:15:33:15978F30000</MediaTimePoint>
</MediaTime>
</VideoSegment>
<VideoSegment id="shot67_125_RKF">
<MediaTime>
<MediaTimePoint>T00:15:33:15978F30000</MediaTimePoint>
</MediaTime>
</VideoSegment>
<VideoSegment id="shot67_125_NRKF_3">
<MediaTime>
<MediaTimePoint>T00:15:34:8000F30000</MediaTimePoint>
</MediaTime>
</VideoSegment>
</TemporalDecomposition>
</VideoSegment>
<VideoSegment id="shot67_126">
<MediaTime>
<MediaTimePoint>T00:15:34:21013F30000</MediaTimePoint>
<MediaDuration>PT00H00M02S3063N30000F</MediaDuration>
</MediaTime>
<TemporalDecomposition>
<VideoSegment id="shot67_126_NRKF_1">
<MediaTime>
<MediaTimePoint>T00:15:35:4026F30000</MediaTimePoint>
</MediaTime>
</VideoSegment>
<VideoSegment id="shot67_126_RKF">
<MediaTime>
<MediaTimePoint>T00:15:35:22044F30000</MediaTimePoint>
</MediaTime>
</VideoSegment>
<VideoSegment id="shot67_126_NRKF_2">
<MediaTime>
<MediaTimePoint>T00:15:35:25047F30000</MediaTimePoint>
</MediaTime>
</VideoSegment>
<VideoSegment id="shot67_126_NRKF_3">
<MediaTime>
<MediaTimePoint>T00:15:36:13065F30000</MediaTimePoint>
</MediaTime>
</VideoSegment>
</TemporalDecomposition>
</VideoSegment>
<VideoSegment id="shot67_127">
<MediaTime>
<MediaTimePoint>T00:15:36:24076F30000</MediaTimePoint>
<MediaDuration>PT00H00M04S20140N30000F</MediaDuration>
</MediaTime>
<TemporalDecomposition>
<VideoSegment id="shot67_127_RKF">
<MediaTime>
<MediaTimePoint>T00:15:39:3145F30000</MediaTimePoint>
</MediaTime>
</VideoSegment>
</TemporalDecomposition>
</VideoSegment>
<VideoSegment id="shot67_128">
<MediaTime>
<MediaTimePoint>T00:15:41:14216F30000</MediaTimePoint>
<MediaDuration>PT00H00M03S90N30000F</MediaDuration>
</MediaTime>
<TemporalDecomposition>
<VideoSegment id="shot67_128_NRKF_1">
<MediaTime>
<MediaTimePoint>T00:15:42:7239F30000</MediaTimePoint>
</MediaTime>
</VideoSegment>
<VideoSegment id="shot67_128_RKF">
<MediaTime>
<MediaTimePoint>T00:15:42:28260F30000</MediaTimePoint>
</MediaTime>
</VideoSegment>
<VideoSegment id="shot67_128_NRKF_2">
<MediaTime>
<MediaTimePoint>T00:15:43:3265F30000</MediaTimePoint>
</MediaTime>
</VideoSegment>
<VideoSegment id="shot67_128_NRKF_3">
<MediaTime>
<MediaTimePoint>T00:15:43:24286F30000</MediaTimePoint>
</MediaTime>
</VideoSegment>
</TemporalDecomposition>
</VideoSegment>
<VideoSegment id="shot67_129">
<MediaTime>
<MediaTimePoint>T00:15:44:14306F30000</MediaTimePoint>
<MediaDuration>PT00H00M06S24204N30000F</MediaDuration>
</MediaTime>
<TemporalDecomposition>
<VideoSegment id="shot67_129_NRKF_1">
<MediaTime>
<MediaTimePoint>T00:15:44:17309F30000</MediaTimePoint>
</MediaTime>
</VideoSegment>
<VideoSegment id="shot67_129_NRKF_2">
<MediaTime>
<MediaTimePoint>T00:15:45:16338F30000</MediaTimePoint>
</MediaTime>
</VideoSegment>
<VideoSegment id="shot67_129_RKF">
<MediaTime>
<MediaTimePoint>T00:15:47:25407F30000</MediaTimePoint>
</MediaTime>
</VideoSegment>
<VideoSegment id="shot67_129_NRKF_3">
<MediaTime>
<MediaTimePoint>T00:15:48:24436F30000</MediaTimePoint>
</MediaTime>
</VideoSegment>
</TemporalDecomposition>
</VideoSegment>
<VideoSegment id="shot67_130">
<MediaTime>
<MediaTimePoint>T00:15:51:8510F30000</MediaTimePoint>
<MediaDuration>PT00H00M02S25085N30000F</MediaDuration>
</MediaTime>
<TemporalDecomposition>
<VideoSegment id="shot67_130_NRKF_1">
<MediaTime>
<MediaTimePoint>T00:15:52:4536F30000</MediaTimePoint>
</MediaTime>
</VideoSegment>
<VideoSegment id="shot67_130_RKF">
<MediaTime>
<MediaTimePoint>T00:15:52:20552F30000</MediaTimePoint>
</MediaTime>
</VideoSegment>
<VideoSegment id="shot67_130_NRKF_2">
<MediaTime>
<MediaTimePoint>T00:15:53:16578F30000</MediaTimePoint>
</MediaTime>
</VideoSegment>
</TemporalDecomposition>
</VideoSegment>
<VideoSegment id="shot67_131">
<MediaTime>
<MediaTimePoint>T00:15:54:3595F30000</MediaTimePoint>
<MediaDuration>PT00H00M02S3063N30000F</MediaDuration>
</MediaTime>
<TemporalDecomposition>
<VideoSegment id="shot67_131_RKF">
<MediaTime>
<MediaTimePoint>T00:15:55:4626F30000</MediaTimePoint>
</MediaTime>
</VideoSegment>
</TemporalDecomposition>
</VideoSegment>
<VideoSegment id="shot67_132">
<MediaTime>
<MediaTimePoint>T00:15:56:6658F30000</MediaTimePoint>
<MediaDuration>PT00H00M02S1061N30000F</MediaDuration>
</MediaTime>
<TemporalDecomposition>
<VideoSegment id="shot67_132_RKF">
<MediaTime>
<MediaTimePoint>T00:15:57:6688F30000</MediaTimePoint>
</MediaTime>
</VideoSegment>
</TemporalDecomposition>
</VideoSegment>
<VideoSegment id="shot67_133">
<MediaTime>
<MediaTimePoint>T00:15:58:7719F30000</MediaTimePoint>
<MediaDuration>PT00H00M03S25115N30000F</MediaDuration>
</MediaTime>
<TemporalDecomposition>
<VideoSegment id="shot67_133_RKF">
<MediaTime>
<MediaTimePoint>T00:16:00:4776F30000</MediaTimePoint>
</MediaTime>
</VideoSegment>
</TemporalDecomposition>
</VideoSegment>
<VideoSegment id="shot67_134">
<MediaTime>
<MediaTimePoint>T00:16:02:2834F30000</MediaTimePoint>
<MediaDuration>PT00H00M03S15105N30000F</MediaDuration>
</MediaTime>
<TemporalDecomposition>
<VideoSegment id="shot67_134_NRKF_1">
<MediaTime>
<MediaTimePoint>T00:16:02:17849F30000</MediaTimePoint>
</MediaTime>
</VideoSegment>
<VideoSegment id="shot67_134_NRKF_2">
<MediaTime>
<MediaTimePoint>T00:16:03:12874F30000</MediaTimePoint>
</MediaTime>
</VideoSegment>
<VideoSegment id="shot67_134_RKF">
<MediaTime>
<MediaTimePoint>T00:16:03:24886F30000</MediaTimePoint>
</MediaTime>
</VideoSegment>
<VideoSegment id="shot67_134_NRKF_3">
<MediaTime>
<MediaTimePoint>T00:16:04:18910F30000</MediaTimePoint>
</MediaTime>
</VideoSegment>
</TemporalDecomposition>
</VideoSegment>
<VideoSegment id="shot67_135">
<MediaTime>
<MediaTimePoint>T00:16:05:17939F30000</MediaTimePoint>
<MediaDuration>PT00H00M02S16076N30000F</MediaDuration>
</MediaTime>
<TemporalDecomposition>
<VideoSegment id="shot67_135_RKF">
<MediaTime>
<MediaTimePoint>T00:16:06:24976F30000</MediaTimePoint>
</MediaTime>
</VideoSegment>
</TemporalDecomposition>
</VideoSegment>
<VideoSegment id="shot67_136">
<MediaTime>
<MediaTimePoint>T00:16:08:4015F30000</MediaTimePoint>
<MediaDuration>PT00H00M03S5095N30000F</MediaDuration>
</MediaTime>
<TemporalDecomposition>
<VideoSegment id="shot67_136_RKF">
<MediaTime>
<MediaTimePoint>T00:16:09:21062F30000</MediaTimePoint>
</MediaTime>
</VideoSegment>
</TemporalDecomposition>
</VideoSegment>
<VideoSegment id="shot67_137">
<MediaTime>
<MediaTimePoint>T00:16:11:9110F30000</MediaTimePoint>
<MediaDuration>PT00H00M02S16076N30000F</MediaDuration>
</MediaTime>
<TemporalDecomposition>
<VideoSegment id="shot67_137_RKF">
<MediaTime>
<MediaTimePoint>T00:16:12:16147F30000</MediaTimePoint>
</MediaTime>
</VideoSegment>
</TemporalDecomposition>
</VideoSegment>
<VideoSegment id="shot67_138">
<MediaTime>
<MediaTimePoint>T00:16:13:25186F30000</MediaTimePoint>
<MediaDuration>PT00H00M03S3093N30000F</MediaDuration>
</MediaTime>
<TemporalDecomposition>
<VideoSegment id="shot67_138_NRKF_1">
<MediaTime>
<MediaTimePoint>T00:16:13:28189F30000</MediaTimePoint>
</MediaTime>
</VideoSegment>
<VideoSegment id="shot67_138_NRKF_2">
<MediaTime>
<MediaTimePoint>T00:16:14:15206F30000</MediaTimePoint>
</MediaTime>
</VideoSegment>
<VideoSegment id="shot67_138_NRKF_3">
<MediaTime>
<MediaTimePoint>T00:16:15:11232F30000</MediaTimePoint>
</MediaTime>
</VideoSegment>
<VideoSegment id="shot67_138_RKF">
<MediaTime>
<MediaTimePoint>T00:16:15:11232F30000</MediaTimePoint>
</MediaTime>
</VideoSegment>
<VideoSegment id="shot67_138_NRKF_4">
<MediaTime>
<MediaTimePoint>T00:16:16:11262F30000</MediaTimePoint>
</MediaTime>
</VideoSegment>
</TemporalDecomposition>
</VideoSegment>
<VideoSegment id="shot67_139">
<MediaTime>
<MediaTimePoint>T00:16:16:28279F30000</MediaTimePoint>
<MediaDuration>PT00H00M03S1091N30000F</MediaDuration>
</MediaTime>
<TemporalDecomposition>
<VideoSegment id="shot67_139_NRKF_1">
<MediaTime>
<MediaTimePoint>T00:16:17:15296F30000</MediaTimePoint>
</MediaTime>
</VideoSegment>
<VideoSegment id="shot67_139_RKF">
<MediaTime>
<MediaTimePoint>T00:16:18:13324F30000</MediaTimePoint>
</MediaTime>
</VideoSegment>
<VideoSegment id="shot67_139_NRKF_2">
<MediaTime>
<MediaTimePoint>T00:16:18:14325F30000</MediaTimePoint>
</MediaTime>
</VideoSegment>
<VideoSegment id="shot67_139_NRKF_3">
<MediaTime>
<MediaTimePoint>T00:16:19:12353F30000</MediaTimePoint>
</MediaTime>
</VideoSegment>
</TemporalDecomposition>
</VideoSegment>
<VideoSegment id="shot67_140">
<MediaTime>
<MediaTimePoint>T00:16:19:29370F30000</MediaTimePoint>
<MediaDuration>PT00H00M02S9069N30000F</MediaDuration>
</MediaTime>
<TemporalDecomposition>
<VideoSegment id="shot67_140_NRKF_1">
<MediaTime>
<MediaTimePoint>T00:16:20:15386F30000</MediaTimePoint>
</MediaTime>
</VideoSegment>
<VideoSegment id="shot67_140_RKF">
<MediaTime>
<MediaTimePoint>T00:16:21:3404F30000</MediaTimePoint>
</MediaTime>
</VideoSegment>
<VideoSegment id="shot67_140_NRKF_2">
<MediaTime>
<MediaTimePoint>T00:16:21:19420F30000</MediaTimePoint>
</MediaTime>
</VideoSegment>
</TemporalDecomposition>
</VideoSegment>
<VideoSegment id="shot67_141">
<MediaTime>
<MediaTimePoint>T00:16:22:8439F30000</MediaTimePoint>
<MediaDuration>PT00H00M02S1061N30000F</MediaDuration>
</MediaTime>
<TemporalDecomposition>
<VideoSegment id="shot67_141_NRKF_1">
<MediaTime>
<MediaTimePoint>T00:16:22:14445F30000</MediaTimePoint>
</MediaTime>
</VideoSegment>
<VideoSegment id="shot67_141_NRKF_2">
<MediaTime>
<MediaTimePoint>T00:16:23:1462F30000</MediaTimePoint>
</MediaTime>
</VideoSegment>
<VideoSegment id="shot67_141_RKF">
<MediaTime>
<MediaTimePoint>T00:16:23:8469F30000</MediaTimePoint>
</MediaTime>
</VideoSegment>
<VideoSegment id="shot67_141_NRKF_3">
<MediaTime>
<MediaTimePoint>T00:16:23:24485F30000</MediaTimePoint>
</MediaTime>
</VideoSegment>
</TemporalDecomposition>
</VideoSegment>
<VideoSegment id="shot67_142">
<MediaTime>
<MediaTimePoint>T00:16:24:9500F30000</MediaTimePoint>
<MediaDuration>PT00H00M02S15075N30000F</MediaDuration>
</MediaTime>
<TemporalDecomposition>
<VideoSegment id="shot67_142_NRKF_1">
<MediaTime>
<MediaTimePoint>T00:16:24:21512F30000</MediaTimePoint>
</MediaTime>
</VideoSegment>
<VideoSegment id="shot67_142_NRKF_2">
<MediaTime>
<MediaTimePoint>T00:16:25:16537F30000</MediaTimePoint>
</MediaTime>
</VideoSegment>
<VideoSegment id="shot67_142_RKF">
<MediaTime>
<MediaTimePoint>T00:16:25:16537F30000</MediaTimePoint>
</MediaTime>
</VideoSegment>
<VideoSegment id="shot67_142_NRKF_3">
<MediaTime>
<MediaTimePoint>T00:16:26:10561F30000</MediaTimePoint>
</MediaTime>
</VideoSegment>
</TemporalDecomposition>
</VideoSegment>
<VideoSegment id="shot67_143">
<MediaTime>
<MediaTimePoint>T00:16:26:24575F30000</MediaTimePoint>
<MediaDuration>PT00H00M02S11071N30000F</MediaDuration>
</MediaTime>
<TemporalDecomposition>
<VideoSegment id="shot67_143_NRKF_1">
<MediaTime>
<MediaTimePoint>T00:16:27:10591F30000</MediaTimePoint>
</MediaTime>
</VideoSegment>
<VideoSegment id="shot67_143_RKF">
<MediaTime>
<MediaTimePoint>T00:16:27:29610F30000</MediaTimePoint>
</MediaTime>
</VideoSegment>
<VideoSegment id="shot67_143_NRKF_2">
<MediaTime>
<MediaTimePoint>T00:16:28:15626F30000</MediaTimePoint>
</MediaTime>
</VideoSegment>
</TemporalDecomposition>
</VideoSegment>
<VideoSegment id="shot67_144">
<MediaTime>
<MediaTimePoint>T00:16:29:5646F30000</MediaTimePoint>
<MediaDuration>PT00H00M02S2062N30000F</MediaDuration>
</MediaTime>
<TemporalDecomposition>
<VideoSegment id="shot67_144_NRKF_1">
<MediaTime>
<MediaTimePoint>T00:16:29:18659F30000</MediaTimePoint>
</MediaTime>
</VideoSegment>
<VideoSegment id="shot67_144_RKF">
<MediaTime>
<MediaTimePoint>T00:16:30:5676F30000</MediaTimePoint>
</MediaTime>
</VideoSegment>
<VideoSegment id="shot67_144_NRKF_2">
<MediaTime>
<MediaTimePoint>T00:16:30:19690F30000</MediaTimePoint>
</MediaTime>
</VideoSegment>
</TemporalDecomposition>
</VideoSegment>
<VideoSegment id="shot67_145">
<MediaTime>
<MediaTimePoint>T00:16:31:7708F30000</MediaTimePoint>
<MediaDuration>PT00H00M02S3063N30000F</MediaDuration>
</MediaTime>
<TemporalDecomposition>
<VideoSegment id="shot67_145_NRKF_1">
<MediaTime>
<MediaTimePoint>T00:16:31:22723F30000</MediaTimePoint>
</MediaTime>
</VideoSegment>
<VideoSegment id="shot67_145_RKF">
<MediaTime>
<MediaTimePoint>T00:16:32:8739F30000</MediaTimePoint>
</MediaTime>
</VideoSegment>
<VideoSegment id="shot67_145_NRKF_2">
<MediaTime>
<MediaTimePoint>T00:16:32:23754F30000</MediaTimePoint>
</MediaTime>
</VideoSegment>
</TemporalDecomposition>
</VideoSegment>
<VideoSegment id="shot67_146">
<MediaTime>
<MediaTimePoint>T00:16:33:10771F30000</MediaTimePoint>
<MediaDuration>PT00H00M02S6066N30000F</MediaDuration>
</MediaTime>
<TemporalDecomposition>
<VideoSegment id="shot67_146_NRKF_1">
<MediaTime>
<MediaTimePoint>T00:16:33:23784F30000</MediaTimePoint>
</MediaTime>
</VideoSegment>
<VideoSegment id="shot67_146_RKF">
<MediaTime>
<MediaTimePoint>T00:16:34:12803F30000</MediaTimePoint>
</MediaTime>
</VideoSegment>
<VideoSegment id="shot67_146_NRKF_2">
<MediaTime>
<MediaTimePoint>T00:16:34:26817F30000</MediaTimePoint>
</MediaTime>
</VideoSegment>
</TemporalDecomposition>
</VideoSegment>
<VideoSegment id="shot67_147">
<MediaTime>
<MediaTimePoint>T00:16:35:16837F30000</MediaTimePoint>
<MediaDuration>PT00H00M03S5095N30000F</MediaDuration>
</MediaTime>
<TemporalDecomposition>
<VideoSegment id="shot67_147_NRKF_1">
<MediaTime>
<MediaTimePoint>T00:16:35:29850F30000</MediaTimePoint>
</MediaTime>
</VideoSegment>
<VideoSegment id="shot67_147_NRKF_2">
<MediaTime>
<MediaTimePoint>T00:16:36:27878F30000</MediaTimePoint>
</MediaTime>
</VideoSegment>
<VideoSegment id="shot67_147_RKF">
<MediaTime>
<MediaTimePoint>T00:16:37:3884F30000</MediaTimePoint>
</MediaTime>
</VideoSegment>
<VideoSegment id="shot67_147_NRKF_3">
<MediaTime>
<MediaTimePoint>T00:16:38:1912F30000</MediaTimePoint>
</MediaTime>
</VideoSegment>
</TemporalDecomposition>
</VideoSegment>
<VideoSegment id="shot67_148">
<MediaTime>
<MediaTimePoint>T00:16:38:21932F30000</MediaTimePoint>
<MediaDuration>PT00H00M02S5065N30000F</MediaDuration>
</MediaTime>
<TemporalDecomposition>
<VideoSegment id="shot67_148_NRKF_1">
<MediaTime>
<MediaTimePoint>T00:16:39:10951F30000</MediaTimePoint>
</MediaTime>
</VideoSegment>
<VideoSegment id="shot67_148_RKF">
<MediaTime>
<MediaTimePoint>T00:16:39:23964F30000</MediaTimePoint>
</MediaTime>
</VideoSegment>
<VideoSegment id="shot67_148_NRKF_2">
<MediaTime>
<MediaTimePoint>T00:16:40:12983F30000</MediaTimePoint>
</MediaTime>
</VideoSegment>
</TemporalDecomposition>
</VideoSegment>
<VideoSegment id="shot67_149">
<MediaTime>
<MediaTimePoint>T00:16:40:26997F30000</MediaTimePoint>
<MediaDuration>PT00H00M02S23083N30000F</MediaDuration>
</MediaTime>
<TemporalDecomposition>
<VideoSegment id="shot67_149_NRKF_1">
<MediaTime>
<MediaTimePoint>T00:16:41:9009F30000</MediaTimePoint>
</MediaTime>
</VideoSegment>
<VideoSegment id="shot67_149_RKF">
<MediaTime>
<MediaTimePoint>T00:16:42:8038F30000</MediaTimePoint>
</MediaTime>
</VideoSegment>
<VideoSegment id="shot67_149_NRKF_2">
<MediaTime>
<MediaTimePoint>T00:16:42:20050F30000</MediaTimePoint>
</MediaTime>
</VideoSegment>
</TemporalDecomposition>
</VideoSegment>
<VideoSegment id="shot67_150">
<MediaTime>
<MediaTimePoint>T00:16:43:20080F30000</MediaTimePoint>
<MediaDuration>PT00H00M03S24114N30000F</MediaDuration>
</MediaTime>
<TemporalDecomposition>
<VideoSegment id="shot67_150_RKF">
<MediaTime>
<MediaTimePoint>T00:16:45:16136F30000</MediaTimePoint>
</MediaTime>
</VideoSegment>
</TemporalDecomposition>
</VideoSegment>
<VideoSegment id="shot67_151">
<MediaTime>
<MediaTimePoint>T00:16:47:14194F30000</MediaTimePoint>
<MediaDuration>PT00H00M02S6066N30000F</MediaDuration>
</MediaTime>
<TemporalDecomposition>
<VideoSegment id="shot67_151_RKF">
<MediaTime>
<MediaTimePoint>T00:16:48:16226F30000</MediaTimePoint>
</MediaTime>
</VideoSegment>
</TemporalDecomposition>
</VideoSegment>
<VideoSegment id="shot67_152">
<MediaTime>
<MediaTimePoint>T00:16:49:20260F30000</MediaTimePoint>
<MediaDuration>PT00H00M06S7187N30000F</MediaDuration>
</MediaTime>
<TemporalDecomposition>
<VideoSegment id="shot67_152_NRKF_1">
<MediaTime>
<MediaTimePoint>T00:16:50:15285F30000</MediaTimePoint>
</MediaTime>
</VideoSegment>
<VideoSegment id="shot67_152_RKF">
<MediaTime>
<MediaTimePoint>T00:16:52:23353F30000</MediaTimePoint>
</MediaTime>
</VideoSegment>
<VideoSegment id="shot67_152_NRKF_2">
<MediaTime>
<MediaTimePoint>T00:16:53:19379F30000</MediaTimePoint>
</MediaTime>
</VideoSegment>
</TemporalDecomposition>
</VideoSegment>
<VideoSegment id="shot67_153">
<MediaTime>
<MediaTimePoint>T00:16:55:27447F30000</MediaTimePoint>
<MediaDuration>PT00H00M02S13073N30000F</MediaDuration>
</MediaTime>
<TemporalDecomposition>
<VideoSegment id="shot67_153_RKF">
<MediaTime>
<MediaTimePoint>T00:16:57:3483F30000</MediaTimePoint>
</MediaTime>
</VideoSegment>
</TemporalDecomposition>
</VideoSegment>
<VideoSegment id="shot67_154">
<MediaTime>
<MediaTimePoint>T00:16:58:10520F30000</MediaTimePoint>
<MediaDuration>PT00H00M11S25355N30000F</MediaDuration>
</MediaTime>
<TemporalDecomposition>
<VideoSegment id="shot67_154_RKF">
<MediaTime>
<MediaTimePoint>T00:17:04:7697F30000</MediaTimePoint>
</MediaTime>
</VideoSegment>
</TemporalDecomposition>
</VideoSegment>
<VideoSegment id="shot67_155">
<MediaTime>
<MediaTimePoint>T00:17:10:5875F30000</MediaTimePoint>
<MediaDuration>PT00H00M06S3183N30000F</MediaDuration>
</MediaTime>
<TemporalDecomposition>
<VideoSegment id="shot67_155_RKF">
<MediaTime>
<MediaTimePoint>T00:17:13:6966F30000</MediaTimePoint>
</MediaTime>
</VideoSegment>
</TemporalDecomposition>
</VideoSegment>
<VideoSegment id="shot67_156">
<MediaTime>
<MediaTimePoint>T00:17:16:9058F30000</MediaTimePoint>
<MediaDuration>PT00H00M05S5155N30000F</MediaDuration>
</MediaTime>
<TemporalDecomposition>
<VideoSegment id="shot67_156_RKF">
<MediaTime>
<MediaTimePoint>T00:17:18:26135F30000</MediaTimePoint>
</MediaTime>
</VideoSegment>
</TemporalDecomposition>
</VideoSegment>
<VideoSegment id="shot67_157">
<MediaTime>
<MediaTimePoint>T00:17:21:14213F30000</MediaTimePoint>
<MediaDuration>PT00H00M02S4064N30000F</MediaDuration>
</MediaTime>
<TemporalDecomposition>
<VideoSegment id="shot67_157_RKF">
<MediaTime>
<MediaTimePoint>T00:17:22:15244F30000</MediaTimePoint>
</MediaTime>
</VideoSegment>
</TemporalDecomposition>
</VideoSegment>
<VideoSegment id="shot67_158">
<MediaTime>
<MediaTimePoint>T00:17:23:18277F30000</MediaTimePoint>
<MediaDuration>PT00H00M07S10220N30000F</MediaDuration>
</MediaTime>
<TemporalDecomposition>
<VideoSegment id="shot67_158_RKF">
<MediaTime>
<MediaTimePoint>T00:17:27:7386F30000</MediaTimePoint>
</MediaTime>
</VideoSegment>
</TemporalDecomposition>
</VideoSegment>
<VideoSegment id="shot67_159">
<MediaTime>
<MediaTimePoint>T00:17:30:28497F30000</MediaTimePoint>
<MediaDuration>PT00H00M06S9189N30000F</MediaDuration>
</MediaTime>
<TemporalDecomposition>
<VideoSegment id="shot67_159_RKF">
<MediaTime>
<MediaTimePoint>T00:17:34:2591F30000</MediaTimePoint>
</MediaTime>
</VideoSegment>
</TemporalDecomposition>
</VideoSegment>
<VideoSegment id="shot67_160">
<MediaTime>
<MediaTimePoint>T00:17:37:7686F30000</MediaTimePoint>
<MediaDuration>PT00H00M03S90N30000F</MediaDuration>
</MediaTime>
<TemporalDecomposition>
<VideoSegment id="shot67_160_RKF">
<MediaTime>
<MediaTimePoint>T00:17:38:21730F30000</MediaTimePoint>
</MediaTime>
</VideoSegment>
</TemporalDecomposition>
</VideoSegment>
<VideoSegment id="shot67_161">
<MediaTime>
<MediaTimePoint>T00:17:40:7776F30000</MediaTimePoint>
<MediaDuration>PT00H00M04S17137N30000F</MediaDuration>
</MediaTime>
<TemporalDecomposition>
<VideoSegment id="shot67_161_NRKF_1">
<MediaTime>
<MediaTimePoint>T00:17:41:4803F30000</MediaTimePoint>
</MediaTime>
</VideoSegment>
<VideoSegment id="shot67_161_RKF">
<MediaTime>
<MediaTimePoint>T00:17:42:15844F30000</MediaTimePoint>
</MediaTime>
</VideoSegment>
<VideoSegment id="shot67_161_NRKF_2">
<MediaTime>
<MediaTimePoint>T00:17:43:12871F30000</MediaTimePoint>
</MediaTime>
</VideoSegment>
</TemporalDecomposition>
</VideoSegment>
<VideoSegment id="shot67_162">
<MediaTime>
<MediaTimePoint>T00:17:44:24913F30000</MediaTimePoint>
<MediaDuration>PT00H00M02S21081N30000F</MediaDuration>
</MediaTime>
<TemporalDecomposition>
<VideoSegment id="shot67_162_RKF">
<MediaTime>
<MediaTimePoint>T00:17:46:4953F30000</MediaTimePoint>
</MediaTime>
</VideoSegment>
</TemporalDecomposition>
</VideoSegment>
<VideoSegment id="shot67_163">
<MediaTime>
<MediaTimePoint>T00:17:47:15994F30000</MediaTimePoint>
<MediaDuration>PT00H00M02S5065N30000F</MediaDuration>
</MediaTime>
<TemporalDecomposition>
<VideoSegment id="shot67_163_RKF">
<MediaTime>
<MediaTimePoint>T00:17:48:18026F30000</MediaTimePoint>
</MediaTime>
</VideoSegment>
</TemporalDecomposition>
</VideoSegment>
<VideoSegment id="shot67_164">
<MediaTime>
<MediaTimePoint>T00:17:49:21059F30000</MediaTimePoint>
<MediaDuration>PT00H00M02S23083N30000F</MediaDuration>
</MediaTime>
<TemporalDecomposition>
<VideoSegment id="shot67_164_RKF">
<MediaTime>
<MediaTimePoint>T00:17:51:2100F30000</MediaTimePoint>
</MediaTime>
</VideoSegment>
</TemporalDecomposition>
</VideoSegment>
<VideoSegment id="shot67_165">
<MediaTime>
<MediaTimePoint>T00:17:52:14142F30000</MediaTimePoint>
<MediaDuration>PT00H00M04S10130N30000F</MediaDuration>
</MediaTime>
<TemporalDecomposition>
<VideoSegment id="shot67_165_RKF">
<MediaTime>
<MediaTimePoint>T00:17:54:18206F30000</MediaTimePoint>
</MediaTime>
</VideoSegment>
</TemporalDecomposition>
</VideoSegment>
<VideoSegment id="shot67_166">
<MediaTime>
<MediaTimePoint>T00:17:56:24272F30000</MediaTimePoint>
<MediaDuration>PT00H00M02S8068N30000F</MediaDuration>
</MediaTime>
<TemporalDecomposition>
<VideoSegment id="shot67_166_RKF">
<MediaTime>
<MediaTimePoint>T00:17:57:27305F30000</MediaTimePoint>
</MediaTime>
</VideoSegment>
</TemporalDecomposition>
</VideoSegment>
<VideoSegment id="shot67_167">
<MediaTime>
<MediaTimePoint>T00:17:59:2340F30000</MediaTimePoint>
<MediaDuration>PT00H00M04S29149N30000F</MediaDuration>
</MediaTime>
<TemporalDecomposition>
<VideoSegment id="shot67_167_RKF">
<MediaTime>
<MediaTimePoint>T00:18:01:16414F30000</MediaTimePoint>
</MediaTime>
</VideoSegment>
</TemporalDecomposition>
</VideoSegment>
<VideoSegment id="shot67_168">
<MediaTime>
<MediaTimePoint>T00:18:04:1489F30000</MediaTimePoint>
<MediaDuration>PT00H00M04S120N30000F</MediaDuration>
</MediaTime>
<TemporalDecomposition>
<VideoSegment id="shot67_168_RKF">
<MediaTime>
<MediaTimePoint>T00:18:06:548F30000</MediaTimePoint>
</MediaTime>
</VideoSegment>
</TemporalDecomposition>
</VideoSegment>
<VideoSegment id="shot67_169">
<MediaTime>
<MediaTimePoint>T00:18:08:1609F30000</MediaTimePoint>
<MediaDuration>PT00H00M02S7067N30000F</MediaDuration>
</MediaTime>
<TemporalDecomposition>
<VideoSegment id="shot67_169_RKF">
<MediaTime>
<MediaTimePoint>T00:18:09:4642F30000</MediaTimePoint>
</MediaTime>
</VideoSegment>
</TemporalDecomposition>
</VideoSegment>
<VideoSegment id="shot67_170">
<MediaTime>
<MediaTimePoint>T00:18:10:8676F30000</MediaTimePoint>
<MediaDuration>PT00H00M18S26566N30000F</MediaDuration>
</MediaTime>
<TemporalDecomposition>
<VideoSegment id="shot67_170_RKF">
<MediaTime>
<MediaTimePoint>T00:18:19:20958F30000</MediaTimePoint>
</MediaTime>
</VideoSegment>
</TemporalDecomposition>
</VideoSegment>
<VideoSegment id="shot67_171">
<MediaTime>
<MediaTimePoint>T00:18:29:5242F30000</MediaTimePoint>
<MediaDuration>PT00H00M06S18198N30000F</MediaDuration>
</MediaTime>
<TemporalDecomposition>
<VideoSegment id="shot67_171_RKF">
<MediaTime>
<MediaTimePoint>T00:18:32:13340F30000</MediaTimePoint>
</MediaTime>
</VideoSegment>
</TemporalDecomposition>
</VideoSegment>
<VideoSegment id="shot67_172">
<MediaTime>
<MediaTimePoint>T00:18:35:23440F30000</MediaTimePoint>
<MediaDuration>PT00H00M07S210N30000F</MediaDuration>
</MediaTime>
<TemporalDecomposition>
<VideoSegment id="shot67_172_RKF">
<MediaTime>
<MediaTimePoint>T00:18:39:7544F30000</MediaTimePoint>
</MediaTime>
</VideoSegment>
</TemporalDecomposition>
</VideoSegment>
<VideoSegment id="shot67_173">
<MediaTime>
<MediaTimePoint>T00:18:42:23650F30000</MediaTimePoint>
<MediaDuration>PT00H00M06S6186N30000F</MediaDuration>
</MediaTime>
<TemporalDecomposition>
<VideoSegment id="shot67_173_RKF">
<MediaTime>
<MediaTimePoint>T00:18:45:25742F30000</MediaTimePoint>
</MediaTime>
</VideoSegment>
</TemporalDecomposition>
</VideoSegment>
<VideoSegment id="shot67_174">
<MediaTime>
<MediaTimePoint>T00:18:48:29836F30000</MediaTimePoint>
<MediaDuration>PT00H00M05S25175N30000F</MediaDuration>
</MediaTime>
<TemporalDecomposition>
<VideoSegment id="shot67_174_RKF">
<MediaTime>
<MediaTimePoint>T00:18:51:26923F30000</MediaTimePoint>
</MediaTime>
</VideoSegment>
</TemporalDecomposition>
</VideoSegment>
<VideoSegment id="shot67_175">
<MediaTime>
<MediaTimePoint>T00:18:54:25011F30000</MediaTimePoint>
<MediaDuration>PT00H00M04S6126N30000F</MediaDuration>
</MediaTime>
<TemporalDecomposition>
<VideoSegment id="shot67_175_RKF">
<MediaTime>
<MediaTimePoint>T00:18:56:27073F30000</MediaTimePoint>
</MediaTime>
</VideoSegment>
</TemporalDecomposition>
</VideoSegment>
<VideoSegment id="shot67_176">
<MediaTime>
<MediaTimePoint>T00:18:59:1137F30000</MediaTimePoint>
<MediaDuration>PT00H00M05S4154N30000F</MediaDuration>
</MediaTime>
<TemporalDecomposition>
<VideoSegment id="shot67_176_RKF">
<MediaTime>
<MediaTimePoint>T00:19:01:17213F30000</MediaTimePoint>
</MediaTime>
</VideoSegment>
</TemporalDecomposition>
</VideoSegment>
<VideoSegment id="shot67_177">
<MediaTime>
<MediaTimePoint>T00:19:04:5291F30000</MediaTimePoint>
<MediaDuration>PT00H00M03S29119N30000F</MediaDuration>
</MediaTime>
<TemporalDecomposition>
<VideoSegment id="shot67_177_RKF">
<MediaTime>
<MediaTimePoint>T00:19:06:4350F30000</MediaTimePoint>
</MediaTime>
</VideoSegment>
</TemporalDecomposition>
</VideoSegment>
<VideoSegment id="shot67_178">
<MediaTime>
<MediaTimePoint>T00:19:08:4410F30000</MediaTimePoint>
<MediaDuration>PT00H00M21S8638N30000F</MediaDuration>
</MediaTime>
<TemporalDecomposition>
<VideoSegment id="shot67_178_RKF">
<MediaTime>
<MediaTimePoint>T00:19:18:22728F30000</MediaTimePoint>
</MediaTime>
</VideoSegment>
</TemporalDecomposition>
</VideoSegment>
<VideoSegment id="shot67_179">
<MediaTime>
<MediaTimePoint>T00:19:29:13048F30000</MediaTimePoint>
<MediaDuration>PT00H00M04S26146N30000F</MediaDuration>
</MediaTime>
<TemporalDecomposition>
<VideoSegment id="shot67_179_RKF">
<MediaTime>
<MediaTimePoint>T00:19:31:25120F30000</MediaTimePoint>
</MediaTime>
</VideoSegment>
</TemporalDecomposition>
</VideoSegment>
<VideoSegment id="shot67_180">
<MediaTime>
<MediaTimePoint>T00:19:34:9194F30000</MediaTimePoint>
<MediaDuration>PT00H00M32S21981N30000F</MediaDuration>
</MediaTime>
<TemporalDecomposition>
<VideoSegment id="shot67_180_RKF">
<MediaTime>
<MediaTimePoint>T00:19:50:19684F30000</MediaTimePoint>
</MediaTime>
</VideoSegment>
</TemporalDecomposition>
</VideoSegment>
<VideoSegment id="shot67_181">
<MediaTime>
<MediaTimePoint>T00:20:07:1175F30000</MediaTimePoint>
<MediaDuration>PT00H00M36S9088N30000F</MediaDuration>
</MediaTime>
<TemporalDecomposition>
<VideoSegment id="shot67_181_RKF">
<MediaTime>
<MediaTimePoint>T00:20:25:4718F30000</MediaTimePoint>
</MediaTime>
</VideoSegment>
</TemporalDecomposition>
</VideoSegment>
<VideoSegment id="shot67_182">
<MediaTime>
<MediaTimePoint>T00:20:43:10263F30000</MediaTimePoint>
<MediaDuration>PT00H00M11S17347N30000F</MediaDuration>
</MediaTime>
<TemporalDecomposition>
<VideoSegment id="shot67_182_RKF">
<MediaTime>
<MediaTimePoint>T00:20:49:3436F30000</MediaTimePoint>
</MediaTime>
</VideoSegment>
</TemporalDecomposition>
</VideoSegment>
<VideoSegment id="shot67_183">
<MediaTime>
<MediaTimePoint>T00:20:54:27610F30000</MediaTimePoint>
<MediaDuration>PT00H00M12S24384N30000F</MediaDuration>
</MediaTime>
<TemporalDecomposition>
<VideoSegment id="shot67_183_NRKF_1">
<MediaTime>
<MediaTimePoint>T00:20:55:2615F30000</MediaTimePoint>
</MediaTime>
</VideoSegment>
<VideoSegment id="shot67_183_RKF">
<MediaTime>
<MediaTimePoint>T00:21:01:8801F30000</MediaTimePoint>
</MediaTime>
</VideoSegment>
<VideoSegment id="shot67_183_NRKF_2">
<MediaTime>
<MediaTimePoint>T00:21:01:14807F30000</MediaTimePoint>
</MediaTime>
</VideoSegment>
</TemporalDecomposition>
</VideoSegment>
<VideoSegment id="shot67_184">
<MediaTime>
<MediaTimePoint>T00:21:07:21994F30000</MediaTimePoint>
<MediaDuration>PT00H00M07S9219N30000F</MediaDuration>
</MediaTime>
<TemporalDecomposition>
<VideoSegment id="shot67_184_RKF">
<MediaTime>
<MediaTimePoint>T00:21:11:11103F30000</MediaTimePoint>
</MediaTime>
</VideoSegment>
</TemporalDecomposition>
</VideoSegment>
<VideoSegment id="shot67_185">
<MediaTime>
<MediaTimePoint>T00:21:15:1213F30000</MediaTimePoint>
<MediaDuration>PT00H00M02S1061N30000F</MediaDuration>
</MediaTime>
<TemporalDecomposition>
<VideoSegment id="shot67_185_RKF">
<MediaTime>
<MediaTimePoint>T00:21:16:1243F30000</MediaTimePoint>
</MediaTime>
</VideoSegment>
</TemporalDecomposition>
</VideoSegment>
<VideoSegment id="shot67_186">
<MediaTime>
<MediaTimePoint>T00:21:17:2274F30000</MediaTimePoint>
<MediaDuration>PT00H00M24S11731N30000F</MediaDuration>
</MediaTime>
<TemporalDecomposition>
<VideoSegment id="shot67_186_RKF">
<MediaTime>
<MediaTimePoint>T00:21:29:7639F30000</MediaTimePoint>
</MediaTime>
</VideoSegment>
</TemporalDecomposition>
</VideoSegment>
<VideoSegment id="shot67_187">
<MediaTime>
<MediaTimePoint>T00:21:41:14005F30000</MediaTimePoint>
<MediaDuration>PT00H00M04S17137N30000F</MediaDuration>
</MediaTime>
<TemporalDecomposition>
<VideoSegment id="shot67_187_RKF">
<MediaTime>
<MediaTimePoint>T00:21:43:22073F30000</MediaTimePoint>
</MediaTime>
</VideoSegment>
</TemporalDecomposition>
</VideoSegment>
<VideoSegment id="shot67_188">
<MediaTime>
<MediaTimePoint>T00:21:46:1142F30000</MediaTimePoint>
<MediaDuration>PT00H00M29S12882N30000F</MediaDuration>
</MediaTime>
<TemporalDecomposition>
<VideoSegment id="shot67_188_RKF">
<MediaTime>
<MediaTimePoint>T00:22:00:21582F30000</MediaTimePoint>
</MediaTime>
</VideoSegment>
</TemporalDecomposition>
</VideoSegment>
<VideoSegment id="shot67_189">
<MediaTime>
<MediaTimePoint>T00:22:15:14024F30000</MediaTimePoint>
<MediaDuration>PT00H00M05S2152N30000F</MediaDuration>
</MediaTime>
<TemporalDecomposition>
<VideoSegment id="shot67_189_RKF">
<MediaTime>
<MediaTimePoint>T00:22:17:29099F30000</MediaTimePoint>
</MediaTime>
</VideoSegment>
</TemporalDecomposition>
</VideoSegment>
<VideoSegment id="shot67_190">
<MediaTime>
<MediaTimePoint>T00:22:20:16176F30000</MediaTimePoint>
<MediaDuration>PT00H00M09S6276N30000F</MediaDuration>
</MediaTime>
<TemporalDecomposition>
<VideoSegment id="shot67_190_RKF">
<MediaTime>
<MediaTimePoint>T00:22:25:3313F30000</MediaTimePoint>
</MediaTime>
</VideoSegment>
</TemporalDecomposition>
</VideoSegment>
<VideoSegment id="shot67_191">
<MediaTime>
<MediaTimePoint>T00:22:29:22452F30000</MediaTimePoint>
<MediaDuration>PT00H00M12S26386N30000F</MediaDuration>
</MediaTime>
<TemporalDecomposition>
<VideoSegment id="shot67_191_RKF">
<MediaTime>
<MediaTimePoint>T00:22:36:4644F30000</MediaTimePoint>
</MediaTime>
</VideoSegment>
</TemporalDecomposition>
</VideoSegment>
<VideoSegment id="shot67_192">
<MediaTime>
<MediaTimePoint>T00:22:42:18838F30000</MediaTimePoint>
<MediaDuration>PT00H00M35S11060N30000F</MediaDuration>
</MediaTime>
<TemporalDecomposition>
<VideoSegment id="shot67_192_RKF">
<MediaTime>
<MediaTimePoint>T00:23:00:8367F30000</MediaTimePoint>
</MediaTime>
</VideoSegment>
</TemporalDecomposition>
</VideoSegment>
<VideoSegment id="shot67_193">
<MediaTime>
<MediaTimePoint>T00:23:17:29898F30000</MediaTimePoint>
<MediaDuration>PT00H00M28S11851N30000F</MediaDuration>
</MediaTime>
<TemporalDecomposition>
<VideoSegment id="shot67_193_RKF">
<MediaTime>
<MediaTimePoint>T00:23:32:5323F30000</MediaTimePoint>
</MediaTime>
</VideoSegment>
</TemporalDecomposition>
</VideoSegment>
<VideoSegment id="shot67_194">
<MediaTime>
<MediaTimePoint>T00:23:46:11749F30000</MediaTimePoint>
<MediaDuration>PT00H00M07S22232N30000F</MediaDuration>
</MediaTime>
<TemporalDecomposition>
<VideoSegment id="shot67_194_RKF">
<MediaTime>
<MediaTimePoint>T00:23:50:6864F30000</MediaTimePoint>
</MediaTime>
</VideoSegment>
</TemporalDecomposition>
</VideoSegment>
<VideoSegment id="shot67_195">
<MediaTime>
<MediaTimePoint>T00:23:54:3981F30000</MediaTimePoint>
<MediaDuration>PT00H00M03S12102N30000F</MediaDuration>
</MediaTime>
<TemporalDecomposition>
<VideoSegment id="shot67_195_RKF">
<MediaTime>
<MediaTimePoint>T00:23:55:24031F30000</MediaTimePoint>
</MediaTime>
</VideoSegment>
</TemporalDecomposition>
</VideoSegment>
<VideoSegment id="shot67_196">
<MediaTime>
<MediaTimePoint>T00:23:57:16083F30000</MediaTimePoint>
<MediaDuration>PT00H00M02S29089N30000F</MediaDuration>
</MediaTime>
<TemporalDecomposition>
<VideoSegment id="shot67_196_RKF">
<MediaTime>
<MediaTimePoint>T00:23:59:127F30000</MediaTimePoint>
</MediaTime>
</VideoSegment>
</TemporalDecomposition>
</VideoSegment>
<VideoSegment id="shot67_197">
<MediaTime>
<MediaTimePoint>T00:24:00:15172F30000</MediaTimePoint>
<MediaDuration>PT00H00M02S7067N30000F</MediaDuration>
</MediaTime>
<TemporalDecomposition>
<VideoSegment id="shot67_197_RKF">
<MediaTime>
<MediaTimePoint>T00:24:01:18205F30000</MediaTimePoint>
</MediaTime>
</VideoSegment>
</TemporalDecomposition>
</VideoSegment>
<VideoSegment id="shot67_198">
<MediaTime>
<MediaTimePoint>T00:24:02:22239F30000</MediaTimePoint>
<MediaDuration>PT00H00M02S14074N30000F</MediaDuration>
</MediaTime>
<TemporalDecomposition>
<VideoSegment id="shot67_198_RKF">
<MediaTime>
<MediaTimePoint>T00:24:03:28275F30000</MediaTimePoint>
</MediaTime>
</VideoSegment>
</TemporalDecomposition>
</VideoSegment>
<VideoSegment id="shot67_199">
<MediaTime>
<MediaTimePoint>T00:24:05:6313F30000</MediaTimePoint>
<MediaDuration>PT00H00M02S18078N30000F</MediaDuration>
</MediaTime>
<TemporalDecomposition>
<VideoSegment id="shot67_199_RKF">
<MediaTime>
<MediaTimePoint>T00:24:06:14351F30000</MediaTimePoint>
</MediaTime>
</VideoSegment>
</TemporalDecomposition>
</VideoSegment>
<VideoSegment id="shot67_200">
<MediaTime>
<MediaTimePoint>T00:24:07:24391F30000</MediaTimePoint>
<MediaDuration>PT00H00M02S3063N30000F</MediaDuration>
</MediaTime>
<TemporalDecomposition>
<VideoSegment id="shot67_200_RKF">
<MediaTime>
<MediaTimePoint>T00:24:08:25422F30000</MediaTimePoint>
</MediaTime>
</VideoSegment>
</TemporalDecomposition>
</VideoSegment>
<VideoSegment id="shot67_201">
<MediaTime>
<MediaTimePoint>T00:24:09:27454F30000</MediaTimePoint>
<MediaDuration>PT00H00M04S9129N30000F</MediaDuration>
</MediaTime>
<TemporalDecomposition>
<VideoSegment id="shot67_201_RKF">
<MediaTime>
<MediaTimePoint>T00:24:12:1518F30000</MediaTimePoint>
</MediaTime>
</VideoSegment>
</TemporalDecomposition>
</VideoSegment>
<VideoSegment id="shot67_202">
<MediaTime>
<MediaTimePoint>T00:24:14:6583F30000</MediaTimePoint>
<MediaDuration>PT00H00M03S9099N30000F</MediaDuration>
</MediaTime>
<TemporalDecomposition>
<VideoSegment id="shot67_202_RKF">
<MediaTime>
<MediaTimePoint>T00:24:15:25632F30000</MediaTimePoint>
</MediaTime>
</VideoSegment>
</TemporalDecomposition>
</VideoSegment>
<VideoSegment id="shot67_203">
<MediaTime>
<MediaTimePoint>T00:24:17:15682F30000</MediaTimePoint>
<MediaDuration>PT00H00M04S15135N30000F</MediaDuration>
</MediaTime>
<TemporalDecomposition>
<VideoSegment id="shot67_203_RKF">
<MediaTime>
<MediaTimePoint>T00:24:19:22749F30000</MediaTimePoint>
</MediaTime>
</VideoSegment>
</TemporalDecomposition>
</VideoSegment>
<VideoSegment id="shot67_204">
<MediaTime>
<MediaTimePoint>T00:24:22:817F30000</MediaTimePoint>
<MediaDuration>PT00H00M03S21111N30000F</MediaDuration>
</MediaTime>
<TemporalDecomposition>
<VideoSegment id="shot67_204_RKF">
<MediaTime>
<MediaTimePoint>T00:24:23:25872F30000</MediaTimePoint>
</MediaTime>
</VideoSegment>
</TemporalDecomposition>
</VideoSegment>
<VideoSegment id="shot67_205">
<MediaTime>
<MediaTimePoint>T00:24:25:21928F30000</MediaTimePoint>
<MediaDuration>PT00H00M28S16856N30000F</MediaDuration>
</MediaTime>
<TemporalDecomposition>
<VideoSegment id="shot67_205_RKF">
<MediaTime>
<MediaTimePoint>T00:24:39:29355F30000</MediaTimePoint>
</MediaTime>
</VideoSegment>
</TemporalDecomposition>
</VideoSegment>
<VideoSegment id="shot67_206">
<MediaTime>
<MediaTimePoint>T00:24:54:8784F30000</MediaTimePoint>
<MediaDuration>PT00H00M02S29089N30000F</MediaDuration>
</MediaTime>
<TemporalDecomposition>
<VideoSegment id="shot67_206_RKF">
<MediaTime>
<MediaTimePoint>T00:24:55:22828F30000</MediaTimePoint>
</MediaTime>
</VideoSegment>
</TemporalDecomposition>
</VideoSegment>
<VideoSegment id="shot67_207">
<MediaTime>
<MediaTimePoint>T00:24:57:7873F30000</MediaTimePoint>
<MediaDuration>PT00H00M02S22082N30000F</MediaDuration>
</MediaTime>
<TemporalDecomposition>
<VideoSegment id="shot67_207_RKF">
<MediaTime>
<MediaTimePoint>T00:24:58:17913F30000</MediaTimePoint>
</MediaTime>
</VideoSegment>
</TemporalDecomposition>
</VideoSegment>
</TemporalDecomposition>
</Video>
</MultimediaContent>
</Description>
</Mpeg7>
