<?xml version="1.0" encoding="UTF-8"?>
<Mpeg7 xmlns="urn:mpeg:mpeg7:schema:2001" xmlns:mpeg7="urn:mpeg:mpeg7:schema:2001" xmlns:xsi="http://www.w3.org/2001/XMLSchema-instance">
<Description xsi:type="ContentEntityType">
<MultimediaContent xsi:type="VideoType">
<Video id="TRECVID2005_8">
<MediaLocator>
<MediaUri>20041117_110000_MSNBC_MSNBCNEWS11_ENG.mpg</MediaUri>
</MediaLocator>
<MediaTime>
<MediaTimePoint>T00:00:00:0F30000</MediaTimePoint>
<MediaDuration>PT00H28M19S29949N30000F</MediaDuration>
</MediaTime>
<TemporalDecomposition gap="false" overlap="false">
<VideoSegment id="shot8_1">
<MediaTime>
<MediaTimePoint>T00:00:00:0F30000</MediaTimePoint>
<MediaDuration>PT00H00M03S25115N30000F</MediaDuration>
</MediaTime>
<TemporalDecomposition>
<VideoSegment id="shot8_1_RKF">
<MediaTime>
<MediaTimePoint>T00:00:01:27057F30000</MediaTimePoint>
</MediaTime>
</VideoSegment>
</TemporalDecomposition>
</VideoSegment>
<VideoSegment id="shot8_2">
<MediaTime>
<MediaTimePoint>T00:00:03:25115F30000</MediaTimePoint>
<MediaDuration>PT00H00M09S26296N30000F</MediaDuration>
</MediaTime>
<TemporalDecomposition>
<VideoSegment id="shot8_2_NRKF_1">
<MediaTime>
<MediaTimePoint>T00:00:03:28118F30000</MediaTimePoint>
</MediaTime>
</VideoSegment>
<VideoSegment id="shot8_2_NRKF_2">
<MediaTime>
<MediaTimePoint>T00:00:04:3123F30000</MediaTimePoint>
</MediaTime>
</VideoSegment>
<VideoSegment id="shot8_2_RKF">
<MediaTime>
<MediaTimePoint>T00:00:08:22262F30000</MediaTimePoint>
</MediaTime>
</VideoSegment>
<VideoSegment id="shot8_2_NRKF_3">
<MediaTime>
<MediaTimePoint>T00:00:08:27267F30000</MediaTimePoint>
</MediaTime>
</VideoSegment>
</TemporalDecomposition>
</VideoSegment>
<VideoSegment id="shot8_3">
<MediaTime>
<MediaTimePoint>T00:00:13:21411F30000</MediaTimePoint>
<MediaDuration>PT00H00M02S6066N30000F</MediaDuration>
</MediaTime>
<TemporalDecomposition>
<VideoSegment id="shot8_3_NRKF_1">
<MediaTime>
<MediaTimePoint>T00:00:13:25415F30000</MediaTimePoint>
</MediaTime>
</VideoSegment>
<VideoSegment id="shot8_3_RKF">
<MediaTime>
<MediaTimePoint>T00:00:14:23443F30000</MediaTimePoint>
</MediaTime>
</VideoSegment>
<VideoSegment id="shot8_3_NRKF_2">
<MediaTime>
<MediaTimePoint>T00:00:14:28448F30000</MediaTimePoint>
</MediaTime>
</VideoSegment>
</TemporalDecomposition>
</VideoSegment>
<VideoSegment id="shot8_4">
<MediaTime>
<MediaTimePoint>T00:00:15:27477F30000</MediaTimePoint>
<MediaDuration>PT00H00M03S19109N30000F</MediaDuration>
</MediaTime>
<TemporalDecomposition>
<VideoSegment id="shot8_4_RKF">
<MediaTime>
<MediaTimePoint>T00:00:17:21531F30000</MediaTimePoint>
</MediaTime>
</VideoSegment>
</TemporalDecomposition>
</VideoSegment>
<VideoSegment id="shot8_5">
<MediaTime>
<MediaTimePoint>T00:00:19:16586F30000</MediaTimePoint>
<MediaDuration>PT00H00M04S5125N30000F</MediaDuration>
</MediaTime>
<TemporalDecomposition>
<VideoSegment id="shot8_5_NRKF_1">
<MediaTime>
<MediaTimePoint>T00:00:19:24594F30000</MediaTimePoint>
</MediaTime>
</VideoSegment>
<VideoSegment id="shot8_5_NRKF_2">
<MediaTime>
<MediaTimePoint>T00:00:20:8608F30000</MediaTimePoint>
</MediaTime>
</VideoSegment>
<VideoSegment id="shot8_5_RKF">
<MediaTime>
<MediaTimePoint>T00:00:21:18648F30000</MediaTimePoint>
</MediaTime>
</VideoSegment>
<VideoSegment id="shot8_5_NRKF_3">
<MediaTime>
<MediaTimePoint>T00:00:22:2662F30000</MediaTimePoint>
</MediaTime>
</VideoSegment>
</TemporalDecomposition>
</VideoSegment>
<VideoSegment id="shot8_6">
<MediaTime>
<MediaTimePoint>T00:00:23:21711F30000</MediaTimePoint>
<MediaDuration>PT00H00M04S5125N30000F</MediaDuration>
</MediaTime>
<TemporalDecomposition>
<VideoSegment id="shot8_6_RKF">
<MediaTime>
<MediaTimePoint>T00:00:25:23773F30000</MediaTimePoint>
</MediaTime>
</VideoSegment>
</TemporalDecomposition>
</VideoSegment>
<VideoSegment id="shot8_7">
<MediaTime>
<MediaTimePoint>T00:00:27:26836F30000</MediaTimePoint>
<MediaDuration>PT00H00M02S17077N30000F</MediaDuration>
</MediaTime>
<TemporalDecomposition>
<VideoSegment id="shot8_7_NRKF_1">
<MediaTime>
<MediaTimePoint>T00:00:28:13853F30000</MediaTimePoint>
</MediaTime>
</VideoSegment>
<VideoSegment id="shot8_7_RKF">
<MediaTime>
<MediaTimePoint>T00:00:29:4874F30000</MediaTimePoint>
</MediaTime>
</VideoSegment>
<VideoSegment id="shot8_7_NRKF_2">
<MediaTime>
<MediaTimePoint>T00:00:29:21891F30000</MediaTimePoint>
</MediaTime>
</VideoSegment>
</TemporalDecomposition>
</VideoSegment>
<VideoSegment id="shot8_8">
<MediaTime>
<MediaTimePoint>T00:00:30:13913F30000</MediaTimePoint>
<MediaDuration>PT00H00M06S22202N30000F</MediaDuration>
</MediaTime>
<TemporalDecomposition>
<VideoSegment id="shot8_8_NRKF_1">
<MediaTime>
<MediaTimePoint>T00:00:31:7937F30000</MediaTimePoint>
</MediaTime>
</VideoSegment>
<VideoSegment id="shot8_8_RKF">
<MediaTime>
<MediaTimePoint>T00:00:33:24013F30000</MediaTimePoint>
</MediaTime>
</VideoSegment>
<VideoSegment id="shot8_8_NRKF_2">
<MediaTime>
<MediaTimePoint>T00:00:34:19038F30000</MediaTimePoint>
</MediaTime>
</VideoSegment>
</TemporalDecomposition>
</VideoSegment>
<VideoSegment id="shot8_9">
<MediaTime>
<MediaTimePoint>T00:00:37:6115F30000</MediaTimePoint>
<MediaDuration>PT00H00M07S16226N30000F</MediaDuration>
</MediaTime>
<TemporalDecomposition>
<VideoSegment id="shot8_9_RKF">
<MediaTime>
<MediaTimePoint>T00:00:40:28227F30000</MediaTimePoint>
</MediaTime>
</VideoSegment>
</TemporalDecomposition>
</VideoSegment>
<VideoSegment id="shot8_10">
<MediaTime>
<MediaTimePoint>T00:00:44:22341F30000</MediaTimePoint>
<MediaDuration>PT00H00M05S3153N30000F</MediaDuration>
</MediaTime>
<TemporalDecomposition>
<VideoSegment id="shot8_10_RKF">
<MediaTime>
<MediaTimePoint>T00:00:47:8417F30000</MediaTimePoint>
</MediaTime>
</VideoSegment>
</TemporalDecomposition>
</VideoSegment>
<VideoSegment id="shot8_11">
<MediaTime>
<MediaTimePoint>T00:00:49:25494F30000</MediaTimePoint>
<MediaDuration>PT00H01M41S16043N30000F</MediaDuration>
</MediaTime>
<TemporalDecomposition>
<VideoSegment id="shot8_11_RKF">
<MediaTime>
<MediaTimePoint>T00:01:40:18015F30000</MediaTimePoint>
</MediaTime>
</VideoSegment>
</TemporalDecomposition>
</VideoSegment>
<VideoSegment id="shot8_12">
<MediaTime>
<MediaTimePoint>T00:02:31:11537F30000</MediaTimePoint>
<MediaDuration>PT00H00M07S5215N30000F</MediaDuration>
</MediaTime>
<TemporalDecomposition>
<VideoSegment id="shot8_12_RKF">
<MediaTime>
<MediaTimePoint>T00:02:34:28644F30000</MediaTimePoint>
</MediaTime>
</VideoSegment>
</TemporalDecomposition>
</VideoSegment>
<VideoSegment id="shot8_13">
<MediaTime>
<MediaTimePoint>T00:02:38:16752F30000</MediaTimePoint>
<MediaDuration>PT00H00M46S379N30000F</MediaDuration>
</MediaTime>
<TemporalDecomposition>
<VideoSegment id="shot8_13_RKF">
<MediaTime>
<MediaTimePoint>T00:03:01:16441F30000</MediaTimePoint>
</MediaTime>
</VideoSegment>
</TemporalDecomposition>
</VideoSegment>
<VideoSegment id="shot8_14">
<MediaTime>
<MediaTimePoint>T00:03:24:17131F30000</MediaTimePoint>
<MediaDuration>PT00H00M41S8237N30000F</MediaDuration>
</MediaTime>
<TemporalDecomposition>
<VideoSegment id="shot8_14_RKF">
<MediaTime>
<MediaTimePoint>T00:03:45:5749F30000</MediaTimePoint>
</MediaTime>
</VideoSegment>
</TemporalDecomposition>
</VideoSegment>
<VideoSegment id="shot8_15">
<MediaTime>
<MediaTimePoint>T00:04:05:25368F30000</MediaTimePoint>
<MediaDuration>PT00H00M23S18708N30000F</MediaDuration>
</MediaTime>
<TemporalDecomposition>
<VideoSegment id="shot8_15_RKF">
<MediaTime>
<MediaTimePoint>T00:04:17:18721F30000</MediaTimePoint>
</MediaTime>
</VideoSegment>
</TemporalDecomposition>
</VideoSegment>
<VideoSegment id="shot8_16">
<MediaTime>
<MediaTimePoint>T00:04:29:14076F30000</MediaTimePoint>
<MediaDuration>PT00H00M04S10130N30000F</MediaDuration>
</MediaTime>
<TemporalDecomposition>
<VideoSegment id="shot8_16_RKF">
<MediaTime>
<MediaTimePoint>T00:04:31:18140F30000</MediaTimePoint>
</MediaTime>
</VideoSegment>
</TemporalDecomposition>
</VideoSegment>
<VideoSegment id="shot8_17">
<MediaTime>
<MediaTimePoint>T00:04:33:24206F30000</MediaTimePoint>
<MediaDuration>PT00H00M20S8608N30000F</MediaDuration>
</MediaTime>
<TemporalDecomposition>
<VideoSegment id="shot8_17_RKF">
<MediaTime>
<MediaTimePoint>T00:04:43:27509F30000</MediaTimePoint>
</MediaTime>
</VideoSegment>
</TemporalDecomposition>
</VideoSegment>
<VideoSegment id="shot8_18">
<MediaTime>
<MediaTimePoint>T00:04:54:2814F30000</MediaTimePoint>
<MediaDuration>PT00H00M06S27207N30000F</MediaDuration>
</MediaTime>
<TemporalDecomposition>
<VideoSegment id="shot8_18_RKF">
<MediaTime>
<MediaTimePoint>T00:04:57:15917F30000</MediaTimePoint>
</MediaTime>
</VideoSegment>
</TemporalDecomposition>
</VideoSegment>
<VideoSegment id="shot8_19">
<MediaTime>
<MediaTimePoint>T00:05:01:21F30000</MediaTimePoint>
<MediaDuration>PT00H00M02S14074N30000F</MediaDuration>
</MediaTime>
<TemporalDecomposition>
<VideoSegment id="shot8_19_RKF">
<MediaTime>
<MediaTimePoint>T00:05:02:6057F30000</MediaTimePoint>
</MediaTime>
</VideoSegment>
</TemporalDecomposition>
</VideoSegment>
<VideoSegment id="shot8_20">
<MediaTime>
<MediaTimePoint>T00:05:03:14095F30000</MediaTimePoint>
<MediaDuration>PT00H00M03S21111N30000F</MediaDuration>
</MediaTime>
<TemporalDecomposition>
<VideoSegment id="shot8_20_RKF">
<MediaTime>
<MediaTimePoint>T00:05:05:9150F30000</MediaTimePoint>
</MediaTime>
</VideoSegment>
</TemporalDecomposition>
</VideoSegment>
<VideoSegment id="shot8_21">
<MediaTime>
<MediaTimePoint>T00:05:07:5206F30000</MediaTimePoint>
<MediaDuration>PT00H00M04S21141N30000F</MediaDuration>
</MediaTime>
<TemporalDecomposition>
<VideoSegment id="shot8_21_NRKF_1">
<MediaTime>
<MediaTimePoint>T00:05:07:27228F30000</MediaTimePoint>
</MediaTime>
</VideoSegment>
<VideoSegment id="shot8_21_RKF">
<MediaTime>
<MediaTimePoint>T00:05:09:15276F30000</MediaTimePoint>
</MediaTime>
</VideoSegment>
<VideoSegment id="shot8_21_NRKF_2">
<MediaTime>
<MediaTimePoint>T00:05:10:7298F30000</MediaTimePoint>
</MediaTime>
</VideoSegment>
</TemporalDecomposition>
</VideoSegment>
<VideoSegment id="shot8_22">
<MediaTime>
<MediaTimePoint>T00:05:11:26347F30000</MediaTimePoint>
<MediaDuration>PT00H00M03S11101N30000F</MediaDuration>
</MediaTime>
<TemporalDecomposition>
<VideoSegment id="shot8_22_RKF">
<MediaTime>
<MediaTimePoint>T00:05:13:16397F30000</MediaTimePoint>
</MediaTime>
</VideoSegment>
</TemporalDecomposition>
</VideoSegment>
<VideoSegment id="shot8_23">
<MediaTime>
<MediaTimePoint>T00:05:15:7448F30000</MediaTimePoint>
<MediaDuration>PT00H00M10S300N30000F</MediaDuration>
</MediaTime>
<TemporalDecomposition>
<VideoSegment id="shot8_23_NRKF_1">
<MediaTime>
<MediaTimePoint>T00:05:15:28469F30000</MediaTimePoint>
</MediaTime>
</VideoSegment>
<VideoSegment id="shot8_23_RKF">
<MediaTime>
<MediaTimePoint>T00:05:20:6597F30000</MediaTimePoint>
</MediaTime>
</VideoSegment>
<VideoSegment id="shot8_23_NRKF_2">
<MediaTime>
<MediaTimePoint>T00:05:20:28619F30000</MediaTimePoint>
</MediaTime>
</VideoSegment>
</TemporalDecomposition>
</VideoSegment>
<VideoSegment id="shot8_24">
<MediaTime>
<MediaTimePoint>T00:05:25:7748F30000</MediaTimePoint>
<MediaDuration>PT00H00M06S12192N30000F</MediaDuration>
</MediaTime>
<TemporalDecomposition>
<VideoSegment id="shot8_24_RKF">
<MediaTime>
<MediaTimePoint>T00:05:28:12843F30000</MediaTimePoint>
</MediaTime>
</VideoSegment>
</TemporalDecomposition>
</VideoSegment>
<VideoSegment id="shot8_25">
<MediaTime>
<MediaTimePoint>T00:05:31:19940F30000</MediaTimePoint>
<MediaDuration>PT00H00M10S1301N30000F</MediaDuration>
</MediaTime>
<TemporalDecomposition>
<VideoSegment id="shot8_25_RKF">
<MediaTime>
<MediaTimePoint>T00:05:36:20090F30000</MediaTimePoint>
</MediaTime>
</VideoSegment>
</TemporalDecomposition>
</VideoSegment>
<VideoSegment id="shot8_26">
<MediaTime>
<MediaTimePoint>T00:05:41:21241F30000</MediaTimePoint>
<MediaDuration>PT00H00M03S2092N30000F</MediaDuration>
</MediaTime>
<TemporalDecomposition>
<VideoSegment id="shot8_26_RKF">
<MediaTime>
<MediaTimePoint>T00:05:43:6286F30000</MediaTimePoint>
</MediaTime>
</VideoSegment>
</TemporalDecomposition>
</VideoSegment>
<VideoSegment id="shot8_27">
<MediaTime>
<MediaTimePoint>T00:05:44:23333F30000</MediaTimePoint>
<MediaDuration>PT00H00M06S22202N30000F</MediaDuration>
</MediaTime>
<TemporalDecomposition>
<VideoSegment id="shot8_27_RKF">
<MediaTime>
<MediaTimePoint>T00:05:48:3433F30000</MediaTimePoint>
</MediaTime>
</VideoSegment>
</TemporalDecomposition>
</VideoSegment>
<VideoSegment id="shot8_28">
<MediaTime>
<MediaTimePoint>T00:05:51:15535F30000</MediaTimePoint>
<MediaDuration>PT00H00M06S25205N30000F</MediaDuration>
</MediaTime>
<TemporalDecomposition>
<VideoSegment id="shot8_28_RKF">
<MediaTime>
<MediaTimePoint>T00:05:54:27637F30000</MediaTimePoint>
</MediaTime>
</VideoSegment>
</TemporalDecomposition>
</VideoSegment>
<VideoSegment id="shot8_29">
<MediaTime>
<MediaTimePoint>T00:05:58:10740F30000</MediaTimePoint>
<MediaDuration>PT00H00M06S28208N30000F</MediaDuration>
</MediaTime>
<TemporalDecomposition>
<VideoSegment id="shot8_29_RKF">
<MediaTime>
<MediaTimePoint>T00:06:01:23843F30000</MediaTimePoint>
</MediaTime>
</VideoSegment>
</TemporalDecomposition>
</VideoSegment>
<VideoSegment id="shot8_30">
<MediaTime>
<MediaTimePoint>T00:06:05:8948F30000</MediaTimePoint>
<MediaDuration>PT00H00M06S21201N30000F</MediaDuration>
</MediaTime>
<TemporalDecomposition>
<VideoSegment id="shot8_30_RKF">
<MediaTime>
<MediaTimePoint>T00:06:08:19048F30000</MediaTimePoint>
</MediaTime>
</VideoSegment>
</TemporalDecomposition>
</VideoSegment>
<VideoSegment id="shot8_31">
<MediaTime>
<MediaTimePoint>T00:06:12:149F30000</MediaTimePoint>
<MediaDuration>PT00H00M06S24204N30000F</MediaDuration>
</MediaTime>
<TemporalDecomposition>
<VideoSegment id="shot8_31_RKF">
<MediaTime>
<MediaTimePoint>T00:06:15:11250F30000</MediaTimePoint>
</MediaTime>
</VideoSegment>
</TemporalDecomposition>
</VideoSegment>
<VideoSegment id="shot8_32">
<MediaTime>
<MediaTimePoint>T00:06:18:24353F30000</MediaTimePoint>
<MediaDuration>PT00H00M04S16136N30000F</MediaDuration>
</MediaTime>
<TemporalDecomposition>
<VideoSegment id="shot8_32_RKF">
<MediaTime>
<MediaTimePoint>T00:06:21:1420F30000</MediaTimePoint>
</MediaTime>
</VideoSegment>
</TemporalDecomposition>
</VideoSegment>
<VideoSegment id="shot8_33">
<MediaTime>
<MediaTimePoint>T00:06:23:10489F30000</MediaTimePoint>
<MediaDuration>PT00H00M04S2122N30000F</MediaDuration>
</MediaTime>
<TemporalDecomposition>
<VideoSegment id="shot8_33_RKF">
<MediaTime>
<MediaTimePoint>T00:06:25:10549F30000</MediaTimePoint>
</MediaTime>
</VideoSegment>
</TemporalDecomposition>
</VideoSegment>
<VideoSegment id="shot8_34">
<MediaTime>
<MediaTimePoint>T00:06:27:12611F30000</MediaTimePoint>
<MediaDuration>PT00H00M05S27177N30000F</MediaDuration>
</MediaTime>
<TemporalDecomposition>
<VideoSegment id="shot8_34_NRKF_1">
<MediaTime>
<MediaTimePoint>T00:06:27:21620F30000</MediaTimePoint>
</MediaTime>
</VideoSegment>
<VideoSegment id="shot8_34_RKF">
<MediaTime>
<MediaTimePoint>T00:06:30:10699F30000</MediaTimePoint>
</MediaTime>
</VideoSegment>
<VideoSegment id="shot8_34_NRKF_2">
<MediaTime>
<MediaTimePoint>T00:06:30:19708F30000</MediaTimePoint>
</MediaTime>
</VideoSegment>
</TemporalDecomposition>
</VideoSegment>
<VideoSegment id="shot8_35">
<MediaTime>
<MediaTimePoint>T00:06:33:9788F30000</MediaTimePoint>
<MediaDuration>PT00H00M03S10100N30000F</MediaDuration>
</MediaTime>
<TemporalDecomposition>
<VideoSegment id="shot8_35_RKF">
<MediaTime>
<MediaTimePoint>T00:06:34:28837F30000</MediaTimePoint>
</MediaTime>
</VideoSegment>
</TemporalDecomposition>
</VideoSegment>
<VideoSegment id="shot8_36">
<MediaTime>
<MediaTimePoint>T00:06:36:19888F30000</MediaTimePoint>
<MediaDuration>PT00H00M03S20110N30000F</MediaDuration>
</MediaTime>
<TemporalDecomposition>
<VideoSegment id="shot8_36_RKF">
<MediaTime>
<MediaTimePoint>T00:06:38:13942F30000</MediaTimePoint>
</MediaTime>
</VideoSegment>
</TemporalDecomposition>
</VideoSegment>
<VideoSegment id="shot8_37">
<MediaTime>
<MediaTimePoint>T00:06:40:9998F30000</MediaTimePoint>
<MediaDuration>PT00H00M05S14164N30000F</MediaDuration>
</MediaTime>
<TemporalDecomposition>
<VideoSegment id="shot8_37_NRKF_1">
<MediaTime>
<MediaTimePoint>T00:06:41:3021F30000</MediaTimePoint>
</MediaTime>
</VideoSegment>
<VideoSegment id="shot8_37_RKF">
<MediaTime>
<MediaTimePoint>T00:06:43:1079F30000</MediaTimePoint>
</MediaTime>
</VideoSegment>
<VideoSegment id="shot8_37_NRKF_2">
<MediaTime>
<MediaTimePoint>T00:06:43:25103F30000</MediaTimePoint>
</MediaTime>
</VideoSegment>
</TemporalDecomposition>
</VideoSegment>
<VideoSegment id="shot8_38">
<MediaTime>
<MediaTimePoint>T00:06:45:24162F30000</MediaTimePoint>
<MediaDuration>PT00H00M05S11161N30000F</MediaDuration>
</MediaTime>
<TemporalDecomposition>
<VideoSegment id="shot8_38_NRKF_1">
<MediaTime>
<MediaTimePoint>T00:06:46:20188F30000</MediaTimePoint>
</MediaTime>
</VideoSegment>
<VideoSegment id="shot8_38_RKF">
<MediaTime>
<MediaTimePoint>T00:06:48:14242F30000</MediaTimePoint>
</MediaTime>
</VideoSegment>
<VideoSegment id="shot8_38_NRKF_2">
<MediaTime>
<MediaTimePoint>T00:06:49:10268F30000</MediaTimePoint>
</MediaTime>
</VideoSegment>
</TemporalDecomposition>
</VideoSegment>
<VideoSegment id="shot8_39">
<MediaTime>
<MediaTimePoint>T00:06:51:5323F30000</MediaTimePoint>
<MediaDuration>PT00H00M03S10100N30000F</MediaDuration>
</MediaTime>
<TemporalDecomposition>
<VideoSegment id="shot8_39_RKF">
<MediaTime>
<MediaTimePoint>T00:06:52:24372F30000</MediaTimePoint>
</MediaTime>
</VideoSegment>
</TemporalDecomposition>
</VideoSegment>
<VideoSegment id="shot8_40">
<MediaTime>
<MediaTimePoint>T00:06:54:15423F30000</MediaTimePoint>
<MediaDuration>PT00H00M05S9159N30000F</MediaDuration>
</MediaTime>
<TemporalDecomposition>
<VideoSegment id="shot8_40_NRKF_1">
<MediaTime>
<MediaTimePoint>T00:06:54:21429F30000</MediaTimePoint>
</MediaTime>
</VideoSegment>
<VideoSegment id="shot8_40_NRKF_2">
<MediaTime>
<MediaTimePoint>T00:06:55:3441F30000</MediaTimePoint>
</MediaTime>
</VideoSegment>
<VideoSegment id="shot8_40_RKF">
<MediaTime>
<MediaTimePoint>T00:06:57:4502F30000</MediaTimePoint>
</MediaTime>
</VideoSegment>
<VideoSegment id="shot8_40_NRKF_3">
<MediaTime>
<MediaTimePoint>T00:06:57:16514F30000</MediaTimePoint>
</MediaTime>
</VideoSegment>
</TemporalDecomposition>
</VideoSegment>
<VideoSegment id="shot8_41">
<MediaTime>
<MediaTimePoint>T00:06:59:24582F30000</MediaTimePoint>
<MediaDuration>PT00H00M02S4064N30000F</MediaDuration>
</MediaTime>
<TemporalDecomposition>
<VideoSegment id="shot8_41_RKF">
<MediaTime>
<MediaTimePoint>T00:07:00:25613F30000</MediaTimePoint>
</MediaTime>
</VideoSegment>
</TemporalDecomposition>
</VideoSegment>
<VideoSegment id="shot8_42">
<MediaTime>
<MediaTimePoint>T00:07:01:28646F30000</MediaTimePoint>
<MediaDuration>PT00H00M04S4124N30000F</MediaDuration>
</MediaTime>
<TemporalDecomposition>
<VideoSegment id="shot8_42_RKF">
<MediaTime>
<MediaTimePoint>T00:07:03:29707F30000</MediaTimePoint>
</MediaTime>
</VideoSegment>
</TemporalDecomposition>
</VideoSegment>
<VideoSegment id="shot8_43">
<MediaTime>
<MediaTimePoint>T00:07:06:2770F30000</MediaTimePoint>
<MediaDuration>PT00H00M12S23383N30000F</MediaDuration>
</MediaTime>
<TemporalDecomposition>
<VideoSegment id="shot8_43_RKF">
<MediaTime>
<MediaTimePoint>T00:07:12:13961F30000</MediaTimePoint>
</MediaTime>
</VideoSegment>
</TemporalDecomposition>
</VideoSegment>
<VideoSegment id="shot8_44">
<MediaTime>
<MediaTimePoint>T00:07:18:26153F30000</MediaTimePoint>
<MediaDuration>PT00H00M03S19109N30000F</MediaDuration>
</MediaTime>
<TemporalDecomposition>
<VideoSegment id="shot8_44_RKF">
<MediaTime>
<MediaTimePoint>T00:07:20:20207F30000</MediaTimePoint>
</MediaTime>
</VideoSegment>
</TemporalDecomposition>
</VideoSegment>
<VideoSegment id="shot8_45">
<MediaTime>
<MediaTimePoint>T00:07:22:15262F30000</MediaTimePoint>
<MediaDuration>PT00H00M02S11071N30000F</MediaDuration>
</MediaTime>
<TemporalDecomposition>
<VideoSegment id="shot8_45_RKF">
<MediaTime>
<MediaTimePoint>T00:07:23:20297F30000</MediaTimePoint>
</MediaTime>
</VideoSegment>
</TemporalDecomposition>
</VideoSegment>
<VideoSegment id="shot8_46">
<MediaTime>
<MediaTimePoint>T00:07:24:26333F30000</MediaTimePoint>
<MediaDuration>PT00H00M20S7607N30000F</MediaDuration>
</MediaTime>
<TemporalDecomposition>
<VideoSegment id="shot8_46_RKF">
<MediaTime>
<MediaTimePoint>T00:07:34:29636F30000</MediaTimePoint>
</MediaTime>
</VideoSegment>
</TemporalDecomposition>
</VideoSegment>
<VideoSegment id="shot8_47">
<MediaTime>
<MediaTimePoint>T00:07:45:3940F30000</MediaTimePoint>
<MediaDuration>PT00H00M04S17137N30000F</MediaDuration>
</MediaTime>
<TemporalDecomposition>
<VideoSegment id="shot8_47_RKF">
<MediaTime>
<MediaTimePoint>T00:07:47:12008F30000</MediaTimePoint>
</MediaTime>
</VideoSegment>
</TemporalDecomposition>
</VideoSegment>
<VideoSegment id="shot8_48">
<MediaTime>
<MediaTimePoint>T00:07:49:21077F30000</MediaTimePoint>
<MediaDuration>PT00H01M36S10888N30000F</MediaDuration>
</MediaTime>
<TemporalDecomposition>
<VideoSegment id="shot8_48_RKF">
<MediaTime>
<MediaTimePoint>T00:08:37:25520F30000</MediaTimePoint>
</MediaTime>
</VideoSegment>
</TemporalDecomposition>
</VideoSegment>
<VideoSegment id="shot8_49">
<MediaTime>
<MediaTimePoint>T00:09:26:1965F30000</MediaTimePoint>
<MediaDuration>PT00H00M07S14224N30000F</MediaDuration>
</MediaTime>
<TemporalDecomposition>
<VideoSegment id="shot8_49_RKF">
<MediaTime>
<MediaTimePoint>T00:09:29:23076F30000</MediaTimePoint>
</MediaTime>
</VideoSegment>
</TemporalDecomposition>
</VideoSegment>
<VideoSegment id="shot8_50">
<MediaTime>
<MediaTimePoint>T00:09:33:16189F30000</MediaTimePoint>
<MediaDuration>PT00H00M30S24924N30000F</MediaDuration>
</MediaTime>
<TemporalDecomposition>
<VideoSegment id="shot8_50_RKF">
<MediaTime>
<MediaTimePoint>T00:09:48:27650F30000</MediaTimePoint>
</MediaTime>
</VideoSegment>
</TemporalDecomposition>
</VideoSegment>
<VideoSegment id="shot8_51">
<MediaTime>
<MediaTimePoint>T00:10:04:11113F30000</MediaTimePoint>
<MediaDuration>PT00H00M05S7157N30000F</MediaDuration>
</MediaTime>
<TemporalDecomposition>
<VideoSegment id="shot8_51_RKF">
<MediaTime>
<MediaTimePoint>T00:10:06:29191F30000</MediaTimePoint>
</MediaTime>
</VideoSegment>
</TemporalDecomposition>
</VideoSegment>
<VideoSegment id="shot8_52">
<MediaTime>
<MediaTimePoint>T00:10:09:18270F30000</MediaTimePoint>
<MediaDuration>PT00H00M49S29498N30000F</MediaDuration>
</MediaTime>
<TemporalDecomposition>
<VideoSegment id="shot8_52_RKF">
<MediaTime>
<MediaTimePoint>T00:10:34:17018F30000</MediaTimePoint>
</MediaTime>
</VideoSegment>
</TemporalDecomposition>
</VideoSegment>
<VideoSegment id="shot8_53">
<MediaTime>
<MediaTimePoint>T00:10:59:17768F30000</MediaTimePoint>
<MediaDuration>PT00H00M07S26236N30000F</MediaDuration>
</MediaTime>
<TemporalDecomposition>
<VideoSegment id="shot8_53_RKF">
<MediaTime>
<MediaTimePoint>T00:11:03:14885F30000</MediaTimePoint>
</MediaTime>
</VideoSegment>
</TemporalDecomposition>
</VideoSegment>
<VideoSegment id="shot8_54">
<MediaTime>
<MediaTimePoint>T00:11:07:14004F30000</MediaTimePoint>
<MediaDuration>PT00H02M42S2858N30000F</MediaDuration>
</MediaTime>
<TemporalDecomposition>
<VideoSegment id="shot8_54_RKF">
<MediaTime>
<MediaTimePoint>T00:12:28:14432F30000</MediaTimePoint>
</MediaTime>
</VideoSegment>
</TemporalDecomposition>
</VideoSegment>
<VideoSegment id="shot8_55">
<MediaTime>
<MediaTimePoint>T00:13:49:16862F30000</MediaTimePoint>
<MediaDuration>PT00H00M52S20579N30000F</MediaDuration>
</MediaTime>
<TemporalDecomposition>
<VideoSegment id="shot8_55_RKF">
<MediaTime>
<MediaTimePoint>T00:14:15:26651F30000</MediaTimePoint>
</MediaTime>
</VideoSegment>
</TemporalDecomposition>
</VideoSegment>
<VideoSegment id="shot8_56">
<MediaTime>
<MediaTimePoint>T00:14:42:7441F30000</MediaTimePoint>
<MediaDuration>PT00H00M17S26536N30000F</MediaDuration>
</MediaTime>
<TemporalDecomposition>
<VideoSegment id="shot8_56_NRKF_1">
<MediaTime>
<MediaTimePoint>T00:14:42:14448F30000</MediaTimePoint>
</MediaTime>
</VideoSegment>
<VideoSegment id="shot8_56_NRKF_2">
<MediaTime>
<MediaTimePoint>T00:14:42:26460F30000</MediaTimePoint>
</MediaTime>
</VideoSegment>
<VideoSegment id="shot8_56_RKF">
<MediaTime>
<MediaTimePoint>T00:14:51:4708F30000</MediaTimePoint>
</MediaTime>
</VideoSegment>
<VideoSegment id="shot8_56_NRKF_3">
<MediaTime>
<MediaTimePoint>T00:14:51:16720F30000</MediaTimePoint>
</MediaTime>
</VideoSegment>
</TemporalDecomposition>
</VideoSegment>
<VideoSegment id="shot8_57">
<MediaTime>
<MediaTimePoint>T00:15:00:3977F30000</MediaTimePoint>
<MediaDuration>PT00H00M02S1061N30000F</MediaDuration>
</MediaTime>
<TemporalDecomposition>
<VideoSegment id="shot8_57_RKF">
<MediaTime>
<MediaTimePoint>T00:15:01:4007F30000</MediaTimePoint>
</MediaTime>
</VideoSegment>
</TemporalDecomposition>
</VideoSegment>
<VideoSegment id="shot8_58">
<MediaTime>
<MediaTimePoint>T00:15:02:5038F30000</MediaTimePoint>
<MediaDuration>PT00H00M04S2122N30000F</MediaDuration>
</MediaTime>
<TemporalDecomposition>
<VideoSegment id="shot8_58_RKF">
<MediaTime>
<MediaTimePoint>T00:15:04:5098F30000</MediaTimePoint>
</MediaTime>
</VideoSegment>
</TemporalDecomposition>
</VideoSegment>
<VideoSegment id="shot8_59">
<MediaTime>
<MediaTimePoint>T00:15:06:7160F30000</MediaTimePoint>
<MediaDuration>PT00H00M02S24084N30000F</MediaDuration>
</MediaTime>
<TemporalDecomposition>
<VideoSegment id="shot8_59_RKF">
<MediaTime>
<MediaTimePoint>T00:15:07:18201F30000</MediaTimePoint>
</MediaTime>
</VideoSegment>
</TemporalDecomposition>
</VideoSegment>
<VideoSegment id="shot8_60">
<MediaTime>
<MediaTimePoint>T00:15:09:1244F30000</MediaTimePoint>
<MediaDuration>PT00H00M02S27087N30000F</MediaDuration>
</MediaTime>
<TemporalDecomposition>
<VideoSegment id="shot8_60_NRKF_1">
<MediaTime>
<MediaTimePoint>T00:15:09:3246F30000</MediaTimePoint>
</MediaTime>
</VideoSegment>
<VideoSegment id="shot8_60_NRKF_2">
<MediaTime>
<MediaTimePoint>T00:15:09:9252F30000</MediaTimePoint>
</MediaTime>
</VideoSegment>
<VideoSegment id="shot8_60_RKF">
<MediaTime>
<MediaTimePoint>T00:15:10:14287F30000</MediaTimePoint>
</MediaTime>
</VideoSegment>
<VideoSegment id="shot8_60_NRKF_3">
<MediaTime>
<MediaTimePoint>T00:15:10:20293F30000</MediaTimePoint>
</MediaTime>
</VideoSegment>
</TemporalDecomposition>
</VideoSegment>
<VideoSegment id="shot8_61">
<MediaTime>
<MediaTimePoint>T00:15:11:28331F30000</MediaTimePoint>
<MediaDuration>PT00H00M04S1121N30000F</MediaDuration>
</MediaTime>
<TemporalDecomposition>
<VideoSegment id="shot8_61_NRKF_1">
<MediaTime>
<MediaTimePoint>T00:15:12:14347F30000</MediaTimePoint>
</MediaTime>
</VideoSegment>
<VideoSegment id="shot8_61_NRKF_2">
<MediaTime>
<MediaTimePoint>T00:15:13:5368F30000</MediaTimePoint>
</MediaTime>
</VideoSegment>
<VideoSegment id="shot8_61_RKF">
<MediaTime>
<MediaTimePoint>T00:15:13:28391F30000</MediaTimePoint>
</MediaTime>
</VideoSegment>
<VideoSegment id="shot8_61_NRKF_3">
<MediaTime>
<MediaTimePoint>T00:15:14:19412F30000</MediaTimePoint>
</MediaTime>
</VideoSegment>
</TemporalDecomposition>
</VideoSegment>
<VideoSegment id="shot8_62">
<MediaTime>
<MediaTimePoint>T00:15:15:29452F30000</MediaTimePoint>
<MediaDuration>PT00H00M02S21081N30000F</MediaDuration>
</MediaTime>
<TemporalDecomposition>
<VideoSegment id="shot8_62_NRKF_1">
<MediaTime>
<MediaTimePoint>T00:15:16:16469F30000</MediaTimePoint>
</MediaTime>
</VideoSegment>
<VideoSegment id="shot8_62_RKF">
<MediaTime>
<MediaTimePoint>T00:15:17:9492F30000</MediaTimePoint>
</MediaTime>
</VideoSegment>
<VideoSegment id="shot8_62_NRKF_2">
<MediaTime>
<MediaTimePoint>T00:15:17:27510F30000</MediaTimePoint>
</MediaTime>
</VideoSegment>
</TemporalDecomposition>
</VideoSegment>
<VideoSegment id="shot8_63">
<MediaTime>
<MediaTimePoint>T00:15:18:20533F30000</MediaTimePoint>
<MediaDuration>PT00H00M04S1121N30000F</MediaDuration>
</MediaTime>
<TemporalDecomposition>
<VideoSegment id="shot8_63_NRKF_1">
<MediaTime>
<MediaTimePoint>T00:15:19:16559F30000</MediaTimePoint>
</MediaTime>
</VideoSegment>
<VideoSegment id="shot8_63_RKF">
<MediaTime>
<MediaTimePoint>T00:15:20:20593F30000</MediaTimePoint>
</MediaTime>
</VideoSegment>
<VideoSegment id="shot8_63_NRKF_2">
<MediaTime>
<MediaTimePoint>T00:15:21:16619F30000</MediaTimePoint>
</MediaTime>
</VideoSegment>
</TemporalDecomposition>
</VideoSegment>
<VideoSegment id="shot8_64">
<MediaTime>
<MediaTimePoint>T00:15:22:21654F30000</MediaTimePoint>
<MediaDuration>PT00H00M02S18078N30000F</MediaDuration>
</MediaTime>
<TemporalDecomposition>
<VideoSegment id="shot8_64_NRKF_1">
<MediaTime>
<MediaTimePoint>T00:15:23:9672F30000</MediaTimePoint>
</MediaTime>
</VideoSegment>
<VideoSegment id="shot8_64_RKF">
<MediaTime>
<MediaTimePoint>T00:15:23:29692F30000</MediaTimePoint>
</MediaTime>
</VideoSegment>
<VideoSegment id="shot8_64_NRKF_2">
<MediaTime>
<MediaTimePoint>T00:15:24:18711F30000</MediaTimePoint>
</MediaTime>
</VideoSegment>
</TemporalDecomposition>
</VideoSegment>
<VideoSegment id="shot8_65">
<MediaTime>
<MediaTimePoint>T00:15:25:9732F30000</MediaTimePoint>
<MediaDuration>PT00H00M02S7067N30000F</MediaDuration>
</MediaTime>
<TemporalDecomposition>
<VideoSegment id="shot8_65_NRKF_1">
<MediaTime>
<MediaTimePoint>T00:15:25:26749F30000</MediaTimePoint>
</MediaTime>
</VideoSegment>
<VideoSegment id="shot8_65_RKF">
<MediaTime>
<MediaTimePoint>T00:15:26:12765F30000</MediaTimePoint>
</MediaTime>
</VideoSegment>
<VideoSegment id="shot8_65_NRKF_2">
<MediaTime>
<MediaTimePoint>T00:15:27:783F30000</MediaTimePoint>
</MediaTime>
</VideoSegment>
</TemporalDecomposition>
</VideoSegment>
<VideoSegment id="shot8_66">
<MediaTime>
<MediaTimePoint>T00:15:27:16799F30000</MediaTimePoint>
<MediaDuration>PT00H00M02S1061N30000F</MediaDuration>
</MediaTime>
<TemporalDecomposition>
<VideoSegment id="shot8_66_RKF">
<MediaTime>
<MediaTimePoint>T00:15:28:16829F30000</MediaTimePoint>
</MediaTime>
</VideoSegment>
</TemporalDecomposition>
</VideoSegment>
<VideoSegment id="shot8_67">
<MediaTime>
<MediaTimePoint>T00:15:29:17860F30000</MediaTimePoint>
<MediaDuration>PT00H00M02S7067N30000F</MediaDuration>
</MediaTime>
<TemporalDecomposition>
<VideoSegment id="shot8_67_NRKF_1">
<MediaTime>
<MediaTimePoint>T00:15:30:1874F30000</MediaTimePoint>
</MediaTime>
</VideoSegment>
<VideoSegment id="shot8_67_RKF">
<MediaTime>
<MediaTimePoint>T00:15:30:20893F30000</MediaTimePoint>
</MediaTime>
</VideoSegment>
<VideoSegment id="shot8_67_NRKF_2">
<MediaTime>
<MediaTimePoint>T00:15:30:28901F30000</MediaTimePoint>
</MediaTime>
</VideoSegment>
<VideoSegment id="shot8_67_NRKF_3">
<MediaTime>
<MediaTimePoint>T00:15:31:16919F30000</MediaTimePoint>
</MediaTime>
</VideoSegment>
</TemporalDecomposition>
</VideoSegment>
<VideoSegment id="shot8_68">
<MediaTime>
<MediaTimePoint>T00:15:31:24927F30000</MediaTimePoint>
<MediaDuration>PT00H00M02S14074N30000F</MediaDuration>
</MediaTime>
<TemporalDecomposition>
<VideoSegment id="shot8_68_NRKF_1">
<MediaTime>
<MediaTimePoint>T00:15:32:5938F30000</MediaTimePoint>
</MediaTime>
</VideoSegment>
<VideoSegment id="shot8_68_RKF">
<MediaTime>
<MediaTimePoint>T00:15:33:963F30000</MediaTimePoint>
</MediaTime>
</VideoSegment>
<VideoSegment id="shot8_68_NRKF_2">
<MediaTime>
<MediaTimePoint>T00:15:33:2965F30000</MediaTimePoint>
</MediaTime>
</VideoSegment>
<VideoSegment id="shot8_68_NRKF_3">
<MediaTime>
<MediaTimePoint>T00:15:33:27990F30000</MediaTimePoint>
</MediaTime>
</VideoSegment>
</TemporalDecomposition>
</VideoSegment>
<VideoSegment id="shot8_69">
<MediaTime>
<MediaTimePoint>T00:15:34:9001F30000</MediaTimePoint>
<MediaDuration>PT00H00M03S17107N30000F</MediaDuration>
</MediaTime>
<TemporalDecomposition>
<VideoSegment id="shot8_69_NRKF_1">
<MediaTime>
<MediaTimePoint>T00:15:34:25017F30000</MediaTimePoint>
</MediaTime>
</VideoSegment>
<VideoSegment id="shot8_69_NRKF_2">
<MediaTime>
<MediaTimePoint>T00:15:35:23045F30000</MediaTimePoint>
</MediaTime>
</VideoSegment>
<VideoSegment id="shot8_69_RKF">
<MediaTime>
<MediaTimePoint>T00:15:36:2054F30000</MediaTimePoint>
</MediaTime>
</VideoSegment>
<VideoSegment id="shot8_69_NRKF_3">
<MediaTime>
<MediaTimePoint>T00:15:36:29081F30000</MediaTimePoint>
</MediaTime>
</VideoSegment>
</TemporalDecomposition>
</VideoSegment>
<VideoSegment id="shot8_70">
<MediaTime>
<MediaTimePoint>T00:15:37:26108F30000</MediaTimePoint>
<MediaDuration>PT00H00M02S8068N30000F</MediaDuration>
</MediaTime>
<TemporalDecomposition>
<VideoSegment id="shot8_70_RKF">
<MediaTime>
<MediaTimePoint>T00:15:38:29141F30000</MediaTimePoint>
</MediaTime>
</VideoSegment>
</TemporalDecomposition>
</VideoSegment>
<VideoSegment id="shot8_71">
<MediaTime>
<MediaTimePoint>T00:15:40:4176F30000</MediaTimePoint>
<MediaDuration>PT00H00M03S90N30000F</MediaDuration>
</MediaTime>
<TemporalDecomposition>
<VideoSegment id="shot8_71_NRKF_1">
<MediaTime>
<MediaTimePoint>T00:15:40:14186F30000</MediaTimePoint>
</MediaTime>
</VideoSegment>
<VideoSegment id="shot8_71_NRKF_2">
<MediaTime>
<MediaTimePoint>T00:15:41:10212F30000</MediaTimePoint>
</MediaTime>
</VideoSegment>
<VideoSegment id="shot8_71_RKF">
<MediaTime>
<MediaTimePoint>T00:15:41:18220F30000</MediaTimePoint>
</MediaTime>
</VideoSegment>
<VideoSegment id="shot8_71_NRKF_3">
<MediaTime>
<MediaTimePoint>T00:15:42:14246F30000</MediaTimePoint>
</MediaTime>
</VideoSegment>
</TemporalDecomposition>
</VideoSegment>
<VideoSegment id="shot8_72">
<MediaTime>
<MediaTimePoint>T00:15:43:4266F30000</MediaTimePoint>
<MediaDuration>PT00H00M03S23113N30000F</MediaDuration>
</MediaTime>
<TemporalDecomposition>
<VideoSegment id="shot8_72_NRKF_1">
<MediaTime>
<MediaTimePoint>T00:15:43:24286F30000</MediaTimePoint>
</MediaTime>
</VideoSegment>
<VideoSegment id="shot8_72_RKF">
<MediaTime>
<MediaTimePoint>T00:15:45:322F30000</MediaTimePoint>
</MediaTime>
</VideoSegment>
<VideoSegment id="shot8_72_NRKF_2">
<MediaTime>
<MediaTimePoint>T00:15:45:21343F30000</MediaTimePoint>
</MediaTime>
</VideoSegment>
</TemporalDecomposition>
</VideoSegment>
<VideoSegment id="shot8_73">
<MediaTime>
<MediaTimePoint>T00:15:46:27379F30000</MediaTimePoint>
<MediaDuration>PT00H00M03S21111N30000F</MediaDuration>
</MediaTime>
<TemporalDecomposition>
<VideoSegment id="shot8_73_NRKF_1">
<MediaTime>
<MediaTimePoint>T00:15:47:19401F30000</MediaTimePoint>
</MediaTime>
</VideoSegment>
<VideoSegment id="shot8_73_RKF">
<MediaTime>
<MediaTimePoint>T00:15:48:22434F30000</MediaTimePoint>
</MediaTime>
</VideoSegment>
<VideoSegment id="shot8_73_NRKF_2">
<MediaTime>
<MediaTimePoint>T00:15:49:15457F30000</MediaTimePoint>
</MediaTime>
</VideoSegment>
</TemporalDecomposition>
</VideoSegment>
<VideoSegment id="shot8_74">
<MediaTime>
<MediaTimePoint>T00:15:50:18490F30000</MediaTimePoint>
<MediaDuration>PT00H00M03S16106N30000F</MediaDuration>
</MediaTime>
<TemporalDecomposition>
<VideoSegment id="shot8_74_RKF">
<MediaTime>
<MediaTimePoint>T00:15:52:10542F30000</MediaTimePoint>
</MediaTime>
</VideoSegment>
</TemporalDecomposition>
</VideoSegment>
<VideoSegment id="shot8_75">
<MediaTime>
<MediaTimePoint>T00:15:54:4596F30000</MediaTimePoint>
<MediaDuration>PT00H00M02S12072N30000F</MediaDuration>
</MediaTime>
<TemporalDecomposition>
<VideoSegment id="shot8_75_RKF">
<MediaTime>
<MediaTimePoint>T00:15:55:9631F30000</MediaTimePoint>
</MediaTime>
</VideoSegment>
</TemporalDecomposition>
</VideoSegment>
<VideoSegment id="shot8_76">
<MediaTime>
<MediaTimePoint>T00:15:56:16668F30000</MediaTimePoint>
<MediaDuration>PT00H00M02S19079N30000F</MediaDuration>
</MediaTime>
<TemporalDecomposition>
<VideoSegment id="shot8_76_RKF">
<MediaTime>
<MediaTimePoint>T00:15:57:25707F30000</MediaTimePoint>
</MediaTime>
</VideoSegment>
</TemporalDecomposition>
</VideoSegment>
<VideoSegment id="shot8_77">
<MediaTime>
<MediaTimePoint>T00:15:59:5747F30000</MediaTimePoint>
<MediaDuration>PT00H00M03S6096N30000F</MediaDuration>
</MediaTime>
<TemporalDecomposition>
<VideoSegment id="shot8_77_RKF">
<MediaTime>
<MediaTimePoint>T00:16:00:22794F30000</MediaTimePoint>
</MediaTime>
</VideoSegment>
</TemporalDecomposition>
</VideoSegment>
<VideoSegment id="shot8_78">
<MediaTime>
<MediaTimePoint>T00:16:02:11843F30000</MediaTimePoint>
<MediaDuration>PT00H00M02S10070N30000F</MediaDuration>
</MediaTime>
<TemporalDecomposition>
<VideoSegment id="shot8_78_RKF">
<MediaTime>
<MediaTimePoint>T00:16:03:15877F30000</MediaTimePoint>
</MediaTime>
</VideoSegment>
</TemporalDecomposition>
</VideoSegment>
<VideoSegment id="shot8_79">
<MediaTime>
<MediaTimePoint>T00:16:04:21913F30000</MediaTimePoint>
<MediaDuration>PT00H00M03S24114N30000F</MediaDuration>
</MediaTime>
<TemporalDecomposition>
<VideoSegment id="shot8_79_RKF">
<MediaTime>
<MediaTimePoint>T00:16:06:17969F30000</MediaTimePoint>
</MediaTime>
</VideoSegment>
</TemporalDecomposition>
</VideoSegment>
<VideoSegment id="shot8_80">
<MediaTime>
<MediaTimePoint>T00:16:08:16027F30000</MediaTimePoint>
<MediaDuration>PT00H00M02S26086N30000F</MediaDuration>
</MediaTime>
<TemporalDecomposition>
<VideoSegment id="shot8_80_NRKF_1">
<MediaTime>
<MediaTimePoint>T00:16:08:29040F30000</MediaTimePoint>
</MediaTime>
</VideoSegment>
<VideoSegment id="shot8_80_NRKF_2">
<MediaTime>
<MediaTimePoint>T00:16:09:26067F30000</MediaTimePoint>
</MediaTime>
</VideoSegment>
<VideoSegment id="shot8_80_RKF">
<MediaTime>
<MediaTimePoint>T00:16:09:28069F30000</MediaTimePoint>
</MediaTime>
</VideoSegment>
<VideoSegment id="shot8_80_NRKF_3">
<MediaTime>
<MediaTimePoint>T00:16:10:25096F30000</MediaTimePoint>
</MediaTime>
</VideoSegment>
</TemporalDecomposition>
</VideoSegment>
<VideoSegment id="shot8_81">
<MediaTime>
<MediaTimePoint>T00:16:11:12113F30000</MediaTimePoint>
<MediaDuration>PT00H00M02S8068N30000F</MediaDuration>
</MediaTime>
<TemporalDecomposition>
<VideoSegment id="shot8_81_NRKF_1">
<MediaTime>
<MediaTimePoint>T00:16:11:23124F30000</MediaTimePoint>
</MediaTime>
</VideoSegment>
<VideoSegment id="shot8_81_RKF">
<MediaTime>
<MediaTimePoint>T00:16:12:15146F30000</MediaTimePoint>
</MediaTime>
</VideoSegment>
<VideoSegment id="shot8_81_NRKF_2">
<MediaTime>
<MediaTimePoint>T00:16:12:27158F30000</MediaTimePoint>
</MediaTime>
</VideoSegment>
</TemporalDecomposition>
</VideoSegment>
<VideoSegment id="shot8_82">
<MediaTime>
<MediaTimePoint>T00:16:13:20181F30000</MediaTimePoint>
<MediaDuration>PT00H00M05S15165N30000F</MediaDuration>
</MediaTime>
<TemporalDecomposition>
<VideoSegment id="shot8_82_RKF">
<MediaTime>
<MediaTimePoint>T00:16:16:12263F30000</MediaTimePoint>
</MediaTime>
</VideoSegment>
</TemporalDecomposition>
</VideoSegment>
<VideoSegment id="shot8_83">
<MediaTime>
<MediaTimePoint>T00:16:19:5346F30000</MediaTimePoint>
<MediaDuration>PT00H00M04S8128N30000F</MediaDuration>
</MediaTime>
<TemporalDecomposition>
<VideoSegment id="shot8_83_RKF">
<MediaTime>
<MediaTimePoint>T00:16:21:8409F30000</MediaTimePoint>
</MediaTime>
</VideoSegment>
</TemporalDecomposition>
</VideoSegment>
<VideoSegment id="shot8_84">
<MediaTime>
<MediaTimePoint>T00:16:23:13474F30000</MediaTimePoint>
<MediaDuration>PT00H00M03S8098N30000F</MediaDuration>
</MediaTime>
<TemporalDecomposition>
<VideoSegment id="shot8_84_NRKF_1">
<MediaTime>
<MediaTimePoint>T00:16:24:1492F30000</MediaTimePoint>
</MediaTime>
</VideoSegment>
<VideoSegment id="shot8_84_RKF">
<MediaTime>
<MediaTimePoint>T00:16:25:1522F30000</MediaTimePoint>
</MediaTime>
</VideoSegment>
<VideoSegment id="shot8_84_NRKF_2">
<MediaTime>
<MediaTimePoint>T00:16:25:20541F30000</MediaTimePoint>
</MediaTime>
</VideoSegment>
</TemporalDecomposition>
</VideoSegment>
<VideoSegment id="shot8_85">
<MediaTime>
<MediaTimePoint>T00:16:26:21572F30000</MediaTimePoint>
<MediaDuration>PT00H00M02S8068N30000F</MediaDuration>
</MediaTime>
<TemporalDecomposition>
<VideoSegment id="shot8_85_RKF">
<MediaTime>
<MediaTimePoint>T00:16:27:24605F30000</MediaTimePoint>
</MediaTime>
</VideoSegment>
</TemporalDecomposition>
</VideoSegment>
<VideoSegment id="shot8_86">
<MediaTime>
<MediaTimePoint>T00:16:28:29640F30000</MediaTimePoint>
<MediaDuration>PT00H00M04S1121N30000F</MediaDuration>
</MediaTime>
<TemporalDecomposition>
<VideoSegment id="shot8_86_NRKF_1">
<MediaTime>
<MediaTimePoint>T00:16:29:28669F30000</MediaTimePoint>
</MediaTime>
</VideoSegment>
<VideoSegment id="shot8_86_RKF">
<MediaTime>
<MediaTimePoint>T00:16:30:29700F30000</MediaTimePoint>
</MediaTime>
</VideoSegment>
<VideoSegment id="shot8_86_NRKF_2">
<MediaTime>
<MediaTimePoint>T00:16:31:28729F30000</MediaTimePoint>
</MediaTime>
</VideoSegment>
</TemporalDecomposition>
</VideoSegment>
<VideoSegment id="shot8_87">
<MediaTime>
<MediaTimePoint>T00:16:33:761F30000</MediaTimePoint>
<MediaDuration>PT00H00M03S2092N30000F</MediaDuration>
</MediaTime>
<TemporalDecomposition>
<VideoSegment id="shot8_87_NRKF_1">
<MediaTime>
<MediaTimePoint>T00:16:33:27788F30000</MediaTimePoint>
</MediaTime>
</VideoSegment>
<VideoSegment id="shot8_87_RKF">
<MediaTime>
<MediaTimePoint>T00:16:34:15806F30000</MediaTimePoint>
</MediaTime>
</VideoSegment>
<VideoSegment id="shot8_87_NRKF_2">
<MediaTime>
<MediaTimePoint>T00:16:35:13834F30000</MediaTimePoint>
</MediaTime>
</VideoSegment>
</TemporalDecomposition>
</VideoSegment>
<VideoSegment id="shot8_88">
<MediaTime>
<MediaTimePoint>T00:16:36:2853F30000</MediaTimePoint>
<MediaDuration>PT00H00M02S11071N30000F</MediaDuration>
</MediaTime>
<TemporalDecomposition>
<VideoSegment id="shot8_88_NRKF_1">
<MediaTime>
<MediaTimePoint>T00:16:36:15866F30000</MediaTimePoint>
</MediaTime>
</VideoSegment>
<VideoSegment id="shot8_88_RKF">
<MediaTime>
<MediaTimePoint>T00:16:37:7888F30000</MediaTimePoint>
</MediaTime>
</VideoSegment>
<VideoSegment id="shot8_88_NRKF_2">
<MediaTime>
<MediaTimePoint>T00:16:37:20901F30000</MediaTimePoint>
</MediaTime>
</VideoSegment>
</TemporalDecomposition>
</VideoSegment>
<VideoSegment id="shot8_89">
<MediaTime>
<MediaTimePoint>T00:16:38:13924F30000</MediaTimePoint>
<MediaDuration>PT00H00M02S16076N30000F</MediaDuration>
</MediaTime>
<TemporalDecomposition>
<VideoSegment id="shot8_89_NRKF_1">
<MediaTime>
<MediaTimePoint>T00:16:38:24935F30000</MediaTimePoint>
</MediaTime>
</VideoSegment>
<VideoSegment id="shot8_89_RKF">
<MediaTime>
<MediaTimePoint>T00:16:39:20961F30000</MediaTimePoint>
</MediaTime>
</VideoSegment>
<VideoSegment id="shot8_89_NRKF_2">
<MediaTime>
<MediaTimePoint>T00:16:39:22963F30000</MediaTimePoint>
</MediaTime>
</VideoSegment>
<VideoSegment id="shot8_89_NRKF_3">
<MediaTime>
<MediaTimePoint>T00:16:40:18989F30000</MediaTimePoint>
</MediaTime>
</VideoSegment>
</TemporalDecomposition>
</VideoSegment>
<VideoSegment id="shot8_90">
<MediaTime>
<MediaTimePoint>T00:16:41:0F30000</MediaTimePoint>
<MediaDuration>PT00H00M03S90N30000F</MediaDuration>
</MediaTime>
<TemporalDecomposition>
<VideoSegment id="shot8_90_NRKF_1">
<MediaTime>
<MediaTimePoint>T00:16:41:18018F30000</MediaTimePoint>
</MediaTime>
</VideoSegment>
<VideoSegment id="shot8_90_RKF">
<MediaTime>
<MediaTimePoint>T00:16:42:14044F30000</MediaTimePoint>
</MediaTime>
</VideoSegment>
<VideoSegment id="shot8_90_NRKF_2">
<MediaTime>
<MediaTimePoint>T00:16:43:3063F30000</MediaTimePoint>
</MediaTime>
</VideoSegment>
</TemporalDecomposition>
</VideoSegment>
<VideoSegment id="shot8_91">
<MediaTime>
<MediaTimePoint>T00:16:44:90F30000</MediaTimePoint>
<MediaDuration>PT00H00M02S5065N30000F</MediaDuration>
</MediaTime>
<TemporalDecomposition>
<VideoSegment id="shot8_91_NRKF_1">
<MediaTime>
<MediaTimePoint>T00:16:44:10100F30000</MediaTimePoint>
</MediaTime>
</VideoSegment>
<VideoSegment id="shot8_91_RKF">
<MediaTime>
<MediaTimePoint>T00:16:45:2122F30000</MediaTimePoint>
</MediaTime>
</VideoSegment>
<VideoSegment id="shot8_91_NRKF_2">
<MediaTime>
<MediaTimePoint>T00:16:45:12132F30000</MediaTimePoint>
</MediaTime>
</VideoSegment>
</TemporalDecomposition>
</VideoSegment>
<VideoSegment id="shot8_92">
<MediaTime>
<MediaTimePoint>T00:16:46:5155F30000</MediaTimePoint>
<MediaDuration>PT00H00M03S6096N30000F</MediaDuration>
</MediaTime>
<TemporalDecomposition>
<VideoSegment id="shot8_92_NRKF_1">
<MediaTime>
<MediaTimePoint>T00:16:47:2182F30000</MediaTimePoint>
</MediaTime>
</VideoSegment>
<VideoSegment id="shot8_92_RKF">
<MediaTime>
<MediaTimePoint>T00:16:47:22202F30000</MediaTimePoint>
</MediaTime>
</VideoSegment>
<VideoSegment id="shot8_92_NRKF_2">
<MediaTime>
<MediaTimePoint>T00:16:48:20230F30000</MediaTimePoint>
</MediaTime>
</VideoSegment>
</TemporalDecomposition>
</VideoSegment>
<VideoSegment id="shot8_93">
<MediaTime>
<MediaTimePoint>T00:16:49:11251F30000</MediaTimePoint>
<MediaDuration>PT00H00M03S4094N30000F</MediaDuration>
</MediaTime>
<TemporalDecomposition>
<VideoSegment id="shot8_93_NRKF_1">
<MediaTime>
<MediaTimePoint>T00:16:49:29269F30000</MediaTimePoint>
</MediaTime>
</VideoSegment>
<VideoSegment id="shot8_93_RKF">
<MediaTime>
<MediaTimePoint>T00:16:50:27297F30000</MediaTimePoint>
</MediaTime>
</VideoSegment>
<VideoSegment id="shot8_93_NRKF_2">
<MediaTime>
<MediaTimePoint>T00:16:51:16316F30000</MediaTimePoint>
</MediaTime>
</VideoSegment>
</TemporalDecomposition>
</VideoSegment>
<VideoSegment id="shot8_94">
<MediaTime>
<MediaTimePoint>T00:16:52:15345F30000</MediaTimePoint>
<MediaDuration>PT00H00M02S12072N30000F</MediaDuration>
</MediaTime>
<TemporalDecomposition>
<VideoSegment id="shot8_94_NRKF_1">
<MediaTime>
<MediaTimePoint>T00:16:52:20350F30000</MediaTimePoint>
</MediaTime>
</VideoSegment>
<VideoSegment id="shot8_94_NRKF_2">
<MediaTime>
<MediaTimePoint>T00:16:53:11371F30000</MediaTimePoint>
</MediaTime>
</VideoSegment>
<VideoSegment id="shot8_94_RKF">
<MediaTime>
<MediaTimePoint>T00:16:53:20380F30000</MediaTimePoint>
</MediaTime>
</VideoSegment>
<VideoSegment id="shot8_94_NRKF_3">
<MediaTime>
<MediaTimePoint>T00:16:54:11401F30000</MediaTimePoint>
</MediaTime>
</VideoSegment>
</TemporalDecomposition>
</VideoSegment>
<VideoSegment id="shot8_95">
<MediaTime>
<MediaTimePoint>T00:16:54:27417F30000</MediaTimePoint>
<MediaDuration>PT00H00M02S11071N30000F</MediaDuration>
</MediaTime>
<TemporalDecomposition>
<VideoSegment id="shot8_95_NRKF_1">
<MediaTime>
<MediaTimePoint>T00:16:55:13433F30000</MediaTimePoint>
</MediaTime>
</VideoSegment>
<VideoSegment id="shot8_95_RKF">
<MediaTime>
<MediaTimePoint>T00:16:56:2452F30000</MediaTimePoint>
</MediaTime>
</VideoSegment>
<VideoSegment id="shot8_95_NRKF_2">
<MediaTime>
<MediaTimePoint>T00:16:56:19469F30000</MediaTimePoint>
</MediaTime>
</VideoSegment>
</TemporalDecomposition>
</VideoSegment>
<VideoSegment id="shot8_96">
<MediaTime>
<MediaTimePoint>T00:16:57:8488F30000</MediaTimePoint>
<MediaDuration>PT00H00M03S24114N30000F</MediaDuration>
</MediaTime>
<TemporalDecomposition>
<VideoSegment id="shot8_96_NRKF_1">
<MediaTime>
<MediaTimePoint>T00:16:57:27507F30000</MediaTimePoint>
</MediaTime>
</VideoSegment>
<VideoSegment id="shot8_96_RKF">
<MediaTime>
<MediaTimePoint>T00:16:59:4544F30000</MediaTimePoint>
</MediaTime>
</VideoSegment>
<VideoSegment id="shot8_96_NRKF_2">
<MediaTime>
<MediaTimePoint>T00:16:59:24564F30000</MediaTimePoint>
</MediaTime>
</VideoSegment>
</TemporalDecomposition>
</VideoSegment>
<VideoSegment id="shot8_97">
<MediaTime>
<MediaTimePoint>T00:17:01:2602F30000</MediaTimePoint>
<MediaDuration>PT00H00M02S8068N30000F</MediaDuration>
</MediaTime>
<TemporalDecomposition>
<VideoSegment id="shot8_97_RKF">
<MediaTime>
<MediaTimePoint>T00:17:02:5635F30000</MediaTimePoint>
</MediaTime>
</VideoSegment>
</TemporalDecomposition>
</VideoSegment>
<VideoSegment id="shot8_98">
<MediaTime>
<MediaTimePoint>T00:17:03:10670F30000</MediaTimePoint>
<MediaDuration>PT00H00M02S15075N30000F</MediaDuration>
</MediaTime>
<TemporalDecomposition>
<VideoSegment id="shot8_98_RKF">
<MediaTime>
<MediaTimePoint>T00:17:04:17707F30000</MediaTimePoint>
</MediaTime>
</VideoSegment>
</TemporalDecomposition>
</VideoSegment>
<VideoSegment id="shot8_99">
<MediaTime>
<MediaTimePoint>T00:17:05:25745F30000</MediaTimePoint>
<MediaDuration>PT00H00M07S22232N30000F</MediaDuration>
</MediaTime>
<TemporalDecomposition>
<VideoSegment id="shot8_99_RKF">
<MediaTime>
<MediaTimePoint>T00:17:09:20860F30000</MediaTimePoint>
</MediaTime>
</VideoSegment>
</TemporalDecomposition>
</VideoSegment>
<VideoSegment id="shot8_100">
<MediaTime>
<MediaTimePoint>T00:17:13:17977F30000</MediaTimePoint>
<MediaDuration>PT00H00M02S8068N30000F</MediaDuration>
</MediaTime>
<TemporalDecomposition>
<VideoSegment id="shot8_100_NRKF_1">
<MediaTime>
<MediaTimePoint>T00:17:14:13002F30000</MediaTimePoint>
</MediaTime>
</VideoSegment>
<VideoSegment id="shot8_100_RKF">
<MediaTime>
<MediaTimePoint>T00:17:14:21010F30000</MediaTimePoint>
</MediaTime>
</VideoSegment>
<VideoSegment id="shot8_100_NRKF_2">
<MediaTime>
<MediaTimePoint>T00:17:15:17036F30000</MediaTimePoint>
</MediaTime>
</VideoSegment>
</TemporalDecomposition>
</VideoSegment>
<VideoSegment id="shot8_101">
<MediaTime>
<MediaTimePoint>T00:17:15:26045F30000</MediaTimePoint>
<MediaDuration>PT00H00M02S21081N30000F</MediaDuration>
</MediaTime>
<TemporalDecomposition>
<VideoSegment id="shot8_101_RKF">
<MediaTime>
<MediaTimePoint>T00:17:17:6085F30000</MediaTimePoint>
</MediaTime>
</VideoSegment>
</TemporalDecomposition>
</VideoSegment>
<VideoSegment id="shot8_102">
<MediaTime>
<MediaTimePoint>T00:17:18:17126F30000</MediaTimePoint>
<MediaDuration>PT00H00M02S13073N30000F</MediaDuration>
</MediaTime>
<TemporalDecomposition>
<VideoSegment id="shot8_102_RKF">
<MediaTime>
<MediaTimePoint>T00:17:19:23162F30000</MediaTimePoint>
</MediaTime>
</VideoSegment>
</TemporalDecomposition>
</VideoSegment>
<VideoSegment id="shot8_103">
<MediaTime>
<MediaTimePoint>T00:17:21:199F30000</MediaTimePoint>
<MediaDuration>PT00H00M02S6066N30000F</MediaDuration>
</MediaTime>
<TemporalDecomposition>
<VideoSegment id="shot8_103_NRKF_1">
<MediaTime>
<MediaTimePoint>T00:17:21:13212F30000</MediaTimePoint>
</MediaTime>
</VideoSegment>
<VideoSegment id="shot8_103_RKF">
<MediaTime>
<MediaTimePoint>T00:17:22:2231F30000</MediaTimePoint>
</MediaTime>
</VideoSegment>
<VideoSegment id="shot8_103_NRKF_2">
<MediaTime>
<MediaTimePoint>T00:17:22:16245F30000</MediaTimePoint>
</MediaTime>
</VideoSegment>
</TemporalDecomposition>
</VideoSegment>
<VideoSegment id="shot8_104">
<MediaTime>
<MediaTimePoint>T00:17:23:6265F30000</MediaTimePoint>
<MediaDuration>PT00H00M03S1091N30000F</MediaDuration>
</MediaTime>
<TemporalDecomposition>
<VideoSegment id="shot8_104_RKF">
<MediaTime>
<MediaTimePoint>T00:17:24:21310F30000</MediaTimePoint>
</MediaTime>
</VideoSegment>
</TemporalDecomposition>
</VideoSegment>
<VideoSegment id="shot8_105">
<MediaTime>
<MediaTimePoint>T00:17:26:7356F30000</MediaTimePoint>
<MediaDuration>PT00H00M06S15195N30000F</MediaDuration>
</MediaTime>
<TemporalDecomposition>
<VideoSegment id="shot8_105_RKF">
<MediaTime>
<MediaTimePoint>T00:17:29:14453F30000</MediaTimePoint>
</MediaTime>
</VideoSegment>
</TemporalDecomposition>
</VideoSegment>
<VideoSegment id="shot8_106">
<MediaTime>
<MediaTimePoint>T00:17:32:22551F30000</MediaTimePoint>
<MediaDuration>PT00H00M10S1301N30000F</MediaDuration>
</MediaTime>
<TemporalDecomposition>
<VideoSegment id="shot8_106_RKF">
<MediaTime>
<MediaTimePoint>T00:17:37:22701F30000</MediaTimePoint>
</MediaTime>
</VideoSegment>
</TemporalDecomposition>
</VideoSegment>
<VideoSegment id="shot8_107">
<MediaTime>
<MediaTimePoint>T00:17:42:23852F30000</MediaTimePoint>
<MediaDuration>PT00H00M06S12192N30000F</MediaDuration>
</MediaTime>
<TemporalDecomposition>
<VideoSegment id="shot8_107_RKF">
<MediaTime>
<MediaTimePoint>T00:17:45:28947F30000</MediaTimePoint>
</MediaTime>
</VideoSegment>
</TemporalDecomposition>
</VideoSegment>
<VideoSegment id="shot8_108">
<MediaTime>
<MediaTimePoint>T00:17:49:6044F30000</MediaTimePoint>
<MediaDuration>PT00H00M02S11071N30000F</MediaDuration>
</MediaTime>
<TemporalDecomposition>
<VideoSegment id="shot8_108_NRKF_1">
<MediaTime>
<MediaTimePoint>T00:17:49:14052F30000</MediaTimePoint>
</MediaTime>
</VideoSegment>
<VideoSegment id="shot8_108_RKF">
<MediaTime>
<MediaTimePoint>T00:17:50:11079F30000</MediaTimePoint>
</MediaTime>
</VideoSegment>
<VideoSegment id="shot8_108_NRKF_2">
<MediaTime>
<MediaTimePoint>T00:17:50:19087F30000</MediaTimePoint>
</MediaTime>
</VideoSegment>
</TemporalDecomposition>
</VideoSegment>
<VideoSegment id="shot8_109">
<MediaTime>
<MediaTimePoint>T00:17:51:17115F30000</MediaTimePoint>
<MediaDuration>PT00H00M05S9159N30000F</MediaDuration>
</MediaTime>
<TemporalDecomposition>
<VideoSegment id="shot8_109_RKF">
<MediaTime>
<MediaTimePoint>T00:17:54:6194F30000</MediaTimePoint>
</MediaTime>
</VideoSegment>
</TemporalDecomposition>
</VideoSegment>
<VideoSegment id="shot8_110">
<MediaTime>
<MediaTimePoint>T00:17:56:26274F30000</MediaTimePoint>
<MediaDuration>PT00H00M02S27087N30000F</MediaDuration>
</MediaTime>
<TemporalDecomposition>
<VideoSegment id="shot8_110_NRKF_1">
<MediaTime>
<MediaTimePoint>T00:17:57:22300F30000</MediaTimePoint>
</MediaTime>
</VideoSegment>
<VideoSegment id="shot8_110_RKF">
<MediaTime>
<MediaTimePoint>T00:17:58:9317F30000</MediaTimePoint>
</MediaTime>
</VideoSegment>
<VideoSegment id="shot8_110_NRKF_2">
<MediaTime>
<MediaTimePoint>T00:17:59:5343F30000</MediaTimePoint>
</MediaTime>
</VideoSegment>
</TemporalDecomposition>
</VideoSegment>
<VideoSegment id="shot8_111">
<MediaTime>
<MediaTimePoint>T00:17:59:23361F30000</MediaTimePoint>
<MediaDuration>PT00H00M02S1061N30000F</MediaDuration>
</MediaTime>
<TemporalDecomposition>
<VideoSegment id="shot8_111_NRKF_1">
<MediaTime>
<MediaTimePoint>T00:18:00:8376F30000</MediaTimePoint>
</MediaTime>
</VideoSegment>
<VideoSegment id="shot8_111_RKF">
<MediaTime>
<MediaTimePoint>T00:18:00:23391F30000</MediaTimePoint>
</MediaTime>
</VideoSegment>
<VideoSegment id="shot8_111_NRKF_2">
<MediaTime>
<MediaTimePoint>T00:18:01:9407F30000</MediaTimePoint>
</MediaTime>
</VideoSegment>
</TemporalDecomposition>
</VideoSegment>
<VideoSegment id="shot8_112">
<MediaTime>
<MediaTimePoint>T00:18:01:24422F30000</MediaTimePoint>
<MediaDuration>PT00H00M02S5065N30000F</MediaDuration>
</MediaTime>
<TemporalDecomposition>
<VideoSegment id="shot8_112_NRKF_1">
<MediaTime>
<MediaTimePoint>T00:18:02:11439F30000</MediaTimePoint>
</MediaTime>
</VideoSegment>
<VideoSegment id="shot8_112_RKF">
<MediaTime>
<MediaTimePoint>T00:18:02:26454F30000</MediaTimePoint>
</MediaTime>
</VideoSegment>
<VideoSegment id="shot8_112_NRKF_2">
<MediaTime>
<MediaTimePoint>T00:18:03:14472F30000</MediaTimePoint>
</MediaTime>
</VideoSegment>
</TemporalDecomposition>
</VideoSegment>
<VideoSegment id="shot8_113">
<MediaTime>
<MediaTimePoint>T00:18:03:29487F30000</MediaTimePoint>
<MediaDuration>PT00H00M03S24114N30000F</MediaDuration>
</MediaTime>
<TemporalDecomposition>
<VideoSegment id="shot8_113_NRKF_1">
<MediaTime>
<MediaTimePoint>T00:18:04:17505F30000</MediaTimePoint>
</MediaTime>
</VideoSegment>
<VideoSegment id="shot8_113_RKF">
<MediaTime>
<MediaTimePoint>T00:18:05:25543F30000</MediaTimePoint>
</MediaTime>
</VideoSegment>
<VideoSegment id="shot8_113_NRKF_2">
<MediaTime>
<MediaTimePoint>T00:18:06:14562F30000</MediaTimePoint>
</MediaTime>
</VideoSegment>
</TemporalDecomposition>
</VideoSegment>
<VideoSegment id="shot8_114">
<MediaTime>
<MediaTimePoint>T00:18:07:23601F30000</MediaTimePoint>
<MediaDuration>PT00H00M03S23113N30000F</MediaDuration>
</MediaTime>
<TemporalDecomposition>
<VideoSegment id="shot8_114_RKF">
<MediaTime>
<MediaTimePoint>T00:18:09:19657F30000</MediaTimePoint>
</MediaTime>
</VideoSegment>
</TemporalDecomposition>
</VideoSegment>
<VideoSegment id="shot8_115">
<MediaTime>
<MediaTimePoint>T00:18:11:16714F30000</MediaTimePoint>
<MediaDuration>PT00H00M04S15135N30000F</MediaDuration>
</MediaTime>
<TemporalDecomposition>
<VideoSegment id="shot8_115_RKF">
<MediaTime>
<MediaTimePoint>T00:18:13:23781F30000</MediaTimePoint>
</MediaTime>
</VideoSegment>
</TemporalDecomposition>
</VideoSegment>
<VideoSegment id="shot8_116">
<MediaTime>
<MediaTimePoint>T00:18:16:1849F30000</MediaTimePoint>
<MediaDuration>PT00H00M19S26596N30000F</MediaDuration>
</MediaTime>
<TemporalDecomposition>
<VideoSegment id="shot8_116_NRKF_1">
<MediaTime>
<MediaTimePoint>T00:18:16:9857F30000</MediaTimePoint>
</MediaTime>
</VideoSegment>
<VideoSegment id="shot8_116_NRKF_2">
<MediaTime>
<MediaTimePoint>T00:18:16:23871F30000</MediaTimePoint>
</MediaTime>
</VideoSegment>
<VideoSegment id="shot8_116_RKF">
<MediaTime>
<MediaTimePoint>T00:18:25:29146F30000</MediaTimePoint>
</MediaTime>
</VideoSegment>
<VideoSegment id="shot8_116_NRKF_3">
<MediaTime>
<MediaTimePoint>T00:18:26:14161F30000</MediaTimePoint>
</MediaTime>
</VideoSegment>
</TemporalDecomposition>
</VideoSegment>
<VideoSegment id="shot8_117">
<MediaTime>
<MediaTimePoint>T00:18:35:28445F30000</MediaTimePoint>
<MediaDuration>PT00H00M36S18097N30000F</MediaDuration>
</MediaTime>
<TemporalDecomposition>
<VideoSegment id="shot8_117_RKF">
<MediaTime>
<MediaTimePoint>T00:18:54:6993F30000</MediaTimePoint>
</MediaTime>
</VideoSegment>
</TemporalDecomposition>
</VideoSegment>
<VideoSegment id="shot8_118">
<MediaTime>
<MediaTimePoint>T00:19:12:16542F30000</MediaTimePoint>
<MediaDuration>PT00H00M20S12612N30000F</MediaDuration>
</MediaTime>
<TemporalDecomposition>
<VideoSegment id="shot8_118_RKF">
<MediaTime>
<MediaTimePoint>T00:19:22:21847F30000</MediaTimePoint>
</MediaTime>
</VideoSegment>
</TemporalDecomposition>
</VideoSegment>
<VideoSegment id="shot8_119">
<MediaTime>
<MediaTimePoint>T00:19:32:29154F30000</MediaTimePoint>
<MediaDuration>PT00H00M02S8068N30000F</MediaDuration>
</MediaTime>
<TemporalDecomposition>
<VideoSegment id="shot8_119_RKF">
<MediaTime>
<MediaTimePoint>T00:19:34:2187F30000</MediaTimePoint>
</MediaTime>
</VideoSegment>
</TemporalDecomposition>
</VideoSegment>
<VideoSegment id="shot8_120">
<MediaTime>
<MediaTimePoint>T00:19:35:7222F30000</MediaTimePoint>
<MediaDuration>PT00H00M17S13523N30000F</MediaDuration>
</MediaTime>
<TemporalDecomposition>
<VideoSegment id="shot8_120_RKF">
<MediaTime>
<MediaTimePoint>T00:19:43:28483F30000</MediaTimePoint>
</MediaTime>
</VideoSegment>
</TemporalDecomposition>
</VideoSegment>
<VideoSegment id="shot8_121">
<MediaTime>
<MediaTimePoint>T00:19:52:20745F30000</MediaTimePoint>
<MediaDuration>PT00H00M02S10070N30000F</MediaDuration>
</MediaTime>
<TemporalDecomposition>
<VideoSegment id="shot8_121_RKF">
<MediaTime>
<MediaTimePoint>T00:19:53:24779F30000</MediaTimePoint>
</MediaTime>
</VideoSegment>
</TemporalDecomposition>
</VideoSegment>
<VideoSegment id="shot8_122">
<MediaTime>
<MediaTimePoint>T00:19:55:815F30000</MediaTimePoint>
<MediaDuration>PT00H00M23S10700N30000F</MediaDuration>
</MediaTime>
<TemporalDecomposition>
<VideoSegment id="shot8_122_RKF">
<MediaTime>
<MediaTimePoint>T00:20:06:20164F30000</MediaTimePoint>
</MediaTime>
</VideoSegment>
</TemporalDecomposition>
</VideoSegment>
<VideoSegment id="shot8_123">
<MediaTime>
<MediaTimePoint>T00:20:18:11515F30000</MediaTimePoint>
<MediaDuration>PT00H00M11S22352N30000F</MediaDuration>
</MediaTime>
<TemporalDecomposition>
<VideoSegment id="shot8_123_RKF">
<MediaTime>
<MediaTimePoint>T00:20:24:6690F30000</MediaTimePoint>
</MediaTime>
</VideoSegment>
</TemporalDecomposition>
</VideoSegment>
<VideoSegment id="shot8_124">
<MediaTime>
<MediaTimePoint>T00:20:30:3867F30000</MediaTimePoint>
<MediaDuration>PT00H00M25S14764N30000F</MediaDuration>
</MediaTime>
<TemporalDecomposition>
<VideoSegment id="shot8_124_RKF">
<MediaTime>
<MediaTimePoint>T00:20:42:25248F30000</MediaTimePoint>
</MediaTime>
</VideoSegment>
</TemporalDecomposition>
</VideoSegment>
<VideoSegment id="shot8_125">
<MediaTime>
<MediaTimePoint>T00:20:55:18631F30000</MediaTimePoint>
<MediaDuration>PT00H00M04S26146N30000F</MediaDuration>
</MediaTime>
<TemporalDecomposition>
<VideoSegment id="shot8_125_RKF">
<MediaTime>
<MediaTimePoint>T00:20:58:703F30000</MediaTimePoint>
</MediaTime>
</VideoSegment>
</TemporalDecomposition>
</VideoSegment>
<VideoSegment id="shot8_126">
<MediaTime>
<MediaTimePoint>T00:21:00:14777F30000</MediaTimePoint>
<MediaDuration>PT00H00M06S21201N30000F</MediaDuration>
</MediaTime>
<TemporalDecomposition>
<VideoSegment id="shot8_126_NRKF_1">
<MediaTime>
<MediaTimePoint>T00:21:00:29792F30000</MediaTimePoint>
</MediaTime>
</VideoSegment>
<VideoSegment id="shot8_126_RKF">
<MediaTime>
<MediaTimePoint>T00:21:03:24877F30000</MediaTimePoint>
</MediaTime>
</VideoSegment>
<VideoSegment id="shot8_126_NRKF_2">
<MediaTime>
<MediaTimePoint>T00:21:04:9892F30000</MediaTimePoint>
</MediaTime>
</VideoSegment>
</TemporalDecomposition>
</VideoSegment>
<VideoSegment id="shot8_127">
<MediaTime>
<MediaTimePoint>T00:21:07:5978F30000</MediaTimePoint>
<MediaDuration>PT00H00M03S9099N30000F</MediaDuration>
</MediaTime>
<TemporalDecomposition>
<VideoSegment id="shot8_127_RKF">
<MediaTime>
<MediaTimePoint>T00:21:08:25027F30000</MediaTimePoint>
</MediaTime>
</VideoSegment>
</TemporalDecomposition>
</VideoSegment>
<VideoSegment id="shot8_128">
<MediaTime>
<MediaTimePoint>T00:21:10:15077F30000</MediaTimePoint>
<MediaDuration>PT00H00M07S16226N30000F</MediaDuration>
</MediaTime>
<TemporalDecomposition>
<VideoSegment id="shot8_128_RKF">
<MediaTime>
<MediaTimePoint>T00:21:14:7189F30000</MediaTimePoint>
</MediaTime>
</VideoSegment>
</TemporalDecomposition>
</VideoSegment>
<VideoSegment id="shot8_129">
<MediaTime>
<MediaTimePoint>T00:21:18:1303F30000</MediaTimePoint>
<MediaDuration>PT00H00M06S3183N30000F</MediaDuration>
</MediaTime>
<TemporalDecomposition>
<VideoSegment id="shot8_129_RKF">
<MediaTime>
<MediaTimePoint>T00:21:21:2394F30000</MediaTimePoint>
</MediaTime>
</VideoSegment>
</TemporalDecomposition>
</VideoSegment>
<VideoSegment id="shot8_130">
<MediaTime>
<MediaTimePoint>T00:21:24:4486F30000</MediaTimePoint>
<MediaDuration>PT00H00M27S20830N30000F</MediaDuration>
</MediaTime>
<TemporalDecomposition>
<VideoSegment id="shot8_130_RKF">
<MediaTime>
<MediaTimePoint>T00:21:37:28900F30000</MediaTimePoint>
</MediaTime>
</VideoSegment>
</TemporalDecomposition>
</VideoSegment>
<VideoSegment id="shot8_131">
<MediaTime>
<MediaTimePoint>T00:21:51:25316F30000</MediaTimePoint>
<MediaDuration>PT00H00M02S22082N30000F</MediaDuration>
</MediaTime>
<TemporalDecomposition>
<VideoSegment id="shot8_131_RKF">
<MediaTime>
<MediaTimePoint>T00:21:53:5356F30000</MediaTimePoint>
</MediaTime>
</VideoSegment>
</TemporalDecomposition>
</VideoSegment>
<VideoSegment id="shot8_132">
<MediaTime>
<MediaTimePoint>T00:21:54:17398F30000</MediaTimePoint>
<MediaDuration>PT00H00M13S27417N30000F</MediaDuration>
</MediaTime>
<TemporalDecomposition>
<VideoSegment id="shot8_132_RKF">
<MediaTime>
<MediaTimePoint>T00:22:01:15606F30000</MediaTimePoint>
</MediaTime>
</VideoSegment>
</TemporalDecomposition>
</VideoSegment>
<VideoSegment id="shot8_133">
<MediaTime>
<MediaTimePoint>T00:22:08:14815F30000</MediaTimePoint>
<MediaDuration>PT00H00M27S6816N30000F</MediaDuration>
</MediaTime>
<TemporalDecomposition>
<VideoSegment id="shot8_133_RKF">
<MediaTime>
<MediaTimePoint>T00:22:22:2222F30000</MediaTimePoint>
</MediaTime>
</VideoSegment>
</TemporalDecomposition>
</VideoSegment>
<VideoSegment id="shot8_134">
<MediaTime>
<MediaTimePoint>T00:22:35:21631F30000</MediaTimePoint>
<MediaDuration>PT00H00M07S13223N30000F</MediaDuration>
</MediaTime>
<TemporalDecomposition>
<VideoSegment id="shot8_134_RKF">
<MediaTime>
<MediaTimePoint>T00:22:39:12742F30000</MediaTimePoint>
</MediaTime>
</VideoSegment>
</TemporalDecomposition>
</VideoSegment>
<VideoSegment id="shot8_135">
<MediaTime>
<MediaTimePoint>T00:22:43:4854F30000</MediaTimePoint>
<MediaDuration>PT00H00M07S21231N30000F</MediaDuration>
</MediaTime>
<TemporalDecomposition>
<VideoSegment id="shot8_135_RKF">
<MediaTime>
<MediaTimePoint>T00:22:46:29969F30000</MediaTimePoint>
</MediaTime>
</VideoSegment>
</TemporalDecomposition>
</VideoSegment>
<VideoSegment id="shot8_136">
<MediaTime>
<MediaTimePoint>T00:22:50:26085F30000</MediaTimePoint>
<MediaDuration>PT00H00M15S10460N30000F</MediaDuration>
</MediaTime>
<TemporalDecomposition>
<VideoSegment id="shot8_136_RKF">
<MediaTime>
<MediaTimePoint>T00:22:58:15314F30000</MediaTimePoint>
</MediaTime>
</VideoSegment>
</TemporalDecomposition>
</VideoSegment>
<VideoSegment id="shot8_137">
<MediaTime>
<MediaTimePoint>T00:23:06:6545F30000</MediaTimePoint>
<MediaDuration>PT00H00M08S18258N30000F</MediaDuration>
</MediaTime>
<TemporalDecomposition>
<VideoSegment id="shot8_137_RKF">
<MediaTime>
<MediaTimePoint>T00:23:10:14673F30000</MediaTimePoint>
</MediaTime>
</VideoSegment>
</TemporalDecomposition>
</VideoSegment>
<VideoSegment id="shot8_138">
<MediaTime>
<MediaTimePoint>T00:23:14:24803F30000</MediaTimePoint>
<MediaDuration>PT00H00M10S14314N30000F</MediaDuration>
</MediaTime>
<TemporalDecomposition>
<VideoSegment id="shot8_138_RKF">
<MediaTime>
<MediaTimePoint>T00:23:20:959F30000</MediaTimePoint>
</MediaTime>
</VideoSegment>
</TemporalDecomposition>
</VideoSegment>
<VideoSegment id="shot8_139">
<MediaTime>
<MediaTimePoint>T00:23:25:9117F30000</MediaTimePoint>
<MediaDuration>PT00H00M09S13283N30000F</MediaDuration>
</MediaTime>
<TemporalDecomposition>
<VideoSegment id="shot8_139_RKF">
<MediaTime>
<MediaTimePoint>T00:23:30:258F30000</MediaTimePoint>
</MediaTime>
</VideoSegment>
</TemporalDecomposition>
</VideoSegment>
<VideoSegment id="shot8_140">
<MediaTime>
<MediaTimePoint>T00:23:34:22400F30000</MediaTimePoint>
<MediaDuration>PT00H00M27S24834N30000F</MediaDuration>
</MediaTime>
<TemporalDecomposition>
<VideoSegment id="shot8_140_RKF">
<MediaTime>
<MediaTimePoint>T00:23:48:18816F30000</MediaTimePoint>
</MediaTime>
</VideoSegment>
</TemporalDecomposition>
</VideoSegment>
<VideoSegment id="shot8_141">
<MediaTime>
<MediaTimePoint>T00:24:02:17234F30000</MediaTimePoint>
<MediaDuration>PT00H00M16S28508N30000F</MediaDuration>
</MediaTime>
<TemporalDecomposition>
<VideoSegment id="shot8_141_RKF">
<MediaTime>
<MediaTimePoint>T00:24:11:487F30000</MediaTimePoint>
</MediaTime>
</VideoSegment>
</TemporalDecomposition>
</VideoSegment>
<VideoSegment id="shot8_142">
<MediaTime>
<MediaTimePoint>T00:24:19:15742F30000</MediaTimePoint>
<MediaDuration>PT00H00M04S12132N30000F</MediaDuration>
</MediaTime>
<TemporalDecomposition>
<VideoSegment id="shot8_142_RKF">
<MediaTime>
<MediaTimePoint>T00:24:21:20807F30000</MediaTimePoint>
</MediaTime>
</VideoSegment>
</TemporalDecomposition>
</VideoSegment>
<VideoSegment id="shot8_143">
<MediaTime>
<MediaTimePoint>T00:24:23:27874F30000</MediaTimePoint>
<MediaDuration>PT00H00M06S10190N30000F</MediaDuration>
</MediaTime>
<TemporalDecomposition>
<VideoSegment id="shot8_143_RKF">
<MediaTime>
<MediaTimePoint>T00:24:27:1968F30000</MediaTimePoint>
</MediaTime>
</VideoSegment>
</TemporalDecomposition>
</VideoSegment>
<VideoSegment id="shot8_144">
<MediaTime>
<MediaTimePoint>T00:24:30:8064F30000</MediaTimePoint>
<MediaDuration>PT00H00M02S13073N30000F</MediaDuration>
</MediaTime>
<TemporalDecomposition>
<VideoSegment id="shot8_144_RKF">
<MediaTime>
<MediaTimePoint>T00:24:31:14100F30000</MediaTimePoint>
</MediaTime>
</VideoSegment>
</TemporalDecomposition>
</VideoSegment>
<VideoSegment id="shot8_145">
<MediaTime>
<MediaTimePoint>T00:24:32:21137F30000</MediaTimePoint>
<MediaDuration>PT00H00M04S17137N30000F</MediaDuration>
</MediaTime>
<TemporalDecomposition>
<VideoSegment id="shot8_145_RKF">
<MediaTime>
<MediaTimePoint>T00:24:34:29205F30000</MediaTimePoint>
</MediaTime>
</VideoSegment>
</TemporalDecomposition>
</VideoSegment>
<VideoSegment id="shot8_146">
<MediaTime>
<MediaTimePoint>T00:24:37:8274F30000</MediaTimePoint>
<MediaDuration>PT00H00M08S25265N30000F</MediaDuration>
</MediaTime>
<TemporalDecomposition>
<VideoSegment id="shot8_146_RKF">
<MediaTime>
<MediaTimePoint>T00:24:41:20406F30000</MediaTimePoint>
</MediaTime>
</VideoSegment>
</TemporalDecomposition>
</VideoSegment>
<VideoSegment id="shot8_147">
<MediaTime>
<MediaTimePoint>T00:24:46:3539F30000</MediaTimePoint>
<MediaDuration>PT00H00M04S14134N30000F</MediaDuration>
</MediaTime>
<TemporalDecomposition>
<VideoSegment id="shot8_147_RKF">
<MediaTime>
<MediaTimePoint>T00:24:48:9605F30000</MediaTimePoint>
</MediaTime>
</VideoSegment>
</TemporalDecomposition>
</VideoSegment>
<VideoSegment id="shot8_148">
<MediaTime>
<MediaTimePoint>T00:24:50:17673F30000</MediaTimePoint>
<MediaDuration>PT00H00M02S22082N30000F</MediaDuration>
</MediaTime>
<TemporalDecomposition>
<VideoSegment id="shot8_148_NRKF_1">
<MediaTime>
<MediaTimePoint>T00:24:50:27683F30000</MediaTimePoint>
</MediaTime>
</VideoSegment>
<VideoSegment id="shot8_148_RKF">
<MediaTime>
<MediaTimePoint>T00:24:51:27713F30000</MediaTimePoint>
</MediaTime>
</VideoSegment>
<VideoSegment id="shot8_148_NRKF_2">
<MediaTime>
<MediaTimePoint>T00:24:52:8724F30000</MediaTimePoint>
</MediaTime>
</VideoSegment>
</TemporalDecomposition>
</VideoSegment>
<VideoSegment id="shot8_149">
<MediaTime>
<MediaTimePoint>T00:24:53:9755F30000</MediaTimePoint>
<MediaDuration>PT00H00M03S14104N30000F</MediaDuration>
</MediaTime>
<TemporalDecomposition>
<VideoSegment id="shot8_149_NRKF_1">
<MediaTime>
<MediaTimePoint>T00:24:54:1777F30000</MediaTimePoint>
</MediaTime>
</VideoSegment>
<VideoSegment id="shot8_149_RKF">
<MediaTime>
<MediaTimePoint>T00:24:55:806F30000</MediaTimePoint>
</MediaTime>
</VideoSegment>
<VideoSegment id="shot8_149_NRKF_2">
<MediaTime>
<MediaTimePoint>T00:24:55:23829F30000</MediaTimePoint>
</MediaTime>
</VideoSegment>
</TemporalDecomposition>
</VideoSegment>
<VideoSegment id="shot8_150">
<MediaTime>
<MediaTimePoint>T00:24:56:23859F30000</MediaTimePoint>
<MediaDuration>PT00H00M02S15075N30000F</MediaDuration>
</MediaTime>
<TemporalDecomposition>
<VideoSegment id="shot8_150_RKF">
<MediaTime>
<MediaTimePoint>T00:24:58:896F30000</MediaTimePoint>
</MediaTime>
</VideoSegment>
</TemporalDecomposition>
</VideoSegment>
<VideoSegment id="shot8_151">
<MediaTime>
<MediaTimePoint>T00:24:59:8934F30000</MediaTimePoint>
<MediaDuration>PT00H00M02S4064N30000F</MediaDuration>
</MediaTime>
<TemporalDecomposition>
<VideoSegment id="shot8_151_RKF">
<MediaTime>
<MediaTimePoint>T00:25:00:9965F30000</MediaTimePoint>
</MediaTime>
</VideoSegment>
</TemporalDecomposition>
</VideoSegment>
<VideoSegment id="shot8_152">
<MediaTime>
<MediaTimePoint>T00:25:01:12998F30000</MediaTimePoint>
<MediaDuration>PT00H00M03S8098N30000F</MediaDuration>
</MediaTime>
<TemporalDecomposition>
<VideoSegment id="shot8_152_NRKF_1">
<MediaTime>
<MediaTimePoint>T00:25:02:4019F30000</MediaTimePoint>
</MediaTime>
</VideoSegment>
<VideoSegment id="shot8_152_RKF">
<MediaTime>
<MediaTimePoint>T00:25:03:1046F30000</MediaTimePoint>
</MediaTime>
</VideoSegment>
<VideoSegment id="shot8_152_NRKF_2">
<MediaTime>
<MediaTimePoint>T00:25:03:23068F30000</MediaTimePoint>
</MediaTime>
</VideoSegment>
</TemporalDecomposition>
</VideoSegment>
<VideoSegment id="shot8_153">
<MediaTime>
<MediaTimePoint>T00:25:04:21096F30000</MediaTimePoint>
<MediaDuration>PT00H00M03S5095N30000F</MediaDuration>
</MediaTime>
<TemporalDecomposition>
<VideoSegment id="shot8_153_NRKF_1">
<MediaTime>
<MediaTimePoint>T00:25:05:1106F30000</MediaTimePoint>
</MediaTime>
</VideoSegment>
<VideoSegment id="shot8_153_NRKF_2">
<MediaTime>
<MediaTimePoint>T00:25:06:1136F30000</MediaTimePoint>
</MediaTime>
</VideoSegment>
<VideoSegment id="shot8_153_RKF">
<MediaTime>
<MediaTimePoint>T00:25:06:8143F30000</MediaTimePoint>
</MediaTime>
</VideoSegment>
<VideoSegment id="shot8_153_NRKF_3">
<MediaTime>
<MediaTimePoint>T00:25:07:8173F30000</MediaTimePoint>
</MediaTime>
</VideoSegment>
</TemporalDecomposition>
</VideoSegment>
<VideoSegment id="shot8_154">
<MediaTime>
<MediaTimePoint>T00:25:07:26191F30000</MediaTimePoint>
<MediaDuration>PT00H00M02S11071N30000F</MediaDuration>
</MediaTime>
<TemporalDecomposition>
<VideoSegment id="shot8_154_NRKF_1">
<MediaTime>
<MediaTimePoint>T00:25:08:3198F30000</MediaTimePoint>
</MediaTime>
</VideoSegment>
<VideoSegment id="shot8_154_NRKF_2">
<MediaTime>
<MediaTimePoint>T00:25:08:22217F30000</MediaTimePoint>
</MediaTime>
</VideoSegment>
<VideoSegment id="shot8_154_RKF">
<MediaTime>
<MediaTimePoint>T00:25:09:1226F30000</MediaTimePoint>
</MediaTime>
</VideoSegment>
<VideoSegment id="shot8_154_NRKF_3">
<MediaTime>
<MediaTimePoint>T00:25:09:20245F30000</MediaTimePoint>
</MediaTime>
</VideoSegment>
</TemporalDecomposition>
</VideoSegment>
<VideoSegment id="shot8_155">
<MediaTime>
<MediaTimePoint>T00:25:10:7262F30000</MediaTimePoint>
<MediaDuration>PT00H00M02S23083N30000F</MediaDuration>
</MediaTime>
<TemporalDecomposition>
<VideoSegment id="shot8_155_NRKF_1">
<MediaTime>
<MediaTimePoint>T00:25:10:20275F30000</MediaTimePoint>
</MediaTime>
</VideoSegment>
<VideoSegment id="shot8_155_NRKF_2">
<MediaTime>
<MediaTimePoint>T00:25:11:11296F30000</MediaTimePoint>
</MediaTime>
</VideoSegment>
<VideoSegment id="shot8_155_RKF">
<MediaTime>
<MediaTimePoint>T00:25:11:18303F30000</MediaTimePoint>
</MediaTime>
</VideoSegment>
<VideoSegment id="shot8_155_NRKF_3">
<MediaTime>
<MediaTimePoint>T00:25:11:25310F30000</MediaTimePoint>
</MediaTime>
</VideoSegment>
<VideoSegment id="shot8_155_NRKF_4">
<MediaTime>
<MediaTimePoint>T00:25:12:16331F30000</MediaTimePoint>
</MediaTime>
</VideoSegment>
</TemporalDecomposition>
</VideoSegment>
<VideoSegment id="shot8_156">
<MediaTime>
<MediaTimePoint>T00:25:13:345F30000</MediaTimePoint>
<MediaDuration>PT00H00M02S1061N30000F</MediaDuration>
</MediaTime>
<TemporalDecomposition>
<VideoSegment id="shot8_156_RKF">
<MediaTime>
<MediaTimePoint>T00:25:14:375F30000</MediaTimePoint>
</MediaTime>
</VideoSegment>
</TemporalDecomposition>
</VideoSegment>
<VideoSegment id="shot8_157">
<MediaTime>
<MediaTimePoint>T00:25:15:1406F30000</MediaTimePoint>
<MediaDuration>PT00H00M03S11101N30000F</MediaDuration>
</MediaTime>
<TemporalDecomposition>
<VideoSegment id="shot8_157_NRKF_1">
<MediaTime>
<MediaTimePoint>T00:25:15:26431F30000</MediaTimePoint>
</MediaTime>
</VideoSegment>
<VideoSegment id="shot8_157_RKF">
<MediaTime>
<MediaTimePoint>T00:25:16:21456F30000</MediaTimePoint>
</MediaTime>
</VideoSegment>
<VideoSegment id="shot8_157_NRKF_2">
<MediaTime>
<MediaTimePoint>T00:25:17:16481F30000</MediaTimePoint>
</MediaTime>
</VideoSegment>
</TemporalDecomposition>
</VideoSegment>
<VideoSegment id="shot8_158">
<MediaTime>
<MediaTimePoint>T00:25:18:12507F30000</MediaTimePoint>
<MediaDuration>PT00H00M02S19079N30000F</MediaDuration>
</MediaTime>
<TemporalDecomposition>
<VideoSegment id="shot8_158_RKF">
<MediaTime>
<MediaTimePoint>T00:25:19:21546F30000</MediaTimePoint>
</MediaTime>
</VideoSegment>
</TemporalDecomposition>
</VideoSegment>
<VideoSegment id="shot8_159">
<MediaTime>
<MediaTimePoint>T00:25:21:1586F30000</MediaTimePoint>
<MediaDuration>PT00H00M03S3093N30000F</MediaDuration>
</MediaTime>
<TemporalDecomposition>
<VideoSegment id="shot8_159_NRKF_1">
<MediaTime>
<MediaTimePoint>T00:25:21:21606F30000</MediaTimePoint>
</MediaTime>
</VideoSegment>
<VideoSegment id="shot8_159_RKF">
<MediaTime>
<MediaTimePoint>T00:25:22:17632F30000</MediaTimePoint>
</MediaTime>
</VideoSegment>
<VideoSegment id="shot8_159_NRKF_2">
<MediaTime>
<MediaTimePoint>T00:25:23:7652F30000</MediaTimePoint>
</MediaTime>
</VideoSegment>
</TemporalDecomposition>
</VideoSegment>
<VideoSegment id="shot8_160">
<MediaTime>
<MediaTimePoint>T00:25:24:4679F30000</MediaTimePoint>
<MediaDuration>PT00H00M05S16166N30000F</MediaDuration>
</MediaTime>
<TemporalDecomposition>
<VideoSegment id="shot8_160_NRKF_1">
<MediaTime>
<MediaTimePoint>T00:25:25:2707F30000</MediaTimePoint>
</MediaTime>
</VideoSegment>
<VideoSegment id="shot8_160_RKF">
<MediaTime>
<MediaTimePoint>T00:25:26:26761F30000</MediaTimePoint>
</MediaTime>
</VideoSegment>
<VideoSegment id="shot8_160_NRKF_2">
<MediaTime>
<MediaTimePoint>T00:25:27:25790F30000</MediaTimePoint>
</MediaTime>
</VideoSegment>
</TemporalDecomposition>
</VideoSegment>
<VideoSegment id="shot8_161">
<MediaTime>
<MediaTimePoint>T00:25:29:20845F30000</MediaTimePoint>
<MediaDuration>PT00H00M03S21111N30000F</MediaDuration>
</MediaTime>
<TemporalDecomposition>
<VideoSegment id="shot8_161_NRKF_1">
<MediaTime>
<MediaTimePoint>T00:25:30:2857F30000</MediaTimePoint>
</MediaTime>
</VideoSegment>
<VideoSegment id="shot8_161_NRKF_2">
<MediaTime>
<MediaTimePoint>T00:25:30:23878F30000</MediaTimePoint>
</MediaTime>
</VideoSegment>
<VideoSegment id="shot8_161_RKF">
<MediaTime>
<MediaTimePoint>T00:25:31:15900F30000</MediaTimePoint>
</MediaTime>
</VideoSegment>
<VideoSegment id="shot8_161_NRKF_3">
<MediaTime>
<MediaTimePoint>T00:25:32:6921F30000</MediaTimePoint>
</MediaTime>
</VideoSegment>
</TemporalDecomposition>
</VideoSegment>
<VideoSegment id="shot8_162">
<MediaTime>
<MediaTimePoint>T00:25:33:11956F30000</MediaTimePoint>
<MediaDuration>PT00H00M02S20080N30000F</MediaDuration>
</MediaTime>
<TemporalDecomposition>
<VideoSegment id="shot8_162_RKF">
<MediaTime>
<MediaTimePoint>T00:25:34:20995F30000</MediaTimePoint>
</MediaTime>
</VideoSegment>
</TemporalDecomposition>
</VideoSegment>
<VideoSegment id="shot8_163">
<MediaTime>
<MediaTimePoint>T00:25:36:2036F30000</MediaTimePoint>
<MediaDuration>PT00H00M03S5095N30000F</MediaDuration>
</MediaTime>
<TemporalDecomposition>
<VideoSegment id="shot8_163_RKF">
<MediaTime>
<MediaTimePoint>T00:25:37:19083F30000</MediaTimePoint>
</MediaTime>
</VideoSegment>
</TemporalDecomposition>
</VideoSegment>
<VideoSegment id="shot8_164">
<MediaTime>
<MediaTimePoint>T00:25:39:7131F30000</MediaTimePoint>
<MediaDuration>PT00H00M02S5065N30000F</MediaDuration>
</MediaTime>
<TemporalDecomposition>
<VideoSegment id="shot8_164_NRKF_1">
<MediaTime>
<MediaTimePoint>T00:25:39:20144F30000</MediaTimePoint>
</MediaTime>
</VideoSegment>
<VideoSegment id="shot8_164_RKF">
<MediaTime>
<MediaTimePoint>T00:25:40:9163F30000</MediaTimePoint>
</MediaTime>
</VideoSegment>
<VideoSegment id="shot8_164_NRKF_2">
<MediaTime>
<MediaTimePoint>T00:25:40:22176F30000</MediaTimePoint>
</MediaTime>
</VideoSegment>
</TemporalDecomposition>
</VideoSegment>
<VideoSegment id="shot8_165">
<MediaTime>
<MediaTimePoint>T00:25:41:12196F30000</MediaTimePoint>
<MediaDuration>PT00H00M02S27087N30000F</MediaDuration>
</MediaTime>
<TemporalDecomposition>
<VideoSegment id="shot8_165_NRKF_1">
<MediaTime>
<MediaTimePoint>T00:25:42:4218F30000</MediaTimePoint>
</MediaTime>
</VideoSegment>
<VideoSegment id="shot8_165_RKF">
<MediaTime>
<MediaTimePoint>T00:25:42:25239F30000</MediaTimePoint>
</MediaTime>
</VideoSegment>
<VideoSegment id="shot8_165_NRKF_2">
<MediaTime>
<MediaTimePoint>T00:25:43:17261F30000</MediaTimePoint>
</MediaTime>
</VideoSegment>
</TemporalDecomposition>
</VideoSegment>
<VideoSegment id="shot8_166">
<MediaTime>
<MediaTimePoint>T00:25:44:9283F30000</MediaTimePoint>
<MediaDuration>PT00H00M02S4064N30000F</MediaDuration>
</MediaTime>
<TemporalDecomposition>
<VideoSegment id="shot8_166_NRKF_1">
<MediaTime>
<MediaTimePoint>T00:25:44:24298F30000</MediaTimePoint>
</MediaTime>
</VideoSegment>
<VideoSegment id="shot8_166_RKF">
<MediaTime>
<MediaTimePoint>T00:25:45:10314F30000</MediaTimePoint>
</MediaTime>
</VideoSegment>
<VideoSegment id="shot8_166_NRKF_2">
<MediaTime>
<MediaTimePoint>T00:25:45:26330F30000</MediaTimePoint>
</MediaTime>
</VideoSegment>
</TemporalDecomposition>
</VideoSegment>
<VideoSegment id="shot8_167">
<MediaTime>
<MediaTimePoint>T00:25:46:13347F30000</MediaTimePoint>
<MediaDuration>PT00H00M03S18108N30000F</MediaDuration>
</MediaTime>
<TemporalDecomposition>
<VideoSegment id="shot8_167_NRKF_1">
<MediaTime>
<MediaTimePoint>T00:25:47:4368F30000</MediaTimePoint>
</MediaTime>
</VideoSegment>
<VideoSegment id="shot8_167_RKF">
<MediaTime>
<MediaTimePoint>T00:25:48:6400F30000</MediaTimePoint>
</MediaTime>
</VideoSegment>
<VideoSegment id="shot8_167_NRKF_2">
<MediaTime>
<MediaTimePoint>T00:25:48:28422F30000</MediaTimePoint>
</MediaTime>
</VideoSegment>
</TemporalDecomposition>
</VideoSegment>
<VideoSegment id="shot8_168">
<MediaTime>
<MediaTimePoint>T00:25:50:1455F30000</MediaTimePoint>
<MediaDuration>PT00H00M03S3093N30000F</MediaDuration>
</MediaTime>
<TemporalDecomposition>
<VideoSegment id="shot8_168_NRKF_1">
<MediaTime>
<MediaTimePoint>T00:25:50:16470F30000</MediaTimePoint>
</MediaTime>
</VideoSegment>
<VideoSegment id="shot8_168_RKF">
<MediaTime>
<MediaTimePoint>T00:25:51:17501F30000</MediaTimePoint>
</MediaTime>
</VideoSegment>
<VideoSegment id="shot8_168_NRKF_2">
<MediaTime>
<MediaTimePoint>T00:25:52:2516F30000</MediaTimePoint>
</MediaTime>
</VideoSegment>
</TemporalDecomposition>
</VideoSegment>
<VideoSegment id="shot8_169">
<MediaTime>
<MediaTimePoint>T00:25:53:4548F30000</MediaTimePoint>
<MediaDuration>PT00H00M04S13133N30000F</MediaDuration>
</MediaTime>
<TemporalDecomposition>
<VideoSegment id="shot8_169_NRKF_1">
<MediaTime>
<MediaTimePoint>T00:25:54:3577F30000</MediaTimePoint>
</MediaTime>
</VideoSegment>
<VideoSegment id="shot8_169_RKF">
<MediaTime>
<MediaTimePoint>T00:25:55:10614F30000</MediaTimePoint>
</MediaTime>
</VideoSegment>
<VideoSegment id="shot8_169_NRKF_2">
<MediaTime>
<MediaTimePoint>T00:25:56:10644F30000</MediaTimePoint>
</MediaTime>
</VideoSegment>
</TemporalDecomposition>
</VideoSegment>
<VideoSegment id="shot8_170">
<MediaTime>
<MediaTimePoint>T00:25:57:17681F30000</MediaTimePoint>
<MediaDuration>PT00H00M03S5095N30000F</MediaDuration>
</MediaTime>
<TemporalDecomposition>
<VideoSegment id="shot8_170_RKF">
<MediaTime>
<MediaTimePoint>T00:25:59:4728F30000</MediaTimePoint>
</MediaTime>
</VideoSegment>
</TemporalDecomposition>
</VideoSegment>
<VideoSegment id="shot8_171">
<MediaTime>
<MediaTimePoint>T00:26:00:22776F30000</MediaTimePoint>
<MediaDuration>PT00H00M02S3063N30000F</MediaDuration>
</MediaTime>
<TemporalDecomposition>
<VideoSegment id="shot8_171_RKF">
<MediaTime>
<MediaTimePoint>T00:26:01:23807F30000</MediaTimePoint>
</MediaTime>
</VideoSegment>
</TemporalDecomposition>
</VideoSegment>
<VideoSegment id="shot8_172">
<MediaTime>
<MediaTimePoint>T00:26:02:25839F30000</MediaTimePoint>
<MediaDuration>PT00H00M02S3063N30000F</MediaDuration>
</MediaTime>
<TemporalDecomposition>
<VideoSegment id="shot8_172_RKF">
<MediaTime>
<MediaTimePoint>T00:26:03:26870F30000</MediaTimePoint>
</MediaTime>
</VideoSegment>
</TemporalDecomposition>
</VideoSegment>
<VideoSegment id="shot8_173">
<MediaTime>
<MediaTimePoint>T00:26:04:28902F30000</MediaTimePoint>
<MediaDuration>PT00H00M04S7127N30000F</MediaDuration>
</MediaTime>
<TemporalDecomposition>
<VideoSegment id="shot8_173_RKF">
<MediaTime>
<MediaTimePoint>T00:26:07:1965F30000</MediaTimePoint>
</MediaTime>
</VideoSegment>
</TemporalDecomposition>
</VideoSegment>
<VideoSegment id="shot8_174">
<MediaTime>
<MediaTimePoint>T00:26:09:6029F30000</MediaTimePoint>
<MediaDuration>PT00H00M02S16076N30000F</MediaDuration>
</MediaTime>
<TemporalDecomposition>
<VideoSegment id="shot8_174_RKF">
<MediaTime>
<MediaTimePoint>T00:26:10:13066F30000</MediaTimePoint>
</MediaTime>
</VideoSegment>
</TemporalDecomposition>
</VideoSegment>
<VideoSegment id="shot8_175">
<MediaTime>
<MediaTimePoint>T00:26:11:22105F30000</MediaTimePoint>
<MediaDuration>PT00H00M03S14104N30000F</MediaDuration>
</MediaTime>
<TemporalDecomposition>
<VideoSegment id="shot8_175_RKF">
<MediaTime>
<MediaTimePoint>T00:26:13:13156F30000</MediaTimePoint>
</MediaTime>
</VideoSegment>
</TemporalDecomposition>
</VideoSegment>
<VideoSegment id="shot8_176">
<MediaTime>
<MediaTimePoint>T00:26:15:6209F30000</MediaTimePoint>
<MediaDuration>PT00H00M04S22142N30000F</MediaDuration>
</MediaTime>
<TemporalDecomposition>
<VideoSegment id="shot8_176_RKF">
<MediaTime>
<MediaTimePoint>T00:26:17:16279F30000</MediaTimePoint>
</MediaTime>
</VideoSegment>
</TemporalDecomposition>
</VideoSegment>
<VideoSegment id="shot8_177">
<MediaTime>
<MediaTimePoint>T00:26:19:28351F30000</MediaTimePoint>
<MediaDuration>PT00H00M12S29389N30000F</MediaDuration>
</MediaTime>
<TemporalDecomposition>
<VideoSegment id="shot8_177_RKF">
<MediaTime>
<MediaTimePoint>T00:26:26:12545F30000</MediaTimePoint>
</MediaTime>
</VideoSegment>
</TemporalDecomposition>
</VideoSegment>
<VideoSegment id="shot8_178">
<MediaTime>
<MediaTimePoint>T00:26:32:27740F30000</MediaTimePoint>
<MediaDuration>PT00H00M03S10100N30000F</MediaDuration>
</MediaTime>
<TemporalDecomposition>
<VideoSegment id="shot8_178_RKF">
<MediaTime>
<MediaTimePoint>T00:26:34:16789F30000</MediaTimePoint>
</MediaTime>
</VideoSegment>
</TemporalDecomposition>
</VideoSegment>
<VideoSegment id="shot8_179">
<MediaTime>
<MediaTimePoint>T00:26:36:7840F30000</MediaTimePoint>
<MediaDuration>PT00H00M14S24444N30000F</MediaDuration>
</MediaTime>
<TemporalDecomposition>
<VideoSegment id="shot8_179_NRKF_1">
<MediaTime>
<MediaTimePoint>T00:26:37:5868F30000</MediaTimePoint>
</MediaTime>
</VideoSegment>
<VideoSegment id="shot8_179_RKF">
<MediaTime>
<MediaTimePoint>T00:26:43:19061F30000</MediaTimePoint>
</MediaTime>
</VideoSegment>
<VideoSegment id="shot8_179_NRKF_2">
<MediaTime>
<MediaTimePoint>T00:26:44:18090F30000</MediaTimePoint>
</MediaTime>
</VideoSegment>
</TemporalDecomposition>
</VideoSegment>
<VideoSegment id="shot8_180">
<MediaTime>
<MediaTimePoint>T00:26:51:2284F30000</MediaTimePoint>
<MediaDuration>PT00H00M03S27117N30000F</MediaDuration>
</MediaTime>
<TemporalDecomposition>
<VideoSegment id="shot8_180_RKF">
<MediaTime>
<MediaTimePoint>T00:26:53:342F30000</MediaTimePoint>
</MediaTime>
</VideoSegment>
</TemporalDecomposition>
</VideoSegment>
<VideoSegment id="shot8_181">
<MediaTime>
<MediaTimePoint>T00:26:54:29401F30000</MediaTimePoint>
<MediaDuration>PT00H00M02S6066N30000F</MediaDuration>
</MediaTime>
<TemporalDecomposition>
<VideoSegment id="shot8_181_NRKF_1">
<MediaTime>
<MediaTimePoint>T00:26:55:12414F30000</MediaTimePoint>
</MediaTime>
</VideoSegment>
<VideoSegment id="shot8_181_RKF">
<MediaTime>
<MediaTimePoint>T00:26:56:1433F30000</MediaTimePoint>
</MediaTime>
</VideoSegment>
<VideoSegment id="shot8_181_NRKF_2">
<MediaTime>
<MediaTimePoint>T00:26:56:5437F30000</MediaTimePoint>
</MediaTime>
</VideoSegment>
<VideoSegment id="shot8_181_NRKF_3">
<MediaTime>
<MediaTimePoint>T00:26:56:24456F30000</MediaTimePoint>
</MediaTime>
</VideoSegment>
</TemporalDecomposition>
</VideoSegment>
<VideoSegment id="shot8_182">
<MediaTime>
<MediaTimePoint>T00:26:57:5467F30000</MediaTimePoint>
<MediaDuration>PT00H00M02S7067N30000F</MediaDuration>
</MediaTime>
<TemporalDecomposition>
<VideoSegment id="shot8_182_NRKF_1">
<MediaTime>
<MediaTimePoint>T00:26:57:25487F30000</MediaTimePoint>
</MediaTime>
</VideoSegment>
<VideoSegment id="shot8_182_RKF">
<MediaTime>
<MediaTimePoint>T00:26:58:8500F30000</MediaTimePoint>
</MediaTime>
</VideoSegment>
<VideoSegment id="shot8_182_NRKF_2">
<MediaTime>
<MediaTimePoint>T00:26:58:28520F30000</MediaTimePoint>
</MediaTime>
</VideoSegment>
</TemporalDecomposition>
</VideoSegment>
<VideoSegment id="shot8_183">
<MediaTime>
<MediaTimePoint>T00:26:59:12534F30000</MediaTimePoint>
<MediaDuration>PT00H00M02S23083N30000F</MediaDuration>
</MediaTime>
<TemporalDecomposition>
<VideoSegment id="shot8_183_RKF">
<MediaTime>
<MediaTimePoint>T00:27:00:23575F30000</MediaTimePoint>
</MediaTime>
</VideoSegment>
</TemporalDecomposition>
</VideoSegment>
<VideoSegment id="shot8_184">
<MediaTime>
<MediaTimePoint>T00:27:02:5617F30000</MediaTimePoint>
<MediaDuration>PT00H00M05S2152N30000F</MediaDuration>
</MediaTime>
<TemporalDecomposition>
<VideoSegment id="shot8_184_RKF">
<MediaTime>
<MediaTimePoint>T00:27:04:20692F30000</MediaTimePoint>
</MediaTime>
</VideoSegment>
</TemporalDecomposition>
</VideoSegment>
<VideoSegment id="shot8_185">
<MediaTime>
<MediaTimePoint>T00:27:07:7769F30000</MediaTimePoint>
<MediaDuration>PT00H00M04S2122N30000F</MediaDuration>
</MediaTime>
<TemporalDecomposition>
<VideoSegment id="shot8_185_NRKF_1">
<MediaTime>
<MediaTimePoint>T00:27:07:26788F30000</MediaTimePoint>
</MediaTime>
</VideoSegment>
<VideoSegment id="shot8_185_RKF">
<MediaTime>
<MediaTimePoint>T00:27:09:7829F30000</MediaTimePoint>
</MediaTime>
</VideoSegment>
<VideoSegment id="shot8_185_NRKF_2">
<MediaTime>
<MediaTimePoint>T00:27:09:27849F30000</MediaTimePoint>
</MediaTime>
</VideoSegment>
</TemporalDecomposition>
</VideoSegment>
<VideoSegment id="shot8_186">
<MediaTime>
<MediaTimePoint>T00:27:11:9891F30000</MediaTimePoint>
<MediaDuration>PT00H00M04S9129N30000F</MediaDuration>
</MediaTime>
<TemporalDecomposition>
<VideoSegment id="shot8_186_NRKF_1">
<MediaTime>
<MediaTimePoint>T00:27:11:24906F30000</MediaTimePoint>
</MediaTime>
</VideoSegment>
<VideoSegment id="shot8_186_NRKF_2">
<MediaTime>
<MediaTimePoint>T00:27:12:21933F30000</MediaTimePoint>
</MediaTime>
</VideoSegment>
<VideoSegment id="shot8_186_RKF">
<MediaTime>
<MediaTimePoint>T00:27:13:13955F30000</MediaTimePoint>
</MediaTime>
</VideoSegment>
<VideoSegment id="shot8_186_NRKF_3">
<MediaTime>
<MediaTimePoint>T00:27:14:9981F30000</MediaTimePoint>
</MediaTime>
</VideoSegment>
</TemporalDecomposition>
</VideoSegment>
<VideoSegment id="shot8_187">
<MediaTime>
<MediaTimePoint>T00:27:15:19020F30000</MediaTimePoint>
<MediaDuration>PT00H00M02S13073N30000F</MediaDuration>
</MediaTime>
<TemporalDecomposition>
<VideoSegment id="shot8_187_NRKF_1">
<MediaTime>
<MediaTimePoint>T00:27:16:13044F30000</MediaTimePoint>
</MediaTime>
</VideoSegment>
<VideoSegment id="shot8_187_RKF">
<MediaTime>
<MediaTimePoint>T00:27:16:25056F30000</MediaTimePoint>
</MediaTime>
</VideoSegment>
<VideoSegment id="shot8_187_NRKF_2">
<MediaTime>
<MediaTimePoint>T00:27:17:20081F30000</MediaTimePoint>
</MediaTime>
</VideoSegment>
</TemporalDecomposition>
</VideoSegment>
<VideoSegment id="shot8_188">
<MediaTime>
<MediaTimePoint>T00:27:18:2093F30000</MediaTimePoint>
<MediaDuration>PT00H00M02S5065N30000F</MediaDuration>
</MediaTime>
<TemporalDecomposition>
<VideoSegment id="shot8_188_NRKF_1">
<MediaTime>
<MediaTimePoint>T00:27:18:12103F30000</MediaTimePoint>
</MediaTime>
</VideoSegment>
<VideoSegment id="shot8_188_RKF">
<MediaTime>
<MediaTimePoint>T00:27:19:4125F30000</MediaTimePoint>
</MediaTime>
</VideoSegment>
<VideoSegment id="shot8_188_NRKF_2">
<MediaTime>
<MediaTimePoint>T00:27:19:14135F30000</MediaTimePoint>
</MediaTime>
</VideoSegment>
</TemporalDecomposition>
</VideoSegment>
<VideoSegment id="shot8_189">
<MediaTime>
<MediaTimePoint>T00:27:20:7158F30000</MediaTimePoint>
<MediaDuration>PT00H00M02S2062N30000F</MediaDuration>
</MediaTime>
<TemporalDecomposition>
<VideoSegment id="shot8_189_NRKF_1">
<MediaTime>
<MediaTimePoint>T00:27:20:10161F30000</MediaTimePoint>
</MediaTime>
</VideoSegment>
<VideoSegment id="shot8_189_NRKF_2">
<MediaTime>
<MediaTimePoint>T00:27:20:24175F30000</MediaTimePoint>
</MediaTime>
</VideoSegment>
<VideoSegment id="shot8_189_RKF">
<MediaTime>
<MediaTimePoint>T00:27:21:7188F30000</MediaTimePoint>
</MediaTime>
</VideoSegment>
<VideoSegment id="shot8_189_NRKF_3">
<MediaTime>
<MediaTimePoint>T00:27:21:21202F30000</MediaTimePoint>
</MediaTime>
</VideoSegment>
</TemporalDecomposition>
</VideoSegment>
<VideoSegment id="shot8_190">
<MediaTime>
<MediaTimePoint>T00:27:22:9220F30000</MediaTimePoint>
<MediaDuration>PT00H00M04S3123N30000F</MediaDuration>
</MediaTime>
<TemporalDecomposition>
<VideoSegment id="shot8_190_NRKF_1">
<MediaTime>
<MediaTimePoint>T00:27:23:8249F30000</MediaTimePoint>
</MediaTime>
</VideoSegment>
<VideoSegment id="shot8_190_RKF">
<MediaTime>
<MediaTimePoint>T00:27:24:10281F30000</MediaTimePoint>
</MediaTime>
</VideoSegment>
<VideoSegment id="shot8_190_NRKF_2">
<MediaTime>
<MediaTimePoint>T00:27:25:10311F30000</MediaTimePoint>
</MediaTime>
</VideoSegment>
</TemporalDecomposition>
</VideoSegment>
<VideoSegment id="shot8_191">
<MediaTime>
<MediaTimePoint>T00:27:26:12343F30000</MediaTimePoint>
<MediaDuration>PT00H00M03S17107N30000F</MediaDuration>
</MediaTime>
<TemporalDecomposition>
<VideoSegment id="shot8_191_RKF">
<MediaTime>
<MediaTimePoint>T00:27:28:5396F30000</MediaTimePoint>
</MediaTime>
</VideoSegment>
</TemporalDecomposition>
</VideoSegment>
<VideoSegment id="shot8_192">
<MediaTime>
<MediaTimePoint>T00:27:29:29450F30000</MediaTimePoint>
<MediaDuration>PT00H00M03S8098N30000F</MediaDuration>
</MediaTime>
<TemporalDecomposition>
<VideoSegment id="shot8_192_NRKF_1">
<MediaTime>
<MediaTimePoint>T00:27:30:19470F30000</MediaTimePoint>
</MediaTime>
</VideoSegment>
<VideoSegment id="shot8_192_RKF">
<MediaTime>
<MediaTimePoint>T00:27:31:17498F30000</MediaTimePoint>
</MediaTime>
</VideoSegment>
<VideoSegment id="shot8_192_NRKF_2">
<MediaTime>
<MediaTimePoint>T00:27:32:8519F30000</MediaTimePoint>
</MediaTime>
</VideoSegment>
</TemporalDecomposition>
</VideoSegment>
<VideoSegment id="shot8_193">
<MediaTime>
<MediaTimePoint>T00:27:33:7548F30000</MediaTimePoint>
<MediaDuration>PT00H00M03S11101N30000F</MediaDuration>
</MediaTime>
<TemporalDecomposition>
<VideoSegment id="shot8_193_NRKF_1">
<MediaTime>
<MediaTimePoint>T00:27:33:16557F30000</MediaTimePoint>
</MediaTime>
</VideoSegment>
<VideoSegment id="shot8_193_NRKF_2">
<MediaTime>
<MediaTimePoint>T00:27:34:8579F30000</MediaTimePoint>
</MediaTime>
</VideoSegment>
<VideoSegment id="shot8_193_NRKF_3">
<MediaTime>
<MediaTimePoint>T00:27:34:23594F30000</MediaTimePoint>
</MediaTime>
</VideoSegment>
<VideoSegment id="shot8_193_RKF">
<MediaTime>
<MediaTimePoint>T00:27:34:27598F30000</MediaTimePoint>
</MediaTime>
</VideoSegment>
<VideoSegment id="shot8_193_NRKF_4">
<MediaTime>
<MediaTimePoint>T00:27:35:21622F30000</MediaTimePoint>
</MediaTime>
</VideoSegment>
</TemporalDecomposition>
</VideoSegment>
<VideoSegment id="shot8_194">
<MediaTime>
<MediaTimePoint>T00:27:36:18649F30000</MediaTimePoint>
<MediaDuration>PT00H00M03S10100N30000F</MediaDuration>
</MediaTime>
<TemporalDecomposition>
<VideoSegment id="shot8_194_RKF">
<MediaTime>
<MediaTimePoint>T00:27:38:7698F30000</MediaTimePoint>
</MediaTime>
</VideoSegment>
</TemporalDecomposition>
</VideoSegment>
<VideoSegment id="shot8_195">
<MediaTime>
<MediaTimePoint>T00:27:39:28749F30000</MediaTimePoint>
<MediaDuration>PT00H00M03S5095N30000F</MediaDuration>
</MediaTime>
<TemporalDecomposition>
<VideoSegment id="shot8_195_RKF">
<MediaTime>
<MediaTimePoint>T00:27:41:15796F30000</MediaTimePoint>
</MediaTime>
</VideoSegment>
</TemporalDecomposition>
</VideoSegment>
<VideoSegment id="shot8_196">
<MediaTime>
<MediaTimePoint>T00:27:43:3844F30000</MediaTimePoint>
<MediaDuration>PT00H00M02S13073N30000F</MediaDuration>
</MediaTime>
<TemporalDecomposition>
<VideoSegment id="shot8_196_NRKF_1">
<MediaTime>
<MediaTimePoint>T00:27:43:20861F30000</MediaTimePoint>
</MediaTime>
</VideoSegment>
<VideoSegment id="shot8_196_RKF">
<MediaTime>
<MediaTimePoint>T00:27:44:9880F30000</MediaTimePoint>
</MediaTime>
</VideoSegment>
<VideoSegment id="shot8_196_NRKF_2">
<MediaTime>
<MediaTimePoint>T00:27:44:12883F30000</MediaTimePoint>
</MediaTime>
</VideoSegment>
<VideoSegment id="shot8_196_NRKF_3">
<MediaTime>
<MediaTimePoint>T00:27:45:1902F30000</MediaTimePoint>
</MediaTime>
</VideoSegment>
</TemporalDecomposition>
</VideoSegment>
<VideoSegment id="shot8_197">
<MediaTime>
<MediaTimePoint>T00:27:45:16917F30000</MediaTimePoint>
<MediaDuration>PT00H00M02S25085N30000F</MediaDuration>
</MediaTime>
<TemporalDecomposition>
<VideoSegment id="shot8_197_RKF">
<MediaTime>
<MediaTimePoint>T00:27:46:28959F30000</MediaTimePoint>
</MediaTime>
</VideoSegment>
</TemporalDecomposition>
</VideoSegment>
<VideoSegment id="shot8_198">
<MediaTime>
<MediaTimePoint>T00:27:48:12002F30000</MediaTimePoint>
<MediaDuration>PT00H00M03S4094N30000F</MediaDuration>
</MediaTime>
<TemporalDecomposition>
<VideoSegment id="shot8_198_RKF">
<MediaTime>
<MediaTimePoint>T00:27:49:28048F30000</MediaTimePoint>
</MediaTime>
</VideoSegment>
</TemporalDecomposition>
</VideoSegment>
<VideoSegment id="shot8_199">
<MediaTime>
<MediaTimePoint>T00:27:51:16096F30000</MediaTimePoint>
<MediaDuration>PT00H00M20S600N30000F</MediaDuration>
</MediaTime>
<TemporalDecomposition>
<VideoSegment id="shot8_199_NRKF_1">
<MediaTime>
<MediaTimePoint>T00:27:52:10120F30000</MediaTimePoint>
</MediaTime>
</VideoSegment>
<VideoSegment id="shot8_199_RKF">
<MediaTime>
<MediaTimePoint>T00:28:01:15395F30000</MediaTimePoint>
</MediaTime>
</VideoSegment>
<VideoSegment id="shot8_199_NRKF_2">
<MediaTime>
<MediaTimePoint>T00:28:02:10420F30000</MediaTimePoint>
</MediaTime>
</VideoSegment>
</TemporalDecomposition>
</VideoSegment>
<VideoSegment id="shot8_200">
<MediaTime>
<MediaTimePoint>T00:28:11:16696F30000</MediaTimePoint>
<MediaDuration>PT00H00M08S13253N30000F</MediaDuration>
</MediaTime>
<TemporalDecomposition>
<VideoSegment id="shot8_200_RKF">
<MediaTime>
<MediaTimePoint>T00:28:15:22822F30000</MediaTimePoint>
</MediaTime>
</VideoSegment>
</TemporalDecomposition>
</VideoSegment>
</TemporalDecomposition>
</Video>
</MultimediaContent>
</Description>
</Mpeg7>
