<?xml version="1.0" encoding="UTF-8"?>
<Mpeg7 xmlns="urn:mpeg:mpeg7:schema:2001" xmlns:mpeg7="urn:mpeg:mpeg7:schema:2001" xmlns:xsi="http://www.w3.org/2001/XMLSchema-instance">
<Description xsi:type="ContentEntityType">
<MultimediaContent xsi:type="VideoType">
<Video id="TRECVID2005_92">
<MediaLocator>
<MediaUri>20041127_130000_LBC_LBCNEWS2_ARB.mpg</MediaUri>
</MediaLocator>
<MediaTime>
<MediaTimePoint>T00:00:00:0F30000</MediaTimePoint>
<MediaDuration>PT00H24M59S29955N30000F</MediaDuration>
</MediaTime>
<TemporalDecomposition gap="false" overlap="false">
<VideoSegment id="shot92_1">
<MediaTime>
<MediaTimePoint>T00:00:00:0F30000</MediaTimePoint>
<MediaDuration>PT00H00M08S24264N30000F</MediaDuration>
</MediaTime>
<TemporalDecomposition>
<VideoSegment id="shot92_1_RKF">
<MediaTime>
<MediaTimePoint>T00:00:04:11131F30000</MediaTimePoint>
</MediaTime>
</VideoSegment>
</TemporalDecomposition>
</VideoSegment>
<VideoSegment id="shot92_2">
<MediaTime>
<MediaTimePoint>T00:00:08:24264F30000</MediaTimePoint>
<MediaDuration>PT00H00M02S13073N30000F</MediaDuration>
</MediaTime>
<TemporalDecomposition>
<VideoSegment id="shot92_2_RKF">
<MediaTime>
<MediaTimePoint>T00:00:10:300F30000</MediaTimePoint>
</MediaTime>
</VideoSegment>
</TemporalDecomposition>
</VideoSegment>
<VideoSegment id="shot92_3">
<MediaTime>
<MediaTimePoint>T00:00:11:7337F30000</MediaTimePoint>
<MediaDuration>PT00H00M02S5065N30000F</MediaDuration>
</MediaTime>
<TemporalDecomposition>
<VideoSegment id="shot92_3_RKF">
<MediaTime>
<MediaTimePoint>T00:00:12:9369F30000</MediaTimePoint>
</MediaTime>
</VideoSegment>
</TemporalDecomposition>
</VideoSegment>
<VideoSegment id="shot92_4">
<MediaTime>
<MediaTimePoint>T00:00:13:12402F30000</MediaTimePoint>
<MediaDuration>PT00H00M05S25175N30000F</MediaDuration>
</MediaTime>
<TemporalDecomposition>
<VideoSegment id="shot92_4_RKF">
<MediaTime>
<MediaTimePoint>T00:00:16:9489F30000</MediaTimePoint>
</MediaTime>
</VideoSegment>
</TemporalDecomposition>
</VideoSegment>
<VideoSegment id="shot92_5">
<MediaTime>
<MediaTimePoint>T00:00:19:7577F30000</MediaTimePoint>
<MediaDuration>PT00H00M04S13133N30000F</MediaDuration>
</MediaTime>
<TemporalDecomposition>
<VideoSegment id="shot92_5_RKF">
<MediaTime>
<MediaTimePoint>T00:00:21:13643F30000</MediaTimePoint>
</MediaTime>
</VideoSegment>
</TemporalDecomposition>
</VideoSegment>
<VideoSegment id="shot92_6">
<MediaTime>
<MediaTimePoint>T00:00:23:20710F30000</MediaTimePoint>
<MediaDuration>PT00H00M06S18198N30000F</MediaDuration>
</MediaTime>
<TemporalDecomposition>
<VideoSegment id="shot92_6_NRKF_1">
<MediaTime>
<MediaTimePoint>T00:00:24:19739F30000</MediaTimePoint>
</MediaTime>
</VideoSegment>
<VideoSegment id="shot92_6_RKF">
<MediaTime>
<MediaTimePoint>T00:00:26:28808F30000</MediaTimePoint>
</MediaTime>
</VideoSegment>
<VideoSegment id="shot92_6_NRKF_2">
<MediaTime>
<MediaTimePoint>T00:00:27:28838F30000</MediaTimePoint>
</MediaTime>
</VideoSegment>
</TemporalDecomposition>
</VideoSegment>
<VideoSegment id="shot92_7">
<MediaTime>
<MediaTimePoint>T00:00:30:8908F30000</MediaTimePoint>
<MediaDuration>PT00H00M07S16226N30000F</MediaDuration>
</MediaTime>
<TemporalDecomposition>
<VideoSegment id="shot92_7_NRKF_1">
<MediaTime>
<MediaTimePoint>T00:00:31:7937F30000</MediaTimePoint>
</MediaTime>
</VideoSegment>
<VideoSegment id="shot92_7_RKF">
<MediaTime>
<MediaTimePoint>T00:00:34:1020F30000</MediaTimePoint>
</MediaTime>
</VideoSegment>
<VideoSegment id="shot92_7_NRKF_2">
<MediaTime>
<MediaTimePoint>T00:00:35:1050F30000</MediaTimePoint>
</MediaTime>
</VideoSegment>
</TemporalDecomposition>
</VideoSegment>
<VideoSegment id="shot92_8">
<MediaTime>
<MediaTimePoint>T00:00:37:25134F30000</MediaTimePoint>
<MediaDuration>PT00H00M05S14164N30000F</MediaDuration>
</MediaTime>
<TemporalDecomposition>
<VideoSegment id="shot92_8_RKF">
<MediaTime>
<MediaTimePoint>T00:00:40:16215F30000</MediaTimePoint>
</MediaTime>
</VideoSegment>
</TemporalDecomposition>
</VideoSegment>
<VideoSegment id="shot92_9">
<MediaTime>
<MediaTimePoint>T00:00:43:9298F30000</MediaTimePoint>
<MediaDuration>PT00H00M05S9159N30000F</MediaDuration>
</MediaTime>
<TemporalDecomposition>
<VideoSegment id="shot92_9_RKF">
<MediaTime>
<MediaTimePoint>T00:00:45:28377F30000</MediaTimePoint>
</MediaTime>
</VideoSegment>
</TemporalDecomposition>
</VideoSegment>
<VideoSegment id="shot92_10">
<MediaTime>
<MediaTimePoint>T00:00:48:18457F30000</MediaTimePoint>
<MediaDuration>PT00H00M12S26386N30000F</MediaDuration>
</MediaTime>
<TemporalDecomposition>
<VideoSegment id="shot92_10_RKF">
<MediaTime>
<MediaTimePoint>T00:00:55:649F30000</MediaTimePoint>
</MediaTime>
</VideoSegment>
</TemporalDecomposition>
</VideoSegment>
<VideoSegment id="shot92_11">
<MediaTime>
<MediaTimePoint>T00:01:01:14843F30000</MediaTimePoint>
<MediaDuration>PT00H00M02S3063N30000F</MediaDuration>
</MediaTime>
<TemporalDecomposition>
<VideoSegment id="shot92_11_RKF">
<MediaTime>
<MediaTimePoint>T00:01:02:15874F30000</MediaTimePoint>
</MediaTime>
</VideoSegment>
</TemporalDecomposition>
</VideoSegment>
<VideoSegment id="shot92_12">
<MediaTime>
<MediaTimePoint>T00:01:03:17906F30000</MediaTimePoint>
<MediaDuration>PT00H00M02S21081N30000F</MediaDuration>
</MediaTime>
<TemporalDecomposition>
<VideoSegment id="shot92_12_RKF">
<MediaTime>
<MediaTimePoint>T00:01:04:27946F30000</MediaTimePoint>
</MediaTime>
</VideoSegment>
</TemporalDecomposition>
</VideoSegment>
<VideoSegment id="shot92_13">
<MediaTime>
<MediaTimePoint>T00:01:06:8987F30000</MediaTimePoint>
<MediaDuration>PT00H00M03S15105N30000F</MediaDuration>
</MediaTime>
<TemporalDecomposition>
<VideoSegment id="shot92_13_NRKF_1">
<MediaTime>
<MediaTimePoint>T00:01:06:29007F30000</MediaTimePoint>
</MediaTime>
</VideoSegment>
<VideoSegment id="shot92_13_RKF">
<MediaTime>
<MediaTimePoint>T00:01:08:1039F30000</MediaTimePoint>
</MediaTime>
</VideoSegment>
<VideoSegment id="shot92_13_NRKF_2">
<MediaTime>
<MediaTimePoint>T00:01:08:21059F30000</MediaTimePoint>
</MediaTime>
</VideoSegment>
</TemporalDecomposition>
</VideoSegment>
<VideoSegment id="shot92_14">
<MediaTime>
<MediaTimePoint>T00:01:09:24092F30000</MediaTimePoint>
<MediaDuration>PT00H00M02S6066N30000F</MediaDuration>
</MediaTime>
<TemporalDecomposition>
<VideoSegment id="shot92_14_RKF">
<MediaTime>
<MediaTimePoint>T00:01:10:26124F30000</MediaTimePoint>
</MediaTime>
</VideoSegment>
</TemporalDecomposition>
</VideoSegment>
<VideoSegment id="shot92_15">
<MediaTime>
<MediaTimePoint>T00:01:12:158F30000</MediaTimePoint>
<MediaDuration>PT00H00M06S6186N30000F</MediaDuration>
</MediaTime>
<TemporalDecomposition>
<VideoSegment id="shot92_15_RKF">
<MediaTime>
<MediaTimePoint>T00:01:15:2250F30000</MediaTimePoint>
</MediaTime>
</VideoSegment>
</TemporalDecomposition>
</VideoSegment>
<VideoSegment id="shot92_16">
<MediaTime>
<MediaTimePoint>T00:01:18:6344F30000</MediaTimePoint>
<MediaDuration>PT00H00M06S17197N30000F</MediaDuration>
</MediaTime>
<TemporalDecomposition>
<VideoSegment id="shot92_16_RKF">
<MediaTime>
<MediaTimePoint>T00:01:21:14442F30000</MediaTimePoint>
</MediaTime>
</VideoSegment>
</TemporalDecomposition>
</VideoSegment>
<VideoSegment id="shot92_17">
<MediaTime>
<MediaTimePoint>T00:01:24:23541F30000</MediaTimePoint>
<MediaDuration>PT00H00M03S2092N30000F</MediaDuration>
</MediaTime>
<TemporalDecomposition>
<VideoSegment id="shot92_17_RKF">
<MediaTime>
<MediaTimePoint>T00:01:26:8586F30000</MediaTimePoint>
</MediaTime>
</VideoSegment>
</TemporalDecomposition>
</VideoSegment>
<VideoSegment id="shot92_18">
<MediaTime>
<MediaTimePoint>T00:01:27:25633F30000</MediaTimePoint>
<MediaDuration>PT00H00M02S16076N30000F</MediaDuration>
</MediaTime>
<TemporalDecomposition>
<VideoSegment id="shot92_18_RKF">
<MediaTime>
<MediaTimePoint>T00:01:29:2670F30000</MediaTimePoint>
</MediaTime>
</VideoSegment>
</TemporalDecomposition>
</VideoSegment>
<VideoSegment id="shot92_19">
<MediaTime>
<MediaTimePoint>T00:01:30:11709F30000</MediaTimePoint>
<MediaDuration>PT00H00M05S15165N30000F</MediaDuration>
</MediaTime>
<TemporalDecomposition>
<VideoSegment id="shot92_19_NRKF_1">
<MediaTime>
<MediaTimePoint>T00:01:31:9737F30000</MediaTimePoint>
</MediaTime>
</VideoSegment>
<VideoSegment id="shot92_19_RKF">
<MediaTime>
<MediaTimePoint>T00:01:33:3791F30000</MediaTimePoint>
</MediaTime>
</VideoSegment>
<VideoSegment id="shot92_19_NRKF_2">
<MediaTime>
<MediaTimePoint>T00:01:34:2820F30000</MediaTimePoint>
</MediaTime>
</VideoSegment>
</TemporalDecomposition>
</VideoSegment>
<VideoSegment id="shot92_20">
<MediaTime>
<MediaTimePoint>T00:01:35:26874F30000</MediaTimePoint>
<MediaDuration>PT00H00M05S19169N30000F</MediaDuration>
</MediaTime>
<TemporalDecomposition>
<VideoSegment id="shot92_20_RKF">
<MediaTime>
<MediaTimePoint>T00:01:38:20958F30000</MediaTimePoint>
</MediaTime>
</VideoSegment>
</TemporalDecomposition>
</VideoSegment>
<VideoSegment id="shot92_21">
<MediaTime>
<MediaTimePoint>T00:01:41:16043F30000</MediaTimePoint>
<MediaDuration>PT00H00M02S5065N30000F</MediaDuration>
</MediaTime>
<TemporalDecomposition>
<VideoSegment id="shot92_21_RKF">
<MediaTime>
<MediaTimePoint>T00:01:42:18075F30000</MediaTimePoint>
</MediaTime>
</VideoSegment>
</TemporalDecomposition>
</VideoSegment>
<VideoSegment id="shot92_22">
<MediaTime>
<MediaTimePoint>T00:01:43:21108F30000</MediaTimePoint>
<MediaDuration>PT00H00M06S2182N30000F</MediaDuration>
</MediaTime>
<TemporalDecomposition>
<VideoSegment id="shot92_22_NRKF_1">
<MediaTime>
<MediaTimePoint>T00:01:44:3120F30000</MediaTimePoint>
</MediaTime>
</VideoSegment>
<VideoSegment id="shot92_22_RKF">
<MediaTime>
<MediaTimePoint>T00:01:46:21198F30000</MediaTimePoint>
</MediaTime>
</VideoSegment>
<VideoSegment id="shot92_22_NRKF_2">
<MediaTime>
<MediaTimePoint>T00:01:47:4211F30000</MediaTimePoint>
</MediaTime>
</VideoSegment>
</TemporalDecomposition>
</VideoSegment>
<VideoSegment id="shot92_23">
<MediaTime>
<MediaTimePoint>T00:01:49:23290F30000</MediaTimePoint>
<MediaDuration>PT00H00M06S10190N30000F</MediaDuration>
</MediaTime>
<TemporalDecomposition>
<VideoSegment id="shot92_23_RKF">
<MediaTime>
<MediaTimePoint>T00:01:52:27384F30000</MediaTimePoint>
</MediaTime>
</VideoSegment>
</TemporalDecomposition>
</VideoSegment>
<VideoSegment id="shot92_24">
<MediaTime>
<MediaTimePoint>T00:01:56:3480F30000</MediaTimePoint>
<MediaDuration>PT00H00M03S7097N30000F</MediaDuration>
</MediaTime>
<TemporalDecomposition>
<VideoSegment id="shot92_24_RKF">
<MediaTime>
<MediaTimePoint>T00:01:57:21528F30000</MediaTimePoint>
</MediaTime>
</VideoSegment>
</TemporalDecomposition>
</VideoSegment>
<VideoSegment id="shot92_25">
<MediaTime>
<MediaTimePoint>T00:01:59:10577F30000</MediaTimePoint>
<MediaDuration>PT00H00M02S29089N30000F</MediaDuration>
</MediaTime>
<TemporalDecomposition>
<VideoSegment id="shot92_25_RKF">
<MediaTime>
<MediaTimePoint>T00:02:00:24621F30000</MediaTimePoint>
</MediaTime>
</VideoSegment>
</TemporalDecomposition>
</VideoSegment>
<VideoSegment id="shot92_26">
<MediaTime>
<MediaTimePoint>T00:02:02:9666F30000</MediaTimePoint>
<MediaDuration>PT00H00M03S11101N30000F</MediaDuration>
</MediaTime>
<TemporalDecomposition>
<VideoSegment id="shot92_26_RKF">
<MediaTime>
<MediaTimePoint>T00:02:03:29716F30000</MediaTimePoint>
</MediaTime>
</VideoSegment>
</TemporalDecomposition>
</VideoSegment>
<VideoSegment id="shot92_27">
<MediaTime>
<MediaTimePoint>T00:02:05:20767F30000</MediaTimePoint>
<MediaDuration>PT00H00M08S13253N30000F</MediaDuration>
</MediaTime>
<TemporalDecomposition>
<VideoSegment id="shot92_27_RKF">
<MediaTime>
<MediaTimePoint>T00:02:09:26893F30000</MediaTimePoint>
</MediaTime>
</VideoSegment>
</TemporalDecomposition>
</VideoSegment>
<VideoSegment id="shot92_28">
<MediaTime>
<MediaTimePoint>T00:02:14:4020F30000</MediaTimePoint>
<MediaDuration>PT00H00M02S16076N30000F</MediaDuration>
</MediaTime>
<TemporalDecomposition>
<VideoSegment id="shot92_28_RKF">
<MediaTime>
<MediaTimePoint>T00:02:15:11057F30000</MediaTimePoint>
</MediaTime>
</VideoSegment>
</TemporalDecomposition>
</VideoSegment>
<VideoSegment id="shot92_29">
<MediaTime>
<MediaTimePoint>T00:02:16:20096F30000</MediaTimePoint>
<MediaDuration>PT00H00M04S120N30000F</MediaDuration>
</MediaTime>
<TemporalDecomposition>
<VideoSegment id="shot92_29_RKF">
<MediaTime>
<MediaTimePoint>T00:02:18:19155F30000</MediaTimePoint>
</MediaTime>
</VideoSegment>
</TemporalDecomposition>
</VideoSegment>
<VideoSegment id="shot92_30">
<MediaTime>
<MediaTimePoint>T00:02:20:20216F30000</MediaTimePoint>
<MediaDuration>PT00H00M02S27087N30000F</MediaDuration>
</MediaTime>
<TemporalDecomposition>
<VideoSegment id="shot92_30_RKF">
<MediaTime>
<MediaTimePoint>T00:02:22:3259F30000</MediaTimePoint>
</MediaTime>
</VideoSegment>
</TemporalDecomposition>
</VideoSegment>
<VideoSegment id="shot92_31">
<MediaTime>
<MediaTimePoint>T00:02:23:17303F30000</MediaTimePoint>
<MediaDuration>PT00H00M16S18498N30000F</MediaDuration>
</MediaTime>
<TemporalDecomposition>
<VideoSegment id="shot92_31_RKF">
<MediaTime>
<MediaTimePoint>T00:02:31:25551F30000</MediaTimePoint>
</MediaTime>
</VideoSegment>
</TemporalDecomposition>
</VideoSegment>
<VideoSegment id="shot92_32">
<MediaTime>
<MediaTimePoint>T00:02:40:5801F30000</MediaTimePoint>
<MediaDuration>PT00H00M10S22322N30000F</MediaDuration>
</MediaTime>
<TemporalDecomposition>
<VideoSegment id="shot92_32_RKF">
<MediaTime>
<MediaTimePoint>T00:02:45:15961F30000</MediaTimePoint>
</MediaTime>
</VideoSegment>
</TemporalDecomposition>
</VideoSegment>
<VideoSegment id="shot92_33">
<MediaTime>
<MediaTimePoint>T00:02:50:28123F30000</MediaTimePoint>
<MediaDuration>PT00H00M06S23203N30000F</MediaDuration>
</MediaTime>
<TemporalDecomposition>
<VideoSegment id="shot92_33_RKF">
<MediaTime>
<MediaTimePoint>T00:02:54:9224F30000</MediaTimePoint>
</MediaTime>
</VideoSegment>
</TemporalDecomposition>
</VideoSegment>
<VideoSegment id="shot92_34">
<MediaTime>
<MediaTimePoint>T00:02:57:21326F30000</MediaTimePoint>
<MediaDuration>PT00H00M03S19109N30000F</MediaDuration>
</MediaTime>
<TemporalDecomposition>
<VideoSegment id="shot92_34_RKF">
<MediaTime>
<MediaTimePoint>T00:02:59:15380F30000</MediaTimePoint>
</MediaTime>
</VideoSegment>
</TemporalDecomposition>
</VideoSegment>
<VideoSegment id="shot92_35">
<MediaTime>
<MediaTimePoint>T00:03:01:10435F30000</MediaTimePoint>
<MediaDuration>PT00H00M20S9609N30000F</MediaDuration>
</MediaTime>
<TemporalDecomposition>
<VideoSegment id="shot92_35_RKF">
<MediaTime>
<MediaTimePoint>T00:03:11:14739F30000</MediaTimePoint>
</MediaTime>
</VideoSegment>
</TemporalDecomposition>
</VideoSegment>
<VideoSegment id="shot92_36">
<MediaTime>
<MediaTimePoint>T00:03:21:20044F30000</MediaTimePoint>
<MediaDuration>PT00H00M13S390N30000F</MediaDuration>
</MediaTime>
<TemporalDecomposition>
<VideoSegment id="shot92_36_RKF">
<MediaTime>
<MediaTimePoint>T00:03:28:4238F30000</MediaTimePoint>
</MediaTime>
</VideoSegment>
</TemporalDecomposition>
</VideoSegment>
<VideoSegment id="shot92_37">
<MediaTime>
<MediaTimePoint>T00:03:34:20434F30000</MediaTimePoint>
<MediaDuration>PT00H01M19S8376N30000F</MediaDuration>
</MediaTime>
<TemporalDecomposition>
<VideoSegment id="shot92_37_RKF">
<MediaTime>
<MediaTimePoint>T00:04:14:8621F30000</MediaTimePoint>
</MediaTime>
</VideoSegment>
</TemporalDecomposition>
</VideoSegment>
<VideoSegment id="shot92_38">
<MediaTime>
<MediaTimePoint>T00:04:53:28810F30000</MediaTimePoint>
<MediaDuration>PT00H00M10S5305N30000F</MediaDuration>
</MediaTime>
<TemporalDecomposition>
<VideoSegment id="shot92_38_RKF">
<MediaTime>
<MediaTimePoint>T00:04:59:962F30000</MediaTimePoint>
</MediaTime>
</VideoSegment>
</TemporalDecomposition>
</VideoSegment>
<VideoSegment id="shot92_39">
<MediaTime>
<MediaTimePoint>T00:05:04:4115F30000</MediaTimePoint>
<MediaDuration>PT00H00M28S21861N30000F</MediaDuration>
</MediaTime>
<TemporalDecomposition>
<VideoSegment id="shot92_39_RKF">
<MediaTime>
<MediaTimePoint>T00:05:18:14545F30000</MediaTimePoint>
</MediaTime>
</VideoSegment>
</TemporalDecomposition>
</VideoSegment>
<VideoSegment id="shot92_40">
<MediaTime>
<MediaTimePoint>T00:05:32:25976F30000</MediaTimePoint>
<MediaDuration>PT00H00M47S29438N30000F</MediaDuration>
</MediaTime>
<TemporalDecomposition>
<VideoSegment id="shot92_40_RKF">
<MediaTime>
<MediaTimePoint>T00:05:56:24694F30000</MediaTimePoint>
</MediaTime>
</VideoSegment>
</TemporalDecomposition>
</VideoSegment>
<VideoSegment id="shot92_41">
<MediaTime>
<MediaTimePoint>T00:06:20:25414F30000</MediaTimePoint>
<MediaDuration>PT00H00M18S20560N30000F</MediaDuration>
</MediaTime>
<TemporalDecomposition>
<VideoSegment id="shot92_41_RKF">
<MediaTime>
<MediaTimePoint>T00:06:30:4693F30000</MediaTimePoint>
</MediaTime>
</VideoSegment>
</TemporalDecomposition>
</VideoSegment>
<VideoSegment id="shot92_42">
<MediaTime>
<MediaTimePoint>T00:06:39:15974F30000</MediaTimePoint>
<MediaDuration>PT00H00M06S7187N30000F</MediaDuration>
</MediaTime>
<TemporalDecomposition>
<VideoSegment id="shot92_42_RKF">
<MediaTime>
<MediaTimePoint>T00:06:42:19067F30000</MediaTimePoint>
</MediaTime>
</VideoSegment>
</TemporalDecomposition>
</VideoSegment>
<VideoSegment id="shot92_43">
<MediaTime>
<MediaTimePoint>T00:06:45:23161F30000</MediaTimePoint>
<MediaDuration>PT00H00M08S10250N30000F</MediaDuration>
</MediaTime>
<TemporalDecomposition>
<VideoSegment id="shot92_43_RKF">
<MediaTime>
<MediaTimePoint>T00:06:49:27285F30000</MediaTimePoint>
</MediaTime>
</VideoSegment>
</TemporalDecomposition>
</VideoSegment>
<VideoSegment id="shot92_44">
<MediaTime>
<MediaTimePoint>T00:06:54:3411F30000</MediaTimePoint>
<MediaDuration>PT00H00M08S23263N30000F</MediaDuration>
</MediaTime>
<TemporalDecomposition>
<VideoSegment id="shot92_44_RKF">
<MediaTime>
<MediaTimePoint>T00:06:58:14542F30000</MediaTimePoint>
</MediaTime>
</VideoSegment>
</TemporalDecomposition>
</VideoSegment>
<VideoSegment id="shot92_45">
<MediaTime>
<MediaTimePoint>T00:07:02:26674F30000</MediaTimePoint>
<MediaDuration>PT00H00M10S11311N30000F</MediaDuration>
</MediaTime>
<TemporalDecomposition>
<VideoSegment id="shot92_45_RKF">
<MediaTime>
<MediaTimePoint>T00:07:08:1829F30000</MediaTimePoint>
</MediaTime>
</VideoSegment>
</TemporalDecomposition>
</VideoSegment>
<VideoSegment id="shot92_46">
<MediaTime>
<MediaTimePoint>T00:07:13:7985F30000</MediaTimePoint>
<MediaDuration>PT00H00M36S21100N30000F</MediaDuration>
</MediaTime>
<TemporalDecomposition>
<VideoSegment id="shot92_46_RKF">
<MediaTime>
<MediaTimePoint>T00:07:31:17534F30000</MediaTimePoint>
</MediaTime>
</VideoSegment>
</TemporalDecomposition>
</VideoSegment>
<VideoSegment id="shot92_47">
<MediaTime>
<MediaTimePoint>T00:07:49:29085F30000</MediaTimePoint>
<MediaDuration>PT00H00M18S3543N30000F</MediaDuration>
</MediaTime>
<TemporalDecomposition>
<VideoSegment id="shot92_47_RKF">
<MediaTime>
<MediaTimePoint>T00:07:59:356F30000</MediaTimePoint>
</MediaTime>
</VideoSegment>
</TemporalDecomposition>
</VideoSegment>
<VideoSegment id="shot92_48">
<MediaTime>
<MediaTimePoint>T00:08:08:2628F30000</MediaTimePoint>
<MediaDuration>PT00H00M02S25085N30000F</MediaDuration>
</MediaTime>
<TemporalDecomposition>
<VideoSegment id="shot92_48_RKF">
<MediaTime>
<MediaTimePoint>T00:08:09:14670F30000</MediaTimePoint>
</MediaTime>
</VideoSegment>
</TemporalDecomposition>
</VideoSegment>
<VideoSegment id="shot92_49">
<MediaTime>
<MediaTimePoint>T00:08:10:27713F30000</MediaTimePoint>
<MediaDuration>PT00H00M03S1091N30000F</MediaDuration>
</MediaTime>
<TemporalDecomposition>
<VideoSegment id="shot92_49_RKF">
<MediaTime>
<MediaTimePoint>T00:08:12:12758F30000</MediaTimePoint>
</MediaTime>
</VideoSegment>
</TemporalDecomposition>
</VideoSegment>
<VideoSegment id="shot92_50">
<MediaTime>
<MediaTimePoint>T00:08:13:28804F30000</MediaTimePoint>
<MediaDuration>PT00H00M06S1181N30000F</MediaDuration>
</MediaTime>
<TemporalDecomposition>
<VideoSegment id="shot92_50_NRKF_1">
<MediaTime>
<MediaTimePoint>T00:08:14:20826F30000</MediaTimePoint>
</MediaTime>
</VideoSegment>
<VideoSegment id="shot92_50_RKF">
<MediaTime>
<MediaTimePoint>T00:08:16:28894F30000</MediaTimePoint>
</MediaTime>
</VideoSegment>
<VideoSegment id="shot92_50_NRKF_2">
<MediaTime>
<MediaTimePoint>T00:08:17:20916F30000</MediaTimePoint>
</MediaTime>
</VideoSegment>
</TemporalDecomposition>
</VideoSegment>
<VideoSegment id="shot92_51">
<MediaTime>
<MediaTimePoint>T00:08:19:29985F30000</MediaTimePoint>
<MediaDuration>PT00H00M02S8068N30000F</MediaDuration>
</MediaTime>
<TemporalDecomposition>
<VideoSegment id="shot92_51_RKF">
<MediaTime>
<MediaTimePoint>T00:08:21:3018F30000</MediaTimePoint>
</MediaTime>
</VideoSegment>
</TemporalDecomposition>
</VideoSegment>
<VideoSegment id="shot92_52">
<MediaTime>
<MediaTimePoint>T00:08:22:8053F30000</MediaTimePoint>
<MediaDuration>PT00H00M04S23143N30000F</MediaDuration>
</MediaTime>
<TemporalDecomposition>
<VideoSegment id="shot92_52_RKF">
<MediaTime>
<MediaTimePoint>T00:08:24:19124F30000</MediaTimePoint>
</MediaTime>
</VideoSegment>
</TemporalDecomposition>
</VideoSegment>
<VideoSegment id="shot92_53">
<MediaTime>
<MediaTimePoint>T00:08:27:1196F30000</MediaTimePoint>
<MediaDuration>PT00H00M04S11131N30000F</MediaDuration>
</MediaTime>
<TemporalDecomposition>
<VideoSegment id="shot92_53_RKF">
<MediaTime>
<MediaTimePoint>T00:08:29:6261F30000</MediaTimePoint>
</MediaTime>
</VideoSegment>
</TemporalDecomposition>
</VideoSegment>
<VideoSegment id="shot92_54">
<MediaTime>
<MediaTimePoint>T00:08:31:12327F30000</MediaTimePoint>
<MediaDuration>PT00H00M02S12072N30000F</MediaDuration>
</MediaTime>
<TemporalDecomposition>
<VideoSegment id="shot92_54_RKF">
<MediaTime>
<MediaTimePoint>T00:08:32:17362F30000</MediaTimePoint>
</MediaTime>
</VideoSegment>
</TemporalDecomposition>
</VideoSegment>
<VideoSegment id="shot92_55">
<MediaTime>
<MediaTimePoint>T00:08:33:24399F30000</MediaTimePoint>
<MediaDuration>PT00H00M03S22112N30000F</MediaDuration>
</MediaTime>
<TemporalDecomposition>
<VideoSegment id="shot92_55_RKF">
<MediaTime>
<MediaTimePoint>T00:08:35:19454F30000</MediaTimePoint>
</MediaTime>
</VideoSegment>
</TemporalDecomposition>
</VideoSegment>
<VideoSegment id="shot92_56">
<MediaTime>
<MediaTimePoint>T00:08:37:16511F30000</MediaTimePoint>
<MediaDuration>PT00H00M02S21081N30000F</MediaDuration>
</MediaTime>
<TemporalDecomposition>
<VideoSegment id="shot92_56_RKF">
<MediaTime>
<MediaTimePoint>T00:08:38:26551F30000</MediaTimePoint>
</MediaTime>
</VideoSegment>
</TemporalDecomposition>
</VideoSegment>
<VideoSegment id="shot92_57">
<MediaTime>
<MediaTimePoint>T00:08:40:7592F30000</MediaTimePoint>
<MediaDuration>PT00H00M02S23083N30000F</MediaDuration>
</MediaTime>
<TemporalDecomposition>
<VideoSegment id="shot92_57_RKF">
<MediaTime>
<MediaTimePoint>T00:08:41:18633F30000</MediaTimePoint>
</MediaTime>
</VideoSegment>
</TemporalDecomposition>
</VideoSegment>
<VideoSegment id="shot92_58">
<MediaTime>
<MediaTimePoint>T00:08:43:675F30000</MediaTimePoint>
<MediaDuration>PT00H00M35S49N30000F</MediaDuration>
</MediaTime>
<TemporalDecomposition>
<VideoSegment id="shot92_58_RKF">
<MediaTime>
<MediaTimePoint>T00:09:00:15199F30000</MediaTimePoint>
</MediaTime>
</VideoSegment>
</TemporalDecomposition>
</VideoSegment>
<VideoSegment id="shot92_59">
<MediaTime>
<MediaTimePoint>T00:09:18:724F30000</MediaTimePoint>
<MediaDuration>PT00H00M54S6625N30000F</MediaDuration>
</MediaTime>
<TemporalDecomposition>
<VideoSegment id="shot92_59_RKF">
<MediaTime>
<MediaTimePoint>T00:09:45:3536F30000</MediaTimePoint>
</MediaTime>
</VideoSegment>
</TemporalDecomposition>
</VideoSegment>
<VideoSegment id="shot92_60">
<MediaTime>
<MediaTimePoint>T00:10:12:7349F30000</MediaTimePoint>
<MediaDuration>PT00H00M02S6066N30000F</MediaDuration>
</MediaTime>
<TemporalDecomposition>
<VideoSegment id="shot92_60_RKF">
<MediaTime>
<MediaTimePoint>T00:10:13:9381F30000</MediaTimePoint>
</MediaTime>
</VideoSegment>
</TemporalDecomposition>
</VideoSegment>
<VideoSegment id="shot92_61">
<MediaTime>
<MediaTimePoint>T00:10:14:13415F30000</MediaTimePoint>
<MediaDuration>PT00H00M02S9069N30000F</MediaDuration>
</MediaTime>
<TemporalDecomposition>
<VideoSegment id="shot92_61_RKF">
<MediaTime>
<MediaTimePoint>T00:10:15:17449F30000</MediaTimePoint>
</MediaTime>
</VideoSegment>
</TemporalDecomposition>
</VideoSegment>
<VideoSegment id="shot92_62">
<MediaTime>
<MediaTimePoint>T00:10:16:22484F30000</MediaTimePoint>
<MediaDuration>PT00H00M02S23083N30000F</MediaDuration>
</MediaTime>
<TemporalDecomposition>
<VideoSegment id="shot92_62_RKF">
<MediaTime>
<MediaTimePoint>T00:10:18:3525F30000</MediaTimePoint>
</MediaTime>
</VideoSegment>
</TemporalDecomposition>
</VideoSegment>
<VideoSegment id="shot92_63">
<MediaTime>
<MediaTimePoint>T00:10:19:15567F30000</MediaTimePoint>
<MediaDuration>PT00H00M02S13073N30000F</MediaDuration>
</MediaTime>
<TemporalDecomposition>
<VideoSegment id="shot92_63_RKF">
<MediaTime>
<MediaTimePoint>T00:10:20:21603F30000</MediaTimePoint>
</MediaTime>
</VideoSegment>
</TemporalDecomposition>
</VideoSegment>
<VideoSegment id="shot92_64">
<MediaTime>
<MediaTimePoint>T00:10:21:28640F30000</MediaTimePoint>
<MediaDuration>PT00H00M26S7787N30000F</MediaDuration>
</MediaTime>
<TemporalDecomposition>
<VideoSegment id="shot92_64_RKF">
<MediaTime>
<MediaTimePoint>T00:10:35:2033F30000</MediaTimePoint>
</MediaTime>
</VideoSegment>
</TemporalDecomposition>
</VideoSegment>
<VideoSegment id="shot92_65">
<MediaTime>
<MediaTimePoint>T00:10:48:6427F30000</MediaTimePoint>
<MediaDuration>PT00H00M03S3093N30000F</MediaDuration>
</MediaTime>
<TemporalDecomposition>
<VideoSegment id="shot92_65_RKF">
<MediaTime>
<MediaTimePoint>T00:10:49:22473F30000</MediaTimePoint>
</MediaTime>
</VideoSegment>
</TemporalDecomposition>
</VideoSegment>
<VideoSegment id="shot92_66">
<MediaTime>
<MediaTimePoint>T00:10:51:9520F30000</MediaTimePoint>
<MediaDuration>PT00H00M03S22112N30000F</MediaDuration>
</MediaTime>
<TemporalDecomposition>
<VideoSegment id="shot92_66_RKF">
<MediaTime>
<MediaTimePoint>T00:10:53:4575F30000</MediaTimePoint>
</MediaTime>
</VideoSegment>
</TemporalDecomposition>
</VideoSegment>
<VideoSegment id="shot92_67">
<MediaTime>
<MediaTimePoint>T00:10:55:1632F30000</MediaTimePoint>
<MediaDuration>PT00H00M12S10370N30000F</MediaDuration>
</MediaTime>
<TemporalDecomposition>
<VideoSegment id="shot92_67_RKF">
<MediaTime>
<MediaTimePoint>T00:11:01:5816F30000</MediaTimePoint>
</MediaTime>
</VideoSegment>
</TemporalDecomposition>
</VideoSegment>
<VideoSegment id="shot92_68">
<MediaTime>
<MediaTimePoint>T00:11:07:12002F30000</MediaTimePoint>
<MediaDuration>PT00H00M02S4064N30000F</MediaDuration>
</MediaTime>
<TemporalDecomposition>
<VideoSegment id="shot92_68_RKF">
<MediaTime>
<MediaTimePoint>T00:11:08:13033F30000</MediaTimePoint>
</MediaTime>
</VideoSegment>
</TemporalDecomposition>
</VideoSegment>
<VideoSegment id="shot92_69">
<MediaTime>
<MediaTimePoint>T00:11:09:16066F30000</MediaTimePoint>
<MediaDuration>PT00H00M03S1091N30000F</MediaDuration>
</MediaTime>
<TemporalDecomposition>
<VideoSegment id="shot92_69_RKF">
<MediaTime>
<MediaTimePoint>T00:11:11:1111F30000</MediaTimePoint>
</MediaTime>
</VideoSegment>
</TemporalDecomposition>
</VideoSegment>
<VideoSegment id="shot92_70">
<MediaTime>
<MediaTimePoint>T00:11:12:17157F30000</MediaTimePoint>
<MediaDuration>PT00H00M02S15075N30000F</MediaDuration>
</MediaTime>
<TemporalDecomposition>
<VideoSegment id="shot92_70_RKF">
<MediaTime>
<MediaTimePoint>T00:11:13:24194F30000</MediaTimePoint>
</MediaTime>
</VideoSegment>
</TemporalDecomposition>
</VideoSegment>
<VideoSegment id="shot92_71">
<MediaTime>
<MediaTimePoint>T00:11:15:2232F30000</MediaTimePoint>
<MediaDuration>PT00H00M05S20170N30000F</MediaDuration>
</MediaTime>
<TemporalDecomposition>
<VideoSegment id="shot92_71_RKF">
<MediaTime>
<MediaTimePoint>T00:11:17:26316F30000</MediaTimePoint>
</MediaTime>
</VideoSegment>
</TemporalDecomposition>
</VideoSegment>
<VideoSegment id="shot92_72">
<MediaTime>
<MediaTimePoint>T00:11:20:22402F30000</MediaTimePoint>
<MediaDuration>PT00H00M05S9159N30000F</MediaDuration>
</MediaTime>
<TemporalDecomposition>
<VideoSegment id="shot92_72_RKF">
<MediaTime>
<MediaTimePoint>T00:11:23:11481F30000</MediaTimePoint>
</MediaTime>
</VideoSegment>
</TemporalDecomposition>
</VideoSegment>
<VideoSegment id="shot92_73">
<MediaTime>
<MediaTimePoint>T00:11:26:1561F30000</MediaTimePoint>
<MediaDuration>PT00H00M04S21141N30000F</MediaDuration>
</MediaTime>
<TemporalDecomposition>
<VideoSegment id="shot92_73_RKF">
<MediaTime>
<MediaTimePoint>T00:11:28:11631F30000</MediaTimePoint>
</MediaTime>
</VideoSegment>
</TemporalDecomposition>
</VideoSegment>
<VideoSegment id="shot92_74">
<MediaTime>
<MediaTimePoint>T00:11:30:22702F30000</MediaTimePoint>
<MediaDuration>PT00H00M27S28838N30000F</MediaDuration>
</MediaTime>
<TemporalDecomposition>
<VideoSegment id="shot92_74_RKF">
<MediaTime>
<MediaTimePoint>T00:11:44:21120F30000</MediaTimePoint>
</MediaTime>
</VideoSegment>
</TemporalDecomposition>
</VideoSegment>
<VideoSegment id="shot92_75">
<MediaTime>
<MediaTimePoint>T00:11:58:21540F30000</MediaTimePoint>
<MediaDuration>PT00H00M20S10610N30000F</MediaDuration>
</MediaTime>
<TemporalDecomposition>
<VideoSegment id="shot92_75_RKF">
<MediaTime>
<MediaTimePoint>T00:12:08:25844F30000</MediaTimePoint>
</MediaTime>
</VideoSegment>
</TemporalDecomposition>
</VideoSegment>
<VideoSegment id="shot92_76">
<MediaTime>
<MediaTimePoint>T00:12:19:2150F30000</MediaTimePoint>
<MediaDuration>PT00H00M18S12552N30000F</MediaDuration>
</MediaTime>
<TemporalDecomposition>
<VideoSegment id="shot92_76_RKF">
<MediaTime>
<MediaTimePoint>T00:12:28:7425F30000</MediaTimePoint>
</MediaTime>
</VideoSegment>
</TemporalDecomposition>
</VideoSegment>
<VideoSegment id="shot92_77">
<MediaTime>
<MediaTimePoint>T00:12:37:14702F30000</MediaTimePoint>
<MediaDuration>PT00H00M18S4544N30000F</MediaDuration>
</MediaTime>
<TemporalDecomposition>
<VideoSegment id="shot92_77_RKF">
<MediaTime>
<MediaTimePoint>T00:12:46:15973F30000</MediaTimePoint>
</MediaTime>
</VideoSegment>
</TemporalDecomposition>
</VideoSegment>
<VideoSegment id="shot92_78">
<MediaTime>
<MediaTimePoint>T00:12:55:19246F30000</MediaTimePoint>
<MediaDuration>PT00H00M16S15495N30000F</MediaDuration>
</MediaTime>
<TemporalDecomposition>
<VideoSegment id="shot92_78_RKF">
<MediaTime>
<MediaTimePoint>T00:13:03:26493F30000</MediaTimePoint>
</MediaTime>
</VideoSegment>
</TemporalDecomposition>
</VideoSegment>
<VideoSegment id="shot92_79">
<MediaTime>
<MediaTimePoint>T00:13:12:4741F30000</MediaTimePoint>
<MediaDuration>PT00H00M26S29809N30000F</MediaDuration>
</MediaTime>
<TemporalDecomposition>
<VideoSegment id="shot92_79_RKF">
<MediaTime>
<MediaTimePoint>T00:13:25:19145F30000</MediaTimePoint>
</MediaTime>
</VideoSegment>
</TemporalDecomposition>
</VideoSegment>
<VideoSegment id="shot92_80">
<MediaTime>
<MediaTimePoint>T00:13:39:4550F30000</MediaTimePoint>
<MediaDuration>PT00H00M14S5425N30000F</MediaDuration>
</MediaTime>
<TemporalDecomposition>
<VideoSegment id="shot92_80_RKF">
<MediaTime>
<MediaTimePoint>T00:13:46:6762F30000</MediaTimePoint>
</MediaTime>
</VideoSegment>
</TemporalDecomposition>
</VideoSegment>
<VideoSegment id="shot92_81">
<MediaTime>
<MediaTimePoint>T00:13:53:9975F30000</MediaTimePoint>
<MediaDuration>PT00H00M19S4574N30000F</MediaDuration>
</MediaTime>
<TemporalDecomposition>
<VideoSegment id="shot92_81_RKF">
<MediaTime>
<MediaTimePoint>T00:14:02:26261F30000</MediaTimePoint>
</MediaTime>
</VideoSegment>
</TemporalDecomposition>
</VideoSegment>
<VideoSegment id="shot92_82">
<MediaTime>
<MediaTimePoint>T00:14:12:14549F30000</MediaTimePoint>
<MediaDuration>PT00H00M14S8428N30000F</MediaDuration>
</MediaTime>
<TemporalDecomposition>
<VideoSegment id="shot92_82_RKF">
<MediaTime>
<MediaTimePoint>T00:14:19:17762F30000</MediaTimePoint>
</MediaTime>
</VideoSegment>
</TemporalDecomposition>
</VideoSegment>
<VideoSegment id="shot92_83">
<MediaTime>
<MediaTimePoint>T00:14:26:22977F30000</MediaTimePoint>
<MediaDuration>PT00H00M02S23083N30000F</MediaDuration>
</MediaTime>
<TemporalDecomposition>
<VideoSegment id="shot92_83_RKF">
<MediaTime>
<MediaTimePoint>T00:14:28:4018F30000</MediaTimePoint>
</MediaTime>
</VideoSegment>
</TemporalDecomposition>
</VideoSegment>
<VideoSegment id="shot92_84">
<MediaTime>
<MediaTimePoint>T00:14:29:16060F30000</MediaTimePoint>
<MediaDuration>PT00H00M02S20080N30000F</MediaDuration>
</MediaTime>
<TemporalDecomposition>
<VideoSegment id="shot92_84_NRKF_1">
<MediaTime>
<MediaTimePoint>T00:14:29:24068F30000</MediaTimePoint>
</MediaTime>
</VideoSegment>
<VideoSegment id="shot92_84_NRKF_2">
<MediaTime>
<MediaTimePoint>T00:14:30:5079F30000</MediaTimePoint>
</MediaTime>
</VideoSegment>
<VideoSegment id="shot92_84_NRKF_3">
<MediaTime>
<MediaTimePoint>T00:14:30:21095F30000</MediaTimePoint>
</MediaTime>
</VideoSegment>
<VideoSegment id="shot92_84_RKF">
<MediaTime>
<MediaTimePoint>T00:14:30:25099F30000</MediaTimePoint>
</MediaTime>
</VideoSegment>
<VideoSegment id="shot92_84_NRKF_4">
<MediaTime>
<MediaTimePoint>T00:14:31:20124F30000</MediaTimePoint>
</MediaTime>
</VideoSegment>
</TemporalDecomposition>
</VideoSegment>
<VideoSegment id="shot92_85">
<MediaTime>
<MediaTimePoint>T00:14:32:6140F30000</MediaTimePoint>
<MediaDuration>PT00H00M02S23083N30000F</MediaDuration>
</MediaTime>
<TemporalDecomposition>
<VideoSegment id="shot92_85_NRKF_1">
<MediaTime>
<MediaTimePoint>T00:14:32:11145F30000</MediaTimePoint>
</MediaTime>
</VideoSegment>
<VideoSegment id="shot92_85_RKF">
<MediaTime>
<MediaTimePoint>T00:14:33:17181F30000</MediaTimePoint>
</MediaTime>
</VideoSegment>
<VideoSegment id="shot92_85_NRKF_2">
<MediaTime>
<MediaTimePoint>T00:14:33:23187F30000</MediaTimePoint>
</MediaTime>
</VideoSegment>
</TemporalDecomposition>
</VideoSegment>
<VideoSegment id="shot92_86">
<MediaTime>
<MediaTimePoint>T00:14:34:29223F30000</MediaTimePoint>
<MediaDuration>PT00H00M02S21081N30000F</MediaDuration>
</MediaTime>
<TemporalDecomposition>
<VideoSegment id="shot92_86_NRKF_1">
<MediaTime>
<MediaTimePoint>T00:14:35:26250F30000</MediaTimePoint>
</MediaTime>
</VideoSegment>
<VideoSegment id="shot92_86_RKF">
<MediaTime>
<MediaTimePoint>T00:14:36:9263F30000</MediaTimePoint>
</MediaTime>
</VideoSegment>
<VideoSegment id="shot92_86_NRKF_2">
<MediaTime>
<MediaTimePoint>T00:14:37:7291F30000</MediaTimePoint>
</MediaTime>
</VideoSegment>
</TemporalDecomposition>
</VideoSegment>
<VideoSegment id="shot92_87">
<MediaTime>
<MediaTimePoint>T00:14:37:20304F30000</MediaTimePoint>
<MediaDuration>PT00H00M02S12072N30000F</MediaDuration>
</MediaTime>
<TemporalDecomposition>
<VideoSegment id="shot92_87_RKF">
<MediaTime>
<MediaTimePoint>T00:14:38:25339F30000</MediaTimePoint>
</MediaTime>
</VideoSegment>
</TemporalDecomposition>
</VideoSegment>
<VideoSegment id="shot92_88">
<MediaTime>
<MediaTimePoint>T00:14:40:2376F30000</MediaTimePoint>
<MediaDuration>PT00H00M58S19758N30000F</MediaDuration>
</MediaTime>
<TemporalDecomposition>
<VideoSegment id="shot92_88_NRKF_1">
<MediaTime>
<MediaTimePoint>T00:14:41:1405F30000</MediaTimePoint>
</MediaTime>
</VideoSegment>
<VideoSegment id="shot92_88_RKF">
<MediaTime>
<MediaTimePoint>T00:15:09:11254F30000</MediaTimePoint>
</MediaTime>
</VideoSegment>
<VideoSegment id="shot92_88_NRKF_2">
<MediaTime>
<MediaTimePoint>T00:15:10:11284F30000</MediaTimePoint>
</MediaTime>
</VideoSegment>
</TemporalDecomposition>
</VideoSegment>
<VideoSegment id="shot92_89">
<MediaTime>
<MediaTimePoint>T00:15:38:22134F30000</MediaTimePoint>
<MediaDuration>PT00H00M03S17107N30000F</MediaDuration>
</MediaTime>
<TemporalDecomposition>
<VideoSegment id="shot92_89_RKF">
<MediaTime>
<MediaTimePoint>T00:15:40:15187F30000</MediaTimePoint>
</MediaTime>
</VideoSegment>
</TemporalDecomposition>
</VideoSegment>
<VideoSegment id="shot92_90">
<MediaTime>
<MediaTimePoint>T00:15:42:9241F30000</MediaTimePoint>
<MediaDuration>PT00H00M02S5065N30000F</MediaDuration>
</MediaTime>
<TemporalDecomposition>
<VideoSegment id="shot92_90_RKF">
<MediaTime>
<MediaTimePoint>T00:15:43:11273F30000</MediaTimePoint>
</MediaTime>
</VideoSegment>
</TemporalDecomposition>
</VideoSegment>
<VideoSegment id="shot92_91">
<MediaTime>
<MediaTimePoint>T00:15:44:14306F30000</MediaTimePoint>
<MediaDuration>PT00H00M02S5065N30000F</MediaDuration>
</MediaTime>
<TemporalDecomposition>
<VideoSegment id="shot92_91_RKF">
<MediaTime>
<MediaTimePoint>T00:15:45:16338F30000</MediaTimePoint>
</MediaTime>
</VideoSegment>
</TemporalDecomposition>
</VideoSegment>
<VideoSegment id="shot92_92">
<MediaTime>
<MediaTimePoint>T00:15:46:19371F30000</MediaTimePoint>
<MediaDuration>PT00H00M03S9099N30000F</MediaDuration>
</MediaTime>
<TemporalDecomposition>
<VideoSegment id="shot92_92_NRKF_1">
<MediaTime>
<MediaTimePoint>T00:15:46:27379F30000</MediaTimePoint>
</MediaTime>
</VideoSegment>
<VideoSegment id="shot92_92_NRKF_2">
<MediaTime>
<MediaTimePoint>T00:15:47:15397F30000</MediaTimePoint>
</MediaTime>
</VideoSegment>
<VideoSegment id="shot92_92_RKF">
<MediaTime>
<MediaTimePoint>T00:15:48:8420F30000</MediaTimePoint>
</MediaTime>
</VideoSegment>
<VideoSegment id="shot92_92_NRKF_3">
<MediaTime>
<MediaTimePoint>T00:15:48:26438F30000</MediaTimePoint>
</MediaTime>
</VideoSegment>
</TemporalDecomposition>
</VideoSegment>
<VideoSegment id="shot92_93">
<MediaTime>
<MediaTimePoint>T00:15:49:28470F30000</MediaTimePoint>
<MediaDuration>PT00H00M04S6126N30000F</MediaDuration>
</MediaTime>
<TemporalDecomposition>
<VideoSegment id="shot92_93_NRKF_1">
<MediaTime>
<MediaTimePoint>T00:15:50:13485F30000</MediaTimePoint>
</MediaTime>
</VideoSegment>
<VideoSegment id="shot92_93_NRKF_2">
<MediaTime>
<MediaTimePoint>T00:15:51:1503F30000</MediaTimePoint>
</MediaTime>
</VideoSegment>
<VideoSegment id="shot92_93_RKF">
<MediaTime>
<MediaTimePoint>T00:15:52:532F30000</MediaTimePoint>
</MediaTime>
</VideoSegment>
<VideoSegment id="shot92_93_NRKF_3">
<MediaTime>
<MediaTimePoint>T00:15:52:18550F30000</MediaTimePoint>
</MediaTime>
</VideoSegment>
</TemporalDecomposition>
</VideoSegment>
<VideoSegment id="shot92_94">
<MediaTime>
<MediaTimePoint>T00:15:54:4596F30000</MediaTimePoint>
<MediaDuration>PT00H00M02S3063N30000F</MediaDuration>
</MediaTime>
<TemporalDecomposition>
<VideoSegment id="shot92_94_RKF">
<MediaTime>
<MediaTimePoint>T00:15:55:5627F30000</MediaTimePoint>
</MediaTime>
</VideoSegment>
</TemporalDecomposition>
</VideoSegment>
<VideoSegment id="shot92_95">
<MediaTime>
<MediaTimePoint>T00:15:56:7659F30000</MediaTimePoint>
<MediaDuration>PT00H00M02S20080N30000F</MediaDuration>
</MediaTime>
<TemporalDecomposition>
<VideoSegment id="shot92_95_NRKF_1">
<MediaTime>
<MediaTimePoint>T00:15:57:5687F30000</MediaTimePoint>
</MediaTime>
</VideoSegment>
<VideoSegment id="shot92_95_RKF">
<MediaTime>
<MediaTimePoint>T00:15:57:16698F30000</MediaTimePoint>
</MediaTime>
</VideoSegment>
<VideoSegment id="shot92_95_NRKF_2">
<MediaTime>
<MediaTimePoint>T00:15:58:15727F30000</MediaTimePoint>
</MediaTime>
</VideoSegment>
</TemporalDecomposition>
</VideoSegment>
<VideoSegment id="shot92_96">
<MediaTime>
<MediaTimePoint>T00:15:58:27739F30000</MediaTimePoint>
<MediaDuration>PT00H00M02S26086N30000F</MediaDuration>
</MediaTime>
<TemporalDecomposition>
<VideoSegment id="shot92_96_RKF">
<MediaTime>
<MediaTimePoint>T00:16:00:9781F30000</MediaTimePoint>
</MediaTime>
</VideoSegment>
</TemporalDecomposition>
</VideoSegment>
<VideoSegment id="shot92_97">
<MediaTime>
<MediaTimePoint>T00:16:01:23825F30000</MediaTimePoint>
<MediaDuration>PT00H00M02S11071N30000F</MediaDuration>
</MediaTime>
<TemporalDecomposition>
<VideoSegment id="shot92_97_RKF">
<MediaTime>
<MediaTimePoint>T00:16:02:28860F30000</MediaTimePoint>
</MediaTime>
</VideoSegment>
</TemporalDecomposition>
</VideoSegment>
<VideoSegment id="shot92_98">
<MediaTime>
<MediaTimePoint>T00:16:04:4896F30000</MediaTimePoint>
<MediaDuration>PT00H00M04S120N30000F</MediaDuration>
</MediaTime>
<TemporalDecomposition>
<VideoSegment id="shot92_98_NRKF_1">
<MediaTime>
<MediaTimePoint>T00:16:04:6898F30000</MediaTimePoint>
</MediaTime>
</VideoSegment>
<VideoSegment id="shot92_98_NRKF_2">
<MediaTime>
<MediaTimePoint>T00:16:04:21913F30000</MediaTimePoint>
</MediaTime>
</VideoSegment>
<VideoSegment id="shot92_98_RKF">
<MediaTime>
<MediaTimePoint>T00:16:06:3955F30000</MediaTimePoint>
</MediaTime>
</VideoSegment>
<VideoSegment id="shot92_98_NRKF_3">
<MediaTime>
<MediaTimePoint>T00:16:06:19971F30000</MediaTimePoint>
</MediaTime>
</VideoSegment>
</TemporalDecomposition>
</VideoSegment>
<VideoSegment id="shot92_99">
<MediaTime>
<MediaTimePoint>T00:16:08:5016F30000</MediaTimePoint>
<MediaDuration>PT00H00M04S9129N30000F</MediaDuration>
</MediaTime>
<TemporalDecomposition>
<VideoSegment id="shot92_99_RKF">
<MediaTime>
<MediaTimePoint>T00:16:10:9080F30000</MediaTimePoint>
</MediaTime>
</VideoSegment>
</TemporalDecomposition>
</VideoSegment>
<VideoSegment id="shot92_100">
<MediaTime>
<MediaTimePoint>T00:16:12:14145F30000</MediaTimePoint>
<MediaDuration>PT00H00M39S5174N30000F</MediaDuration>
</MediaTime>
<TemporalDecomposition>
<VideoSegment id="shot92_100_NRKF_1">
<MediaTime>
<MediaTimePoint>T00:16:13:1162F30000</MediaTimePoint>
</MediaTime>
</VideoSegment>
<VideoSegment id="shot92_100_RKF">
<MediaTime>
<MediaTimePoint>T00:16:32:731F30000</MediaTimePoint>
</MediaTime>
</VideoSegment>
<VideoSegment id="shot92_100_NRKF_2">
<MediaTime>
<MediaTimePoint>T00:16:32:18749F30000</MediaTimePoint>
</MediaTime>
</VideoSegment>
</TemporalDecomposition>
</VideoSegment>
<VideoSegment id="shot92_101">
<MediaTime>
<MediaTimePoint>T00:16:51:19319F30000</MediaTimePoint>
<MediaDuration>PT00H00M05S15165N30000F</MediaDuration>
</MediaTime>
<TemporalDecomposition>
<VideoSegment id="shot92_101_NRKF_1">
<MediaTime>
<MediaTimePoint>T00:16:52:10340F30000</MediaTimePoint>
</MediaTime>
</VideoSegment>
<VideoSegment id="shot92_101_RKF">
<MediaTime>
<MediaTimePoint>T00:16:54:11401F30000</MediaTimePoint>
</MediaTime>
</VideoSegment>
<VideoSegment id="shot92_101_NRKF_2">
<MediaTime>
<MediaTimePoint>T00:16:55:2422F30000</MediaTimePoint>
</MediaTime>
</VideoSegment>
</TemporalDecomposition>
</VideoSegment>
<VideoSegment id="shot92_102">
<MediaTime>
<MediaTimePoint>T00:16:57:4484F30000</MediaTimePoint>
<MediaDuration>PT00H00M02S23083N30000F</MediaDuration>
</MediaTime>
<TemporalDecomposition>
<VideoSegment id="shot92_102_NRKF_1">
<MediaTime>
<MediaTimePoint>T00:16:57:8488F30000</MediaTimePoint>
</MediaTime>
</VideoSegment>
<VideoSegment id="shot92_102_NRKF_2">
<MediaTime>
<MediaTimePoint>T00:16:57:24504F30000</MediaTimePoint>
</MediaTime>
</VideoSegment>
<VideoSegment id="shot92_102_RKF">
<MediaTime>
<MediaTimePoint>T00:16:58:15525F30000</MediaTimePoint>
</MediaTime>
</VideoSegment>
<VideoSegment id="shot92_102_NRKF_3">
<MediaTime>
<MediaTimePoint>T00:16:59:1541F30000</MediaTimePoint>
</MediaTime>
</VideoSegment>
</TemporalDecomposition>
</VideoSegment>
<VideoSegment id="shot92_103">
<MediaTime>
<MediaTimePoint>T00:16:59:27567F30000</MediaTimePoint>
<MediaDuration>PT00H00M02S2062N30000F</MediaDuration>
</MediaTime>
<TemporalDecomposition>
<VideoSegment id="shot92_103_NRKF_1">
<MediaTime>
<MediaTimePoint>T00:16:59:28568F30000</MediaTimePoint>
</MediaTime>
</VideoSegment>
<VideoSegment id="shot92_103_NRKF_2">
<MediaTime>
<MediaTimePoint>T00:17:00:5575F30000</MediaTimePoint>
</MediaTime>
</VideoSegment>
<VideoSegment id="shot92_103_NRKF_3">
<MediaTime>
<MediaTimePoint>T00:17:00:11581F30000</MediaTimePoint>
</MediaTime>
</VideoSegment>
<VideoSegment id="shot92_103_NRKF_4">
<MediaTime>
<MediaTimePoint>T00:17:00:22592F30000</MediaTimePoint>
</MediaTime>
</VideoSegment>
<VideoSegment id="shot92_103_RKF">
<MediaTime>
<MediaTimePoint>T00:17:00:27597F30000</MediaTimePoint>
</MediaTime>
</VideoSegment>
<VideoSegment id="shot92_103_NRKF_5">
<MediaTime>
<MediaTimePoint>T00:17:01:14614F30000</MediaTimePoint>
</MediaTime>
</VideoSegment>
</TemporalDecomposition>
</VideoSegment>
<VideoSegment id="shot92_104">
<MediaTime>
<MediaTimePoint>T00:17:01:29629F30000</MediaTimePoint>
<MediaDuration>PT00H00M04S3123N30000F</MediaDuration>
</MediaTime>
<TemporalDecomposition>
<VideoSegment id="shot92_104_NRKF_1">
<MediaTime>
<MediaTimePoint>T00:17:02:12642F30000</MediaTimePoint>
</MediaTime>
</VideoSegment>
<VideoSegment id="shot92_104_RKF">
<MediaTime>
<MediaTimePoint>T00:17:04:690F30000</MediaTimePoint>
</MediaTime>
</VideoSegment>
<VideoSegment id="shot92_104_NRKF_2">
<MediaTime>
<MediaTimePoint>T00:17:04:14704F30000</MediaTimePoint>
</MediaTime>
</VideoSegment>
</TemporalDecomposition>
</VideoSegment>
<VideoSegment id="shot92_105">
<MediaTime>
<MediaTimePoint>T00:17:06:2752F30000</MediaTimePoint>
<MediaDuration>PT00H00M06S15195N30000F</MediaDuration>
</MediaTime>
<TemporalDecomposition>
<VideoSegment id="shot92_105_NRKF_1">
<MediaTime>
<MediaTimePoint>T00:17:06:5755F30000</MediaTimePoint>
</MediaTime>
</VideoSegment>
<VideoSegment id="shot92_105_NRKF_2">
<MediaTime>
<MediaTimePoint>T00:17:06:25775F30000</MediaTimePoint>
</MediaTime>
</VideoSegment>
<VideoSegment id="shot92_105_RKF">
<MediaTime>
<MediaTimePoint>T00:17:09:9849F30000</MediaTimePoint>
</MediaTime>
</VideoSegment>
<VideoSegment id="shot92_105_NRKF_3">
<MediaTime>
<MediaTimePoint>T00:17:09:29869F30000</MediaTimePoint>
</MediaTime>
</VideoSegment>
</TemporalDecomposition>
</VideoSegment>
<VideoSegment id="shot92_106">
<MediaTime>
<MediaTimePoint>T00:17:12:17947F30000</MediaTimePoint>
<MediaDuration>PT00H00M02S8068N30000F</MediaDuration>
</MediaTime>
<TemporalDecomposition>
<VideoSegment id="shot92_106_NRKF_1">
<MediaTime>
<MediaTimePoint>T00:17:12:28958F30000</MediaTimePoint>
</MediaTime>
</VideoSegment>
<VideoSegment id="shot92_106_RKF">
<MediaTime>
<MediaTimePoint>T00:17:13:20980F30000</MediaTimePoint>
</MediaTime>
</VideoSegment>
<VideoSegment id="shot92_106_NRKF_2">
<MediaTime>
<MediaTimePoint>T00:17:14:2992F30000</MediaTimePoint>
</MediaTime>
</VideoSegment>
</TemporalDecomposition>
</VideoSegment>
<VideoSegment id="shot92_107">
<MediaTime>
<MediaTimePoint>T00:17:14:26015F30000</MediaTimePoint>
<MediaDuration>PT00H00M02S7067N30000F</MediaDuration>
</MediaTime>
<TemporalDecomposition>
<VideoSegment id="shot92_107_RKF">
<MediaTime>
<MediaTimePoint>T00:17:15:29048F30000</MediaTimePoint>
</MediaTime>
</VideoSegment>
</TemporalDecomposition>
</VideoSegment>
<VideoSegment id="shot92_108">
<MediaTime>
<MediaTimePoint>T00:17:17:3082F30000</MediaTimePoint>
<MediaDuration>PT00H00M04S15135N30000F</MediaDuration>
</MediaTime>
<TemporalDecomposition>
<VideoSegment id="shot92_108_RKF">
<MediaTime>
<MediaTimePoint>T00:17:19:10149F30000</MediaTimePoint>
</MediaTime>
</VideoSegment>
</TemporalDecomposition>
</VideoSegment>
<VideoSegment id="shot92_109">
<MediaTime>
<MediaTimePoint>T00:17:21:18217F30000</MediaTimePoint>
<MediaDuration>PT00H00M03S90N30000F</MediaDuration>
</MediaTime>
<TemporalDecomposition>
<VideoSegment id="shot92_109_NRKF_1">
<MediaTime>
<MediaTimePoint>T00:17:22:10239F30000</MediaTimePoint>
</MediaTime>
</VideoSegment>
<VideoSegment id="shot92_109_RKF">
<MediaTime>
<MediaTimePoint>T00:17:23:2261F30000</MediaTimePoint>
</MediaTime>
</VideoSegment>
<VideoSegment id="shot92_109_NRKF_2">
<MediaTime>
<MediaTimePoint>T00:17:23:25284F30000</MediaTimePoint>
</MediaTime>
</VideoSegment>
</TemporalDecomposition>
</VideoSegment>
<VideoSegment id="shot92_110">
<MediaTime>
<MediaTimePoint>T00:17:24:18307F30000</MediaTimePoint>
<MediaDuration>PT00H00M02S1061N30000F</MediaDuration>
</MediaTime>
<TemporalDecomposition>
<VideoSegment id="shot92_110_NRKF_1">
<MediaTime>
<MediaTimePoint>T00:17:24:25314F30000</MediaTimePoint>
</MediaTime>
</VideoSegment>
<VideoSegment id="shot92_110_NRKF_2">
<MediaTime>
<MediaTimePoint>T00:17:25:11330F30000</MediaTimePoint>
</MediaTime>
</VideoSegment>
<VideoSegment id="shot92_110_RKF">
<MediaTime>
<MediaTimePoint>T00:17:25:18337F30000</MediaTimePoint>
</MediaTime>
</VideoSegment>
<VideoSegment id="shot92_110_NRKF_3">
<MediaTime>
<MediaTimePoint>T00:17:25:22341F30000</MediaTimePoint>
</MediaTime>
</VideoSegment>
<VideoSegment id="shot92_110_NRKF_4">
<MediaTime>
<MediaTimePoint>T00:17:26:7356F30000</MediaTimePoint>
</MediaTime>
</VideoSegment>
</TemporalDecomposition>
</VideoSegment>
<VideoSegment id="shot92_111">
<MediaTime>
<MediaTimePoint>T00:17:26:19368F30000</MediaTimePoint>
<MediaDuration>PT00H00M02S5065N30000F</MediaDuration>
</MediaTime>
<TemporalDecomposition>
<VideoSegment id="shot92_111_NRKF_1">
<MediaTime>
<MediaTimePoint>T00:17:26:21370F30000</MediaTimePoint>
</MediaTime>
</VideoSegment>
<VideoSegment id="shot92_111_NRKF_2">
<MediaTime>
<MediaTimePoint>T00:17:27:1380F30000</MediaTimePoint>
</MediaTime>
</VideoSegment>
<VideoSegment id="shot92_111_NRKF_3">
<MediaTime>
<MediaTimePoint>T00:17:27:15394F30000</MediaTimePoint>
</MediaTime>
</VideoSegment>
<VideoSegment id="shot92_111_RKF">
<MediaTime>
<MediaTimePoint>T00:17:27:21400F30000</MediaTimePoint>
</MediaTime>
</VideoSegment>
<VideoSegment id="shot92_111_NRKF_4">
<MediaTime>
<MediaTimePoint>T00:17:28:7416F30000</MediaTimePoint>
</MediaTime>
</VideoSegment>
</TemporalDecomposition>
</VideoSegment>
<VideoSegment id="shot92_112">
<MediaTime>
<MediaTimePoint>T00:17:28:24433F30000</MediaTimePoint>
<MediaDuration>PT00H00M02S12072N30000F</MediaDuration>
</MediaTime>
<TemporalDecomposition>
<VideoSegment id="shot92_112_NRKF_1">
<MediaTime>
<MediaTimePoint>T00:17:29:439F30000</MediaTimePoint>
</MediaTime>
</VideoSegment>
<VideoSegment id="shot92_112_NRKF_2">
<MediaTime>
<MediaTimePoint>T00:17:29:17456F30000</MediaTimePoint>
</MediaTime>
</VideoSegment>
<VideoSegment id="shot92_112_RKF">
<MediaTime>
<MediaTimePoint>T00:17:29:29468F30000</MediaTimePoint>
</MediaTime>
</VideoSegment>
<VideoSegment id="shot92_112_NRKF_3">
<MediaTime>
<MediaTimePoint>T00:17:30:16485F30000</MediaTimePoint>
</MediaTime>
</VideoSegment>
</TemporalDecomposition>
</VideoSegment>
<VideoSegment id="shot92_113">
<MediaTime>
<MediaTimePoint>T00:17:31:6505F30000</MediaTimePoint>
<MediaDuration>PT00H00M04S26146N30000F</MediaDuration>
</MediaTime>
<TemporalDecomposition>
<VideoSegment id="shot92_113_NRKF_1">
<MediaTime>
<MediaTimePoint>T00:17:31:9508F30000</MediaTimePoint>
</MediaTime>
</VideoSegment>
<VideoSegment id="shot92_113_NRKF_2">
<MediaTime>
<MediaTimePoint>T00:17:31:26525F30000</MediaTimePoint>
</MediaTime>
</VideoSegment>
<VideoSegment id="shot92_113_NRKF_3">
<MediaTime>
<MediaTimePoint>T00:17:32:14543F30000</MediaTimePoint>
</MediaTime>
</VideoSegment>
<VideoSegment id="shot92_113_RKF">
<MediaTime>
<MediaTimePoint>T00:17:33:18577F30000</MediaTimePoint>
</MediaTime>
</VideoSegment>
<VideoSegment id="shot92_113_NRKF_4">
<MediaTime>
<MediaTimePoint>T00:17:34:9598F30000</MediaTimePoint>
</MediaTime>
</VideoSegment>
</TemporalDecomposition>
</VideoSegment>
<VideoSegment id="shot92_114">
<MediaTime>
<MediaTimePoint>T00:17:36:2651F30000</MediaTimePoint>
<MediaDuration>PT00H00M02S3063N30000F</MediaDuration>
</MediaTime>
<TemporalDecomposition>
<VideoSegment id="shot92_114_NRKF_1">
<MediaTime>
<MediaTimePoint>T00:17:36:10659F30000</MediaTimePoint>
</MediaTime>
</VideoSegment>
<VideoSegment id="shot92_114_NRKF_2">
<MediaTime>
<MediaTimePoint>T00:17:36:25674F30000</MediaTimePoint>
</MediaTime>
</VideoSegment>
<VideoSegment id="shot92_114_RKF">
<MediaTime>
<MediaTimePoint>T00:17:37:3682F30000</MediaTimePoint>
</MediaTime>
</VideoSegment>
<VideoSegment id="shot92_114_NRKF_3">
<MediaTime>
<MediaTimePoint>T00:17:37:18697F30000</MediaTimePoint>
</MediaTime>
</VideoSegment>
</TemporalDecomposition>
</VideoSegment>
<VideoSegment id="shot92_115">
<MediaTime>
<MediaTimePoint>T00:17:38:5714F30000</MediaTimePoint>
<MediaDuration>PT00H00M02S2062N30000F</MediaDuration>
</MediaTime>
<TemporalDecomposition>
<VideoSegment id="shot92_115_NRKF_1">
<MediaTime>
<MediaTimePoint>T00:17:38:16725F30000</MediaTimePoint>
</MediaTime>
</VideoSegment>
<VideoSegment id="shot92_115_RKF">
<MediaTime>
<MediaTimePoint>T00:17:39:5744F30000</MediaTimePoint>
</MediaTime>
</VideoSegment>
<VideoSegment id="shot92_115_NRKF_2">
<MediaTime>
<MediaTimePoint>T00:17:39:9748F30000</MediaTimePoint>
</MediaTime>
</VideoSegment>
<VideoSegment id="shot92_115_NRKF_3">
<MediaTime>
<MediaTimePoint>T00:17:39:22761F30000</MediaTimePoint>
</MediaTime>
</VideoSegment>
<VideoSegment id="shot92_115_NRKF_4">
<MediaTime>
<MediaTimePoint>T00:17:39:26765F30000</MediaTimePoint>
</MediaTime>
</VideoSegment>
<VideoSegment id="shot92_115_NRKF_5">
<MediaTime>
<MediaTimePoint>T00:17:40:769F30000</MediaTimePoint>
</MediaTime>
</VideoSegment>
<VideoSegment id="shot92_115_NRKF_6">
<MediaTime>
<MediaTimePoint>T00:17:40:4773F30000</MediaTimePoint>
</MediaTime>
</VideoSegment>
</TemporalDecomposition>
</VideoSegment>
<VideoSegment id="shot92_116">
<MediaTime>
<MediaTimePoint>T00:17:40:7776F30000</MediaTimePoint>
<MediaDuration>PT00H00M02S12072N30000F</MediaDuration>
</MediaTime>
<TemporalDecomposition>
<VideoSegment id="shot92_116_NRKF_1">
<MediaTime>
<MediaTimePoint>T00:17:40:8777F30000</MediaTimePoint>
</MediaTime>
</VideoSegment>
<VideoSegment id="shot92_116_NRKF_2">
<MediaTime>
<MediaTimePoint>T00:17:40:14783F30000</MediaTimePoint>
</MediaTime>
</VideoSegment>
<VideoSegment id="shot92_116_NRKF_3">
<MediaTime>
<MediaTimePoint>T00:17:40:26795F30000</MediaTimePoint>
</MediaTime>
</VideoSegment>
<VideoSegment id="shot92_116_RKF">
<MediaTime>
<MediaTimePoint>T00:17:41:12811F30000</MediaTimePoint>
</MediaTime>
</VideoSegment>
<VideoSegment id="shot92_116_NRKF_4">
<MediaTime>
<MediaTimePoint>T00:17:41:26825F30000</MediaTimePoint>
</MediaTime>
</VideoSegment>
</TemporalDecomposition>
</VideoSegment>
<VideoSegment id="shot92_117">
<MediaTime>
<MediaTimePoint>T00:17:42:19848F30000</MediaTimePoint>
<MediaDuration>PT00H00M02S14074N30000F</MediaDuration>
</MediaTime>
<TemporalDecomposition>
<VideoSegment id="shot92_117_NRKF_1">
<MediaTime>
<MediaTimePoint>T00:17:43:11870F30000</MediaTimePoint>
</MediaTime>
</VideoSegment>
<VideoSegment id="shot92_117_RKF">
<MediaTime>
<MediaTimePoint>T00:17:43:25884F30000</MediaTimePoint>
</MediaTime>
</VideoSegment>
<VideoSegment id="shot92_117_NRKF_2">
<MediaTime>
<MediaTimePoint>T00:17:44:18907F30000</MediaTimePoint>
</MediaTime>
</VideoSegment>
</TemporalDecomposition>
</VideoSegment>
<VideoSegment id="shot92_118">
<MediaTime>
<MediaTimePoint>T00:17:45:3922F30000</MediaTimePoint>
<MediaDuration>PT00H00M03S18108N30000F</MediaDuration>
</MediaTime>
<TemporalDecomposition>
<VideoSegment id="shot92_118_NRKF_1">
<MediaTime>
<MediaTimePoint>T00:17:45:16935F30000</MediaTimePoint>
</MediaTime>
</VideoSegment>
<VideoSegment id="shot92_118_NRKF_2">
<MediaTime>
<MediaTimePoint>T00:17:46:14963F30000</MediaTimePoint>
</MediaTime>
</VideoSegment>
<VideoSegment id="shot92_118_RKF">
<MediaTime>
<MediaTimePoint>T00:17:46:26975F30000</MediaTimePoint>
</MediaTime>
</VideoSegment>
<VideoSegment id="shot92_118_NRKF_3">
<MediaTime>
<MediaTimePoint>T00:17:47:25003F30000</MediaTimePoint>
</MediaTime>
</VideoSegment>
</TemporalDecomposition>
</VideoSegment>
<VideoSegment id="shot92_119">
<MediaTime>
<MediaTimePoint>T00:17:48:22030F30000</MediaTimePoint>
<MediaDuration>PT00H00M02S27087N30000F</MediaDuration>
</MediaTime>
<TemporalDecomposition>
<VideoSegment id="shot92_119_RKF">
<MediaTime>
<MediaTimePoint>T00:17:50:5073F30000</MediaTimePoint>
</MediaTime>
</VideoSegment>
</TemporalDecomposition>
</VideoSegment>
<VideoSegment id="shot92_120">
<MediaTime>
<MediaTimePoint>T00:17:51:19117F30000</MediaTimePoint>
<MediaDuration>PT00H00M15S20470N30000F</MediaDuration>
</MediaTime>
<TemporalDecomposition>
<VideoSegment id="shot92_120_RKF">
<MediaTime>
<MediaTimePoint>T00:17:59:13351F30000</MediaTimePoint>
</MediaTime>
</VideoSegment>
</TemporalDecomposition>
</VideoSegment>
<VideoSegment id="shot92_121">
<MediaTime>
<MediaTimePoint>T00:18:07:9587F30000</MediaTimePoint>
<MediaDuration>PT00H00M02S26086N30000F</MediaDuration>
</MediaTime>
<TemporalDecomposition>
<VideoSegment id="shot92_121_NRKF_1">
<MediaTime>
<MediaTimePoint>T00:18:07:11589F30000</MediaTimePoint>
</MediaTime>
</VideoSegment>
<VideoSegment id="shot92_121_NRKF_2">
<MediaTime>
<MediaTimePoint>T00:18:07:27605F30000</MediaTimePoint>
</MediaTime>
</VideoSegment>
<VideoSegment id="shot92_121_RKF">
<MediaTime>
<MediaTimePoint>T00:18:08:21629F30000</MediaTimePoint>
</MediaTime>
</VideoSegment>
<VideoSegment id="shot92_121_NRKF_3">
<MediaTime>
<MediaTimePoint>T00:18:08:23631F30000</MediaTimePoint>
</MediaTime>
</VideoSegment>
<VideoSegment id="shot92_121_NRKF_4">
<MediaTime>
<MediaTimePoint>T00:18:09:20658F30000</MediaTimePoint>
</MediaTime>
</VideoSegment>
</TemporalDecomposition>
</VideoSegment>
<VideoSegment id="shot92_122">
<MediaTime>
<MediaTimePoint>T00:18:10:5673F30000</MediaTimePoint>
<MediaDuration>PT00H00M02S4064N30000F</MediaDuration>
</MediaTime>
<TemporalDecomposition>
<VideoSegment id="shot92_122_NRKF_1">
<MediaTime>
<MediaTimePoint>T00:18:10:7675F30000</MediaTimePoint>
</MediaTime>
</VideoSegment>
<VideoSegment id="shot92_122_NRKF_2">
<MediaTime>
<MediaTimePoint>T00:18:10:27695F30000</MediaTimePoint>
</MediaTime>
</VideoSegment>
<VideoSegment id="shot92_122_RKF">
<MediaTime>
<MediaTimePoint>T00:18:11:6704F30000</MediaTimePoint>
</MediaTime>
</VideoSegment>
<VideoSegment id="shot92_122_NRKF_3">
<MediaTime>
<MediaTimePoint>T00:18:11:26724F30000</MediaTimePoint>
</MediaTime>
</VideoSegment>
</TemporalDecomposition>
</VideoSegment>
<VideoSegment id="shot92_123">
<MediaTime>
<MediaTimePoint>T00:18:12:9737F30000</MediaTimePoint>
<MediaDuration>PT00H00M02S5065N30000F</MediaDuration>
</MediaTime>
<TemporalDecomposition>
<VideoSegment id="shot92_123_NRKF_1">
<MediaTime>
<MediaTimePoint>T00:18:12:24752F30000</MediaTimePoint>
</MediaTime>
</VideoSegment>
<VideoSegment id="shot92_123_RKF">
<MediaTime>
<MediaTimePoint>T00:18:13:11769F30000</MediaTimePoint>
</MediaTime>
</VideoSegment>
<VideoSegment id="shot92_123_NRKF_2">
<MediaTime>
<MediaTimePoint>T00:18:13:27785F30000</MediaTimePoint>
</MediaTime>
</VideoSegment>
</TemporalDecomposition>
</VideoSegment>
<VideoSegment id="shot92_124">
<MediaTime>
<MediaTimePoint>T00:18:14:14802F30000</MediaTimePoint>
<MediaDuration>PT00H00M02S9069N30000F</MediaDuration>
</MediaTime>
<TemporalDecomposition>
<VideoSegment id="shot92_124_NRKF_1">
<MediaTime>
<MediaTimePoint>T00:18:15:1819F30000</MediaTimePoint>
</MediaTime>
</VideoSegment>
<VideoSegment id="shot92_124_RKF">
<MediaTime>
<MediaTimePoint>T00:18:15:18836F30000</MediaTimePoint>
</MediaTime>
</VideoSegment>
<VideoSegment id="shot92_124_NRKF_2">
<MediaTime>
<MediaTimePoint>T00:18:15:26844F30000</MediaTimePoint>
</MediaTime>
</VideoSegment>
<VideoSegment id="shot92_124_NRKF_3">
<MediaTime>
<MediaTimePoint>T00:18:16:13861F30000</MediaTimePoint>
</MediaTime>
</VideoSegment>
</TemporalDecomposition>
</VideoSegment>
<VideoSegment id="shot92_125">
<MediaTime>
<MediaTimePoint>T00:18:16:23871F30000</MediaTimePoint>
<MediaDuration>PT00H00M02S17077N30000F</MediaDuration>
</MediaTime>
<TemporalDecomposition>
<VideoSegment id="shot92_125_NRKF_1">
<MediaTime>
<MediaTimePoint>T00:18:17:6884F30000</MediaTimePoint>
</MediaTime>
</VideoSegment>
<VideoSegment id="shot92_125_RKF">
<MediaTime>
<MediaTimePoint>T00:18:18:1909F30000</MediaTimePoint>
</MediaTime>
</VideoSegment>
<VideoSegment id="shot92_125_NRKF_2">
<MediaTime>
<MediaTimePoint>T00:18:18:3911F30000</MediaTimePoint>
</MediaTime>
</VideoSegment>
<VideoSegment id="shot92_125_NRKF_3">
<MediaTime>
<MediaTimePoint>T00:18:18:28936F30000</MediaTimePoint>
</MediaTime>
</VideoSegment>
</TemporalDecomposition>
</VideoSegment>
<VideoSegment id="shot92_126">
<MediaTime>
<MediaTimePoint>T00:18:19:10948F30000</MediaTimePoint>
<MediaDuration>PT00H00M03S7097N30000F</MediaDuration>
</MediaTime>
<TemporalDecomposition>
<VideoSegment id="shot92_126_NRKF_1">
<MediaTime>
<MediaTimePoint>T00:18:19:22960F30000</MediaTimePoint>
</MediaTime>
</VideoSegment>
<VideoSegment id="shot92_126_NRKF_2">
<MediaTime>
<MediaTimePoint>T00:18:20:22990F30000</MediaTimePoint>
</MediaTime>
</VideoSegment>
<VideoSegment id="shot92_126_RKF">
<MediaTime>
<MediaTimePoint>T00:18:20:28996F30000</MediaTimePoint>
</MediaTime>
</VideoSegment>
<VideoSegment id="shot92_126_NRKF_3">
<MediaTime>
<MediaTimePoint>T00:18:21:28025F30000</MediaTimePoint>
</MediaTime>
</VideoSegment>
</TemporalDecomposition>
</VideoSegment>
<VideoSegment id="shot92_127">
<MediaTime>
<MediaTimePoint>T00:18:22:18045F30000</MediaTimePoint>
<MediaDuration>PT00H00M02S2062N30000F</MediaDuration>
</MediaTime>
<TemporalDecomposition>
<VideoSegment id="shot92_127_NRKF_1">
<MediaTime>
<MediaTimePoint>T00:18:23:1058F30000</MediaTimePoint>
</MediaTime>
</VideoSegment>
<VideoSegment id="shot92_127_RKF">
<MediaTime>
<MediaTimePoint>T00:18:23:18075F30000</MediaTimePoint>
</MediaTime>
</VideoSegment>
<VideoSegment id="shot92_127_NRKF_2">
<MediaTime>
<MediaTimePoint>T00:18:24:2089F30000</MediaTimePoint>
</MediaTime>
</VideoSegment>
</TemporalDecomposition>
</VideoSegment>
<VideoSegment id="shot92_128">
<MediaTime>
<MediaTimePoint>T00:18:24:20107F30000</MediaTimePoint>
<MediaDuration>PT00H00M02S3063N30000F</MediaDuration>
</MediaTime>
<TemporalDecomposition>
<VideoSegment id="shot92_128_NRKF_1">
<MediaTime>
<MediaTimePoint>T00:18:25:5122F30000</MediaTimePoint>
</MediaTime>
</VideoSegment>
<VideoSegment id="shot92_128_RKF">
<MediaTime>
<MediaTimePoint>T00:18:25:21138F30000</MediaTimePoint>
</MediaTime>
</VideoSegment>
<VideoSegment id="shot92_128_NRKF_2">
<MediaTime>
<MediaTimePoint>T00:18:26:7154F30000</MediaTimePoint>
</MediaTime>
</VideoSegment>
</TemporalDecomposition>
</VideoSegment>
<VideoSegment id="shot92_129">
<MediaTime>
<MediaTimePoint>T00:18:26:23170F30000</MediaTimePoint>
<MediaDuration>PT00H00M02S6066N30000F</MediaDuration>
</MediaTime>
<TemporalDecomposition>
<VideoSegment id="shot92_129_NRKF_1">
<MediaTime>
<MediaTimePoint>T00:18:27:6183F30000</MediaTimePoint>
</MediaTime>
</VideoSegment>
<VideoSegment id="shot92_129_RKF">
<MediaTime>
<MediaTimePoint>T00:18:27:25202F30000</MediaTimePoint>
</MediaTime>
</VideoSegment>
<VideoSegment id="shot92_129_NRKF_2">
<MediaTime>
<MediaTimePoint>T00:18:28:9216F30000</MediaTimePoint>
</MediaTime>
</VideoSegment>
</TemporalDecomposition>
</VideoSegment>
<VideoSegment id="shot92_130">
<MediaTime>
<MediaTimePoint>T00:18:28:29236F30000</MediaTimePoint>
<MediaDuration>PT00H00M03S6096N30000F</MediaDuration>
</MediaTime>
<TemporalDecomposition>
<VideoSegment id="shot92_130_NRKF_1">
<MediaTime>
<MediaTimePoint>T00:18:29:12249F30000</MediaTimePoint>
</MediaTime>
</VideoSegment>
<VideoSegment id="shot92_130_NRKF_2">
<MediaTime>
<MediaTimePoint>T00:18:30:10277F30000</MediaTimePoint>
</MediaTime>
</VideoSegment>
<VideoSegment id="shot92_130_RKF">
<MediaTime>
<MediaTimePoint>T00:18:30:16283F30000</MediaTimePoint>
</MediaTime>
</VideoSegment>
<VideoSegment id="shot92_130_NRKF_3">
<MediaTime>
<MediaTimePoint>T00:18:31:14311F30000</MediaTimePoint>
</MediaTime>
</VideoSegment>
</TemporalDecomposition>
</VideoSegment>
<VideoSegment id="shot92_131">
<MediaTime>
<MediaTimePoint>T00:18:32:5332F30000</MediaTimePoint>
<MediaDuration>PT00H00M02S4064N30000F</MediaDuration>
</MediaTime>
<TemporalDecomposition>
<VideoSegment id="shot92_131_NRKF_1">
<MediaTime>
<MediaTimePoint>T00:18:32:23350F30000</MediaTimePoint>
</MediaTime>
</VideoSegment>
<VideoSegment id="shot92_131_RKF">
<MediaTime>
<MediaTimePoint>T00:18:33:6363F30000</MediaTimePoint>
</MediaTime>
</VideoSegment>
<VideoSegment id="shot92_131_NRKF_2">
<MediaTime>
<MediaTimePoint>T00:18:33:25382F30000</MediaTimePoint>
</MediaTime>
</VideoSegment>
</TemporalDecomposition>
</VideoSegment>
<VideoSegment id="shot92_132">
<MediaTime>
<MediaTimePoint>T00:18:34:9396F30000</MediaTimePoint>
<MediaDuration>PT00H00M02S23083N30000F</MediaDuration>
</MediaTime>
<TemporalDecomposition>
<VideoSegment id="shot92_132_NRKF_1">
<MediaTime>
<MediaTimePoint>T00:18:34:21408F30000</MediaTimePoint>
</MediaTime>
</VideoSegment>
<VideoSegment id="shot92_132_RKF">
<MediaTime>
<MediaTimePoint>T00:18:35:20437F30000</MediaTimePoint>
</MediaTime>
</VideoSegment>
<VideoSegment id="shot92_132_NRKF_2">
<MediaTime>
<MediaTimePoint>T00:18:36:2449F30000</MediaTimePoint>
</MediaTime>
</VideoSegment>
</TemporalDecomposition>
</VideoSegment>
<VideoSegment id="shot92_133">
<MediaTime>
<MediaTimePoint>T00:18:37:2479F30000</MediaTimePoint>
<MediaDuration>PT00H00M03S24114N30000F</MediaDuration>
</MediaTime>
<TemporalDecomposition>
<VideoSegment id="shot92_133_RKF">
<MediaTime>
<MediaTimePoint>T00:18:38:28535F30000</MediaTimePoint>
</MediaTime>
</VideoSegment>
</TemporalDecomposition>
</VideoSegment>
<VideoSegment id="shot92_134">
<MediaTime>
<MediaTimePoint>T00:18:40:26593F30000</MediaTimePoint>
<MediaDuration>PT00H00M02S8068N30000F</MediaDuration>
</MediaTime>
<TemporalDecomposition>
<VideoSegment id="shot92_134_RKF">
<MediaTime>
<MediaTimePoint>T00:18:41:29626F30000</MediaTimePoint>
</MediaTime>
</VideoSegment>
</TemporalDecomposition>
</VideoSegment>
<VideoSegment id="shot92_135">
<MediaTime>
<MediaTimePoint>T00:18:43:4661F30000</MediaTimePoint>
<MediaDuration>PT00H00M06S4184N30000F</MediaDuration>
</MediaTime>
<TemporalDecomposition>
<VideoSegment id="shot92_135_NRKF_1">
<MediaTime>
<MediaTimePoint>T00:18:44:2689F30000</MediaTimePoint>
</MediaTime>
</VideoSegment>
<VideoSegment id="shot92_135_RKF">
<MediaTime>
<MediaTimePoint>T00:18:46:5752F30000</MediaTimePoint>
</MediaTime>
</VideoSegment>
<VideoSegment id="shot92_135_NRKF_2">
<MediaTime>
<MediaTimePoint>T00:18:47:4781F30000</MediaTimePoint>
</MediaTime>
</VideoSegment>
</TemporalDecomposition>
</VideoSegment>
<VideoSegment id="shot92_136">
<MediaTime>
<MediaTimePoint>T00:18:49:8845F30000</MediaTimePoint>
<MediaDuration>PT00H00M03S1091N30000F</MediaDuration>
</MediaTime>
<TemporalDecomposition>
<VideoSegment id="shot92_136_RKF">
<MediaTime>
<MediaTimePoint>T00:18:50:23890F30000</MediaTimePoint>
</MediaTime>
</VideoSegment>
</TemporalDecomposition>
</VideoSegment>
<VideoSegment id="shot92_137">
<MediaTime>
<MediaTimePoint>T00:18:52:9936F30000</MediaTimePoint>
<MediaDuration>PT00H00M07S22232N30000F</MediaDuration>
</MediaTime>
<TemporalDecomposition>
<VideoSegment id="shot92_137_RKF">
<MediaTime>
<MediaTimePoint>T00:18:56:5051F30000</MediaTimePoint>
</MediaTime>
</VideoSegment>
</TemporalDecomposition>
</VideoSegment>
<VideoSegment id="shot92_138">
<MediaTime>
<MediaTimePoint>T00:19:00:2168F30000</MediaTimePoint>
<MediaDuration>PT00H00M04S12132N30000F</MediaDuration>
</MediaTime>
<TemporalDecomposition>
<VideoSegment id="shot92_138_RKF">
<MediaTime>
<MediaTimePoint>T00:19:02:7233F30000</MediaTimePoint>
</MediaTime>
</VideoSegment>
</TemporalDecomposition>
</VideoSegment>
<VideoSegment id="shot92_139">
<MediaTime>
<MediaTimePoint>T00:19:04:14300F30000</MediaTimePoint>
<MediaDuration>PT00H00M05S6156N30000F</MediaDuration>
</MediaTime>
<TemporalDecomposition>
<VideoSegment id="shot92_139_RKF">
<MediaTime>
<MediaTimePoint>T00:19:07:1377F30000</MediaTimePoint>
</MediaTime>
</VideoSegment>
</TemporalDecomposition>
</VideoSegment>
<VideoSegment id="shot92_140">
<MediaTime>
<MediaTimePoint>T00:19:09:20456F30000</MediaTimePoint>
<MediaDuration>PT00H00M04S11131N30000F</MediaDuration>
</MediaTime>
<TemporalDecomposition>
<VideoSegment id="shot92_140_RKF">
<MediaTime>
<MediaTimePoint>T00:19:11:25521F30000</MediaTimePoint>
</MediaTime>
</VideoSegment>
</TemporalDecomposition>
</VideoSegment>
<VideoSegment id="shot92_141">
<MediaTime>
<MediaTimePoint>T00:19:14:1587F30000</MediaTimePoint>
<MediaDuration>PT00H00M04S14134N30000F</MediaDuration>
</MediaTime>
<TemporalDecomposition>
<VideoSegment id="shot92_141_RKF">
<MediaTime>
<MediaTimePoint>T00:19:16:7653F30000</MediaTimePoint>
</MediaTime>
</VideoSegment>
</TemporalDecomposition>
</VideoSegment>
<VideoSegment id="shot92_142">
<MediaTime>
<MediaTimePoint>T00:19:18:15721F30000</MediaTimePoint>
<MediaDuration>PT00H00M03S29119N30000F</MediaDuration>
</MediaTime>
<TemporalDecomposition>
<VideoSegment id="shot92_142_RKF">
<MediaTime>
<MediaTimePoint>T00:19:20:14780F30000</MediaTimePoint>
</MediaTime>
</VideoSegment>
</TemporalDecomposition>
</VideoSegment>
<VideoSegment id="shot92_143">
<MediaTime>
<MediaTimePoint>T00:19:22:14840F30000</MediaTimePoint>
<MediaDuration>PT00H00M02S25085N30000F</MediaDuration>
</MediaTime>
<TemporalDecomposition>
<VideoSegment id="shot92_143_RKF">
<MediaTime>
<MediaTimePoint>T00:19:23:26882F30000</MediaTimePoint>
</MediaTime>
</VideoSegment>
</TemporalDecomposition>
</VideoSegment>
<VideoSegment id="shot92_144">
<MediaTime>
<MediaTimePoint>T00:19:25:9925F30000</MediaTimePoint>
<MediaDuration>PT00H00M03S14104N30000F</MediaDuration>
</MediaTime>
<TemporalDecomposition>
<VideoSegment id="shot92_144_RKF">
<MediaTime>
<MediaTimePoint>T00:19:27:976F30000</MediaTimePoint>
</MediaTime>
</VideoSegment>
</TemporalDecomposition>
</VideoSegment>
<VideoSegment id="shot92_145">
<MediaTime>
<MediaTimePoint>T00:19:28:24029F30000</MediaTimePoint>
<MediaDuration>PT00H00M02S11071N30000F</MediaDuration>
</MediaTime>
<TemporalDecomposition>
<VideoSegment id="shot92_145_RKF">
<MediaTime>
<MediaTimePoint>T00:19:29:29064F30000</MediaTimePoint>
</MediaTime>
</VideoSegment>
</TemporalDecomposition>
</VideoSegment>
<VideoSegment id="shot92_146">
<MediaTime>
<MediaTimePoint>T00:19:31:5100F30000</MediaTimePoint>
<MediaDuration>PT00H00M03S1091N30000F</MediaDuration>
</MediaTime>
<TemporalDecomposition>
<VideoSegment id="shot92_146_RKF">
<MediaTime>
<MediaTimePoint>T00:19:32:20145F30000</MediaTimePoint>
</MediaTime>
</VideoSegment>
</TemporalDecomposition>
</VideoSegment>
<VideoSegment id="shot92_147">
<MediaTime>
<MediaTimePoint>T00:19:34:6191F30000</MediaTimePoint>
<MediaDuration>PT00H00M02S5065N30000F</MediaDuration>
</MediaTime>
<TemporalDecomposition>
<VideoSegment id="shot92_147_RKF">
<MediaTime>
<MediaTimePoint>T00:19:35:8223F30000</MediaTimePoint>
</MediaTime>
</VideoSegment>
</TemporalDecomposition>
</VideoSegment>
<VideoSegment id="shot92_148">
<MediaTime>
<MediaTimePoint>T00:19:36:11256F30000</MediaTimePoint>
<MediaDuration>PT00H00M02S13073N30000F</MediaDuration>
</MediaTime>
<TemporalDecomposition>
<VideoSegment id="shot92_148_RKF">
<MediaTime>
<MediaTimePoint>T00:19:37:17292F30000</MediaTimePoint>
</MediaTime>
</VideoSegment>
</TemporalDecomposition>
</VideoSegment>
<VideoSegment id="shot92_149">
<MediaTime>
<MediaTimePoint>T00:19:38:24329F30000</MediaTimePoint>
<MediaDuration>PT00H00M03S90N30000F</MediaDuration>
</MediaTime>
<TemporalDecomposition>
<VideoSegment id="shot92_149_RKF">
<MediaTime>
<MediaTimePoint>T00:19:40:8373F30000</MediaTimePoint>
</MediaTime>
</VideoSegment>
</TemporalDecomposition>
</VideoSegment>
<VideoSegment id="shot92_150">
<MediaTime>
<MediaTimePoint>T00:19:41:24419F30000</MediaTimePoint>
<MediaDuration>PT00H00M02S18078N30000F</MediaDuration>
</MediaTime>
<TemporalDecomposition>
<VideoSegment id="shot92_150_RKF">
<MediaTime>
<MediaTimePoint>T00:19:43:2457F30000</MediaTimePoint>
</MediaTime>
</VideoSegment>
</TemporalDecomposition>
</VideoSegment>
<VideoSegment id="shot92_151">
<MediaTime>
<MediaTimePoint>T00:19:44:12497F30000</MediaTimePoint>
<MediaDuration>PT00H00M02S26086N30000F</MediaDuration>
</MediaTime>
<TemporalDecomposition>
<VideoSegment id="shot92_151_RKF">
<MediaTime>
<MediaTimePoint>T00:19:45:24539F30000</MediaTimePoint>
</MediaTime>
</VideoSegment>
</TemporalDecomposition>
</VideoSegment>
<VideoSegment id="shot92_152">
<MediaTime>
<MediaTimePoint>T00:19:47:8583F30000</MediaTimePoint>
<MediaDuration>PT00H00M02S26086N30000F</MediaDuration>
</MediaTime>
<TemporalDecomposition>
<VideoSegment id="shot92_152_RKF">
<MediaTime>
<MediaTimePoint>T00:19:48:20625F30000</MediaTimePoint>
</MediaTime>
</VideoSegment>
</TemporalDecomposition>
</VideoSegment>
<VideoSegment id="shot92_153">
<MediaTime>
<MediaTimePoint>T00:19:50:4669F30000</MediaTimePoint>
<MediaDuration>PT00H00M06S22202N30000F</MediaDuration>
</MediaTime>
<TemporalDecomposition>
<VideoSegment id="shot92_153_RKF">
<MediaTime>
<MediaTimePoint>T00:19:53:14769F30000</MediaTimePoint>
</MediaTime>
</VideoSegment>
</TemporalDecomposition>
</VideoSegment>
<VideoSegment id="shot92_154">
<MediaTime>
<MediaTimePoint>T00:19:56:26871F30000</MediaTimePoint>
<MediaDuration>PT00H00M04S7127N30000F</MediaDuration>
</MediaTime>
<TemporalDecomposition>
<VideoSegment id="shot92_154_RKF">
<MediaTime>
<MediaTimePoint>T00:19:58:29934F30000</MediaTimePoint>
</MediaTime>
</VideoSegment>
</TemporalDecomposition>
</VideoSegment>
<VideoSegment id="shot92_155">
<MediaTime>
<MediaTimePoint>T00:20:01:3998F30000</MediaTimePoint>
<MediaDuration>PT00H00M08S27267N30000F</MediaDuration>
</MediaTime>
<TemporalDecomposition>
<VideoSegment id="shot92_155_RKF">
<MediaTime>
<MediaTimePoint>T00:20:05:17131F30000</MediaTimePoint>
</MediaTime>
</VideoSegment>
</TemporalDecomposition>
</VideoSegment>
<VideoSegment id="shot92_156">
<MediaTime>
<MediaTimePoint>T00:20:10:1265F30000</MediaTimePoint>
<MediaDuration>PT00H00M03S12102N30000F</MediaDuration>
</MediaTime>
<TemporalDecomposition>
<VideoSegment id="shot92_156_RKF">
<MediaTime>
<MediaTimePoint>T00:20:11:21315F30000</MediaTimePoint>
</MediaTime>
</VideoSegment>
</TemporalDecomposition>
</VideoSegment>
<VideoSegment id="shot92_157">
<MediaTime>
<MediaTimePoint>T00:20:13:13367F30000</MediaTimePoint>
<MediaDuration>PT00H00M03S23113N30000F</MediaDuration>
</MediaTime>
<TemporalDecomposition>
<VideoSegment id="shot92_157_RKF">
<MediaTime>
<MediaTimePoint>T00:20:15:9423F30000</MediaTimePoint>
</MediaTime>
</VideoSegment>
</TemporalDecomposition>
</VideoSegment>
<VideoSegment id="shot92_158">
<MediaTime>
<MediaTimePoint>T00:20:17:6480F30000</MediaTimePoint>
<MediaDuration>PT00H00M02S20080N30000F</MediaDuration>
</MediaTime>
<TemporalDecomposition>
<VideoSegment id="shot92_158_RKF">
<MediaTime>
<MediaTimePoint>T00:20:18:15519F30000</MediaTimePoint>
</MediaTime>
</VideoSegment>
</TemporalDecomposition>
</VideoSegment>
<VideoSegment id="shot92_159">
<MediaTime>
<MediaTimePoint>T00:20:19:26560F30000</MediaTimePoint>
<MediaDuration>PT00H00M03S6096N30000F</MediaDuration>
</MediaTime>
<TemporalDecomposition>
<VideoSegment id="shot92_159_RKF">
<MediaTime>
<MediaTimePoint>T00:20:21:13607F30000</MediaTimePoint>
</MediaTime>
</VideoSegment>
</TemporalDecomposition>
</VideoSegment>
<VideoSegment id="shot92_160">
<MediaTime>
<MediaTimePoint>T00:20:23:2656F30000</MediaTimePoint>
<MediaDuration>PT00H00M02S17077N30000F</MediaDuration>
</MediaTime>
<TemporalDecomposition>
<VideoSegment id="shot92_160_NRKF_1">
<MediaTime>
<MediaTimePoint>T00:20:23:29683F30000</MediaTimePoint>
</MediaTime>
</VideoSegment>
<VideoSegment id="shot92_160_RKF">
<MediaTime>
<MediaTimePoint>T00:20:24:10694F30000</MediaTimePoint>
</MediaTime>
</VideoSegment>
<VideoSegment id="shot92_160_NRKF_2">
<MediaTime>
<MediaTimePoint>T00:20:25:7721F30000</MediaTimePoint>
</MediaTime>
</VideoSegment>
</TemporalDecomposition>
</VideoSegment>
<VideoSegment id="shot92_161">
<MediaTime>
<MediaTimePoint>T00:20:25:19733F30000</MediaTimePoint>
<MediaDuration>PT00H00M03S17107N30000F</MediaDuration>
</MediaTime>
<TemporalDecomposition>
<VideoSegment id="shot92_161_RKF">
<MediaTime>
<MediaTimePoint>T00:20:27:12786F30000</MediaTimePoint>
</MediaTime>
</VideoSegment>
</TemporalDecomposition>
</VideoSegment>
<VideoSegment id="shot92_162">
<MediaTime>
<MediaTimePoint>T00:20:29:6840F30000</MediaTimePoint>
<MediaDuration>PT00H00M11S9339N30000F</MediaDuration>
</MediaTime>
<TemporalDecomposition>
<VideoSegment id="shot92_162_NRKF_1">
<MediaTime>
<MediaTimePoint>T00:20:29:14848F30000</MediaTimePoint>
</MediaTime>
</VideoSegment>
<VideoSegment id="shot92_162_RKF">
<MediaTime>
<MediaTimePoint>T00:20:34:26009F30000</MediaTimePoint>
</MediaTime>
</VideoSegment>
<VideoSegment id="shot92_162_NRKF_2">
<MediaTime>
<MediaTimePoint>T00:20:35:5018F30000</MediaTimePoint>
</MediaTime>
</VideoSegment>
</TemporalDecomposition>
</VideoSegment>
<VideoSegment id="shot92_163">
<MediaTime>
<MediaTimePoint>T00:20:40:16179F30000</MediaTimePoint>
<MediaDuration>PT00H00M04S5125N30000F</MediaDuration>
</MediaTime>
<TemporalDecomposition>
<VideoSegment id="shot92_163_RKF">
<MediaTime>
<MediaTimePoint>T00:20:42:18241F30000</MediaTimePoint>
</MediaTime>
</VideoSegment>
</TemporalDecomposition>
</VideoSegment>
<VideoSegment id="shot92_164">
<MediaTime>
<MediaTimePoint>T00:20:44:21304F30000</MediaTimePoint>
<MediaDuration>PT00H00M06S15195N30000F</MediaDuration>
</MediaTime>
<TemporalDecomposition>
<VideoSegment id="shot92_164_RKF">
<MediaTime>
<MediaTimePoint>T00:20:47:28401F30000</MediaTimePoint>
</MediaTime>
</VideoSegment>
</TemporalDecomposition>
</VideoSegment>
<VideoSegment id="shot92_165">
<MediaTime>
<MediaTimePoint>T00:20:51:6499F30000</MediaTimePoint>
<MediaDuration>PT00H00M03S14104N30000F</MediaDuration>
</MediaTime>
<TemporalDecomposition>
<VideoSegment id="shot92_165_RKF">
<MediaTime>
<MediaTimePoint>T00:20:52:27550F30000</MediaTimePoint>
</MediaTime>
</VideoSegment>
</TemporalDecomposition>
</VideoSegment>
<VideoSegment id="shot92_166">
<MediaTime>
<MediaTimePoint>T00:20:54:20603F30000</MediaTimePoint>
<MediaDuration>PT00H00M07S27237N30000F</MediaDuration>
</MediaTime>
<TemporalDecomposition>
<VideoSegment id="shot92_166_RKF">
<MediaTime>
<MediaTimePoint>T00:20:58:18721F30000</MediaTimePoint>
</MediaTime>
</VideoSegment>
</TemporalDecomposition>
</VideoSegment>
<VideoSegment id="shot92_167">
<MediaTime>
<MediaTimePoint>T00:21:02:17840F30000</MediaTimePoint>
<MediaDuration>PT00H00M04S13133N30000F</MediaDuration>
</MediaTime>
<TemporalDecomposition>
<VideoSegment id="shot92_167_RKF">
<MediaTime>
<MediaTimePoint>T00:21:04:23906F30000</MediaTimePoint>
</MediaTime>
</VideoSegment>
</TemporalDecomposition>
</VideoSegment>
<VideoSegment id="shot92_168">
<MediaTime>
<MediaTimePoint>T00:21:07:973F30000</MediaTimePoint>
<MediaDuration>PT00H00M03S27117N30000F</MediaDuration>
</MediaTime>
<TemporalDecomposition>
<VideoSegment id="shot92_168_RKF">
<MediaTime>
<MediaTimePoint>T00:21:08:29031F30000</MediaTimePoint>
</MediaTime>
</VideoSegment>
</TemporalDecomposition>
</VideoSegment>
<VideoSegment id="shot92_169">
<MediaTime>
<MediaTimePoint>T00:21:10:28090F30000</MediaTimePoint>
<MediaDuration>PT00H00M04S2122N30000F</MediaDuration>
</MediaTime>
<TemporalDecomposition>
<VideoSegment id="shot92_169_RKF">
<MediaTime>
<MediaTimePoint>T00:21:12:28150F30000</MediaTimePoint>
</MediaTime>
</VideoSegment>
</TemporalDecomposition>
</VideoSegment>
<VideoSegment id="shot92_170">
<MediaTime>
<MediaTimePoint>T00:21:15:212F30000</MediaTimePoint>
<MediaDuration>PT00H00M03S3093N30000F</MediaDuration>
</MediaTime>
<TemporalDecomposition>
<VideoSegment id="shot92_170_RKF">
<MediaTime>
<MediaTimePoint>T00:21:16:16258F30000</MediaTimePoint>
</MediaTime>
</VideoSegment>
</TemporalDecomposition>
</VideoSegment>
<VideoSegment id="shot92_171">
<MediaTime>
<MediaTimePoint>T00:21:18:3305F30000</MediaTimePoint>
<MediaDuration>PT00H00M02S21081N30000F</MediaDuration>
</MediaTime>
<TemporalDecomposition>
<VideoSegment id="shot92_171_RKF">
<MediaTime>
<MediaTimePoint>T00:21:19:13345F30000</MediaTimePoint>
</MediaTime>
</VideoSegment>
</TemporalDecomposition>
</VideoSegment>
<VideoSegment id="shot92_172">
<MediaTime>
<MediaTimePoint>T00:21:20:24386F30000</MediaTimePoint>
<MediaDuration>PT00H00M03S12102N30000F</MediaDuration>
</MediaTime>
<TemporalDecomposition>
<VideoSegment id="shot92_172_RKF">
<MediaTime>
<MediaTimePoint>T00:21:22:14436F30000</MediaTimePoint>
</MediaTime>
</VideoSegment>
</TemporalDecomposition>
</VideoSegment>
<VideoSegment id="shot92_173">
<MediaTime>
<MediaTimePoint>T00:21:24:6488F30000</MediaTimePoint>
<MediaDuration>PT00H00M02S10070N30000F</MediaDuration>
</MediaTime>
<TemporalDecomposition>
<VideoSegment id="shot92_173_RKF">
<MediaTime>
<MediaTimePoint>T00:21:25:10522F30000</MediaTimePoint>
</MediaTime>
</VideoSegment>
</TemporalDecomposition>
</VideoSegment>
<VideoSegment id="shot92_174">
<MediaTime>
<MediaTimePoint>T00:21:26:16558F30000</MediaTimePoint>
<MediaDuration>PT00H00M02S21081N30000F</MediaDuration>
</MediaTime>
<TemporalDecomposition>
<VideoSegment id="shot92_174_RKF">
<MediaTime>
<MediaTimePoint>T00:21:27:26598F30000</MediaTimePoint>
</MediaTime>
</VideoSegment>
</TemporalDecomposition>
</VideoSegment>
<VideoSegment id="shot92_175">
<MediaTime>
<MediaTimePoint>T00:21:29:7639F30000</MediaTimePoint>
<MediaDuration>PT00H00M02S10070N30000F</MediaDuration>
</MediaTime>
<TemporalDecomposition>
<VideoSegment id="shot92_175_RKF">
<MediaTime>
<MediaTimePoint>T00:21:30:11673F30000</MediaTimePoint>
</MediaTime>
</VideoSegment>
</TemporalDecomposition>
</VideoSegment>
<VideoSegment id="shot92_176">
<MediaTime>
<MediaTimePoint>T00:21:31:17709F30000</MediaTimePoint>
<MediaDuration>PT00H00M03S4094N30000F</MediaDuration>
</MediaTime>
<TemporalDecomposition>
<VideoSegment id="shot92_176_NRKF_1">
<MediaTime>
<MediaTimePoint>T00:21:32:7729F30000</MediaTimePoint>
</MediaTime>
</VideoSegment>
<VideoSegment id="shot92_176_RKF">
<MediaTime>
<MediaTimePoint>T00:21:33:3755F30000</MediaTimePoint>
</MediaTime>
</VideoSegment>
<VideoSegment id="shot92_176_NRKF_2">
<MediaTime>
<MediaTimePoint>T00:21:33:24776F30000</MediaTimePoint>
</MediaTime>
</VideoSegment>
</TemporalDecomposition>
</VideoSegment>
<VideoSegment id="shot92_177">
<MediaTime>
<MediaTimePoint>T00:21:34:21803F30000</MediaTimePoint>
<MediaDuration>PT00H00M12S10370N30000F</MediaDuration>
</MediaTime>
<TemporalDecomposition>
<VideoSegment id="shot92_177_NRKF_1">
<MediaTime>
<MediaTimePoint>T00:21:35:6818F30000</MediaTimePoint>
</MediaTime>
</VideoSegment>
<VideoSegment id="shot92_177_RKF">
<MediaTime>
<MediaTimePoint>T00:21:40:25987F30000</MediaTimePoint>
</MediaTime>
</VideoSegment>
<VideoSegment id="shot92_177_NRKF_2">
<MediaTime>
<MediaTimePoint>T00:21:41:12003F30000</MediaTimePoint>
</MediaTime>
</VideoSegment>
</TemporalDecomposition>
</VideoSegment>
<VideoSegment id="shot92_178">
<MediaTime>
<MediaTimePoint>T00:21:47:2173F30000</MediaTimePoint>
<MediaDuration>PT00H00M02S17077N30000F</MediaDuration>
</MediaTime>
<TemporalDecomposition>
<VideoSegment id="shot92_178_RKF">
<MediaTime>
<MediaTimePoint>T00:21:48:10211F30000</MediaTimePoint>
</MediaTime>
</VideoSegment>
</TemporalDecomposition>
</VideoSegment>
<VideoSegment id="shot92_179">
<MediaTime>
<MediaTimePoint>T00:21:49:19250F30000</MediaTimePoint>
<MediaDuration>PT00H00M04S6126N30000F</MediaDuration>
</MediaTime>
<TemporalDecomposition>
<VideoSegment id="shot92_179_NRKF_1">
<MediaTime>
<MediaTimePoint>T00:21:50:4265F30000</MediaTimePoint>
</MediaTime>
</VideoSegment>
<VideoSegment id="shot92_179_RKF">
<MediaTime>
<MediaTimePoint>T00:21:51:21312F30000</MediaTimePoint>
</MediaTime>
</VideoSegment>
<VideoSegment id="shot92_179_NRKF_2">
<MediaTime>
<MediaTimePoint>T00:21:52:7328F30000</MediaTimePoint>
</MediaTime>
</VideoSegment>
</TemporalDecomposition>
</VideoSegment>
<VideoSegment id="shot92_180">
<MediaTime>
<MediaTimePoint>T00:21:53:25376F30000</MediaTimePoint>
<MediaDuration>PT00H00M10S8308N30000F</MediaDuration>
</MediaTime>
<TemporalDecomposition>
<VideoSegment id="shot92_180_RKF">
<MediaTime>
<MediaTimePoint>T00:21:58:28529F30000</MediaTimePoint>
</MediaTime>
</VideoSegment>
</TemporalDecomposition>
</VideoSegment>
<VideoSegment id="shot92_181">
<MediaTime>
<MediaTimePoint>T00:22:04:3684F30000</MediaTimePoint>
<MediaDuration>PT00H00M03S12102N30000F</MediaDuration>
</MediaTime>
<TemporalDecomposition>
<VideoSegment id="shot92_181_NRKF_1">
<MediaTime>
<MediaTimePoint>T00:22:04:16697F30000</MediaTimePoint>
</MediaTime>
</VideoSegment>
<VideoSegment id="shot92_181_RKF">
<MediaTime>
<MediaTimePoint>T00:22:05:23734F30000</MediaTimePoint>
</MediaTime>
</VideoSegment>
<VideoSegment id="shot92_181_NRKF_2">
<MediaTime>
<MediaTimePoint>T00:22:06:7748F30000</MediaTimePoint>
</MediaTime>
</VideoSegment>
</TemporalDecomposition>
</VideoSegment>
<VideoSegment id="shot92_182">
<MediaTime>
<MediaTimePoint>T00:22:07:15786F30000</MediaTimePoint>
<MediaDuration>PT00H00M02S3063N30000F</MediaDuration>
</MediaTime>
<TemporalDecomposition>
<VideoSegment id="shot92_182_RKF">
<MediaTime>
<MediaTimePoint>T00:22:08:16817F30000</MediaTimePoint>
</MediaTime>
</VideoSegment>
</TemporalDecomposition>
</VideoSegment>
<VideoSegment id="shot92_183">
<MediaTime>
<MediaTimePoint>T00:22:09:18849F30000</MediaTimePoint>
<MediaDuration>PT00H00M03S22112N30000F</MediaDuration>
</MediaTime>
<TemporalDecomposition>
<VideoSegment id="shot92_183_NRKF_1">
<MediaTime>
<MediaTimePoint>T00:22:10:16877F30000</MediaTimePoint>
</MediaTime>
</VideoSegment>
<VideoSegment id="shot92_183_RKF">
<MediaTime>
<MediaTimePoint>T00:22:11:13904F30000</MediaTimePoint>
</MediaTime>
</VideoSegment>
<VideoSegment id="shot92_183_NRKF_2">
<MediaTime>
<MediaTimePoint>T00:22:12:12933F30000</MediaTimePoint>
</MediaTime>
</VideoSegment>
</TemporalDecomposition>
</VideoSegment>
<VideoSegment id="shot92_184">
<MediaTime>
<MediaTimePoint>T00:22:13:10961F30000</MediaTimePoint>
<MediaDuration>PT00H00M25S8758N30000F</MediaDuration>
</MediaTime>
<TemporalDecomposition>
<VideoSegment id="shot92_184_RKF">
<MediaTime>
<MediaTimePoint>T00:22:25:29339F30000</MediaTimePoint>
</MediaTime>
</VideoSegment>
</TemporalDecomposition>
</VideoSegment>
<VideoSegment id="shot92_185">
<MediaTime>
<MediaTimePoint>T00:22:38:19719F30000</MediaTimePoint>
<MediaDuration>PT00H01M25S17565N30000F</MediaDuration>
</MediaTime>
<TemporalDecomposition>
<VideoSegment id="shot92_185_RKF">
<MediaTime>
<MediaTimePoint>T00:23:21:13001F30000</MediaTimePoint>
</MediaTime>
</VideoSegment>
</TemporalDecomposition>
</VideoSegment>
<VideoSegment id="shot92_186">
<MediaTime>
<MediaTimePoint>T00:24:04:7284F30000</MediaTimePoint>
<MediaDuration>PT00H00M09S2272N30000F</MediaDuration>
</MediaTime>
<TemporalDecomposition>
<VideoSegment id="shot92_186_RKF">
<MediaTime>
<MediaTimePoint>T00:24:08:22419F30000</MediaTimePoint>
</MediaTime>
</VideoSegment>
</TemporalDecomposition>
</VideoSegment>
<VideoSegment id="shot92_187">
<MediaTime>
<MediaTimePoint>T00:24:13:9556F30000</MediaTimePoint>
<MediaDuration>PT00H00M03S17107N30000F</MediaDuration>
</MediaTime>
<TemporalDecomposition>
<VideoSegment id="shot92_187_RKF">
<MediaTime>
<MediaTimePoint>T00:24:15:2609F30000</MediaTimePoint>
</MediaTime>
</VideoSegment>
</TemporalDecomposition>
</VideoSegment>
<VideoSegment id="shot92_188">
<MediaTime>
<MediaTimePoint>T00:24:16:26663F30000</MediaTimePoint>
<MediaDuration>PT00H00M02S19079N30000F</MediaDuration>
</MediaTime>
<TemporalDecomposition>
<VideoSegment id="shot92_188_RKF">
<MediaTime>
<MediaTimePoint>T00:24:18:5702F30000</MediaTimePoint>
</MediaTime>
</VideoSegment>
</TemporalDecomposition>
</VideoSegment>
<VideoSegment id="shot92_189">
<MediaTime>
<MediaTimePoint>T00:24:19:15742F30000</MediaTimePoint>
<MediaDuration>PT00H00M02S8068N30000F</MediaDuration>
</MediaTime>
<TemporalDecomposition>
<VideoSegment id="shot92_189_RKF">
<MediaTime>
<MediaTimePoint>T00:24:20:18775F30000</MediaTimePoint>
</MediaTime>
</VideoSegment>
</TemporalDecomposition>
</VideoSegment>
<VideoSegment id="shot92_190">
<MediaTime>
<MediaTimePoint>T00:24:21:23810F30000</MediaTimePoint>
<MediaDuration>PT00H00M02S24084N30000F</MediaDuration>
</MediaTime>
<TemporalDecomposition>
<VideoSegment id="shot92_190_RKF">
<MediaTime>
<MediaTimePoint>T00:24:23:4851F30000</MediaTimePoint>
</MediaTime>
</VideoSegment>
</TemporalDecomposition>
</VideoSegment>
<VideoSegment id="shot92_191">
<MediaTime>
<MediaTimePoint>T00:24:24:17894F30000</MediaTimePoint>
<MediaDuration>PT00H00M02S17077N30000F</MediaDuration>
</MediaTime>
<TemporalDecomposition>
<VideoSegment id="shot92_191_RKF">
<MediaTime>
<MediaTimePoint>T00:24:25:25932F30000</MediaTimePoint>
</MediaTime>
</VideoSegment>
</TemporalDecomposition>
</VideoSegment>
<VideoSegment id="shot92_192">
<MediaTime>
<MediaTimePoint>T00:24:27:4971F30000</MediaTimePoint>
<MediaDuration>PT00H00M02S17077N30000F</MediaDuration>
</MediaTime>
<TemporalDecomposition>
<VideoSegment id="shot92_192_RKF">
<MediaTime>
<MediaTimePoint>T00:24:28:13009F30000</MediaTimePoint>
</MediaTime>
</VideoSegment>
</TemporalDecomposition>
</VideoSegment>
<VideoSegment id="shot92_193">
<MediaTime>
<MediaTimePoint>T00:24:29:22048F30000</MediaTimePoint>
<MediaDuration>PT00H00M02S14074N30000F</MediaDuration>
</MediaTime>
<TemporalDecomposition>
<VideoSegment id="shot92_193_RKF">
<MediaTime>
<MediaTimePoint>T00:24:30:28084F30000</MediaTimePoint>
</MediaTime>
</VideoSegment>
</TemporalDecomposition>
</VideoSegment>
<VideoSegment id="shot92_194">
<MediaTime>
<MediaTimePoint>T00:24:32:6122F30000</MediaTimePoint>
<MediaDuration>PT00H00M02S20080N30000F</MediaDuration>
</MediaTime>
<TemporalDecomposition>
<VideoSegment id="shot92_194_RKF">
<MediaTime>
<MediaTimePoint>T00:24:33:15161F30000</MediaTimePoint>
</MediaTime>
</VideoSegment>
</TemporalDecomposition>
</VideoSegment>
<VideoSegment id="shot92_195">
<MediaTime>
<MediaTimePoint>T00:24:34:26202F30000</MediaTimePoint>
<MediaDuration>PT00H00M03S22112N30000F</MediaDuration>
</MediaTime>
<TemporalDecomposition>
<VideoSegment id="shot92_195_RKF">
<MediaTime>
<MediaTimePoint>T00:24:36:21257F30000</MediaTimePoint>
</MediaTime>
</VideoSegment>
</TemporalDecomposition>
</VideoSegment>
<VideoSegment id="shot92_196">
<MediaTime>
<MediaTimePoint>T00:24:38:18314F30000</MediaTimePoint>
<MediaDuration>PT00H00M03S19109N30000F</MediaDuration>
</MediaTime>
<TemporalDecomposition>
<VideoSegment id="shot92_196_RKF">
<MediaTime>
<MediaTimePoint>T00:24:40:12368F30000</MediaTimePoint>
</MediaTime>
</VideoSegment>
</TemporalDecomposition>
</VideoSegment>
<VideoSegment id="shot92_197">
<MediaTime>
<MediaTimePoint>T00:24:42:7423F30000</MediaTimePoint>
<MediaDuration>PT00H00M17S22532N30000F</MediaDuration>
</MediaTime>
<TemporalDecomposition>
<VideoSegment id="shot92_197_RKF">
<MediaTime>
<MediaTimePoint>T00:24:51:2688F30000</MediaTimePoint>
</MediaTime>
</VideoSegment>
</TemporalDecomposition>
</VideoSegment>
</TemporalDecomposition>
</Video>
</MultimediaContent>
</Description>
</Mpeg7>
